ls: cannot access 'cockroach-data': No such file or directory
certificate dir "certs" is successfully set up
starting node for the initialization process. This could take a couple seconds...
I260828 12:03:06.259518 1 1@cli/log_flags.go:212  [n?] 1  using explicit logging configuration:
I260828 12:03:06.259518 1 1@cli/log_flags.go:212  [n?] 1 +file-defaults: {dir: ./cockroach-data/logs}
W260828 12:03:06.259795 1 1@cli/start.go:1446  [n?] 2  ALL SECURITY CONTROLS HAVE BEEN DISABLED!
W260828 12:03:06.259795 1 1@cli/start.go:1446  [n?] 2 +
W260828 12:03:06.259795 1 1@cli/start.go:1446  [n?] 2 +This mode is intended for non-production testing only.
W260828 12:03:06.259795 1 1@cli/start.go:1446  [n?] 2 +
W260828 12:03:06.259795 1 1@cli/start.go:1446  [n?] 2 +In this mode:
W260828 12:03:06.259795 1 1@cli/start.go:1446  [n?] 2 +- Your cluster is open to any client that can access any of your IP addresses.
W260828 12:03:06.259795 1 1@cli/start.go:1446  [n?] 2 +- Intruders with access to your machine or network can observe client-server traffic.
W260828 12:03:06.259795 1 1@cli/start.go:1446  [n?] 2 +- Intruders can log in without password and read or write any data in the cluster.
W260828 12:03:06.259795 1 1@cli/start.go:1446  [n?] 2 +- Intruders can consume all your server's resources and cause unavailability.
I260828 12:03:06.259851 1 1@cli/start.go:1456  [n?] 3  To start a secure server without mandating TLS for clients,
I260828 12:03:06.259851 1 1@cli/start.go:1456  [n?] 3 +consider --accept-sql-without-tls instead. For other options, see:
I260828 12:03:06.259851 1 1@cli/start.go:1456  [n?] 3 +
I260828 12:03:06.259851 1 1@cli/start.go:1456  [n?] 3 +- https://go.crdb.dev/issue-v/53404/v25.1
I260828 12:03:06.259851 1 1@cli/start.go:1456  [n?] 3 +- https://www.cockroachlabs.com/docs/v25.1/secure-a-cluster.html
I260828 12:03:06.260144 1 server/status/recorder.go:856  [n?] 4  available memory from cgroups (8.0 EiB) is unsupported, using system memory 16 GiB instead: 
W260828 12:03:06.260177 1 1@cli/start.go:1368  [n?] 5  Using the default setting for --cache (128 MiB).
W260828 12:03:06.260177 1 1@cli/start.go:1368  [n?] 5 +  A significantly larger value is usually needed for good performance.
W260828 12:03:06.260177 1 1@cli/start.go:1368  [n?] 5 +  If you have a dedicated server a reasonable setting is --cache=.25 (3.9 GiB).
I260828 12:03:06.260408 1 server/status/recorder.go:856  [n?] 6  available memory from cgroups (8.0 EiB) is unsupported, using system memory 16 GiB instead: 
I260828 12:03:06.260447 1 1@cli/start.go:1485  [n?] 7  CockroachDB CCL v25.1.6 (x86_64-pc-linux-gnu, built 2025/05/09 15:48:03, go1.22.8 X:nocoverageredesign)
I260828 12:03:06.261035 1 server/status/recorder.go:856  [n?] 8  available memory from cgroups (8.0 EiB) is unsupported, using system memory 16 GiB instead: 
I260828 12:03:06.261057 1 1@cli/start.go:556  [n?] 9  soft memory limit of Go runtime is set to 8.8 GiB
I260828 12:03:06.261076 1 1@cli/start.go:593  [n?] 10  GC target percentage of Go runtime is set to 300%
I260828 12:03:06.262087 1 server/status/recorder.go:856  [T1,Vsystem,n?] 11  available memory from cgroups (8.0 EiB) is unsupported, using system memory 16 GiB instead: 
I260828 12:03:06.262110 1 server/config.go:669  [T1,Vsystem,n?] 12  system total memory: 16 GiB
I260828 12:03:06.262122 1 server/config.go:671  [T1,Vsystem,n?] 13  server configuration:
I260828 12:03:06.262122 1 server/config.go:671  [T1,Vsystem,n?] 13 +max offset             500000000
I260828 12:03:06.262122 1 server/config.go:671  [T1,Vsystem,n?] 13 +cache size             128 MiB
I260828 12:03:06.262122 1 server/config.go:671  [T1,Vsystem,n?] 13 +SQL memory pool size   3.9 GiB
I260828 12:03:06.262122 1 server/config.go:671  [T1,Vsystem,n?] 13 +scan interval          10m0s
I260828 12:03:06.262122 1 server/config.go:671  [T1,Vsystem,n?] 13 +scan min idle time     10ms
I260828 12:03:06.262122 1 server/config.go:671  [T1,Vsystem,n?] 13 +scan max idle time     1s
I260828 12:03:06.262122 1 server/config.go:671  [T1,Vsystem,n?] 13 +event log enabled      true
I260828 12:03:06.262210 1 1@cli/start.go:1346  [T1,Vsystem,n?] 14  using local environment variables:
I260828 12:03:06.262210 1 1@cli/start.go:1346  [T1,Vsystem,n?] 14 +COCKROACH_CHANNEL=official-docker
I260828 12:03:06.262210 1 1@cli/start.go:1346  [T1,Vsystem,n?] 14 +COCKROACH_DATABASE=defaultdb
I260828 12:03:06.262210 1 1@cli/start.go:1346  [T1,Vsystem,n?] 14 +COCKROACH_USER=
I260828 12:03:06.262250 1 1@cli/start.go:1353  [T1,Vsystem,n?] 15  process identity: uid 0 euid 0 gid 0 egid 0
I260828 12:03:06.265024 1 1@cli/start.go:1508  [T1,Vsystem,n?] 16  GEOS loaded from directory /usr/local/lib/cockroach
I260828 12:03:06.265054 1 1@cli/start.go:785  [T1,Vsystem,n?] 17  starting cockroach node
I260828 12:03:06.265390 70 3@pebble/objstorage/objstorageprovider/remote.go:105  [n?,s?,pebble] 18  remote storage configured; no creatorID yet
I260828 12:03:06.265718 70 3@pebble/event.go:973  [n?,s?,pebble] 19  [JOB 1] MANIFEST created 000001
I260828 12:03:06.265853 70 3@pebble/event.go:1001  [n?,s?,pebble] 20  [JOB 1] WAL created 000002
I260828 12:03:06.265904 70 3@pebble/event.go:969  [n?,s?,pebble] 21  upgraded to format version: 014
I260828 12:03:06.265944 70 3@pebble/event.go:969  [n?,s?,pebble] 22  upgraded to format version: 015
I260828 12:03:06.265970 70 3@pebble/event.go:969  [n?,s?,pebble] 23  upgraded to format version: 016
I260828 12:03:06.265999 70 3@pebble/event.go:969  [n?,s?,pebble] 24  upgraded to format version: 017
I260828 12:03:06.266027 70 3@pebble/event.go:969  [n?,s?,pebble] 25  upgraded to format version: 018
I260828 12:03:06.266053 70 3@pebble/event.go:969  [n?,s?,pebble] 26  upgraded to format version: 019
I260828 12:03:06.266165 70 server/config.go:878  [T1,Vsystem,n?] 27  1 storage engine initialized
I260828 12:03:06.266194 70 server/config.go:881  [T1,Vsystem,n?] 28  Pebble cache size: 128 MiB
I260828 12:03:06.266211 70 server/config.go:881  [T1,Vsystem,n?] 29  store 0: in-memory, size 1.0 GiB
I260828 12:03:06.266232 70 server/config.go:881  [T1,Vsystem,n?] 30  store 0: : rw encrypted=false
I260828 12:03:06.266273 88 3@pebble/event.go:993  [n?,s?,pebble] 31  [JOB 2] all initial table stats loaded
I260828 12:03:06.268072 105 util/cidr/cidr.go:299  [T1,Vsystem,n?] 32  CIDR lookup updated with 0 destinations
I260828 12:03:06.269864 70 3@pebble/event.go:973  [n?,s?,pebble] 33  [JOB 1] MANIFEST created 000001
I260828 12:03:06.269930 70 3@pebble/event.go:1001  [n?,s?,pebble] 34  [JOB 1] WAL created 000002
I260828 12:03:06.270002 70 3@pebble/event.go:969  [n?,s?,pebble] 35  upgraded to format version: 014
I260828 12:03:06.270033 70 3@pebble/event.go:969  [n?,s?,pebble] 36  upgraded to format version: 015
I260828 12:03:06.270052 70 3@pebble/event.go:969  [n?,s?,pebble] 37  upgraded to format version: 016
I260828 12:03:06.270109 70 3@pebble/event.go:969  [n?,s?,pebble] 38  upgraded to format version: 017
I260828 12:03:06.270144 70 3@pebble/event.go:969  [n?,s?,pebble] 39  upgraded to format version: 018
I260828 12:03:06.270169 70 3@pebble/event.go:969  [n?,s?,pebble] 40  upgraded to format version: 019
I260828 12:03:06.270256 124 3@pebble/event.go:993  [n?,stemp,pebble] 41  [JOB 2] all initial table stats loaded
I260828 12:03:06.302004 70 1@server/clock_monotonicity.go:61  [T1,Vsystem,n?] 42  monitoring forward clock jumps based on server.clock.forward_jump_check.enabled
I260828 12:03:06.302798 70 3@pebble/objstorage/objstorageprovider/remote.go:193  [n?,s1,pebble] 43  remote storage creatorID set to 1
I260828 12:03:06.309274 70 server/init.go:224  [T1,Vsystem,n?] 44  no stores initialized
I260828 12:03:06.309397 70 server/init.go:225  [T1,Vsystem,n?] 45  awaiting `cockroach init` or join with an already initialized node
I260828 12:03:06.309427 70 server/init.go:289  [T1,Vsystem,n?] 46  cluster a536a6eb-6860-494b-9ea6-ec8956415cde has been created
I260828 12:03:06.309515 70 server/init.go:290  [T1,Vsystem,n?] 47  allocated node ID: n1 (for self)
I260828 12:03:06.309548 70 server/init.go:291  [T1,Vsystem,n?] 48  active cluster version: 25.1
W260828 12:03:06.309934 70 1@cli/start.go:1307  [T1,Vsystem,n1] 49  Running a server without --sql-addr, with a combined RPC/SQL listener, is deprecated.
W260828 12:03:06.309934 70 1@cli/start.go:1307  [T1,Vsystem,n1] 49 +This feature will be removed in a later version of CockroachDB.
I260828 12:03:06.309936 160 1@server/server.go:1778  [T1,Vsystem,n1] 50  connecting to gossip network to verify cluster ID "a536a6eb-6860-494b-9ea6-ec8956415cde"
I260828 12:03:06.309963 70 1@cli/start.go:1525  [T1,Vsystem,n1] 51  PID file: server_pid
I260828 12:03:06.310094 70 1@cli/start.go:1541  [T1,Vsystem,n1] 52  listening URL file: server_fifo
W260828 12:03:06.310171 70 1@gossip/gossip.go:1460  [T1,Vsystem,n1] 53  no addresses found; use --join to specify a connected node
init node successfully started
I260828 12:03:06.311126 165 kv/kvserver/kvstorage/init.go:250  [T1,Vsystem,n1,s1] 54  beginning range descriptor iteration
I260828 12:03:06.311321 165 kv/kvserver/kvstorage/init.go:374  [T1,Vsystem,n1,s1] 55  range descriptor iteration done: 74 range descriptors, 0 intents, 0 tombstones; stats: seeked 150 times (76 internal); stepped 0 times (0 internal); blocks: 0B cached; points: 74 (1.5KB keys, 2.1KB values)
I260828 12:03:06.311736 165 kv/kvserver/kvstorage/init.go:501  [T1,Vsystem,n1,s1] 56  loaded replica ID for 74/74 replicas
I260828 12:03:06.312140 165 kv/kvserver/kvstorage/init.go:518  [T1,Vsystem,n1,s1] 57  loaded Raft state for 74/74 replicas
I260828 12:03:06.312184 165 kv/kvserver/kvstorage/init.go:545  [T1,Vsystem,n1,s1] 58  loaded 74 replicas
I260828 12:03:06.312212 165 kv/kvserver/kvstorage/init.go:576  [T1,Vsystem,n1,s1] 59  verified 74/74 replicas
I260828 12:03:06.320960 165 kv/kvserver/store.go:2360  [T1,Vsystem,n1,s1] 60  initialized 74/74 replicas
I260828 12:03:06.321211 165 server/node.go:719  [T1,Vsystem,n1] 61  initialized store s1 in 10ms (74 replicas)
I260828 12:03:06.321357 70 kv/kvserver/stores.go:261  [T1,Vsystem,n1] 62  read 0 node addresses from persistent storage
I260828 12:03:06.321717 70 server/node.go:834  [T1,Vsystem,n1] 63  started with engine type pebble
I260828 12:03:06.322369 70 server/node.go:836  [T1,Vsystem,n1] 67  started with attributes []
I260828 12:03:06.322143 195 2@kv/kvserver/replica_proposal.go:620  [T1,Vsystem,n1,s1,r2/1:/System/NodeLiveness{-Max},raft] 65  new range lease repl=(n1,s1):1 seq=1 start=0,0 exp=1787918592.321222708,0 pro=1787918586.321222708,0 acq=Request following <empty>
I260828 12:03:06.322765 70 server/goroutinedumper/goroutinedumper.go:117  [T1,Vsystem,n1] 68  writing goroutine dumps to /cockroach/cockroach-data/logs/goroutine_dump
I260828 12:03:06.322888 195 2@kv/kvserver/replica_proposal.go:637  [T1,Vsystem,n1,s1,r2/1:/System/NodeLiveness{-Max},raft] 69  acquired system range lease: repl=(n1,s1):1 seq=1 start=0,0 exp=1787918592.321222708,0 pro=1787918586.321222708,0 acq=Request [acquisition-type=Request]
I260828 12:03:06.322977 70 server/profiler/heapprofiler.go:72  [T1,Vsystem,n1] 70  writing go heap profiles to /cockroach/cockroach-data/logs/heap_profiler at least every 1h0m0s
I260828 12:03:06.323297 70 server/profiler/memory_monitoring_profiler.go:66  [T1,Vsystem,n1] 71  writing memory monitoring dumps to /cockroach/cockroach-data/logs/heap_profiler at least every 1h0m0s
I260828 12:03:06.321738 160 1@server/server.go:1781  [T1,Vsystem,n1] 64  node connected via gossip
I260828 12:03:06.323406 70 server/profiler/cgoprofiler.go:66  [T1,Vsystem,n1] 72  to enable jmalloc profiling: "export MALLOC_CONF=prof:true" or "ln -s prof:true /etc/malloc.conf"
I260828 12:03:06.323656 70 server/profiler/statsprofiler.go:68  [T1,Vsystem,n1] 73  writing memory stats to /cockroach/cockroach-data/logs/heap_profiler at last every 1h0m0s
I260828 12:03:06.322311 196 2@kv/kvserver/replica_proposal.go:637  [T1,Vsystem,n1,s1,r1/1:/{Min-System/NodeL…},raft] 66  acquired system range lease: repl=(n1,s1):1 seq=1 start=0,0 exp=1787918592.321223847,0 pro=1787918586.321223847,0 acq=Request [acquisition-type=Request]
I260828 12:03:06.324081 70 server/profiler/activequeryprofiler.go:88  [T1,Vsystem,n1] 74  writing go query profiles to /cockroach/cockroach-data/logs/heap_profiler
I260828 12:03:06.324189 70 server/profiler/cpuprofiler.go:87  [T1,Vsystem,n1] 75  writing cpu profile dumps to /cockroach/cockroach-data/logs/pprof_dump
I260828 12:03:06.324485 70 1@server/server.go:1979  [T1,Vsystem,n1] 76  starting http server at [::]:8080 (use: 127.0.0.1:8080)
I260828 12:03:06.324531 70 1@server/server.go:1987  [T1,Vsystem,n1] 77  starting grpc/postgres server at [::]:26257
I260828 12:03:06.324560 70 1@server/server.go:1988  [T1,Vsystem,n1] 78  advertising CockroachDB node at 127.0.0.1:26257
I260828 12:03:06.334969 216 3@pebble/event.go:1001  [n1,s1,pebble] 79  [JOB 3] WAL created 000004
I260828 12:03:06.336074 293 kv/kvclient/rangefeed/rangefeedcache/watcher.go:340  [T1,Vsystem,n1] 80  spanconfig-subscriber: established range feed cache
I260828 12:03:06.338884 222 kv/kvserver/queue.go:616  [T1,Vsystem,n1,s1,r21/1:/Table/1{8-9},raft] 81  rate limited in MaybeAdd (replicate): throttled on async limiting semaphore
I260828 12:03:06.341005 450 13@kv/kvserver/replicate_queue.go:784  [T1,Vsystem,n1,replicate,s1,r1/1:/{Min-System/NodeL…}] 82  error processing replica: 0 of 1 live stores are able to take a new replica for the range (1 already has a voter, 0 already have a non-voter); likely not enough nodes in cluster
I260828 12:03:06.341571 526 13@kv/kvserver/replicate_queue.go:784  [T1,Vsystem,n1,replicate,s1,r2/1:/System/NodeLiveness{-Max}] 83  error processing replica: 0 of 1 live stores are able to take a new replica for the range (1 already has a voter, 0 already have a non-voter); likely not enough nodes in cluster
I260828 12:03:06.343244 527 13@kv/kvserver/replicate_queue.go:784  [T1,Vsystem,n1,replicate,s1,r11/1:/Table/{7-8}] 84  error processing replica: 0 of 1 live stores are able to take a new replica for the range (1 already has a voter, 0 already have a non-voter); likely not enough nodes in cluster
I260828 12:03:06.345517 582 13@kv/kvserver/replicate_queue.go:784  [T1,Vsystem,n1,replicate,s1,r3/1:/System/{NodeLive…-tsd}] 85  error processing replica: 0 of 1 live stores are able to take a new replica for the range (1 already has a voter, 0 already have a non-voter); likely not enough nodes in cluster
I260828 12:03:06.345736 525 13@kv/kvserver/replicate_queue.go:784  [T1,Vsystem,n1,replicate,s1,r1/1:/{Min-System/NodeL…}] 86  error processing replica: 0 of 1 live stores are able to take a new replica for the range (1 already has a voter, 0 already have a non-voter); likely not enough nodes in cluster
I260828 12:03:06.347135 525 13@kv/kvserver/replicate_queue.go:784  [T1,Vsystem,n1,replicate,s1,r2/1:/System/NodeLiveness{-Max}] 87  error processing replica: 0 of 1 live stores are able to take a new replica for the range (1 already has a voter, 0 already have a non-voter); likely not enough nodes in cluster
I260828 12:03:06.347262 525 13@kv/kvserver/replicate_queue.go:784  [T1,Vsystem,n1,replicate,s1,r11/1:/Table/{7-8}] 88  error processing replica: 0 of 1 live stores are able to take a new replica for the range (1 already has a voter, 0 already have a non-voter); likely not enough nodes in cluster
I260828 12:03:06.347360 525 13@kv/kvserver/replicate_queue.go:784  [T1,Vsystem,n1,replicate,s1,r3/1:/System/{NodeLive…-tsd}] 89  error processing replica: 0 of 1 live stores are able to take a new replica for the range (1 already has a voter, 0 already have a non-voter); likely not enough nodes in cluster
I260828 12:03:06.347391 205 3@pebble/event.go:1001  [n1,s1,pebble] 90  [JOB 4] WAL created 000005
I260828 12:03:06.349741 455 13@kv/kvserver/replicate_queue.go:784  [T1,Vsystem,n1,replicate,s1,r12/1:/Table/{8-9}] 91  error processing replica: 0 of 1 live stores are able to take a new replica for the range (1 already has a voter, 0 already have a non-voter); likely not enough nodes in cluster
I260828 12:03:06.349990 459 13@kv/kvserver/replicate_queue.go:784  [T1,Vsystem,n1,replicate,s1,r4/1:/System{/tsd-tse}] 92  error processing replica: 0 of 1 live stores are able to take a new replica for the range (1 already has a voter, 0 already have a non-voter); likely not enough nodes in cluster
I260828 12:03:06.350505 460 13@kv/kvserver/replicate_queue.go:784  [T1,Vsystem,n1,replicate,s1,r13/1:/Table/{9-11}] 93  error processing replica: 0 of 1 live stores are able to take a new replica for the range (1 already has a voter, 0 already have a non-voter); likely not enough nodes in cluster
I260828 12:03:06.351574 620 13@kv/kvserver/replicate_queue.go:784  [T1,Vsystem,n1,replicate,s1,r5/1:/{Systemtse-Table/0}] 94  error processing replica: 0 of 1 live stores are able to take a new replica for the range (1 already has a voter, 0 already have a non-voter); likely not enough nodes in cluster
I260828 12:03:06.351746 197 3@pebble/event.go:1001  [n1,s1,pebble] 95  [JOB 5] WAL created 000006
I260828 12:03:06.354823 646 13@kv/kvserver/replicate_queue.go:784  [T1,Vsystem,n1,replicate,s1,r14/1:/Table/1{1-2}] 96  error processing replica: 0 of 1 live stores are able to take a new replica for the range (1 already has a voter, 0 already have a non-voter); likely not enough nodes in cluster
I260828 12:03:06.355370 650 13@kv/kvserver/replicate_queue.go:784  [T1,Vsystem,n1,replicate,s1,r6/1:/Table/{0-3}] 97  error processing replica: 0 of 1 live stores are able to take a new replica for the range (1 already has a voter, 0 already have a non-voter); likely not enough nodes in cluster
I260828 12:03:06.356175 636 13@kv/kvserver/replicate_queue.go:784  [T1,Vsystem,n1,replicate,s1,r15/1:/Table/1{2-3}] 98  error processing replica: 0 of 1 live stores are able to take a new replica for the range (1 already has a voter, 0 already have a non-voter); likely not enough nodes in cluster
I260828 12:03:06.356864 676 13@kv/kvserver/replicate_queue.go:784  [T1,Vsystem,n1,replicate,s1,r7/1:/Table/{3-4}] 99  error processing replica: 0 of 1 live stores are able to take a new replica for the range (1 already has a voter, 0 already have a non-voter); likely not enough nodes in cluster
I260828 12:03:06.357414 680 13@kv/kvserver/replicate_queue.go:784  [T1,Vsystem,n1,replicate,s1,r16/1:/Table/1{3-4}] 100  error processing replica: 0 of 1 live stores are able to take a new replica for the range (1 already has a voter, 0 already have a non-voter); likely not enough nodes in cluster
I260828 12:03:06.358165 684 13@kv/kvserver/replicate_queue.go:784  [T1,Vsystem,n1,replicate,s1,r17/1:/Table/1{4-5}] 101  error processing replica: 0 of 1 live stores are able to take a new replica for the range (1 already has a voter, 0 already have a non-voter); likely not enough nodes in cluster
I260828 12:03:06.358420 688 13@kv/kvserver/replicate_queue.go:784  [T1,Vsystem,n1,replicate,s1,r23/1:/Table/2{0-1}] 102  error processing replica: 0 of 1 live stores are able to take a new replica for the range (1 already has a voter, 0 already have a non-voter); likely not enough nodes in cluster
I260828 12:03:06.359104 689 13@kv/kvserver/replicate_queue.go:784  [T1,Vsystem,n1,replicate,s1,r8/1:/Table/{4-5}] 103  error processing replica: 0 of 1 live stores are able to take a new replica for the range (1 already has a voter, 0 already have a non-voter); likely not enough nodes in cluster
I260828 12:03:06.359289 660 13@kv/kvserver/replicate_queue.go:784  [T1,Vsystem,n1,replicate,s1,r25/1:/Table/2{2-3}] 104  error processing replica: 0 of 1 live stores are able to take a new replica for the range (1 already has a voter, 0 already have a non-voter); likely not enough nodes in cluster
I260828 12:03:06.359819 661 13@kv/kvserver/replicate_queue.go:784  [T1,Vsystem,n1,replicate,s1,r9/1:/Table/{5-6}] 105  error processing replica: 0 of 1 live stores are able to take a new replica for the range (1 already has a voter, 0 already have a non-voter); likely not enough nodes in cluster
I260828 12:03:06.362569 665 13@kv/kvserver/replicate_queue.go:784  [T1,Vsystem,n1,replicate,s1,r27/1:/Table/2{4-5}] 106  error processing replica: 0 of 1 live stores are able to take a new replica for the range (1 already has a voter, 0 already have a non-voter); likely not enough nodes in cluster
I260828 12:03:06.363195 741 13@kv/kvserver/replicate_queue.go:784  [T1,Vsystem,n1,replicate,s1,r10/1:/Table/{6-7}] 107  error processing replica: 0 of 1 live stores are able to take a new replica for the range (1 already has a voter, 0 already have a non-voter); likely not enough nodes in cluster
I260828 12:03:06.363424 703 13@kv/kvserver/replicate_queue.go:784  [T1,Vsystem,n1,replicate,s1,r39/1:/Table/3{6-7}] 108  error processing replica: 0 of 1 live stores are able to take a new replica for the range (1 already has a voter, 0 already have a non-voter); likely not enough nodes in cluster
I260828 12:03:06.363617 704 13@kv/kvserver/replicate_queue.go:784  [T1,Vsystem,n1,replicate,s1,r18/1:/Table/1{5-6}] 109  error processing replica: 0 of 1 live stores are able to take a new replica for the range (1 already has a voter, 0 already have a non-voter); likely not enough nodes in cluster
I260828 12:03:06.364172 746 13@kv/kvserver/replicate_queue.go:784  [T1,Vsystem,n1,replicate,s1,r40/1:/Table/3{7-8}] 110  error processing replica: 0 of 1 live stores are able to take a new replica for the range (1 already has a voter, 0 already have a non-voter); likely not enough nodes in cluster
I260828 12:03:06.364722 705 13@kv/kvserver/replicate_queue.go:784  [T1,Vsystem,n1,replicate,s1,r41/1:/Table/3{8-9}] 111  error processing replica: 0 of 1 live stores are able to take a new replica for the range (1 already has a voter, 0 already have a non-voter); likely not enough nodes in cluster
I260828 12:03:06.364894 668 13@kv/kvserver/replicate_queue.go:784  [T1,Vsystem,n1,replicate,s1,r31/1:/Table/2{8-9}] 112  error processing replica: 0 of 1 live stores are able to take a new replica for the range (1 already has a voter, 0 already have a non-voter); likely not enough nodes in cluster
I260828 12:03:06.365112 669 13@kv/kvserver/replicate_queue.go:784  [T1,Vsystem,n1,replicate,s1,r42/1:/Table/{39-40}] 113  error processing replica: 0 of 1 live stores are able to take a new replica for the range (1 already has a voter, 0 already have a non-voter); likely not enough nodes in cluster
I260828 12:03:06.365734 749 13@kv/kvserver/replicate_queue.go:784  [T1,Vsystem,n1,replicate,s1,r43/1:/Table/4{0-1}] 114  error processing replica: 0 of 1 live stores are able to take a new replica for the range (1 already has a voter, 0 already have a non-voter); likely not enough nodes in cluster
I260828 12:03:06.366546 671 13@kv/kvserver/replicate_queue.go:784  [T1,Vsystem,n1,replicate,s1,r44/1:/Table/4{1-2}] 115  error processing replica: 0 of 1 live stores are able to take a new replica for the range (1 already has a voter, 0 already have a non-voter); likely not enough nodes in cluster
I260828 12:03:06.369555 774 13@kv/kvserver/replicate_queue.go:784  [T1,Vsystem,n1,replicate,s1,r19/1:/Table/1{6-7}] 116  error processing replica: 0 of 1 live stores are able to take a new replica for the range (1 already has a voter, 0 already have a non-voter); likely not enough nodes in cluster
I260828 12:03:06.369731 775 13@kv/kvserver/replicate_queue.go:784  [T1,Vsystem,n1,replicate,s1,r45/1:/Table/4{2-3}] 117  error processing replica: 0 of 1 live stores are able to take a new replica for the range (1 already has a voter, 0 already have a non-voter); likely not enough nodes in cluster
I260828 12:03:06.369902 776 13@kv/kvserver/replicate_queue.go:784  [T1,Vsystem,n1,replicate,s1,r46/1:/Table/4{3-4}] 118  error processing replica: 0 of 1 live stores are able to take a new replica for the range (1 already has a voter, 0 already have a non-voter); likely not enough nodes in cluster
I260828 12:03:06.370116 777 13@kv/kvserver/replicate_queue.go:784  [T1,Vsystem,n1,replicate,s1,r47/1:/Table/4{4-5}] 119  error processing replica: 0 of 1 live stores are able to take a new replica for the range (1 already has a voter, 0 already have a non-voter); likely not enough nodes in cluster
I260828 12:03:06.370302 778 13@kv/kvserver/replicate_queue.go:784  [T1,Vsystem,n1,replicate,s1,r48/1:/Table/4{5-6}] 120  error processing replica: 0 of 1 live stores are able to take a new replica for the range (1 already has a voter, 0 already have a non-voter); likely not enough nodes in cluster
I260828 12:03:06.370539 779 13@kv/kvserver/replicate_queue.go:784  [T1,Vsystem,n1,replicate,s1,r49/1:/Table/4{6-7}] 121  error processing replica: 0 of 1 live stores are able to take a new replica for the range (1 already has a voter, 0 already have a non-voter); likely not enough nodes in cluster
I260828 12:03:06.370764 780 13@kv/kvserver/replicate_queue.go:784  [T1,Vsystem,n1,replicate,s1,r50/1:/Table/4{7-8}] 122  error processing replica: 0 of 1 live stores are able to take a new replica for the range (1 already has a voter, 0 already have a non-voter); likely not enough nodes in cluster
I260828 12:03:06.370949 781 13@kv/kvserver/replicate_queue.go:784  [T1,Vsystem,n1,replicate,s1,r51/1:/Table/{48-50}] 123  error processing replica: 0 of 1 live stores are able to take a new replica for the range (1 already has a voter, 0 already have a non-voter); likely not enough nodes in cluster
I260828 12:03:06.371167 782 13@kv/kvserver/replicate_queue.go:784  [T1,Vsystem,n1,replicate,s1,r52/1:/Table/5{0-1}] 124  error processing replica: 0 of 1 live stores are able to take a new replica for the range (1 already has a voter, 0 already have a non-voter); likely not enough nodes in cluster
I260828 12:03:06.371347 783 13@kv/kvserver/replicate_queue.go:784  [T1,Vsystem,n1,replicate,s1,r53/1:/Table/5{1-2}] 125  error processing replica: 0 of 1 live stores are able to take a new replica for the range (1 already has a voter, 0 already have a non-voter); likely not enough nodes in cluster
I260828 12:03:06.371594 784 13@kv/kvserver/replicate_queue.go:784  [T1,Vsystem,n1,replicate,s1,r34/1:/{NamespaceTab…-Table/32}] 126  error processing replica: 0 of 1 live stores are able to take a new replica for the range (1 already has a voter, 0 already have a non-voter); likely not enough nodes in cluster
I260828 12:03:06.372260 785 13@kv/kvserver/replicate_queue.go:784  [T1,Vsystem,n1,replicate,s1,r54/1:/Table/5{2-3}] 127  error processing replica: 0 of 1 live stores are able to take a new replica for the range (1 already has a voter, 0 already have a non-voter); likely not enough nodes in cluster
I260828 12:03:06.372811 766 13@kv/kvserver/replicate_queue.go:784  [T1,Vsystem,n1,replicate,s1,r55/1:/Table/5{3-4}] 128  error processing replica: 0 of 1 live stores are able to take a new replica for the range (1 already has a voter, 0 already have a non-voter); likely not enough nodes in cluster
I260828 12:03:06.373324 823 13@kv/kvserver/replicate_queue.go:784  [T1,Vsystem,n1,replicate,s1,r56/1:/Table/5{4-5}] 129  error processing replica: 0 of 1 live stores are able to take a new replica for the range (1 already has a voter, 0 already have a non-voter); likely not enough nodes in cluster
I260828 12:03:06.373828 815 13@kv/kvserver/replicate_queue.go:784  [T1,Vsystem,n1,replicate,s1,r57/1:/Table/5{5-6}] 130  error processing replica: 0 of 1 live stores are able to take a new replica for the range (1 already has a voter, 0 already have a non-voter); likely not enough nodes in cluster
I260828 12:03:06.374366 828 13@kv/kvserver/replicate_queue.go:784  [T1,Vsystem,n1,replicate,s1,r58/1:/Table/5{6-7}] 131  error processing replica: 0 of 1 live stores are able to take a new replica for the range (1 already has a voter, 0 already have a non-voter); likely not enough nodes in cluster
I260828 12:03:06.374534 817 13@kv/kvserver/replicate_queue.go:784  [T1,Vsystem,n1,replicate,s1,r21/1:/Table/1{8-9}] 132  error processing replica: 0 of 1 live stores are able to take a new replica for the range (1 already has a voter, 0 already have a non-voter); likely not enough nodes in cluster
I260828 12:03:06.374899 834 13@kv/kvserver/replicate_queue.go:784  [T1,Vsystem,n1,replicate,s1,r59/1:/Table/5{7-8}] 133  error processing replica: 0 of 1 live stores are able to take a new replica for the range (1 already has a voter, 0 already have a non-voter); likely not enough nodes in cluster
I260828 12:03:06.375170 850 13@kv/kvserver/replicate_queue.go:784  [T1,Vsystem,n1,replicate,s1,r28/1:/Table/2{5-6}] 134  error processing replica: 0 of 1 live stores are able to take a new replica for the range (1 already has a voter, 0 already have a non-voter); likely not enough nodes in cluster
I260828 12:03:06.375585 851 13@kv/kvserver/replicate_queue.go:784  [T1,Vsystem,n1,replicate,s1,r22/1:/Table/{19-20}] 135  error processing replica: 0 of 1 live stores are able to take a new replica for the range (1 already has a voter, 0 already have a non-voter); likely not enough nodes in cluster
I260828 12:03:06.375878 852 13@kv/kvserver/replicate_queue.go:784  [T1,Vsystem,n1,replicate,s1,r37/1:/Table/3{4-5}] 136  error processing replica: 0 of 1 live stores are able to take a new replica for the range (1 already has a voter, 0 already have a non-voter); likely not enough nodes in cluster
I260828 12:03:06.376634 853 13@kv/kvserver/replicate_queue.go:784  [T1,Vsystem,n1,replicate,s1,r68/1:/Table/6{6-7}] 137  error processing replica: 0 of 1 live stores are able to take a new replica for the range (1 already has a voter, 0 already have a non-voter); likely not enough nodes in cluster
I260828 12:03:06.376779 867 13@kv/kvserver/replicate_queue.go:784  [T1,Vsystem,n1,replicate,s1,r24/1:/Table/2{1-2}] 138  error processing replica: 0 of 1 live stores are able to take a new replica for the range (1 already has a voter, 0 already have a non-voter); likely not enough nodes in cluster
I260828 12:03:06.377348 868 13@kv/kvserver/replicate_queue.go:784  [T1,Vsystem,n1,replicate,s1,r69/1:/Table/6{7-8}] 139  error processing replica: 0 of 1 live stores are able to take a new replica for the range (1 already has a voter, 0 already have a non-voter); likely not enough nodes in cluster
I260828 12:03:06.378755 857 13@kv/kvserver/replicate_queue.go:784  [T1,Vsystem,n1,replicate,s1,r70/1:/Table/6{8-9}] 140  error processing replica: 0 of 1 live stores are able to take a new replica for the range (1 already has a voter, 0 already have a non-voter); likely not enough nodes in cluster
I260828 12:03:06.378947 883 13@kv/kvserver/replicate_queue.go:784  [T1,Vsystem,n1,replicate,s1,r26/1:/Table/2{3-4}] 141  error processing replica: 0 of 1 live stores are able to take a new replica for the range (1 already has a voter, 0 already have a non-voter); likely not enough nodes in cluster
I260828 12:03:06.379500 884 13@kv/kvserver/replicate_queue.go:784  [T1,Vsystem,n1,replicate,s1,r74/1:/{Table/72-Max}] 142  error processing replica: 0 of 1 live stores are able to take a new replica for the range (1 already has a voter, 0 already have a non-voter); likely not enough nodes in cluster
I260828 12:03:06.380095 860 13@kv/kvserver/replicate_queue.go:784  [T1,Vsystem,n1,replicate,s1,r71/1:/Table/{69-70}] 143  error processing replica: 0 of 1 live stores are able to take a new replica for the range (1 already has a voter, 0 already have a non-voter); likely not enough nodes in cluster
I260828 12:03:06.382022 865 13@kv/kvserver/replicate_queue.go:784  [T1,Vsystem,n1,replicate,s1,r73/1:/Table/7{1-2}] 144  error processing replica: 0 of 1 live stores are able to take a new replica for the range (1 already has a voter, 0 already have a non-voter); likely not enough nodes in cluster
I260828 12:03:06.382495 917 13@kv/kvserver/replicate_queue.go:784  [T1,Vsystem,n1,replicate,s1,r20/1:/Table/1{7-8}] 145  error processing replica: 0 of 1 live stores are able to take a new replica for the range (1 already has a voter, 0 already have a non-voter); likely not enough nodes in cluster
I260828 12:03:06.382635 921 13@kv/kvserver/replicate_queue.go:784  [T1,Vsystem,n1,replicate,s1,r38/1:/Table/3{5-6}] 146  error processing replica: 0 of 1 live stores are able to take a new replica for the range (1 already has a voter, 0 already have a non-voter); likely not enough nodes in cluster
I260828 12:03:06.382767 922 13@kv/kvserver/replicate_queue.go:784  [T1,Vsystem,n1,replicate,s1,r29/1:/Table/2{6-7}] 147  error processing replica: 0 of 1 live stores are able to take a new replica for the range (1 already has a voter, 0 already have a non-voter); likely not enough nodes in cluster
I260828 12:03:06.382895 923 13@kv/kvserver/replicate_queue.go:784  [T1,Vsystem,n1,replicate,s1,r30/1:/Table/2{7-8}] 148  error processing replica: 0 of 1 live stores are able to take a new replica for the range (1 already has a voter, 0 already have a non-voter); likely not enough nodes in cluster
I260828 12:03:06.384557 924 13@kv/kvserver/replicate_queue.go:784  [T1,Vsystem,n1,replicate,s1,r32/1:/{Table/29-NamespaceTab…}] 150  error processing replica: 0 of 1 live stores are able to take a new replica for the range (1 already has a voter, 0 already have a non-voter); likely not enough nodes in cluster
I260828 12:03:06.384692 925 13@kv/kvserver/replicate_queue.go:784  [T1,Vsystem,n1,replicate,s1,r33/1:/NamespaceTable/{30-Max}] 151  error processing replica: 0 of 1 live stores are able to take a new replica for the range (1 already has a voter, 0 already have a non-voter); likely not enough nodes in cluster
I260828 12:03:06.384821 926 13@kv/kvserver/replicate_queue.go:784  [T1,Vsystem,n1,replicate,s1,r36/1:/Table/3{3-4}] 152  error processing replica: 0 of 1 live stores are able to take a new replica for the range (1 already has a voter, 0 already have a non-voter); likely not enough nodes in cluster
I260828 12:03:06.385011 927 13@kv/kvserver/replicate_queue.go:784  [T1,Vsystem,n1,replicate,s1,r60/1:/Table/5{8-9}] 153  error processing replica: 0 of 1 live stores are able to take a new replica for the range (1 already has a voter, 0 already have a non-voter); likely not enough nodes in cluster
I260828 12:03:06.385149 928 13@kv/kvserver/replicate_queue.go:784  [T1,Vsystem,n1,replicate,s1,r61/1:/Table/{59-60}] 154  error processing replica: 0 of 1 live stores are able to take a new replica for the range (1 already has a voter, 0 already have a non-voter); likely not enough nodes in cluster
I260828 12:03:06.385277 929 13@kv/kvserver/replicate_queue.go:784  [T1,Vsystem,n1,replicate,s1,r62/1:/Table/6{0-1}] 155  error processing replica: 0 of 1 live stores are able to take a new replica for the range (1 already has a voter, 0 already have a non-voter); likely not enough nodes in cluster
I260828 12:03:06.385404 946 13@kv/kvserver/replicate_queue.go:784  [T1,Vsystem,n1,replicate,s1,r63/1:/Table/6{1-2}] 156  error processing replica: 0 of 1 live stores are able to take a new replica for the range (1 already has a voter, 0 already have a non-voter); likely not enough nodes in cluster
I260828 12:03:06.383208 892 kv/kvserver/replica_rangefeed.go:880  [T1,Vsystem,n1,rangefeed=spanconfig-subscriber,mux_n=1,gen=2,r50/1:/Table/4{7-8},sm=1,sid=1,s1] 149  RangeFeed closed timestamp is empty
I260828 12:03:06.385552 947 13@kv/kvserver/replicate_queue.go:784  [T1,Vsystem,n1,replicate,s1,r64/1:/Table/6{2-3}] 157  error processing replica: 0 of 1 live stores are able to take a new replica for the range (1 already has a voter, 0 already have a non-voter); likely not enough nodes in cluster
I260828 12:03:06.385674 948 13@kv/kvserver/replicate_queue.go:784  [T1,Vsystem,n1,replicate,s1,r35/1:/Table/3{2-3}] 158  error processing replica: 0 of 1 live stores are able to take a new replica for the range (1 already has a voter, 0 already have a non-voter); likely not enough nodes in cluster
I260828 12:03:06.385799 949 13@kv/kvserver/replicate_queue.go:784  [T1,Vsystem,n1,replicate,s1,r65/1:/Table/6{3-4}] 159  error processing replica: 0 of 1 live stores are able to take a new replica for the range (1 already has a voter, 0 already have a non-voter); likely not enough nodes in cluster
I260828 12:03:06.385925 950 13@kv/kvserver/replicate_queue.go:784  [T1,Vsystem,n1,replicate,s1,r66/1:/Table/6{4-5}] 160  error processing replica: 0 of 1 live stores are able to take a new replica for the range (1 already has a voter, 0 already have a non-voter); likely not enough nodes in cluster
I260828 12:03:06.386053 951 13@kv/kvserver/replicate_queue.go:784  [T1,Vsystem,n1,replicate,s1,r67/1:/Table/6{5-6}] 161  error processing replica: 0 of 1 live stores are able to take a new replica for the range (1 already has a voter, 0 already have a non-voter); likely not enough nodes in cluster
I260828 12:03:06.389229 70 1@util/log/event_log.go:39  [T1,Vsystem,n1] 162 ={"Timestamp":1787918586389227406,"EventType":"node_join","NodeID":1,"StartedAt":1787918586310220141,"LastUp":1787918586310220141}
I260828 12:03:06.389551 295 kv/kvclient/rangefeed/rangefeedcache/watcher.go:340  [T1,Vsystem,n1] 163  settings-watcher: established range feed cache
I260828 12:03:06.391333 70 sql/sqlliveness/slinstance/slinstance.go:441  [T1,Vsystem,n1] 164  starting SQL liveness instance
I260828 12:03:06.392368 303 sql/sqlliveness/slstorage/slstorage.go:539  [T1,Vsystem,n1] 165  inserted sqlliveness session 01018026f9588e2b744f51b55878cd6e4f7489 with expiry 1787918626.391497463,0
I260828 12:03:06.392529 303 sql/sqlliveness/slinstance/slinstance.go:253  [T1,Vsystem,n1] 166  created new SQL liveness session 01018026f9588e2b744f51b55878cd6e4f7489
I260828 12:03:06.392593 70 sql/sqlinstance/instancestorage/instancestorage.go:338  [T1,Vsystem,n1] 167  assigning instance id to rpc addr 127.0.0.1:26257 and sql addr 127.0.0.1:26257
I260828 12:03:06.393029 70 server/server_sql.go:1609  [T1,Vsystem,n1] 168  bound sqlinstance: Instance{RegionPrefix: gA==, InstanceID: 1, SQLAddr: 127.0.0.1:26257, RPCAddr: 127.0.0.1:26257, SessionID: 01018026f9588e2b744f51b55878cd6e4f7489, Locality: , BinaryVersion: 25.1}
I260828 12:03:06.393377 70 upgrade/upgrademanager/manager.go:171  [T1,Vsystem,n1] 169  running permanent upgrades up to version: 25.1
I260828 12:03:06.393569 968 sql/sqlstats/persistedsqlstats/provider.go:163  [T1,Vsystem,n1] 170  starting sql-stats-worker with initial delay: 11m12.944153965s
I260828 12:03:06.394685 981 kv/kvclient/rangefeed/rangefeedcache/watcher.go:340  [T1,Vsystem,n1] 171  system-config-cache: established range feed cache
I260828 12:03:06.398332 965 sql/temporary_schema.go:506  [T1,Vsystem,n1] 172  running temporary object cleanup background job
I260828 12:03:06.405218 965 sql/temporary_schema.go:556  [T1,Vsystem,n1] 173  found 0 temporary schemas
I260828 12:03:06.405260 965 sql/temporary_schema.go:559  [T1,Vsystem,n1] 174  early exiting temporary schema cleaner as no temporary schemas were found
I260828 12:03:06.405354 965 sql/temporary_schema.go:560  [T1,Vsystem,n1] 175  completed temporary object cleanup job
I260828 12:03:06.405574 965 sql/temporary_schema.go:641  [T1,Vsystem,n1] 176  temporary object cleaner next scheduled to run at 2026-08-28 12:33:06.393536511 +0000 UTC m=+1800.287977952
I260828 12:03:06.413826 70 upgrade/upgrademanager/manager.go:239  [T1,Vsystem,n1] 177  the last permanent upgrade (v0.0-upgrading-step-004) does not appear to have completed; attempting to run all upgrades
I260828 12:03:06.413943 70 upgrade/upgrademanager/manager.go:245  [T1,Vsystem,n1] 178  running permanent upgrade for version 0.0-upgrading-step-002
I260828 12:03:06.421644 980 spanconfig/spanconfigmanager/manager.go:136  [T1,Vsystem,n1] 179  started auto span config reconciliation job
I260828 12:03:06.421789 1224 jobs/adopt.go:224  [T1,Vsystem,n1,job=1205364937180479489] 180  job 1205364937180479489: resuming execution
I260828 12:03:06.424270 70 upgrade/upgrademanager/manager.go:723  [T1,Vsystem,n1] 181  running intitialize the system cluster
I260828 12:03:06.424471 1258 jobs/adopt.go:224  [T1,Vsystem,n1,job=1205364937241427969] 182  job 1205364937241427969: resuming execution
I260828 12:03:06.431860 1240 jobs/registry.go:1679  [T1,Vsystem,n1,job=1205364937241427969] 183  MIGRATION job 1205364937241427969: stepping through state running
I260828 12:03:06.433008 1212 jobs/registry.go:1679  [T1,Vsystem,n1,job=1205364937180479489] 184  AUTO SPAN CONFIG RECONCILIATION job 1205364937180479489: stepping through state running
I260828 12:03:06.448810 1212 1@jobs/structured_log.go:48  [T1,Vsystem,n1,job=1205364937180479489] 185 ={"Timestamp":1787918586448806333,"EventType":"status_change","JobID":1205364937180479489,"JobType":"AUTO SPAN CONFIG RECONCILIATION","Description":"status changed to: running","PreviousStatus":"running","NewStatus":"running","RunNum":0}
I260828 12:03:06.449078 1240 1@jobs/structured_log.go:48  [T1,Vsystem,n1,job=1205364937241427969] 186 ={"Timestamp":1787918586449075593,"EventType":"status_change","JobID":1205364937241427969,"JobType":"MIGRATION","Description":"status changed to: running","PreviousStatus":"running","NewStatus":"running","RunNum":0}
I260828 12:03:06.450658 1240 upgrade/upgrades/permanent_upgrades.go:45  [T1,Vsystem,n1,job=MIGRATION id=1205364937241427969,upgrade=0.0-upgrading-step-002] 187  executing system bootstrap step "initialize cluster version"
I260828 12:03:06.456933 1240 upgrade/upgrades/permanent_upgrades.go:45  [T1,Vsystem,n1,job=MIGRATION id=1205364937241427969,upgrade=0.0-upgrading-step-002] 188  executing system bootstrap step "configure key visualizer"
I260828 12:03:06.461752 1356 1@util/log/event_log.go:39  [T1,Vsystem,n1,job=MIGRATION id=1205364937241427969,upgrade=0.0-upgrading-step-002,intExec=set-SpanStatsTenantBoundariesTable-TTL] 189 ={"Timestamp":1787918586459469696,"EventType":"set_zone_config","Statement":"ALTER TABLE \"\".system.span_stats_tenant_boundaries CONFIGURE ZONE USING \"gc.ttlseconds\" = $1","Tag":"CONFIGURE ZONE","User":"node","DescriptorID":58,"ApplicationName":"$ internal-set-SpanStatsTenantBoundariesTable-TTL","PlaceholderValues":["3600"],"Target":"TABLE system.public.span_stats_tenant_boundaries","Options":["\"gc.ttlseconds\" = 3600"],"ResolvedOldConfig":"range_min_bytes:134217728 range_max_bytes:536870912 gc:<ttl_seconds:14400 > num_replicas:5 inherited_constraints:false null_voter_constraints_is_empty:true inherited_lease_preferences:false "}
I260828 12:03:06.467633 1240 upgrade/upgrades/permanent_upgrades.go:45  [T1,Vsystem,n1,job=MIGRATION id=1205364937241427969,upgrade=0.0-upgrading-step-002] 190  executing system bootstrap step "configure sql activity table TTLs"
I260828 12:03:06.472889 1388 1@util/log/event_log.go:39  [T1,Vsystem,n1,job=MIGRATION id=1205364937241427969,upgrade=0.0-upgrading-step-002,intExec=set-SQLStatsTables-TTL] 191 ={"Timestamp":1787918586467964271,"EventType":"set_zone_config","Statement":"ALTER TABLE \"\".system.statement_statistics CONFIGURE ZONE USING \"gc.ttlseconds\" = $1","Tag":"CONFIGURE ZONE","User":"node","DescriptorID":42,"ApplicationName":"$ internal-set-SQLStatsTables-TTL","PlaceholderValues":["3600"],"Target":"TABLE system.public.statement_statistics","Options":["\"gc.ttlseconds\" = 3600"],"ResolvedOldConfig":"range_min_bytes:134217728 range_max_bytes:536870912 gc:<ttl_seconds:14400 > num_replicas:5 inherited_constraints:false null_voter_constraints_is_empty:true inherited_lease_preferences:false "}
I260828 12:03:06.479755 1412 1@util/log/event_log.go:39  [T1,Vsystem,n1,job=MIGRATION id=1205364937241427969,upgrade=0.0-upgrading-step-002,intExec=set-SQLStatsTables-TTL] 192 ={"Timestamp":1787918586475787172,"EventType":"set_zone_config","Statement":"ALTER TABLE \"\".system.transaction_statistics CONFIGURE ZONE USING \"gc.ttlseconds\" = $1","Tag":"CONFIGURE ZONE","User":"node","DescriptorID":43,"ApplicationName":"$ internal-set-SQLStatsTables-TTL","PlaceholderValues":["3600"],"Target":"TABLE system.public.transaction_statistics","Options":["\"gc.ttlseconds\" = 3600"],"ResolvedOldConfig":"range_min_bytes:134217728 range_max_bytes:536870912 gc:<ttl_seconds:14400 > num_replicas:5 inherited_constraints:false null_voter_constraints_is_empty:true inherited_lease_preferences:false "}
I260828 12:03:06.483011 1420 1@util/log/event_log.go:39  [T1,Vsystem,n1,job=MIGRATION id=1205364937241427969,upgrade=0.0-upgrading-step-002,intExec=set-SQLStatsTables-TTL] 193 ={"Timestamp":1787918586480754173,"EventType":"set_zone_config","Statement":"ALTER TABLE \"\".system.statement_activity CONFIGURE ZONE USING \"gc.ttlseconds\" = $1","Tag":"CONFIGURE ZONE","User":"node","DescriptorID":61,"ApplicationName":"$ internal-set-SQLStatsTables-TTL","PlaceholderValues":["3600"],"Target":"TABLE system.public.statement_activity","Options":["\"gc.ttlseconds\" = 3600"],"ResolvedOldConfig":"range_min_bytes:134217728 range_max_bytes:536870912 gc:<ttl_seconds:14400 > num_replicas:5 inherited_constraints:false null_voter_constraints_is_empty:true inherited_lease_preferences:false "}
I260828 12:03:06.485839 1405 1@util/log/event_log.go:39  [T1,Vsystem,n1,job=MIGRATION id=1205364937241427969,upgrade=0.0-upgrading-step-002,intExec=set-SQLStatsTables-TTL] 194 ={"Timestamp":1787918586483663434,"EventType":"set_zone_config","Statement":"ALTER TABLE \"\".system.transaction_activity CONFIGURE ZONE USING \"gc.ttlseconds\" = $1","Tag":"CONFIGURE ZONE","User":"node","DescriptorID":62,"ApplicationName":"$ internal-set-SQLStatsTables-TTL","PlaceholderValues":["3600"],"Target":"TABLE system.public.transaction_activity","Options":["\"gc.ttlseconds\" = 3600"],"ResolvedOldConfig":"range_min_bytes:134217728 range_max_bytes:536870912 gc:<ttl_seconds:14400 > num_replicas:5 inherited_constraints:false null_voter_constraints_is_empty:true inherited_lease_preferences:false "}
I260828 12:03:06.487316 1240 jobs/registry.go:1679  [T1,Vsystem,n1,job=1205364937241427969] 195  MIGRATION job 1205364937241427969: stepping through state succeeded
I260828 12:03:06.504266 1212 13@spanconfig/spanconfigstore/store.go:364  [T1,Vsystem,n1,job=AUTO SPAN CONFIG RECONCILIATION id=1205364937180479489] 196  changing the spanconfig for span:/Table/1{6-7} from:{RangeMinBytes:134217728 RangeMaxBytes:536870912 GCPolicy:{TTLSeconds:14400 ProtectionPolicies:[] IgnoreStrictEnforcement:false} GlobalReads:false NumReplicas:5 NumVoters:0 Constraints:[] VoterConstraints:[] LeasePreferences:[] RangefeedEnabled:false ExcludeDataFromBackup:false} to:{RangeMinBytes:0 RangeMaxBytes:0 GCPolicy:{TTLSeconds:0 ProtectionPolicies:[] IgnoreStrictEnforcement:false} GlobalReads:false NumReplicas:0 NumVoters:0 Constraints:[] VoterConstraints:[] LeasePreferences:[] RangefeedEnabled:false ExcludeDataFromBackup:false}
I260828 12:03:06.504589 1212 13@spanconfig/spanconfigstore/store.go:364  [T1,Vsystem,n1,job=AUTO SPAN CONFIG RECONCILIATION id=1205364937180479489] 197  changing the spanconfig for span:/Table/1{7-8} from:{RangeMinBytes:134217728 RangeMaxBytes:536870912 GCPolicy:{TTLSeconds:14400 ProtectionPolicies:[] IgnoreStrictEnforcement:false} GlobalReads:false NumReplicas:5 NumVoters:0 Constraints:[] VoterConstraints:[] LeasePreferences:[] RangefeedEnabled:false ExcludeDataFromBackup:false} to:{RangeMinBytes:0 RangeMaxBytes:0 GCPolicy:{TTLSeconds:0 ProtectionPolicies:[] IgnoreStrictEnforcement:false} GlobalReads:false NumReplicas:0 NumVoters:0 Constraints:[] VoterConstraints:[] LeasePreferences:[] RangefeedEnabled:false ExcludeDataFromBackup:false}
I260828 12:03:06.504816 1212 13@spanconfig/spanconfigstore/store.go:364  [T1,Vsystem,n1,job=AUTO SPAN CONFIG RECONCILIATION id=1205364937180479489] 198  changing the spanconfig for span:/Table/1{8-9} from:{RangeMinBytes:134217728 RangeMaxBytes:536870912 GCPolicy:{TTLSeconds:14400 ProtectionPolicies:[] IgnoreStrictEnforcement:false} GlobalReads:false NumReplicas:5 NumVoters:0 Constraints:[] VoterConstraints:[] LeasePreferences:[] RangefeedEnabled:false ExcludeDataFromBackup:false} to:{RangeMinBytes:0 RangeMaxBytes:0 GCPolicy:{TTLSeconds:0 ProtectionPolicies:[] IgnoreStrictEnforcement:false} GlobalReads:false NumReplicas:0 NumVoters:0 Constraints:[] VoterConstraints:[] LeasePreferences:[] RangefeedEnabled:false ExcludeDataFromBackup:false}
I260828 12:03:06.504988 1212 13@spanconfig/spanconfigstore/store.go:364  [T1,Vsystem,n1,job=AUTO SPAN CONFIG RECONCILIATION id=1205364937180479489] 199  changing the spanconfig for span:/Table/2{2-3} from:{RangeMinBytes:134217728 RangeMaxBytes:536870912 GCPolicy:{TTLSeconds:14400 ProtectionPolicies:[] IgnoreStrictEnforcement:false} GlobalReads:false NumReplicas:5 NumVoters:0 Constraints:[] VoterConstraints:[] LeasePreferences:[] RangefeedEnabled:false ExcludeDataFromBackup:false} to:{RangeMinBytes:0 RangeMaxBytes:0 GCPolicy:{TTLSeconds:0 ProtectionPolicies:[] IgnoreStrictEnforcement:false} GlobalReads:false NumReplicas:0 NumVoters:0 Constraints:[] VoterConstraints:[] LeasePreferences:[] RangefeedEnabled:false ExcludeDataFromBackup:false}
I260828 12:03:06.505185 1212 13@spanconfig/spanconfigstore/store.go:364  [T1,Vsystem,n1,job=AUTO SPAN CONFIG RECONCILIATION id=1205364937180479489] 200  changing the spanconfig for span:/{Table/29-NamespaceTable/30} from:{RangeMinBytes:134217728 RangeMaxBytes:536870912 GCPolicy:{TTLSeconds:14400 ProtectionPolicies:[] IgnoreStrictEnforcement:false} GlobalReads:false NumReplicas:5 NumVoters:0 Constraints:[] VoterConstraints:[] LeasePreferences:[] RangefeedEnabled:false ExcludeDataFromBackup:false} to:{RangeMinBytes:0 RangeMaxBytes:0 GCPolicy:{TTLSeconds:0 ProtectionPolicies:[] IgnoreStrictEnforcement:false} GlobalReads:false NumReplicas:0 NumVoters:0 Constraints:[] VoterConstraints:[] LeasePreferences:[] RangefeedEnabled:false ExcludeDataFromBackup:false}
I260828 12:03:06.505324 1212 13@spanconfig/spanconfigstore/store.go:364  [T1,Vsystem,n1,job=AUTO SPAN CONFIG RECONCILIATION id=1205364937180479489] 201  changing the spanconfig for span:/Table/3{8-9} from:{RangeMinBytes:134217728 RangeMaxBytes:536870912 GCPolicy:{TTLSeconds:14400 ProtectionPolicies:[] IgnoreStrictEnforcement:false} GlobalReads:false NumReplicas:5 NumVoters:0 Constraints:[] VoterConstraints:[] LeasePreferences:[] RangefeedEnabled:false ExcludeDataFromBackup:false} to:{RangeMinBytes:0 RangeMaxBytes:0 GCPolicy:{TTLSeconds:0 ProtectionPolicies:[] IgnoreStrictEnforcement:false} GlobalReads:false NumReplicas:0 NumVoters:0 Constraints:[] VoterConstraints:[] LeasePreferences:[] RangefeedEnabled:false ExcludeDataFromBackup:false}
I260828 12:03:06.505447 1212 13@spanconfig/spanconfigstore/store.go:364  [T1,Vsystem,n1,job=AUTO SPAN CONFIG RECONCILIATION id=1205364937180479489] 202  changing the spanconfig for span:/Table/{0-4} from:{RangeMinBytes:134217728 RangeMaxBytes:536870912 GCPolicy:{TTLSeconds:14400 ProtectionPolicies:[] IgnoreStrictEnforcement:true} GlobalReads:false NumReplicas:5 NumVoters:0 Constraints:[] VoterConstraints:[] LeasePreferences:[] RangefeedEnabled:true ExcludeDataFromBackup:false} to:{RangeMinBytes:0 RangeMaxBytes:0 GCPolicy:{TTLSeconds:0 ProtectionPolicies:[] IgnoreStrictEnforcement:false} GlobalReads:false NumReplicas:0 NumVoters:0 Constraints:[] VoterConstraints:[] LeasePreferences:[] RangefeedEnabled:false ExcludeDataFromBackup:false}
I260828 12:03:06.505575 1212 13@spanconfig/spanconfigstore/store.go:364  [T1,Vsystem,n1,job=AUTO SPAN CONFIG RECONCILIATION id=1205364937180479489] 203  changing the spanconfig for span:/Table/{4-5} from:{RangeMinBytes:134217728 RangeMaxBytes:536870912 GCPolicy:{TTLSeconds:14400 ProtectionPolicies:[] IgnoreStrictEnforcement:true} GlobalReads:false NumReplicas:5 NumVoters:0 Constraints:[] VoterConstraints:[] LeasePreferences:[] RangefeedEnabled:true ExcludeDataFromBackup:false} to:{RangeMinBytes:0 RangeMaxBytes:0 GCPolicy:{TTLSeconds:0 ProtectionPolicies:[] IgnoreStrictEnforcement:false} GlobalReads:false NumReplicas:0 NumVoters:0 Constraints:[] VoterConstraints:[] LeasePreferences:[] RangefeedEnabled:false ExcludeDataFromBackup:false}
I260828 12:03:06.505664 1212 13@spanconfig/spanconfigstore/store.go:364  [T1,Vsystem,n1,job=AUTO SPAN CONFIG RECONCILIATION id=1205364937180479489] 204  changing the spanconfig for span:/Table/{5-6} from:{RangeMinBytes:134217728 RangeMaxBytes:536870912 GCPolicy:{TTLSeconds:14400 ProtectionPolicies:[] IgnoreStrictEnforcement:true} GlobalReads:false NumReplicas:5 NumVoters:0 Constraints:[] VoterConstraints:[] LeasePreferences:[] RangefeedEnabled:true ExcludeDataFromBackup:false} to:{RangeMinBytes:0 RangeMaxBytes:0 GCPolicy:{TTLSeconds:0 ProtectionPolicies:[] IgnoreStrictEnforcement:false} GlobalReads:false NumReplicas:0 NumVoters:0 Constraints:[] VoterConstraints:[] LeasePreferences:[] RangefeedEnabled:false ExcludeDataFromBackup:false}
I260828 12:03:06.505759 1212 13@spanconfig/spanconfigstore/store.go:364  [T1,Vsystem,n1,job=AUTO SPAN CONFIG RECONCILIATION id=1205364937180479489] 205  changing the spanconfig for span:/Table/{6-7} from:{RangeMinBytes:134217728 RangeMaxBytes:536870912 GCPolicy:{TTLSeconds:14400 ProtectionPolicies:[] IgnoreStrictEnforcement:true} GlobalReads:false NumReplicas:5 NumVoters:0 Constraints:[] VoterConstraints:[] LeasePreferences:[] RangefeedEnabled:true ExcludeDataFromBackup:false} to:{RangeMinBytes:0 RangeMaxBytes:0 GCPolicy:{TTLSeconds:0 ProtectionPolicies:[] IgnoreStrictEnforcement:false} GlobalReads:false NumReplicas:0 NumVoters:0 Constraints:[] VoterConstraints:[] LeasePreferences:[] RangefeedEnabled:false ExcludeDataFromBackup:false}
I260828 12:03:06.505852 1212 13@spanconfig/spanconfigstore/store.go:364  [T1,Vsystem,n1,job=AUTO SPAN CONFIG RECONCILIATION id=1205364937180479489] 206  changing the spanconfig for span:/Table/{7-8} from:{RangeMinBytes:134217728 RangeMaxBytes:536870912 GCPolicy:{TTLSeconds:14400 ProtectionPolicies:[] IgnoreStrictEnforcement:true} GlobalReads:false NumReplicas:5 NumVoters:0 Constraints:[] VoterConstraints:[] LeasePreferences:[] RangefeedEnabled:true ExcludeDataFromBackup:false} to:{RangeMinBytes:0 RangeMaxBytes:0 GCPolicy:{TTLSeconds:0 ProtectionPolicies:[] IgnoreStrictEnforcement:false} GlobalReads:false NumReplicas:0 NumVoters:0 Constraints:[] VoterConstraints:[] LeasePreferences:[] RangefeedEnabled:false ExcludeDataFromBackup:false}
I260828 12:03:06.505946 1212 13@spanconfig/spanconfigstore/store.go:364  [T1,Vsystem,n1,job=AUTO SPAN CONFIG RECONCILIATION id=1205364937180479489] 207  changing the spanconfig for span:/Table/{8-9} from:{RangeMinBytes:134217728 RangeMaxBytes:536870912 GCPolicy:{TTLSeconds:14400 ProtectionPolicies:[] IgnoreStrictEnforcement:true} GlobalReads:false NumReplicas:5 NumVoters:0 Constraints:[] VoterConstraints:[] LeasePreferences:[] RangefeedEnabled:true ExcludeDataFromBackup:false} to:{RangeMinBytes:0 RangeMaxBytes:0 GCPolicy:{TTLSeconds:0 ProtectionPolicies:[] IgnoreStrictEnforcement:false} GlobalReads:false NumReplicas:0 NumVoters:0 Constraints:[] VoterConstraints:[] LeasePreferences:[] RangefeedEnabled:false ExcludeDataFromBackup:false}
I260828 12:03:06.506044 1212 13@spanconfig/spanconfigstore/store.go:364  [T1,Vsystem,n1,job=AUTO SPAN CONFIG RECONCILIATION id=1205364937180479489] 208  changing the spanconfig for span:/Table/{9-10} from:{RangeMinBytes:134217728 RangeMaxBytes:536870912 GCPolicy:{TTLSeconds:14400 ProtectionPolicies:[] IgnoreStrictEnforcement:true} GlobalReads:false NumReplicas:5 NumVoters:0 Constraints:[] VoterConstraints:[] LeasePreferences:[] RangefeedEnabled:true ExcludeDataFromBackup:false} to:{RangeMinBytes:0 RangeMaxBytes:0 GCPolicy:{TTLSeconds:0 ProtectionPolicies:[] IgnoreStrictEnforcement:false} GlobalReads:false NumReplicas:0 NumVoters:0 Constraints:[] VoterConstraints:[] LeasePreferences:[] RangefeedEnabled:false ExcludeDataFromBackup:false}
I260828 12:03:06.506140 1212 13@spanconfig/spanconfigstore/store.go:364  [T1,Vsystem,n1,job=AUTO SPAN CONFIG RECONCILIATION id=1205364937180479489] 209  changing the spanconfig for span:/Table/1{1-2} from:{RangeMinBytes:134217728 RangeMaxBytes:536870912 GCPolicy:{TTLSeconds:600 ProtectionPolicies:[] IgnoreStrictEnforcement:true} GlobalReads:false NumReplicas:5 NumVoters:0 Constraints:[] VoterConstraints:[] LeasePreferences:[] RangefeedEnabled:true ExcludeDataFromBackup:true} to:{RangeMinBytes:0 RangeMaxBytes:0 GCPolicy:{TTLSeconds:0 ProtectionPolicies:[] IgnoreStrictEnforcement:false} GlobalReads:false NumReplicas:0 NumVoters:0 Constraints:[] VoterConstraints:[] LeasePreferences:[] RangefeedEnabled:false ExcludeDataFromBackup:false}
I260828 12:03:06.506234 1212 13@spanconfig/spanconfigstore/store.go:364  [T1,Vsystem,n1,job=AUTO SPAN CONFIG RECONCILIATION id=1205364937180479489] 210  changing the spanconfig for span:/Table/1{2-3} from:{RangeMinBytes:134217728 RangeMaxBytes:536870912 GCPolicy:{TTLSeconds:14400 ProtectionPolicies:[] IgnoreStrictEnforcement:true} GlobalReads:false NumReplicas:5 NumVoters:0 Constraints:[] VoterConstraints:[] LeasePreferences:[] RangefeedEnabled:true ExcludeDataFromBackup:false} to:{RangeMinBytes:0 RangeMaxBytes:0 GCPolicy:{TTLSeconds:0 ProtectionPolicies:[] IgnoreStrictEnforcement:false} GlobalReads:false NumReplicas:0 NumVoters:0 Constraints:[] VoterConstraints:[] LeasePreferences:[] RangefeedEnabled:false ExcludeDataFromBackup:false}
I260828 12:03:06.506326 1212 13@spanconfig/spanconfigstore/store.go:364  [T1,Vsystem,n1,job=AUTO SPAN CONFIG RECONCILIATION id=1205364937180479489] 211  changing the spanconfig for span:/Table/1{3-4} from:{RangeMinBytes:134217728 RangeMaxBytes:536870912 GCPolicy:{TTLSeconds:14400 ProtectionPolicies:[] IgnoreStrictEnforcement:true} GlobalReads:false NumReplicas:5 NumVoters:0 Constraints:[] VoterConstraints:[] LeasePreferences:[] RangefeedEnabled:true ExcludeDataFromBackup:false} to:{RangeMinBytes:0 RangeMaxBytes:0 GCPolicy:{TTLSeconds:0 ProtectionPolicies:[] IgnoreStrictEnforcement:false} GlobalReads:false NumReplicas:0 NumVoters:0 Constraints:[] VoterConstraints:[] LeasePreferences:[] RangefeedEnabled:false ExcludeDataFromBackup:false}
I260828 12:03:06.506417 1212 13@spanconfig/spanconfigstore/store.go:364  [T1,Vsystem,n1,job=AUTO SPAN CONFIG RECONCILIATION id=1205364937180479489] 212  changing the spanconfig for span:/Table/1{4-5} from:{RangeMinBytes:134217728 RangeMaxBytes:536870912 GCPolicy:{TTLSeconds:14400 ProtectionPolicies:[] IgnoreStrictEnforcement:true} GlobalReads:false NumReplicas:5 NumVoters:0 Constraints:[] VoterConstraints:[] LeasePreferences:[] RangefeedEnabled:true ExcludeDataFromBackup:false} to:{RangeMinBytes:0 RangeMaxBytes:0 GCPolicy:{TTLSeconds:0 ProtectionPolicies:[] IgnoreStrictEnforcement:false} GlobalReads:false NumReplicas:0 NumVoters:0 Constraints:[] VoterConstraints:[] LeasePreferences:[] RangefeedEnabled:false ExcludeDataFromBackup:false}
I260828 12:03:06.506577 1212 13@spanconfig/spanconfigstore/store.go:364  [T1,Vsystem,n1,job=AUTO SPAN CONFIG RECONCILIATION id=1205364937180479489] 213  changing the spanconfig for span:/Table/1{5-6} from:{RangeMinBytes:134217728 RangeMaxBytes:536870912 GCPolicy:{TTLSeconds:14400 ProtectionPolicies:[] IgnoreStrictEnforcement:true} GlobalReads:false NumReplicas:5 NumVoters:0 Constraints:[] VoterConstraints:[] LeasePreferences:[] RangefeedEnabled:true ExcludeDataFromBackup:false} to:{RangeMinBytes:0 RangeMaxBytes:0 GCPolicy:{TTLSeconds:0 ProtectionPolicies:[] IgnoreStrictEnforcement:false} GlobalReads:false NumReplicas:0 NumVoters:0 Constraints:[] VoterConstraints:[] LeasePreferences:[] RangefeedEnabled:false ExcludeDataFromBackup:false}
I260828 12:03:06.506704 1212 13@spanconfig/spanconfigstore/store.go:364  [T1,Vsystem,n1,job=AUTO SPAN CONFIG RECONCILIATION id=1205364937180479489] 214  changing the spanconfig for span:/Table/{19-20} from:{RangeMinBytes:134217728 RangeMaxBytes:536870912 GCPolicy:{TTLSeconds:14400 ProtectionPolicies:[] IgnoreStrictEnforcement:true} GlobalReads:false NumReplicas:5 NumVoters:0 Constraints:[] VoterConstraints:[] LeasePreferences:[] RangefeedEnabled:true ExcludeDataFromBackup:false} to:{RangeMinBytes:0 RangeMaxBytes:0 GCPolicy:{TTLSeconds:0 ProtectionPolicies:[] IgnoreStrictEnforcement:false} GlobalReads:false NumReplicas:0 NumVoters:0 Constraints:[] VoterConstraints:[] LeasePreferences:[] RangefeedEnabled:false ExcludeDataFromBackup:false}
I260828 12:03:06.506835 1212 13@spanconfig/spanconfigstore/store.go:364  [T1,Vsystem,n1,job=AUTO SPAN CONFIG RECONCILIATION id=1205364937180479489] 215  changing the spanconfig for span:/Table/2{0-1} from:{RangeMinBytes:134217728 RangeMaxBytes:536870912 GCPolicy:{TTLSeconds:14400 ProtectionPolicies:[] IgnoreStrictEnforcement:true} GlobalReads:false NumReplicas:5 NumVoters:0 Constraints:[] VoterConstraints:[] LeasePreferences:[] RangefeedEnabled:true ExcludeDataFromBackup:false} to:{RangeMinBytes:0 RangeMaxBytes:0 GCPolicy:{TTLSeconds:0 ProtectionPolicies:[] IgnoreStrictEnforcement:false} GlobalReads:false NumReplicas:0 NumVoters:0 Constraints:[] VoterConstraints:[] LeasePreferences:[] RangefeedEnabled:false ExcludeDataFromBackup:false}
I260828 12:03:06.506936 1212 13@spanconfig/spanconfigstore/store.go:364  [T1,Vsystem,n1,job=AUTO SPAN CONFIG RECONCILIATION id=1205364937180479489] 216  changing the spanconfig for span:/Table/2{1-2} from:{RangeMinBytes:134217728 RangeMaxBytes:536870912 GCPolicy:{TTLSeconds:14400 ProtectionPolicies:[] IgnoreStrictEnforcement:true} GlobalReads:false NumReplicas:5 NumVoters:0 Constraints:[] VoterConstraints:[] LeasePreferences:[] RangefeedEnabled:true ExcludeDataFromBackup:false} to:{RangeMinBytes:0 RangeMaxBytes:0 GCPolicy:{TTLSeconds:0 ProtectionPolicies:[] IgnoreStrictEnforcement:false} GlobalReads:false NumReplicas:0 NumVoters:0 Constraints:[] VoterConstraints:[] LeasePreferences:[] RangefeedEnabled:false ExcludeDataFromBackup:false}
I260828 12:03:06.507042 1212 13@spanconfig/spanconfigstore/store.go:364  [T1,Vsystem,n1,job=AUTO SPAN CONFIG RECONCILIATION id=1205364937180479489] 217  changing the spanconfig for span:/Table/2{3-4} from:{RangeMinBytes:134217728 RangeMaxBytes:536870912 GCPolicy:{TTLSeconds:14400 ProtectionPolicies:[] IgnoreStrictEnforcement:true} GlobalReads:false NumReplicas:5 NumVoters:0 Constraints:[] VoterConstraints:[] LeasePreferences:[] RangefeedEnabled:true ExcludeDataFromBackup:false} to:{RangeMinBytes:0 RangeMaxBytes:0 GCPolicy:{TTLSeconds:0 ProtectionPolicies:[] IgnoreStrictEnforcement:false} GlobalReads:false NumReplicas:0 NumVoters:0 Constraints:[] VoterConstraints:[] LeasePreferences:[] RangefeedEnabled:false ExcludeDataFromBackup:false}
I260828 12:03:06.507144 1212 13@spanconfig/spanconfigstore/store.go:364  [T1,Vsystem,n1,job=AUTO SPAN CONFIG RECONCILIATION id=1205364937180479489] 218  changing the spanconfig for span:/Table/2{4-5} from:{RangeMinBytes:134217728 RangeMaxBytes:536870912 GCPolicy:{TTLSeconds:14400 ProtectionPolicies:[] IgnoreStrictEnforcement:true} GlobalReads:false NumReplicas:5 NumVoters:0 Constraints:[] VoterConstraints:[] LeasePreferences:[] RangefeedEnabled:true ExcludeDataFromBackup:false} to:{RangeMinBytes:0 RangeMaxBytes:0 GCPolicy:{TTLSeconds:0 ProtectionPolicies:[] IgnoreStrictEnforcement:false} GlobalReads:false NumReplicas:0 NumVoters:0 Constraints:[] VoterConstraints:[] LeasePreferences:[] RangefeedEnabled:false ExcludeDataFromBackup:false}
I260828 12:03:06.507239 1212 13@spanconfig/spanconfigstore/store.go:364  [T1,Vsystem,n1,job=AUTO SPAN CONFIG RECONCILIATION id=1205364937180479489] 219  changing the spanconfig for span:/Table/2{5-6} from:{RangeMinBytes:134217728 RangeMaxBytes:536870912 GCPolicy:{TTLSeconds:600 ProtectionPolicies:[] IgnoreStrictEnforcement:true} GlobalReads:false NumReplicas:5 NumVoters:0 Constraints:[] VoterConstraints:[] LeasePreferences:[] RangefeedEnabled:true ExcludeDataFromBackup:true} to:{RangeMinBytes:0 RangeMaxBytes:0 GCPolicy:{TTLSeconds:0 ProtectionPolicies:[] IgnoreStrictEnforcement:false} GlobalReads:false NumReplicas:0 NumVoters:0 Constraints:[] VoterConstraints:[] LeasePreferences:[] RangefeedEnabled:false ExcludeDataFromBackup:false}
I260828 12:03:06.507343 1212 13@spanconfig/spanconfigstore/store.go:364  [T1,Vsystem,n1,job=AUTO SPAN CONFIG RECONCILIATION id=1205364937180479489] 220  changing the spanconfig for span:/Table/2{6-7} from:{RangeMinBytes:134217728 RangeMaxBytes:536870912 GCPolicy:{TTLSeconds:14400 ProtectionPolicies:[] IgnoreStrictEnforcement:true} GlobalReads:false NumReplicas:5 NumVoters:0 Constraints:[] VoterConstraints:[] LeasePreferences:[] RangefeedEnabled:true ExcludeDataFromBackup:false} to:{RangeMinBytes:0 RangeMaxBytes:0 GCPolicy:{TTLSeconds:0 ProtectionPolicies:[] IgnoreStrictEnforcement:false} GlobalReads:false NumReplicas:0 NumVoters:0 Constraints:[] VoterConstraints:[] LeasePreferences:[] RangefeedEnabled:false ExcludeDataFromBackup:false}
I260828 12:03:06.507429 1212 13@spanconfig/spanconfigstore/store.go:364  [T1,Vsystem,n1,job=AUTO SPAN CONFIG RECONCILIATION id=1205364937180479489] 221  changing the spanconfig for span:/Table/2{7-8} from:{RangeMinBytes:134217728 RangeMaxBytes:536870912 GCPolicy:{TTLSeconds:600 ProtectionPolicies:[] IgnoreStrictEnforcement:true} GlobalReads:false NumReplicas:5 NumVoters:0 Constraints:[] VoterConstraints:[] LeasePreferences:[] RangefeedEnabled:true ExcludeDataFromBackup:true} to:{RangeMinBytes:0 RangeMaxBytes:0 GCPolicy:{TTLSeconds:0 ProtectionPolicies:[] IgnoreStrictEnforcement:false} GlobalReads:false NumReplicas:0 NumVoters:0 Constraints:[] VoterConstraints:[] LeasePreferences:[] RangefeedEnabled:false ExcludeDataFromBackup:false}
I260828 12:03:06.507605 1212 13@spanconfig/spanconfigstore/store.go:364  [T1,Vsystem,n1,job=AUTO SPAN CONFIG RECONCILIATION id=1205364937180479489] 222  changing the spanconfig for span:/Table/2{8-9} from:{RangeMinBytes:134217728 RangeMaxBytes:536870912 GCPolicy:{TTLSeconds:14400 ProtectionPolicies:[] IgnoreStrictEnforcement:true} GlobalReads:false NumReplicas:5 NumVoters:0 Constraints:[] VoterConstraints:[] LeasePreferences:[] RangefeedEnabled:true ExcludeDataFromBackup:false} to:{RangeMinBytes:0 RangeMaxBytes:0 GCPolicy:{TTLSeconds:0 ProtectionPolicies:[] IgnoreStrictEnforcement:false} GlobalReads:false NumReplicas:0 NumVoters:0 Constraints:[] VoterConstraints:[] LeasePreferences:[] RangefeedEnabled:false ExcludeDataFromBackup:false}
I260828 12:03:06.507792 1240 1@jobs/structured_log.go:48  [T1,Vsystem,n1,job=1205364937241427969] 224 ={"Timestamp":1787918586507789866,"EventType":"status_change","JobID":1205364937241427969,"JobType":"MIGRATION","Description":"status changed to: succeeded","PreviousStatus":"running","NewStatus":"succeeded","RunNum":0}
I260828 12:03:06.507729 1212 13@spanconfig/spanconfigstore/store.go:364  [T1,Vsystem,n1,job=AUTO SPAN CONFIG RECONCILIATION id=1205364937180479489] 223  changing the spanconfig for span:/NamespaceTable/{30-Max} from:{RangeMinBytes:134217728 RangeMaxBytes:536870912 GCPolicy:{TTLSeconds:14400 ProtectionPolicies:[] IgnoreStrictEnforcement:true} GlobalReads:false NumReplicas:5 NumVoters:0 Constraints:[] VoterConstraints:[] LeasePreferences:[] RangefeedEnabled:true ExcludeDataFromBackup:false} to:{RangeMinBytes:0 RangeMaxBytes:0 GCPolicy:{TTLSeconds:0 ProtectionPolicies:[] IgnoreStrictEnforcement:false} GlobalReads:false NumReplicas:0 NumVoters:0 Constraints:[] VoterConstraints:[] LeasePreferences:[] RangefeedEnabled:false ExcludeDataFromBackup:false}
I260828 12:03:06.507851 1212 13@spanconfig/spanconfigstore/store.go:364  [T1,Vsystem,n1,job=AUTO SPAN CONFIG RECONCILIATION id=1205364937180479489] 225  changing the spanconfig for span:/{NamespaceTable/Max-Table/32} from:{RangeMinBytes:134217728 RangeMaxBytes:536870912 GCPolicy:{TTLSeconds:14400 ProtectionPolicies:[] IgnoreStrictEnforcement:true} GlobalReads:false NumReplicas:5 NumVoters:0 Constraints:[] VoterConstraints:[] LeasePreferences:[] RangefeedEnabled:true ExcludeDataFromBackup:false} to:{RangeMinBytes:0 RangeMaxBytes:0 GCPolicy:{TTLSeconds:0 ProtectionPolicies:[] IgnoreStrictEnforcement:false} GlobalReads:false NumReplicas:0 NumVoters:0 Constraints:[] VoterConstraints:[] LeasePreferences:[] RangefeedEnabled:false ExcludeDataFromBackup:false}
I260828 12:03:06.507964 1212 13@spanconfig/spanconfigstore/store.go:364  [T1,Vsystem,n1,job=AUTO SPAN CONFIG RECONCILIATION id=1205364937180479489] 226  changing the spanconfig for span:/Table/3{2-3} from:{RangeMinBytes:134217728 RangeMaxBytes:536870912 GCPolicy:{TTLSeconds:14400 ProtectionPolicies:[] IgnoreStrictEnforcement:true} GlobalReads:false NumReplicas:5 NumVoters:0 Constraints:[] VoterConstraints:[] LeasePreferences:[] RangefeedEnabled:true ExcludeDataFromBackup:false} to:{RangeMinBytes:0 RangeMaxBytes:0 GCPolicy:{TTLSeconds:0 ProtectionPolicies:[] IgnoreStrictEnforcement:false} GlobalReads:false NumReplicas:0 NumVoters:0 Constraints:[] VoterConstraints:[] LeasePreferences:[] RangefeedEnabled:false ExcludeDataFromBackup:false}
I260828 12:03:06.508050 1212 13@spanconfig/spanconfigstore/store.go:364  [T1,Vsystem,n1,job=AUTO SPAN CONFIG RECONCILIATION id=1205364937180479489] 227  changing the spanconfig for span:/Table/3{3-4} from:{RangeMinBytes:134217728 RangeMaxBytes:536870912 GCPolicy:{TTLSeconds:14400 ProtectionPolicies:[] IgnoreStrictEnforcement:true} GlobalReads:false NumReplicas:5 NumVoters:0 Constraints:[] VoterConstraints:[] LeasePreferences:[] RangefeedEnabled:true ExcludeDataFromBackup:false} to:{RangeMinBytes:0 RangeMaxBytes:0 GCPolicy:{TTLSeconds:0 ProtectionPolicies:[] IgnoreStrictEnforcement:false} GlobalReads:false NumReplicas:0 NumVoters:0 Constraints:[] VoterConstraints:[] LeasePreferences:[] RangefeedEnabled:false ExcludeDataFromBackup:false}
I260828 12:03:06.508133 1212 13@spanconfig/spanconfigstore/store.go:364  [T1,Vsystem,n1,job=AUTO SPAN CONFIG RECONCILIATION id=1205364937180479489] 228  changing the spanconfig for span:/Table/3{4-5} from:{RangeMinBytes:134217728 RangeMaxBytes:536870912 GCPolicy:{TTLSeconds:14400 ProtectionPolicies:[] IgnoreStrictEnforcement:true} GlobalReads:false NumReplicas:5 NumVoters:0 Constraints:[] VoterConstraints:[] LeasePreferences:[] RangefeedEnabled:true ExcludeDataFromBackup:false} to:{RangeMinBytes:0 RangeMaxBytes:0 GCPolicy:{TTLSeconds:0 ProtectionPolicies:[] IgnoreStrictEnforcement:false} GlobalReads:false NumReplicas:0 NumVoters:0 Constraints:[] VoterConstraints:[] LeasePreferences:[] RangefeedEnabled:false ExcludeDataFromBackup:false}
I260828 12:03:06.508241 1212 13@spanconfig/spanconfigstore/store.go:364  [T1,Vsystem,n1,job=AUTO SPAN CONFIG RECONCILIATION id=1205364937180479489] 229  changing the spanconfig for span:/Table/3{5-6} from:{RangeMinBytes:134217728 RangeMaxBytes:536870912 GCPolicy:{TTLSeconds:14400 ProtectionPolicies:[] IgnoreStrictEnforcement:true} GlobalReads:false NumReplicas:5 NumVoters:0 Constraints:[] VoterConstraints:[] LeasePreferences:[] RangefeedEnabled:true ExcludeDataFromBackup:false} to:{RangeMinBytes:0 RangeMaxBytes:0 GCPolicy:{TTLSeconds:0 ProtectionPolicies:[] IgnoreStrictEnforcement:false} GlobalReads:false NumReplicas:0 NumVoters:0 Constraints:[] VoterConstraints:[] LeasePreferences:[] RangefeedEnabled:false ExcludeDataFromBackup:false}
I260828 12:03:06.508343 1212 13@spanconfig/spanconfigstore/store.go:364  [T1,Vsystem,n1,job=AUTO SPAN CONFIG RECONCILIATION id=1205364937180479489] 230  changing the spanconfig for span:/Table/3{6-7} from:{RangeMinBytes:134217728 RangeMaxBytes:536870912 GCPolicy:{TTLSeconds:14400 ProtectionPolicies:[] IgnoreStrictEnforcement:true} GlobalReads:false NumReplicas:5 NumVoters:0 Constraints:[] VoterConstraints:[] LeasePreferences:[] RangefeedEnabled:true ExcludeDataFromBackup:false} to:{RangeMinBytes:0 RangeMaxBytes:0 GCPolicy:{TTLSeconds:0 ProtectionPolicies:[] IgnoreStrictEnforcement:false} GlobalReads:false NumReplicas:0 NumVoters:0 Constraints:[] VoterConstraints:[] LeasePreferences:[] RangefeedEnabled:false ExcludeDataFromBackup:false}
I260828 12:03:06.508456 1212 13@spanconfig/spanconfigstore/store.go:364  [T1,Vsystem,n1,job=AUTO SPAN CONFIG RECONCILIATION id=1205364937180479489] 231  changing the spanconfig for span:/Table/3{7-8} from:{RangeMinBytes:134217728 RangeMaxBytes:536870912 GCPolicy:{TTLSeconds:14400 ProtectionPolicies:[] IgnoreStrictEnforcement:true} GlobalReads:false NumReplicas:5 NumVoters:0 Constraints:[] VoterConstraints:[] LeasePreferences:[] RangefeedEnabled:true ExcludeDataFromBackup:false} to:{RangeMinBytes:0 RangeMaxBytes:0 GCPolicy:{TTLSeconds:0 ProtectionPolicies:[] IgnoreStrictEnforcement:false} GlobalReads:false NumReplicas:0 NumVoters:0 Constraints:[] VoterConstraints:[] LeasePreferences:[] RangefeedEnabled:false ExcludeDataFromBackup:false}
I260828 12:03:06.508558 1212 13@spanconfig/spanconfigstore/store.go:364  [T1,Vsystem,n1,job=AUTO SPAN CONFIG RECONCILIATION id=1205364937180479489] 232  changing the spanconfig for span:/Table/{39-40} from:{RangeMinBytes:134217728 RangeMaxBytes:536870912 GCPolicy:{TTLSeconds:14400 ProtectionPolicies:[] IgnoreStrictEnforcement:true} GlobalReads:false NumReplicas:5 NumVoters:0 Constraints:[] VoterConstraints:[] LeasePreferences:[] RangefeedEnabled:true ExcludeDataFromBackup:false} to:{RangeMinBytes:0 RangeMaxBytes:0 GCPolicy:{TTLSeconds:0 ProtectionPolicies:[] IgnoreStrictEnforcement:false} GlobalReads:false NumReplicas:0 NumVoters:0 Constraints:[] VoterConstraints:[] LeasePreferences:[] RangefeedEnabled:false ExcludeDataFromBackup:false}
I260828 12:03:06.508682 1212 13@spanconfig/spanconfigstore/store.go:364  [T1,Vsystem,n1,job=AUTO SPAN CONFIG RECONCILIATION id=1205364937180479489] 233  changing the spanconfig for span:/Table/4{0-1} from:{RangeMinBytes:134217728 RangeMaxBytes:536870912 GCPolicy:{TTLSeconds:14400 ProtectionPolicies:[] IgnoreStrictEnforcement:true} GlobalReads:false NumReplicas:5 NumVoters:0 Constraints:[] VoterConstraints:[] LeasePreferences:[] RangefeedEnabled:true ExcludeDataFromBackup:false} to:{RangeMinBytes:0 RangeMaxBytes:0 GCPolicy:{TTLSeconds:0 ProtectionPolicies:[] IgnoreStrictEnforcement:false} GlobalReads:false NumReplicas:0 NumVoters:0 Constraints:[] VoterConstraints:[] LeasePreferences:[] RangefeedEnabled:false ExcludeDataFromBackup:false}
I260828 12:03:06.508848 1212 13@spanconfig/spanconfigstore/store.go:364  [T1,Vsystem,n1,job=AUTO SPAN CONFIG RECONCILIATION id=1205364937180479489] 234  changing the spanconfig for span:/Table/4{1-2} from:{RangeMinBytes:134217728 RangeMaxBytes:536870912 GCPolicy:{TTLSeconds:14400 ProtectionPolicies:[] IgnoreStrictEnforcement:true} GlobalReads:false NumReplicas:5 NumVoters:0 Constraints:[] VoterConstraints:[] LeasePreferences:[] RangefeedEnabled:true ExcludeDataFromBackup:false} to:{RangeMinBytes:0 RangeMaxBytes:0 GCPolicy:{TTLSeconds:0 ProtectionPolicies:[] IgnoreStrictEnforcement:false} GlobalReads:false NumReplicas:0 NumVoters:0 Constraints:[] VoterConstraints:[] LeasePreferences:[] RangefeedEnabled:false ExcludeDataFromBackup:false}
I260828 12:03:06.508980 1212 13@spanconfig/spanconfigstore/store.go:364  [T1,Vsystem,n1,job=AUTO SPAN CONFIG RECONCILIATION id=1205364937180479489] 235  changing the spanconfig for span:/Table/4{2-3} from:{RangeMinBytes:134217728 RangeMaxBytes:536870912 GCPolicy:{TTLSeconds:14400 ProtectionPolicies:[] IgnoreStrictEnforcement:true} GlobalReads:false NumReplicas:5 NumVoters:0 Constraints:[] VoterConstraints:[] LeasePreferences:[] RangefeedEnabled:true ExcludeDataFromBackup:false} to:{RangeMinBytes:0 RangeMaxBytes:0 GCPolicy:{TTLSeconds:0 ProtectionPolicies:[] IgnoreStrictEnforcement:false} GlobalReads:false NumReplicas:0 NumVoters:0 Constraints:[] VoterConstraints:[] LeasePreferences:[] RangefeedEnabled:false ExcludeDataFromBackup:false}
I260828 12:03:06.509142 1212 13@spanconfig/spanconfigstore/store.go:364  [T1,Vsystem,n1,job=AUTO SPAN CONFIG RECONCILIATION id=1205364937180479489] 236  changing the spanconfig for span:/Table/4{3-4} from:{RangeMinBytes:134217728 RangeMaxBytes:536870912 GCPolicy:{TTLSeconds:14400 ProtectionPolicies:[] IgnoreStrictEnforcement:true} GlobalReads:false NumReplicas:5 NumVoters:0 Constraints:[] VoterConstraints:[] LeasePreferences:[] RangefeedEnabled:true ExcludeDataFromBackup:false} to:{RangeMinBytes:0 RangeMaxBytes:0 GCPolicy:{TTLSeconds:0 ProtectionPolicies:[] IgnoreStrictEnforcement:false} GlobalReads:false NumReplicas:0 NumVoters:0 Constraints:[] VoterConstraints:[] LeasePreferences:[] RangefeedEnabled:false ExcludeDataFromBackup:false}
I260828 12:03:06.509273 1212 13@spanconfig/spanconfigstore/store.go:364  [T1,Vsystem,n1,job=AUTO SPAN CONFIG RECONCILIATION id=1205364937180479489] 237  changing the spanconfig for span:/Table/4{4-5} from:{RangeMinBytes:134217728 RangeMaxBytes:536870912 GCPolicy:{TTLSeconds:14400 ProtectionPolicies:[] IgnoreStrictEnforcement:true} GlobalReads:false NumReplicas:5 NumVoters:0 Constraints:[] VoterConstraints:[] LeasePreferences:[] RangefeedEnabled:true ExcludeDataFromBackup:false} to:{RangeMinBytes:0 RangeMaxBytes:0 GCPolicy:{TTLSeconds:0 ProtectionPolicies:[] IgnoreStrictEnforcement:false} GlobalReads:false NumReplicas:0 NumVoters:0 Constraints:[] VoterConstraints:[] LeasePreferences:[] RangefeedEnabled:false ExcludeDataFromBackup:false}
I260828 12:03:06.509406 1212 13@spanconfig/spanconfigstore/store.go:364  [T1,Vsystem,n1,job=AUTO SPAN CONFIG RECONCILIATION id=1205364937180479489] 238  changing the spanconfig for span:/Table/4{5-6} from:{RangeMinBytes:134217728 RangeMaxBytes:536870912 GCPolicy:{TTLSeconds:7200 ProtectionPolicies:[] IgnoreStrictEnforcement:true} GlobalReads:false NumReplicas:5 NumVoters:0 Constraints:[] VoterConstraints:[] LeasePreferences:[] RangefeedEnabled:true ExcludeDataFromBackup:true} to:{RangeMinBytes:0 RangeMaxBytes:0 GCPolicy:{TTLSeconds:0 ProtectionPolicies:[] IgnoreStrictEnforcement:false} GlobalReads:false NumReplicas:0 NumVoters:0 Constraints:[] VoterConstraints:[] LeasePreferences:[] RangefeedEnabled:false ExcludeDataFromBackup:false}
I260828 12:03:06.509567 1212 13@spanconfig/spanconfigstore/store.go:364  [T1,Vsystem,n1,job=AUTO SPAN CONFIG RECONCILIATION id=1205364937180479489] 239  changing the spanconfig for span:/Table/4{6-7} from:{RangeMinBytes:134217728 RangeMaxBytes:536870912 GCPolicy:{TTLSeconds:14400 ProtectionPolicies:[] IgnoreStrictEnforcement:true} GlobalReads:false NumReplicas:5 NumVoters:0 Constraints:[] VoterConstraints:[] LeasePreferences:[] RangefeedEnabled:true ExcludeDataFromBackup:false} to:{RangeMinBytes:0 RangeMaxBytes:0 GCPolicy:{TTLSeconds:0 ProtectionPolicies:[] IgnoreStrictEnforcement:false} GlobalReads:false NumReplicas:0 NumVoters:0 Constraints:[] VoterConstraints:[] LeasePreferences:[] RangefeedEnabled:false ExcludeDataFromBackup:false}
I260828 12:03:06.509692 1212 13@spanconfig/spanconfigstore/store.go:364  [T1,Vsystem,n1,job=AUTO SPAN CONFIG RECONCILIATION id=1205364937180479489] 240  changing the spanconfig for span:/Table/4{7-8} from:{RangeMinBytes:134217728 RangeMaxBytes:536870912 GCPolicy:{TTLSeconds:14400 ProtectionPolicies:[] IgnoreStrictEnforcement:true} GlobalReads:false NumReplicas:5 NumVoters:0 Constraints:[] VoterConstraints:[] LeasePreferences:[] RangefeedEnabled:true ExcludeDataFromBackup:true} to:{RangeMinBytes:0 RangeMaxBytes:0 GCPolicy:{TTLSeconds:0 ProtectionPolicies:[] IgnoreStrictEnforcement:false} GlobalReads:false NumReplicas:0 NumVoters:0 Constraints:[] VoterConstraints:[] LeasePreferences:[] RangefeedEnabled:false ExcludeDataFromBackup:false}
I260828 12:03:06.509836 1212 13@spanconfig/spanconfigstore/store.go:364  [T1,Vsystem,n1,job=AUTO SPAN CONFIG RECONCILIATION id=1205364937180479489] 241  changing the spanconfig for span:/Table/4{8-9} from:{RangeMinBytes:134217728 RangeMaxBytes:536870912 GCPolicy:{TTLSeconds:14400 ProtectionPolicies:[] IgnoreStrictEnforcement:true} GlobalReads:false NumReplicas:5 NumVoters:0 Constraints:[] VoterConstraints:[] LeasePreferences:[] RangefeedEnabled:true ExcludeDataFromBackup:false} to:{RangeMinBytes:0 RangeMaxBytes:0 GCPolicy:{TTLSeconds:0 ProtectionPolicies:[] IgnoreStrictEnforcement:false} GlobalReads:false NumReplicas:0 NumVoters:0 Constraints:[] VoterConstraints:[] LeasePreferences:[] RangefeedEnabled:false ExcludeDataFromBackup:false}
I260828 12:03:06.509983 1212 13@spanconfig/spanconfigstore/store.go:364  [T1,Vsystem,n1,job=AUTO SPAN CONFIG RECONCILIATION id=1205364937180479489] 242  changing the spanconfig for span:/Table/5{0-1} from:{RangeMinBytes:134217728 RangeMaxBytes:536870912 GCPolicy:{TTLSeconds:14400 ProtectionPolicies:[] IgnoreStrictEnforcement:true} GlobalReads:false NumReplicas:5 NumVoters:0 Constraints:[] VoterConstraints:[] LeasePreferences:[] RangefeedEnabled:true ExcludeDataFromBackup:false} to:{RangeMinBytes:0 RangeMaxBytes:0 GCPolicy:{TTLSeconds:0 ProtectionPolicies:[] IgnoreStrictEnforcement:false} GlobalReads:false NumReplicas:0 NumVoters:0 Constraints:[] VoterConstraints:[] LeasePreferences:[] RangefeedEnabled:false ExcludeDataFromBackup:false}
I260828 12:03:06.510114 1212 13@spanconfig/spanconfigstore/store.go:364  [T1,Vsystem,n1,job=AUTO SPAN CONFIG RECONCILIATION id=1205364937180479489] 243  changing the spanconfig for span:/Table/5{1-2} from:{RangeMinBytes:134217728 RangeMaxBytes:536870912 GCPolicy:{TTLSeconds:14400 ProtectionPolicies:[] IgnoreStrictEnforcement:true} GlobalReads:false NumReplicas:5 NumVoters:0 Constraints:[] VoterConstraints:[] LeasePreferences:[] RangefeedEnabled:true ExcludeDataFromBackup:false} to:{RangeMinBytes:0 RangeMaxBytes:0 GCPolicy:{TTLSeconds:0 ProtectionPolicies:[] IgnoreStrictEnforcement:false} GlobalReads:false NumReplicas:0 NumVoters:0 Constraints:[] VoterConstraints:[] LeasePreferences:[] RangefeedEnabled:false ExcludeDataFromBackup:false}
I260828 12:03:06.510261 1212 13@spanconfig/spanconfigstore/store.go:364  [T1,Vsystem,n1,job=AUTO SPAN CONFIG RECONCILIATION id=1205364937180479489] 244  changing the spanconfig for span:/Table/5{2-3} from:{RangeMinBytes:134217728 RangeMaxBytes:536870912 GCPolicy:{TTLSeconds:14400 ProtectionPolicies:[] IgnoreStrictEnforcement:true} GlobalReads:false NumReplicas:5 NumVoters:0 Constraints:[] VoterConstraints:[] LeasePreferences:[] RangefeedEnabled:true ExcludeDataFromBackup:false} to:{RangeMinBytes:0 RangeMaxBytes:0 GCPolicy:{TTLSeconds:0 ProtectionPolicies:[] IgnoreStrictEnforcement:false} GlobalReads:false NumReplicas:0 NumVoters:0 Constraints:[] VoterConstraints:[] LeasePreferences:[] RangefeedEnabled:false ExcludeDataFromBackup:false}
I260828 12:03:06.510387 1212 13@spanconfig/spanconfigstore/store.go:364  [T1,Vsystem,n1,job=AUTO SPAN CONFIG RECONCILIATION id=1205364937180479489] 245  changing the spanconfig for span:/Table/5{3-4} from:{RangeMinBytes:134217728 RangeMaxBytes:536870912 GCPolicy:{TTLSeconds:14400 ProtectionPolicies:[] IgnoreStrictEnforcement:true} GlobalReads:false NumReplicas:5 NumVoters:0 Constraints:[] VoterConstraints:[] LeasePreferences:[] RangefeedEnabled:true ExcludeDataFromBackup:false} to:{RangeMinBytes:0 RangeMaxBytes:0 GCPolicy:{TTLSeconds:0 ProtectionPolicies:[] IgnoreStrictEnforcement:false} GlobalReads:false NumReplicas:0 NumVoters:0 Constraints:[] VoterConstraints:[] LeasePreferences:[] RangefeedEnabled:false ExcludeDataFromBackup:false}
I260828 12:03:06.510546 1212 13@spanconfig/spanconfigstore/store.go:364  [T1,Vsystem,n1,job=AUTO SPAN CONFIG RECONCILIATION id=1205364937180479489] 246  changing the spanconfig for span:/Table/5{4-5} from:{RangeMinBytes:134217728 RangeMaxBytes:536870912 GCPolicy:{TTLSeconds:14400 ProtectionPolicies:[] IgnoreStrictEnforcement:true} GlobalReads:false NumReplicas:5 NumVoters:0 Constraints:[] VoterConstraints:[] LeasePreferences:[] RangefeedEnabled:true ExcludeDataFromBackup:false} to:{RangeMinBytes:0 RangeMaxBytes:0 GCPolicy:{TTLSeconds:0 ProtectionPolicies:[] IgnoreStrictEnforcement:false} GlobalReads:false NumReplicas:0 NumVoters:0 Constraints:[] VoterConstraints:[] LeasePreferences:[] RangefeedEnabled:false ExcludeDataFromBackup:false}
I260828 12:03:06.510704 1212 13@spanconfig/spanconfigstore/store.go:364  [T1,Vsystem,n1,job=AUTO SPAN CONFIG RECONCILIATION id=1205364937180479489] 247  changing the spanconfig for span:/Table/5{5-6} from:{RangeMinBytes:134217728 RangeMaxBytes:536870912 GCPolicy:{TTLSeconds:14400 ProtectionPolicies:[] IgnoreStrictEnforcement:true} GlobalReads:false NumReplicas:5 NumVoters:0 Constraints:[] VoterConstraints:[] LeasePreferences:[] RangefeedEnabled:true ExcludeDataFromBackup:false} to:{RangeMinBytes:0 RangeMaxBytes:0 GCPolicy:{TTLSeconds:0 ProtectionPolicies:[] IgnoreStrictEnforcement:false} GlobalReads:false NumReplicas:0 NumVoters:0 Constraints:[] VoterConstraints:[] LeasePreferences:[] RangefeedEnabled:false ExcludeDataFromBackup:false}
I260828 12:03:06.510864 1212 13@spanconfig/spanconfigstore/store.go:364  [T1,Vsystem,n1,job=AUTO SPAN CONFIG RECONCILIATION id=1205364937180479489] 248  changing the spanconfig for span:/Table/5{6-7} from:{RangeMinBytes:134217728 RangeMaxBytes:536870912 GCPolicy:{TTLSeconds:14400 ProtectionPolicies:[] IgnoreStrictEnforcement:true} GlobalReads:false NumReplicas:5 NumVoters:0 Constraints:[] VoterConstraints:[] LeasePreferences:[] RangefeedEnabled:true ExcludeDataFromBackup:false} to:{RangeMinBytes:0 RangeMaxBytes:0 GCPolicy:{TTLSeconds:0 ProtectionPolicies:[] IgnoreStrictEnforcement:false} GlobalReads:false NumReplicas:0 NumVoters:0 Constraints:[] VoterConstraints:[] LeasePreferences:[] RangefeedEnabled:false ExcludeDataFromBackup:false}
I260828 12:03:06.510991 1212 13@spanconfig/spanconfigstore/store.go:364  [T1,Vsystem,n1,job=AUTO SPAN CONFIG RECONCILIATION id=1205364937180479489] 249  changing the spanconfig for span:/Table/5{7-8} from:{RangeMinBytes:134217728 RangeMaxBytes:536870912 GCPolicy:{TTLSeconds:14400 ProtectionPolicies:[] IgnoreStrictEnforcement:true} GlobalReads:false NumReplicas:5 NumVoters:0 Constraints:[] VoterConstraints:[] LeasePreferences:[] RangefeedEnabled:true ExcludeDataFromBackup:false} to:{RangeMinBytes:0 RangeMaxBytes:0 GCPolicy:{TTLSeconds:0 ProtectionPolicies:[] IgnoreStrictEnforcement:false} GlobalReads:false NumReplicas:0 NumVoters:0 Constraints:[] VoterConstraints:[] LeasePreferences:[] RangefeedEnabled:false ExcludeDataFromBackup:false}
I260828 12:03:06.511116 1212 13@spanconfig/spanconfigstore/store.go:364  [T1,Vsystem,n1,job=AUTO SPAN CONFIG RECONCILIATION id=1205364937180479489] 250  changing the spanconfig for span:/Table/5{8-9} from:{RangeMinBytes:134217728 RangeMaxBytes:536870912 GCPolicy:{TTLSeconds:14400 ProtectionPolicies:[] IgnoreStrictEnforcement:true} GlobalReads:false NumReplicas:5 NumVoters:0 Constraints:[] VoterConstraints:[] LeasePreferences:[] RangefeedEnabled:true ExcludeDataFromBackup:false} to:{RangeMinBytes:0 RangeMaxBytes:0 GCPolicy:{TTLSeconds:0 ProtectionPolicies:[] IgnoreStrictEnforcement:false} GlobalReads:false NumReplicas:0 NumVoters:0 Constraints:[] VoterConstraints:[] LeasePreferences:[] RangefeedEnabled:false ExcludeDataFromBackup:false}
I260828 12:03:06.511255 1212 13@spanconfig/spanconfigstore/store.go:364  [T1,Vsystem,n1,job=AUTO SPAN CONFIG RECONCILIATION id=1205364937180479489] 251  changing the spanconfig for span:/Table/{59-60} from:{RangeMinBytes:134217728 RangeMaxBytes:536870912 GCPolicy:{TTLSeconds:14400 ProtectionPolicies:[] IgnoreStrictEnforcement:true} GlobalReads:false NumReplicas:5 NumVoters:0 Constraints:[] VoterConstraints:[] LeasePreferences:[] RangefeedEnabled:true ExcludeDataFromBackup:false} to:{RangeMinBytes:0 RangeMaxBytes:0 GCPolicy:{TTLSeconds:0 ProtectionPolicies:[] IgnoreStrictEnforcement:false} GlobalReads:false NumReplicas:0 NumVoters:0 Constraints:[] VoterConstraints:[] LeasePreferences:[] RangefeedEnabled:false ExcludeDataFromBackup:false}
I260828 12:03:06.511386 1212 13@spanconfig/spanconfigstore/store.go:364  [T1,Vsystem,n1,job=AUTO SPAN CONFIG RECONCILIATION id=1205364937180479489] 252  changing the spanconfig for span:/Table/6{0-1} from:{RangeMinBytes:134217728 RangeMaxBytes:536870912 GCPolicy:{TTLSeconds:14400 ProtectionPolicies:[] IgnoreStrictEnforcement:true} GlobalReads:false NumReplicas:5 NumVoters:0 Constraints:[] VoterConstraints:[] LeasePreferences:[] RangefeedEnabled:true ExcludeDataFromBackup:false} to:{RangeMinBytes:0 RangeMaxBytes:0 GCPolicy:{TTLSeconds:0 ProtectionPolicies:[] IgnoreStrictEnforcement:false} GlobalReads:false NumReplicas:0 NumVoters:0 Constraints:[] VoterConstraints:[] LeasePreferences:[] RangefeedEnabled:false ExcludeDataFromBackup:false}
I260828 12:03:06.511522 1212 13@spanconfig/spanconfigstore/store.go:364  [T1,Vsystem,n1,job=AUTO SPAN CONFIG RECONCILIATION id=1205364937180479489] 253  changing the spanconfig for span:/Table/6{1-2} from:{RangeMinBytes:134217728 RangeMaxBytes:536870912 GCPolicy:{TTLSeconds:14400 ProtectionPolicies:[] IgnoreStrictEnforcement:true} GlobalReads:false NumReplicas:5 NumVoters:0 Constraints:[] VoterConstraints:[] LeasePreferences:[] RangefeedEnabled:true ExcludeDataFromBackup:false} to:{RangeMinBytes:0 RangeMaxBytes:0 GCPolicy:{TTLSeconds:0 ProtectionPolicies:[] IgnoreStrictEnforcement:false} GlobalReads:false NumReplicas:0 NumVoters:0 Constraints:[] VoterConstraints:[] LeasePreferences:[] RangefeedEnabled:false ExcludeDataFromBackup:false}
I260828 12:03:06.511652 1212 13@spanconfig/spanconfigstore/store.go:364  [T1,Vsystem,n1,job=AUTO SPAN CONFIG RECONCILIATION id=1205364937180479489] 254  changing the spanconfig for span:/Table/6{2-3} from:{RangeMinBytes:134217728 RangeMaxBytes:536870912 GCPolicy:{TTLSeconds:14400 ProtectionPolicies:[] IgnoreStrictEnforcement:true} GlobalReads:false NumReplicas:5 NumVoters:0 Constraints:[] VoterConstraints:[] LeasePreferences:[] RangefeedEnabled:true ExcludeDataFromBackup:false} to:{RangeMinBytes:0 RangeMaxBytes:0 GCPolicy:{TTLSeconds:0 ProtectionPolicies:[] IgnoreStrictEnforcement:false} GlobalReads:false NumReplicas:0 NumVoters:0 Constraints:[] VoterConstraints:[] LeasePreferences:[] RangefeedEnabled:false ExcludeDataFromBackup:false}
I260828 12:03:06.511778 1212 13@spanconfig/spanconfigstore/store.go:364  [T1,Vsystem,n1,job=AUTO SPAN CONFIG RECONCILIATION id=1205364937180479489] 255  changing the spanconfig for span:/Table/6{3-4} from:{RangeMinBytes:134217728 RangeMaxBytes:536870912 GCPolicy:{TTLSeconds:14400 ProtectionPolicies:[] IgnoreStrictEnforcement:true} GlobalReads:false NumReplicas:5 NumVoters:0 Constraints:[] VoterConstraints:[] LeasePreferences:[] RangefeedEnabled:true ExcludeDataFromBackup:false} to:{RangeMinBytes:0 RangeMaxBytes:0 GCPolicy:{TTLSeconds:0 ProtectionPolicies:[] IgnoreStrictEnforcement:false} GlobalReads:false NumReplicas:0 NumVoters:0 Constraints:[] VoterConstraints:[] LeasePreferences:[] RangefeedEnabled:false ExcludeDataFromBackup:false}
I260828 12:03:06.511923 1212 13@spanconfig/spanconfigstore/store.go:364  [T1,Vsystem,n1,job=AUTO SPAN CONFIG RECONCILIATION id=1205364937180479489] 256  changing the spanconfig for span:/Table/6{4-5} from:{RangeMinBytes:134217728 RangeMaxBytes:536870912 GCPolicy:{TTLSeconds:14400 ProtectionPolicies:[] IgnoreStrictEnforcement:true} GlobalReads:false NumReplicas:5 NumVoters:0 Constraints:[] VoterConstraints:[] LeasePreferences:[] RangefeedEnabled:true ExcludeDataFromBackup:false} to:{RangeMinBytes:0 RangeMaxBytes:0 GCPolicy:{TTLSeconds:0 ProtectionPolicies:[] IgnoreStrictEnforcement:false} GlobalReads:false NumReplicas:0 NumVoters:0 Constraints:[] VoterConstraints:[] LeasePreferences:[] RangefeedEnabled:false ExcludeDataFromBackup:false}
I260828 12:03:06.512064 1212 13@spanconfig/spanconfigstore/store.go:364  [T1,Vsystem,n1,job=AUTO SPAN CONFIG RECONCILIATION id=1205364937180479489] 257  changing the spanconfig for span:/Table/6{5-6} from:{RangeMinBytes:134217728 RangeMaxBytes:536870912 GCPolicy:{TTLSeconds:14400 ProtectionPolicies:[] IgnoreStrictEnforcement:true} GlobalReads:false NumReplicas:5 NumVoters:0 Constraints:[] VoterConstraints:[] LeasePreferences:[] RangefeedEnabled:true ExcludeDataFromBackup:false} to:{RangeMinBytes:0 RangeMaxBytes:0 GCPolicy:{TTLSeconds:0 ProtectionPolicies:[] IgnoreStrictEnforcement:false} GlobalReads:false NumReplicas:0 NumVoters:0 Constraints:[] VoterConstraints:[] LeasePreferences:[] RangefeedEnabled:false ExcludeDataFromBackup:false}
I260828 12:03:06.512200 1212 13@spanconfig/spanconfigstore/store.go:364  [T1,Vsystem,n1,job=AUTO SPAN CONFIG RECONCILIATION id=1205364937180479489] 258  changing the spanconfig for span:/Table/6{6-7} from:{RangeMinBytes:134217728 RangeMaxBytes:536870912 GCPolicy:{TTLSeconds:14400 ProtectionPolicies:[] IgnoreStrictEnforcement:true} GlobalReads:false NumReplicas:5 NumVoters:0 Constraints:[] VoterConstraints:[] LeasePreferences:[] RangefeedEnabled:true ExcludeDataFromBackup:false} to:{RangeMinBytes:0 RangeMaxBytes:0 GCPolicy:{TTLSeconds:0 ProtectionPolicies:[] IgnoreStrictEnforcement:false} GlobalReads:false NumReplicas:0 NumVoters:0 Constraints:[] VoterConstraints:[] LeasePreferences:[] RangefeedEnabled:false ExcludeDataFromBackup:false}
I260828 12:03:06.512326 1212 13@spanconfig/spanconfigstore/store.go:364  [T1,Vsystem,n1,job=AUTO SPAN CONFIG RECONCILIATION id=1205364937180479489] 259  changing the spanconfig for span:/Table/6{7-8} from:{RangeMinBytes:134217728 RangeMaxBytes:536870912 GCPolicy:{TTLSeconds:14400 ProtectionPolicies:[] IgnoreStrictEnforcement:true} GlobalReads:false NumReplicas:5 NumVoters:0 Constraints:[] VoterConstraints:[] LeasePreferences:[] RangefeedEnabled:true ExcludeDataFromBackup:false} to:{RangeMinBytes:0 RangeMaxBytes:0 GCPolicy:{TTLSeconds:0 ProtectionPolicies:[] IgnoreStrictEnforcement:false} GlobalReads:false NumReplicas:0 NumVoters:0 Constraints:[] VoterConstraints:[] LeasePreferences:[] RangefeedEnabled:false ExcludeDataFromBackup:false}
I260828 12:03:06.512479 1212 13@spanconfig/spanconfigstore/store.go:364  [T1,Vsystem,n1,job=AUTO SPAN CONFIG RECONCILIATION id=1205364937180479489] 260  changing the spanconfig for span:/Table/6{8-9} from:{RangeMinBytes:134217728 RangeMaxBytes:536870912 GCPolicy:{TTLSeconds:14400 ProtectionPolicies:[] IgnoreStrictEnforcement:true} GlobalReads:false NumReplicas:5 NumVoters:0 Constraints:[] VoterConstraints:[] LeasePreferences:[] RangefeedEnabled:true ExcludeDataFromBackup:false} to:{RangeMinBytes:0 RangeMaxBytes:0 GCPolicy:{TTLSeconds:0 ProtectionPolicies:[] IgnoreStrictEnforcement:false} GlobalReads:false NumReplicas:0 NumVoters:0 Constraints:[] VoterConstraints:[] LeasePreferences:[] RangefeedEnabled:false ExcludeDataFromBackup:false}
I260828 12:03:06.512618 1212 13@spanconfig/spanconfigstore/store.go:364  [T1,Vsystem,n1,job=AUTO SPAN CONFIG RECONCILIATION id=1205364937180479489] 261  changing the spanconfig for span:/Table/{69-70} from:{RangeMinBytes:134217728 RangeMaxBytes:536870912 GCPolicy:{TTLSeconds:14400 ProtectionPolicies:[] IgnoreStrictEnforcement:true} GlobalReads:false NumReplicas:5 NumVoters:0 Constraints:[] VoterConstraints:[] LeasePreferences:[] RangefeedEnabled:true ExcludeDataFromBackup:false} to:{RangeMinBytes:0 RangeMaxBytes:0 GCPolicy:{TTLSeconds:0 ProtectionPolicies:[] IgnoreStrictEnforcement:false} GlobalReads:false NumReplicas:0 NumVoters:0 Constraints:[] VoterConstraints:[] LeasePreferences:[] RangefeedEnabled:false ExcludeDataFromBackup:false}
I260828 12:03:06.512734 1212 13@spanconfig/spanconfigstore/store.go:364  [T1,Vsystem,n1,job=AUTO SPAN CONFIG RECONCILIATION id=1205364937180479489] 262  changing the spanconfig for span:/Table/7{0-1} from:{RangeMinBytes:134217728 RangeMaxBytes:536870912 GCPolicy:{TTLSeconds:14400 ProtectionPolicies:[] IgnoreStrictEnforcement:true} GlobalReads:false NumReplicas:5 NumVoters:0 Constraints:[] VoterConstraints:[] LeasePreferences:[] RangefeedEnabled:true ExcludeDataFromBackup:false} to:{RangeMinBytes:0 RangeMaxBytes:0 GCPolicy:{TTLSeconds:0 ProtectionPolicies:[] IgnoreStrictEnforcement:false} GlobalReads:false NumReplicas:0 NumVoters:0 Constraints:[] VoterConstraints:[] LeasePreferences:[] RangefeedEnabled:false ExcludeDataFromBackup:false}
I260828 12:03:06.512849 1212 13@spanconfig/spanconfigstore/store.go:364  [T1,Vsystem,n1,job=AUTO SPAN CONFIG RECONCILIATION id=1205364937180479489] 263  changing the spanconfig for span:/Table/7{1-2} from:{RangeMinBytes:134217728 RangeMaxBytes:536870912 GCPolicy:{TTLSeconds:14400 ProtectionPolicies:[] IgnoreStrictEnforcement:true} GlobalReads:false NumReplicas:5 NumVoters:0 Constraints:[] VoterConstraints:[] LeasePreferences:[] RangefeedEnabled:true ExcludeDataFromBackup:false} to:{RangeMinBytes:0 RangeMaxBytes:0 GCPolicy:{TTLSeconds:0 ProtectionPolicies:[] IgnoreStrictEnforcement:false} GlobalReads:false NumReplicas:0 NumVoters:0 Constraints:[] VoterConstraints:[] LeasePreferences:[] RangefeedEnabled:false ExcludeDataFromBackup:false}
I260828 12:03:06.512961 1212 13@spanconfig/spanconfigstore/store.go:364  [T1,Vsystem,n1,job=AUTO SPAN CONFIG RECONCILIATION id=1205364937180479489] 264  changing the spanconfig for span:/Table/7{2-3} from:{RangeMinBytes:134217728 RangeMaxBytes:536870912 GCPolicy:{TTLSeconds:14400 ProtectionPolicies:[] IgnoreStrictEnforcement:true} GlobalReads:false NumReplicas:5 NumVoters:0 Constraints:[] VoterConstraints:[] LeasePreferences:[] RangefeedEnabled:true ExcludeDataFromBackup:false} to:{RangeMinBytes:0 RangeMaxBytes:0 GCPolicy:{TTLSeconds:0 ProtectionPolicies:[] IgnoreStrictEnforcement:false} GlobalReads:false NumReplicas:0 NumVoters:0 Constraints:[] VoterConstraints:[] LeasePreferences:[] RangefeedEnabled:false ExcludeDataFromBackup:false}
I260828 12:03:06.513084 1212 13@spanconfig/spanconfigstore/store.go:364  [T1,Vsystem,n1,job=AUTO SPAN CONFIG RECONCILIATION id=1205364937180479489] 265  changing the spanconfig for span:/System/NodeLiveness{-Max} from:{RangeMinBytes:134217728 RangeMaxBytes:536870912 GCPolicy:{TTLSeconds:600 ProtectionPolicies:[] IgnoreStrictEnforcement:false} GlobalReads:false NumReplicas:5 NumVoters:0 Constraints:[] VoterConstraints:[] LeasePreferences:[] RangefeedEnabled:false ExcludeDataFromBackup:false} to:{RangeMinBytes:0 RangeMaxBytes:0 GCPolicy:{TTLSeconds:0 ProtectionPolicies:[] IgnoreStrictEnforcement:false} GlobalReads:false NumReplicas:0 NumVoters:0 Constraints:[] VoterConstraints:[] LeasePreferences:[] RangefeedEnabled:false ExcludeDataFromBackup:false}
I260828 12:03:06.513200 1212 13@spanconfig/spanconfigstore/store.go:364  [T1,Vsystem,n1,job=AUTO SPAN CONFIG RECONCILIATION id=1205364937180479489] 266  changing the spanconfig for span:/{Min-System/NodeLiveness} from:{RangeMinBytes:134217728 RangeMaxBytes:536870912 GCPolicy:{TTLSeconds:3600 ProtectionPolicies:[] IgnoreStrictEnforcement:false} GlobalReads:false NumReplicas:5 NumVoters:0 Constraints:[] VoterConstraints:[] LeasePreferences:[] RangefeedEnabled:false ExcludeDataFromBackup:false} to:{RangeMinBytes:0 RangeMaxBytes:0 GCPolicy:{TTLSeconds:0 ProtectionPolicies:[] IgnoreStrictEnforcement:false} GlobalReads:false NumReplicas:0 NumVoters:0 Constraints:[] VoterConstraints:[] LeasePreferences:[] RangefeedEnabled:false ExcludeDataFromBackup:false}
I260828 12:03:06.513338 1212 13@spanconfig/spanconfigstore/store.go:364  [T1,Vsystem,n1,job=AUTO SPAN CONFIG RECONCILIATION id=1205364937180479489] 267  changing the spanconfig for span:/System/{NodeLivenessMax-tsd} from:{RangeMinBytes:134217728 RangeMaxBytes:536870912 GCPolicy:{TTLSeconds:14400 ProtectionPolicies:[] IgnoreStrictEnforcement:false} GlobalReads:false NumReplicas:5 NumVoters:0 Constraints:[] VoterConstraints:[] LeasePreferences:[] RangefeedEnabled:false ExcludeDataFromBackup:false} to:{RangeMinBytes:0 RangeMaxBytes:0 GCPolicy:{TTLSeconds:0 ProtectionPolicies:[] IgnoreStrictEnforcement:false} GlobalReads:false NumReplicas:0 NumVoters:0 Constraints:[] VoterConstraints:[] LeasePreferences:[] RangefeedEnabled:false ExcludeDataFromBackup:false}
I260828 12:03:06.513488 1212 13@spanconfig/spanconfigstore/store.go:364  [T1,Vsystem,n1,job=AUTO SPAN CONFIG RECONCILIATION id=1205364937180479489] 268  changing the spanconfig for span:/System{tse-/SystemSpanConfigKeys} from:{RangeMinBytes:134217728 RangeMaxBytes:536870912 GCPolicy:{TTLSeconds:14400 ProtectionPolicies:[] IgnoreStrictEnforcement:false} GlobalReads:false NumReplicas:5 NumVoters:0 Constraints:[] VoterConstraints:[] LeasePreferences:[] RangefeedEnabled:false ExcludeDataFromBackup:false} to:{RangeMinBytes:0 RangeMaxBytes:0 GCPolicy:{TTLSeconds:0 ProtectionPolicies:[] IgnoreStrictEnforcement:false} GlobalReads:false NumReplicas:0 NumVoters:0 Constraints:[] VoterConstraints:[] LeasePreferences:[] RangefeedEnabled:false ExcludeDataFromBackup:false}
I260828 12:03:06.513624 1212 13@spanconfig/spanconfigstore/store.go:364  [T1,Vsystem,n1,job=AUTO SPAN CONFIG RECONCILIATION id=1205364937180479489] 269  changing the spanconfig for span:/System{/tsd-tse} from:{RangeMinBytes:134217728 RangeMaxBytes:536870912 GCPolicy:{TTLSeconds:14400 ProtectionPolicies:[] IgnoreStrictEnforcement:false} GlobalReads:false NumReplicas:3 NumVoters:0 Constraints:[] VoterConstraints:[] LeasePreferences:[] RangefeedEnabled:false ExcludeDataFromBackup:false} to:{RangeMinBytes:0 RangeMaxBytes:0 GCPolicy:{TTLSeconds:0 ProtectionPolicies:[] IgnoreStrictEnforcement:false} GlobalReads:false NumReplicas:0 NumVoters:0 Constraints:[] VoterConstraints:[] LeasePreferences:[] RangefeedEnabled:false ExcludeDataFromBackup:false}
I260828 12:03:06.516035 70 jobs/wait.go:148  [T1,Vsystem,n1] 270  waited for 1 [1205364937241427969] queued jobs to complete 91.623215ms
I260828 12:03:06.516083 70 upgrade/upgrademanager/manager.go:245  [T1,Vsystem,n1] 271  running permanent upgrade for version 0.0-upgrading-step-004
I260828 12:03:06.519629 1212 spanconfig/spanconfigsqlwatcher/sqlwatcher.go:241  [T1,Vsystem,n1,job=AUTO SPAN CONFIG RECONCILIATION id=1205364937180479489] 272  established range feed over system.descriptors starting at time 1787918586.456594887,0
I260828 12:03:06.519710 1212 spanconfig/spanconfigsqlwatcher/sqlwatcher.go:300  [T1,Vsystem,n1,job=AUTO SPAN CONFIG RECONCILIATION id=1205364937180479489] 273  established range feed over system.zones starting at time 1787918586.456594887,0
I260828 12:03:06.519785 1212 spanconfig/spanconfigsqlwatcher/sqlwatcher.go:401  [T1,Vsystem,n1,job=AUTO SPAN CONFIG RECONCILIATION id=1205364937180479489] 274  established range feed over system.protected_ts_records starting at time 1787918586.456594887,0
I260828 12:03:06.523536 70 upgrade/upgrademanager/manager.go:723  [T1,Vsystem,n1] 275  running intitialize the cluster
I260828 12:03:06.523653 1471 jobs/adopt.go:224  [T1,Vsystem,n1,job=1205364937575956481] 276  job 1205364937575956481: resuming execution
I260828 12:03:06.530583 1540 jobs/registry.go:1679  [T1,Vsystem,n1,job=1205364937575956481] 277  MIGRATION job 1205364937575956481: stepping through state running
I260828 12:03:06.540579 1540 1@jobs/structured_log.go:48  [T1,Vsystem,n1,job=1205364937575956481] 278 ={"Timestamp":1787918586540577033,"EventType":"status_change","JobID":1205364937575956481,"JobType":"MIGRATION","Description":"status changed to: running","PreviousStatus":"running","NewStatus":"running","RunNum":0}
I260828 12:03:06.542048 1540 upgrade/upgrades/permanent_upgrades.go:77  [T1,Vsystem,n1,job=MIGRATION id=1205364937575956481,upgrade=0.0-upgrading-step-004] 279  executing bootstrap step "add users and roles"
I260828 12:03:06.555945 1540 upgrade/upgrades/permanent_upgrades.go:77  [T1,Vsystem,n1,job=MIGRATION id=1205364937575956481,upgrade=0.0-upgrading-step-004] 280  executing bootstrap step "enable diagnostics reporting"
I260828 12:03:06.558230 1588 1@util/log/event_log.go:39  [T1,Vsystem,n1,job=MIGRATION id=1205364937575956481,upgrade=0.0-upgrading-step-004,intExec=optInToDiagnosticsStatReporting] 281 ={"Timestamp":1787918586556157452,"EventType":"set_cluster_setting","Statement":"SET CLUSTER SETTING \"diagnostics.reporting.enabled\" = true","Tag":"SET CLUSTER SETTING","User":"node","ApplicationName":"$ internal-optInToDiagnosticsStatReporting","SettingName":"diagnostics.reporting.enabled","Value":"true"}
I260828 12:03:06.558332 1540 upgrade/upgrades/permanent_upgrades.go:77  [T1,Vsystem,n1,job=MIGRATION id=1205364937575956481,upgrade=0.0-upgrading-step-004] 282  executing bootstrap step "initialize the cluster.secret setting"
I260828 12:03:06.559992 1540 upgrade/upgrades/permanent_upgrades.go:77  [T1,Vsystem,n1,job=MIGRATION id=1205364937575956481,upgrade=0.0-upgrading-step-004] 283  executing bootstrap step "update system.locations with default location data"
I260828 12:03:06.568928 1540 upgrade/upgrades/permanent_upgrades.go:77  [T1,Vsystem,n1,job=MIGRATION id=1205364937575956481,upgrade=0.0-upgrading-step-004] 284  executing bootstrap step "create default databases"
I260828 12:03:06.572910 1593 sql/schemachanger/scbuild/event_log.go:61  [T1,Vsystem,n1,job=MIGRATION id=1205364937575956481,upgrade=0.0-upgrading-step-004,intExec=create-default-DB] 285  event logging for declarative schema change targets built for CREATE DATABASE
I260828 12:03:06.573102 1593 sql/schemachanger/scplan/plan.go:95  [T1,Vsystem,n1,job=MIGRATION id=1205364937575956481,upgrade=0.0-upgrading-step-004,intExec=create-default-DB] 286  building declarative schema changer plan in StatementPhase (rollback=false) for CREATE DATABASE
I260828 12:03:06.575022 1593 sql/schemachanger/scrun/scrun.go:186  [T1,Vsystem,n1,job=MIGRATION id=1205364937575956481,upgrade=0.0-upgrading-step-004,intExec=create-default-DB] 287  executing declarative schema change StatementPhase stage 1 of 1 with 17 MutationType ops (rollback=false) for CREATE DATABASE
I260828 12:03:06.575365 1593 sql/schemachanger/scplan/plan.go:95  [T1,Vsystem,n1,job=MIGRATION id=1205364937575956481,upgrade=0.0-upgrading-step-004,intExec=create-default-DB] 288  building declarative schema changer plan in PreCommitPhase (rollback=false) for CREATE DATABASE
I260828 12:03:06.576746 1593 sql/schemachanger/scrun/scrun.go:186  [T1,Vsystem,n1,job=MIGRATION id=1205364937575956481,upgrade=0.0-upgrading-step-004,intExec=create-default-DB] 289  executing declarative schema change PreCommitPhase stage 1 of 2 with 1 MutationType op (rollback=false) for CREATE DATABASE
I260828 12:03:06.576807 1593 sql/schemachanger/scrun/scrun.go:186  [T1,Vsystem,n1,job=MIGRATION id=1205364937575956481,upgrade=0.0-upgrading-step-004,intExec=create-default-DB] 290  executing declarative schema change PreCommitPhase stage 2 of 2 with 17 MutationType ops (rollback=false) for CREATE DATABASE
I260828 12:03:06.577726 1593 5@util/log/event_log.go:39  [T1,Vsystem,n1,job=MIGRATION id=1205364937575956481,upgrade=0.0-upgrading-step-004,intExec=create-default-DB] 291 ={"Timestamp":1787918586569249590,"EventType":"create_database","Statement":"CREATE DATABASE IF NOT EXISTS defaultdb OWNER = root","Tag":"CREATE DATABASE","User":"node","DescriptorID":100,"ApplicationName":"$ internal-create-default-DB","DatabaseName":"defaultdb"}
I260828 12:03:06.582995 1634 sql/schemachanger/scbuild/event_log.go:61  [T1,Vsystem,n1,job=MIGRATION id=1205364937575956481,upgrade=0.0-upgrading-step-004,intExec=create-default-DB] 292  event logging for declarative schema change targets built for CREATE DATABASE
I260828 12:03:06.583095 1634 sql/schemachanger/scplan/plan.go:95  [T1,Vsystem,n1,job=MIGRATION id=1205364937575956481,upgrade=0.0-upgrading-step-004,intExec=create-default-DB] 293  building declarative schema changer plan in StatementPhase (rollback=false) for CREATE DATABASE
I260828 12:03:06.584486 1634 sql/schemachanger/scrun/scrun.go:186  [T1,Vsystem,n1,job=MIGRATION id=1205364937575956481,upgrade=0.0-upgrading-step-004,intExec=create-default-DB] 294  executing declarative schema change StatementPhase stage 1 of 1 with 17 MutationType ops (rollback=false) for CREATE DATABASE
I260828 12:03:06.584630 1634 sql/schemachanger/scplan/plan.go:95  [T1,Vsystem,n1,job=MIGRATION id=1205364937575956481,upgrade=0.0-upgrading-step-004,intExec=create-default-DB] 295  building declarative schema changer plan in PreCommitPhase (rollback=false) for CREATE DATABASE
I260828 12:03:06.585956 1634 sql/schemachanger/scrun/scrun.go:186  [T1,Vsystem,n1,job=MIGRATION id=1205364937575956481,upgrade=0.0-upgrading-step-004,intExec=create-default-DB] 296  executing declarative schema change PreCommitPhase stage 1 of 2 with 1 MutationType op (rollback=false) for CREATE DATABASE
I260828 12:03:06.585994 1634 sql/schemachanger/scrun/scrun.go:186  [T1,Vsystem,n1,job=MIGRATION id=1205364937575956481,upgrade=0.0-upgrading-step-004,intExec=create-default-DB] 297  executing declarative schema change PreCommitPhase stage 2 of 2 with 17 MutationType ops (rollback=false) for CREATE DATABASE
I260828 12:03:06.586890 1634 5@util/log/event_log.go:39  [T1,Vsystem,n1,job=MIGRATION id=1205364937575956481,upgrade=0.0-upgrading-step-004,intExec=create-default-DB] 298 ={"Timestamp":1787918586581491429,"EventType":"create_database","Statement":"CREATE DATABASE IF NOT EXISTS postgres OWNER = root","Tag":"CREATE DATABASE","User":"node","DescriptorID":102,"ApplicationName":"$ internal-create-default-DB","DatabaseName":"postgres"}
I260828 12:03:06.587835 1540 upgrade/upgrades/permanent_upgrades.go:77  [T1,Vsystem,n1,job=MIGRATION id=1205364937575956481,upgrade=0.0-upgrading-step-004] 299  executing bootstrap step "create jobs metrics polling job"
I260828 12:03:06.592563 1540 upgrade/upgrades/permanent_upgrades.go:77  [T1,Vsystem,n1,job=MIGRATION id=1205364937575956481,upgrade=0.0-upgrading-step-004] 300  executing bootstrap step "create sql activity updater job"
I260828 12:03:06.597596 1540 upgrade/upgrades/permanent_upgrades.go:77  [T1,Vsystem,n1,job=MIGRATION id=1205364937575956481,upgrade=0.0-upgrading-step-004] 301  executing bootstrap step "create mvcc stats job"
I260828 12:03:06.601893 1540 upgrade/upgrades/permanent_upgrades.go:77  [T1,Vsystem,n1,job=MIGRATION id=1205364937575956481,upgrade=0.0-upgrading-step-004] 302  executing bootstrap step "create update cached table metadata job"
I260828 12:03:06.606634 1540 upgrade/upgrades/permanent_upgrades.go:77  [T1,Vsystem,n1,job=MIGRATION id=1205364937575956481,upgrade=0.0-upgrading-step-004] 303  executing bootstrap step "maybe initialize replication standby read-only catalog"
I260828 12:03:06.608667 1540 jobs/registry.go:1679  [T1,Vsystem,n1,job=1205364937575956481] 304  MIGRATION job 1205364937575956481: stepping through state succeeded
I260828 12:03:06.619271 1540 1@jobs/structured_log.go:48  [T1,Vsystem,n1,job=1205364937575956481] 305 ={"Timestamp":1787918586619268110,"EventType":"status_change","JobID":1205364937575956481,"JobType":"MIGRATION","Description":"status changed to: succeeded","PreviousStatus":"running","NewStatus":"succeeded","RunNum":0}
I260828 12:03:06.627089 70 jobs/wait.go:148  [T1,Vsystem,n1] 306  waited for 1 [1205364937575956481] queued jobs to complete 103.492439ms
I260828 12:03:06.627136 70 server/server_sql.go:1711  [T1,Vsystem,n1] 307  done ensuring all necessary startup migrations have run
I260828 12:03:06.630213 70 server/license/enforcer.go:262  [T1,Vsystem,n1] 308  trial license expiry initialized to 1970-01-01 00:00:00 +0000 UTC
I260828 12:03:06.631155 70 server/license/enforcer.go:293  [T1,Vsystem,n1] 309  generated new cluster init grace period end time: 2026-09-04 12:03:06.24517948 +0000 UTC
I260828 12:03:06.632078 70 server/license/enforcer.go:498  [T1,Vsystem,n1] 310  enforcer license updated: type is none, grace period ends at "2026-09-04 12:03:06 +0000 UTC", telemetry required: false
I260828 12:03:06.632128 70 server/license/enforcer.go:498  [T1,Vsystem,n1] 311  enforcer license updated: type is none, grace period ends at "2026-09-04 12:03:06 +0000 UTC", telemetry required: false
I260828 12:03:06.632649 1757 kv/kvclient/rangefeed/rangefeedcache/watcher.go:340  [T1,Vsystem,n1] 312  tenant-settings-watcher: established range feed cache
I260828 12:03:06.633113 1759 kv/kvclient/rangefeed/rangefeedcache/watcher.go:340  [T1,Vsystem,n1] 313  tenant-entry-watcher: established range feed cache
I260828 12:03:06.633471 1759 multitenant/tenantcapabilities/tenantcapabilitieswatcher/watcher.go:285  [T1,Vsystem,n1] 314  received results of a full table scan for tenant capabilities
I260828 12:03:06.634381 1750 jobs/job_scheduler.go:407  [T1,Vsystem,n1] 315  waiting 2m0s before scheduled jobs daemon start
I260828 12:03:06.637159 1755 server/auto_upgrade.go:81  [T1,Vsystem,n1] 316  no need to upgrade, cluster already at the newest version
I260828 12:03:06.638030 1721 sql/syntheticprivilegecache/cache.go:202  [T1,Vsystem,n1] 317  warmed privileges for virtual tables in 6.445778ms
I260828 12:03:06.639743 70 server/license/enforcer.go:582  [T1,Vsystem,n1] 318  disable all license enforcement
I260828 12:03:06.656126 1832 sql/schemachanger/scbuild/event_log.go:61  [T1,Vsystem,n1,intExec=set-zone] 319  event logging for declarative schema change targets built for CONFIGURE ZONE
I260828 12:03:06.656275 1832 sql/schemachanger/scplan/plan.go:95  [T1,Vsystem,n1,intExec=set-zone] 320  building declarative schema changer plan in StatementPhase (rollback=false) for CONFIGURE ZONE
I260828 12:03:06.657108 1832 sql/schemachanger/scrun/scrun.go:186  [T1,Vsystem,n1,intExec=set-zone] 321  executing declarative schema change StatementPhase stage 1 of 1 with 1 MutationType op (rollback=false) for CONFIGURE ZONE
I260828 12:03:06.657296 1832 sql/schemachanger/scplan/plan.go:95  [T1,Vsystem,n1,intExec=set-zone] 322  building declarative schema changer plan in PreCommitPhase (rollback=false) for CONFIGURE ZONE
I260828 12:03:06.657925 1832 sql/schemachanger/scrun/scrun.go:186  [T1,Vsystem,n1,intExec=set-zone] 323  executing declarative schema change PreCommitPhase stage 1 of 2 with 1 MutationType op (rollback=false) for CONFIGURE ZONE
I260828 12:03:06.657967 1832 sql/schemachanger/scrun/scrun.go:186  [T1,Vsystem,n1,intExec=set-zone] 324  executing declarative schema change PreCommitPhase stage 2 of 2 with 1 MutationType op (rollback=false) for CONFIGURE ZONE
I260828 12:03:06.658733 1832 1@util/log/event_log.go:39  [T1,Vsystem,n1,intExec=set-zone] 325 ={"Timestamp":1787918586655200506,"EventType":"set_zone_config","Statement":"ALTER RANGE default CONFIGURE ZONE USING num_replicas = 1","Tag":"CONFIGURE ZONE","User":"node","ApplicationName":"$ internal-set-zone","Target":"RANGE default","Options":["num_replicas = 1"],"ResolvedOldConfig":"range_min_bytes:134217728 range_max_bytes:536870912 gc:<ttl_seconds:14400 > num_replicas:3 inherited_constraints:false null_voter_constraints_is_empty:true inherited_lease_preferences:false "}
I260828 12:03:06.660591 1858 sql/schemachanger/scbuild/event_log.go:61  [T1,Vsystem,n1,intExec=set-zone] 326  event logging for declarative schema change targets built for CONFIGURE ZONE
I260828 12:03:06.661001 1858 sql/schemachanger/scplan/plan.go:95  [T1,Vsystem,n1,intExec=set-zone] 327  building declarative schema changer plan in StatementPhase (rollback=false) for CONFIGURE ZONE
I260828 12:03:06.661496 1858 sql/schemachanger/scrun/scrun.go:186  [T1,Vsystem,n1,intExec=set-zone] 328  executing declarative schema change StatementPhase stage 1 of 1 with 1 MutationType op (rollback=false) for CONFIGURE ZONE
I260828 12:03:06.661733 1858 sql/schemachanger/scplan/plan.go:95  [T1,Vsystem,n1,intExec=set-zone] 329  building declarative schema changer plan in PreCommitPhase (rollback=false) for CONFIGURE ZONE
I260828 12:03:06.662120 1858 sql/schemachanger/scrun/scrun.go:186  [T1,Vsystem,n1,intExec=set-zone] 330  executing declarative schema change PreCommitPhase stage 1 of 2 with 1 MutationType op (rollback=false) for CONFIGURE ZONE
I260828 12:03:06.662202 1858 sql/schemachanger/scrun/scrun.go:186  [T1,Vsystem,n1,intExec=set-zone] 331  executing declarative schema change PreCommitPhase stage 2 of 2 with 1 MutationType op (rollback=false) for CONFIGURE ZONE
I260828 12:03:06.662874 1858 1@util/log/event_log.go:39  [T1,Vsystem,n1,intExec=set-zone] 332 ={"Timestamp":1787918586659041276,"EventType":"set_zone_config","Statement":"ALTER DATABASE system CONFIGURE ZONE USING num_replicas = 1","Tag":"CONFIGURE ZONE","User":"node","DescriptorID":1,"ApplicationName":"$ internal-set-zone","Target":"DATABASE system","Options":["num_replicas = 1"],"ResolvedOldConfig":"range_min_bytes:134217728 range_max_bytes:536870912 gc:<ttl_seconds:14400 > num_replicas:5 inherited_constraints:false null_voter_constraints_is_empty:true inherited_lease_preferences:false "}
I260828 12:03:06.666040 1857 1@util/log/event_log.go:39  [T1,Vsystem,n1,intExec=set-zone] 333 ={"Timestamp":1787918586663141398,"EventType":"set_zone_config","Statement":"ALTER TABLE system.public.lease CONFIGURE ZONE USING num_replicas = 1","Tag":"CONFIGURE ZONE","User":"node","DescriptorID":11,"ApplicationName":"$ internal-set-zone","Target":"TABLE system.public.lease","Options":["num_replicas = 1"],"ResolvedOldConfig":"range_min_bytes:134217728 range_max_bytes:536870912 gc:<ttl_seconds:600 > num_replicas:1 inherited_constraints:false null_voter_constraints_is_empty:true inherited_lease_preferences:false "}
I260828 12:03:06.667632 1891 sql/schemachanger/scbuild/event_log.go:61  [T1,Vsystem,n1,intExec=set-zone] 334  event logging for declarative schema change targets built for CONFIGURE ZONE
I260828 12:03:06.668120 1891 sql/schemachanger/scplan/plan.go:95  [T1,Vsystem,n1,intExec=set-zone] 335  building declarative schema changer plan in StatementPhase (rollback=false) for CONFIGURE ZONE
I260828 12:03:06.668789 1891 sql/schemachanger/scrun/scrun.go:186  [T1,Vsystem,n1,intExec=set-zone] 336  executing declarative schema change StatementPhase stage 1 of 1 with 1 MutationType op (rollback=false) for CONFIGURE ZONE
I260828 12:03:06.669775 1891 sql/schemachanger/scplan/plan.go:95  [T1,Vsystem,n1,intExec=set-zone] 337  building declarative schema changer plan in PreCommitPhase (rollback=false) for CONFIGURE ZONE
I260828 12:03:06.671007 1891 sql/schemachanger/scrun/scrun.go:186  [T1,Vsystem,n1,intExec=set-zone] 338  executing declarative schema change PreCommitPhase stage 1 of 2 with 1 MutationType op (rollback=false) for CONFIGURE ZONE
I260828 12:03:06.671060 1891 sql/schemachanger/scrun/scrun.go:186  [T1,Vsystem,n1,intExec=set-zone] 339  executing declarative schema change PreCommitPhase stage 2 of 2 with 1 MutationType op (rollback=false) for CONFIGURE ZONE
I260828 12:03:06.671724 1891 1@util/log/event_log.go:39  [T1,Vsystem,n1,intExec=set-zone] 340 ={"Timestamp":1787918586666622254,"EventType":"set_zone_config","Statement":"ALTER RANGE meta CONFIGURE ZONE USING num_replicas = 1","Tag":"CONFIGURE ZONE","User":"node","DescriptorID":16,"ApplicationName":"$ internal-set-zone","Target":"RANGE meta","Options":["num_replicas = 1"],"ResolvedOldConfig":"range_min_bytes:134217728 range_max_bytes:536870912 gc:<ttl_seconds:3600 > num_replicas:5 inherited_constraints:false null_voter_constraints_is_empty:true inherited_lease_preferences:false "}
I260828 12:03:06.673700 1904 sql/schemachanger/scbuild/event_log.go:61  [T1,Vsystem,n1,intExec=set-zone] 341  event logging for declarative schema change targets built for CONFIGURE ZONE
I260828 12:03:06.673825 1904 sql/schemachanger/scplan/plan.go:95  [T1,Vsystem,n1,intExec=set-zone] 342  building declarative schema changer plan in StatementPhase (rollback=false) for CONFIGURE ZONE
I260828 12:03:06.674545 1904 sql/schemachanger/scrun/scrun.go:186  [T1,Vsystem,n1,intExec=set-zone] 343  executing declarative schema change StatementPhase stage 1 of 1 with 1 MutationType op (rollback=false) for CONFIGURE ZONE
I260828 12:03:06.674830 1904 sql/schemachanger/scplan/plan.go:95  [T1,Vsystem,n1,intExec=set-zone] 344  building declarative schema changer plan in PreCommitPhase (rollback=false) for CONFIGURE ZONE
I260828 12:03:06.675916 1904 sql/schemachanger/scrun/scrun.go:186  [T1,Vsystem,n1,intExec=set-zone] 345  executing declarative schema change PreCommitPhase stage 1 of 2 with 1 MutationType op (rollback=false) for CONFIGURE ZONE
I260828 12:03:06.676040 1904 sql/schemachanger/scrun/scrun.go:186  [T1,Vsystem,n1,intExec=set-zone] 346  executing declarative schema change PreCommitPhase stage 2 of 2 with 1 MutationType op (rollback=false) for CONFIGURE ZONE
I260828 12:03:06.676823 1904 1@util/log/event_log.go:39  [T1,Vsystem,n1,intExec=set-zone] 347 ={"Timestamp":1787918586672346360,"EventType":"set_zone_config","Statement":"ALTER RANGE system CONFIGURE ZONE USING num_replicas = 1","Tag":"CONFIGURE ZONE","User":"node","DescriptorID":17,"ApplicationName":"$ internal-set-zone","Target":"RANGE system","Options":["num_replicas = 1"],"ResolvedOldConfig":"range_min_bytes:134217728 range_max_bytes:536870912 gc:<ttl_seconds:14400 > num_replicas:5 inherited_constraints:false null_voter_constraints_is_empty:true inherited_lease_preferences:false "}
I260828 12:03:06.678659 1915 sql/schemachanger/scbuild/event_log.go:61  [T1,Vsystem,n1,intExec=set-zone] 348  event logging for declarative schema change targets built for CONFIGURE ZONE
I260828 12:03:06.678821 1915 sql/schemachanger/scplan/plan.go:95  [T1,Vsystem,n1,intExec=set-zone] 349  building declarative schema changer plan in StatementPhase (rollback=false) for CONFIGURE ZONE
I260828 12:03:06.679501 1915 sql/schemachanger/scrun/scrun.go:186  [T1,Vsystem,n1,intExec=set-zone] 350  executing declarative schema change StatementPhase stage 1 of 1 with 1 MutationType op (rollback=false) for CONFIGURE ZONE
I260828 12:03:06.679730 1915 sql/schemachanger/scplan/plan.go:95  [T1,Vsystem,n1,intExec=set-zone] 351  building declarative schema changer plan in PreCommitPhase (rollback=false) for CONFIGURE ZONE
I260828 12:03:06.680331 1915 sql/schemachanger/scrun/scrun.go:186  [T1,Vsystem,n1,intExec=set-zone] 352  executing declarative schema change PreCommitPhase stage 1 of 2 with 1 MutationType op (rollback=false) for CONFIGURE ZONE
I260828 12:03:06.680370 1915 sql/schemachanger/scrun/scrun.go:186  [T1,Vsystem,n1,intExec=set-zone] 353  executing declarative schema change PreCommitPhase stage 2 of 2 with 1 MutationType op (rollback=false) for CONFIGURE ZONE
I260828 12:03:06.681025 1915 1@util/log/event_log.go:39  [T1,Vsystem,n1,intExec=set-zone] 354 ={"Timestamp":1787918586677149806,"EventType":"set_zone_config","Statement":"ALTER RANGE timeseries CONFIGURE ZONE USING num_replicas = 1","Tag":"CONFIGURE ZONE","User":"node","DescriptorID":18,"ApplicationName":"$ internal-set-zone","Target":"RANGE timeseries","Options":["num_replicas = 1"],"ResolvedOldConfig":"gc:<ttl_seconds:14400 > inherited_constraints:true null_voter_constraints_is_empty:false inherited_lease_preferences:true "}
I260828 12:03:06.682177 1948 sql/schemachanger/scbuild/event_log.go:61  [T1,Vsystem,n1,intExec=set-zone] 355  event logging for declarative schema change targets built for CONFIGURE ZONE
I260828 12:03:06.682255 1948 sql/schemachanger/scplan/plan.go:95  [T1,Vsystem,n1,intExec=set-zone] 356  building declarative schema changer plan in StatementPhase (rollback=false) for CONFIGURE ZONE
I260828 12:03:06.682735 1948 sql/schemachanger/scrun/scrun.go:186  [T1,Vsystem,n1,intExec=set-zone] 357  executing declarative schema change StatementPhase stage 1 of 1 with 1 MutationType op (rollback=false) for CONFIGURE ZONE
I260828 12:03:06.682962 1948 sql/schemachanger/scplan/plan.go:95  [T1,Vsystem,n1,intExec=set-zone] 358  building declarative schema changer plan in PreCommitPhase (rollback=false) for CONFIGURE ZONE
I260828 12:03:06.683466 1948 sql/schemachanger/scrun/scrun.go:186  [T1,Vsystem,n1,intExec=set-zone] 359  executing declarative schema change PreCommitPhase stage 1 of 2 with 1 MutationType op (rollback=false) for CONFIGURE ZONE
I260828 12:03:06.683504 1948 sql/schemachanger/scrun/scrun.go:186  [T1,Vsystem,n1,intExec=set-zone] 360  executing declarative schema change PreCommitPhase stage 2 of 2 with 1 MutationType op (rollback=false) for CONFIGURE ZONE
I260828 12:03:06.684108 1948 1@util/log/event_log.go:39  [T1,Vsystem,n1,intExec=set-zone] 361 ={"Timestamp":1787918586681244639,"EventType":"set_zone_config","Statement":"ALTER RANGE liveness CONFIGURE ZONE USING num_replicas = 1","Tag":"CONFIGURE ZONE","User":"node","DescriptorID":22,"ApplicationName":"$ internal-set-zone","Target":"RANGE liveness","Options":["num_replicas = 1"],"ResolvedOldConfig":"range_min_bytes:134217728 range_max_bytes:536870912 gc:<ttl_seconds:600 > num_replicas:5 inherited_constraints:false null_voter_constraints_is_empty:true inherited_lease_preferences:false "}
I260828 12:03:06.687065 1886 1@util/log/event_log.go:39  [T1,Vsystem,n1,intExec=set-zone] 362 ={"Timestamp":1787918586684347921,"EventType":"set_zone_config","Statement":"ALTER TABLE system.public.replication_constraint_stats CONFIGURE ZONE USING num_replicas = 1","Tag":"CONFIGURE ZONE","User":"node","DescriptorID":25,"ApplicationName":"$ internal-set-zone","Target":"TABLE system.public.replication_constraint_stats","Options":["num_replicas = 1"],"ResolvedOldConfig":"range_min_bytes:134217728 range_max_bytes:536870912 gc:<ttl_seconds:600 > num_replicas:1 inherited_constraints:false null_voter_constraints_is_empty:true inherited_lease_preferences:false "}
I260828 12:03:06.691907 1870 1@util/log/event_log.go:39  [T1,Vsystem,n1,intExec=set-zone] 363 ={"Timestamp":1787918586689577830,"EventType":"set_zone_config","Statement":"ALTER TABLE system.public.replication_stats CONFIGURE ZONE USING num_replicas = 1","Tag":"CONFIGURE ZONE","User":"node","DescriptorID":27,"ApplicationName":"$ internal-set-zone","Target":"TABLE system.public.replication_stats","Options":["num_replicas = 1"],"ResolvedOldConfig":"range_min_bytes:134217728 range_max_bytes:536870912 gc:<ttl_seconds:600 > num_replicas:1 inherited_constraints:false null_voter_constraints_is_empty:true inherited_lease_preferences:false "}
I260828 12:03:06.697662 1966 1@util/log/event_log.go:39  [T1,Vsystem,n1,intExec=set-zone] 364 ={"Timestamp":1787918586692173878,"EventType":"set_zone_config","Statement":"ALTER TABLE system.public.statement_statistics CONFIGURE ZONE USING num_replicas = 1","Tag":"CONFIGURE ZONE","User":"node","DescriptorID":42,"ApplicationName":"$ internal-set-zone","Target":"TABLE system.public.statement_statistics","Options":["num_replicas = 1"],"ResolvedOldConfig":"range_min_bytes:134217728 range_max_bytes:536870912 gc:<ttl_seconds:3600 > num_replicas:1 inherited_constraints:false null_voter_constraints_is_empty:true inherited_lease_preferences:false "}
I260828 12:03:06.702975 2025 1@util/log/event_log.go:39  [T1,Vsystem,n1,intExec=set-zone] 365 ={"Timestamp":1787918586698885315,"EventType":"set_zone_config","Statement":"ALTER TABLE system.public.transaction_statistics CONFIGURE ZONE USING num_replicas = 1","Tag":"CONFIGURE ZONE","User":"node","DescriptorID":43,"ApplicationName":"$ internal-set-zone","Target":"TABLE system.public.transaction_statistics","Options":["num_replicas = 1"],"ResolvedOldConfig":"range_min_bytes:134217728 range_max_bytes:536870912 gc:<ttl_seconds:3600 > num_replicas:1 inherited_constraints:false null_voter_constraints_is_empty:true inherited_lease_preferences:false "}
I260828 12:03:06.706775 1997 1@util/log/event_log.go:39  [T1,Vsystem,n1,intExec=set-zone] 366 ={"Timestamp":1787918586704240280,"EventType":"set_zone_config","Statement":"ALTER TABLE system.public.tenant_usage CONFIGURE ZONE USING num_replicas = 1","Tag":"CONFIGURE ZONE","User":"node","DescriptorID":45,"ApplicationName":"$ internal-set-zone","Target":"TABLE system.public.tenant_usage","Options":["num_replicas = 1"],"ResolvedOldConfig":"range_min_bytes:134217728 range_max_bytes:536870912 gc:<ttl_seconds:7200 > num_replicas:1 inherited_constraints:false null_voter_constraints_is_empty:true inherited_lease_preferences:false "}
I260828 12:03:06.709471 2037 1@util/log/event_log.go:39  [T1,Vsystem,n1,intExec=set-zone] 367 ={"Timestamp":1787918586707031961,"EventType":"set_zone_config","Statement":"ALTER TABLE system.public.span_stats_tenant_boundaries CONFIGURE ZONE USING num_replicas = 1","Tag":"CONFIGURE ZONE","User":"node","DescriptorID":58,"ApplicationName":"$ internal-set-zone","Target":"TABLE system.public.span_stats_tenant_boundaries","Options":["num_replicas = 1"],"ResolvedOldConfig":"range_min_bytes:134217728 range_max_bytes:536870912 gc:<ttl_seconds:3600 > num_replicas:1 inherited_constraints:false null_voter_constraints_is_empty:true inherited_lease_preferences:false "}
I260828 12:03:06.714224 2053 1@util/log/event_log.go:39  [T1,Vsystem,n1,intExec=set-zone] 368 ={"Timestamp":1787918586709758397,"EventType":"set_zone_config","Statement":"ALTER TABLE system.public.statement_activity CONFIGURE ZONE USING num_replicas = 1","Tag":"CONFIGURE ZONE","User":"node","DescriptorID":61,"ApplicationName":"$ internal-set-zone","Target":"TABLE system.public.statement_activity","Options":["num_replicas = 1"],"ResolvedOldConfig":"range_min_bytes:134217728 range_max_bytes:536870912 gc:<ttl_seconds:3600 > num_replicas:1 inherited_constraints:false null_voter_constraints_is_empty:true inherited_lease_preferences:false "}
I260828 12:03:06.720420 2048 1@util/log/event_log.go:39  [T1,Vsystem,n1,intExec=set-zone] 369 ={"Timestamp":1787918586715370205,"EventType":"set_zone_config","Statement":"ALTER TABLE system.public.transaction_activity CONFIGURE ZONE USING num_replicas = 1","Tag":"CONFIGURE ZONE","User":"node","DescriptorID":62,"ApplicationName":"$ internal-set-zone","Target":"TABLE system.public.transaction_activity","Options":["num_replicas = 1"],"ResolvedOldConfig":"range_min_bytes:134217728 range_max_bytes:536870912 gc:<ttl_seconds:3600 > num_replicas:1 inherited_constraints:false null_voter_constraints_is_empty:true inherited_lease_preferences:false "}
I260828 12:03:06.720672 70 1@server/initial_sql.go:47  [T1,Vsystem,n1] 370  Replication was disabled for this cluster.
I260828 12:03:06.720672 70 1@server/initial_sql.go:47  [T1,Vsystem,n1] 370 +When/if adding nodes in the future, update zone configurations to increase the replication factor.
I260828 12:03:06.721709 70 1@server/server_sql.go:1962  [T1,Vsystem,n1] 371  serving sql connections
I260828 12:03:06.721854 70 1@cli/start.go:1294  [T1,Vsystem,n1] 372  node startup completed:
I260828 12:03:06.721854 70 1@cli/start.go:1294  [T1,Vsystem,n1] 372 +CockroachDB node starting at 2026-08-28 12:03:06.721734263 +0000 UTC m=+0.616175714 (took 0.5s)
I260828 12:03:06.721854 70 1@cli/start.go:1294  [T1,Vsystem,n1] 372 +build:               CCL v25.1.6 @ 2025/05/09 15:48:03 (go1.22.8 X:nocoverageredesign)
I260828 12:03:06.721854 70 1@cli/start.go:1294  [T1,Vsystem,n1] 372 +malloc_conf:         prof:false,prof_active:true,background_thread:true,thp:never,metadata_thp:disabled,narenas:16,dirty_decay_ms:2000,muzzy_decay_ms:0
I260828 12:03:06.721854 70 1@cli/start.go:1294  [T1,Vsystem,n1] 372 +webui:               http://127.0.0.1:8080
I260828 12:03:06.721854 70 1@cli/start.go:1294  [T1,Vsystem,n1] 372 +sql:                 postgresql://root@127.0.0.1:26257/defaultdb?sslmode=disable
I260828 12:03:06.721854 70 1@cli/start.go:1294  [T1,Vsystem,n1] 372 +sql (JDBC):          jdbc:postgresql://127.0.0.1:26257/defaultdb?sslmode=disable&user=root
I260828 12:03:06.721854 70 1@cli/start.go:1294  [T1,Vsystem,n1] 372 +RPC client flags:    /cockroach/cockroach <client cmd> --host=127.0.0.1:26257 --insecure
I260828 12:03:06.721854 70 1@cli/start.go:1294  [T1,Vsystem,n1] 372 +logs:                /cockroach/cockroach-data/logs
I260828 12:03:06.721854 70 1@cli/start.go:1294  [T1,Vsystem,n1] 372 +temp dir:            /tmp/cockroach-temp3568426762
I260828 12:03:06.721854 70 1@cli/start.go:1294  [T1,Vsystem,n1] 372 +external I/O path:   <disabled>
I260828 12:03:06.721854 70 1@cli/start.go:1294  [T1,Vsystem,n1] 372 +store[0]:            type=mem,size=1.0 GiB
I260828 12:03:06.721854 70 1@cli/start.go:1294  [T1,Vsystem,n1] 372 +storage engine:      pebble
I260828 12:03:06.721854 70 1@cli/start.go:1294  [T1,Vsystem,n1] 372 +clusterID:           a536a6eb-6860-494b-9ea6-ec8956415cde
I260828 12:03:06.721854 70 1@cli/start.go:1294  [T1,Vsystem,n1] 372 +status:              initialized new cluster
I260828 12:03:06.721854 70 1@cli/start.go:1294  [T1,Vsystem,n1] 372 +nodeID:              1
I260828 12:03:06.722343 2069 4@util/log/event_log.go:39  [T1,Vsystem,n1,client=127.0.0.1:57108,hostnossl,user=root] 373 ={"Timestamp":1787918586722341917,"EventType":"client_authentication_ok","InstanceID":1,"Network":"tcp","RemoteAddress":"127.0.0.1:57108","SessionID":"18cff67b58e3eb320000000000000001","Transport":"hostnossl","User":"root","SystemIdentity":"root","Method":"insecure"}
I260828 12:03:06.728107 2067 4@util/log/event_log.go:39  [T1,Vsystem,n1,client=127.0.0.1:57108,hostnossl,user=root] 374 ={"Timestamp":1787918586728103079,"EventType":"client_session_end","InstanceID":1,"Network":"tcp","RemoteAddress":"127.0.0.1:57108","SessionID":"18cff67b58e3eb320000000000000001","Duration":5983166}
database "defaultdb" already exists
I260828 12:03:06.818395 2115 4@util/log/event_log.go:39  [T1,Vsystem,n1,client=[::1]:60342,hostnossl,user=root] 375 ={"Timestamp":1787918586818390830,"EventType":"client_authentication_ok","InstanceID":1,"Network":"tcp","RemoteAddress":"[::1]:60342","SessionID":"18cff67b5e9cedbe0000000000000001","Transport":"hostnossl","User":"root","SystemIdentity":"root","Method":"insecure"}
I260828 12:03:06.821595 2097 4@util/log/event_log.go:39  [T1,Vsystem,n1,client=[::1]:60342,hostnossl,user=root] 376 ={"Timestamp":1787918586821591858,"EventType":"client_session_end","InstanceID":1,"Network":"tcp","RemoteAddress":"[::1]:60342","SessionID":"18cff67b5e9cedbe0000000000000001","Duration":3460713}
I260828 12:03:06.950538 2081 4@util/log/event_log.go:39  [T1,Vsystem,n1,client=127.0.0.1:59618,hostnossl,user=root] 377 ={"Timestamp":1787918586950535234,"EventType":"client_authentication_ok","InstanceID":1,"Network":"tcp","RemoteAddress":"127.0.0.1:59618","SessionID":"18cff67b667d99990000000000000001","Transport":"hostnossl","User":"root","SystemIdentity":"root","Method":"insecure"}
I260828 12:03:06.950944 2079 4@util/log/event_log.go:39  [T1,Vsystem,n1,client=127.0.0.1:59618,hostnossl,user=root] 378 ={"Timestamp":1787918586950941752,"EventType":"client_session_end","InstanceID":1,"Network":"tcp","RemoteAddress":"127.0.0.1:59618","SessionID":"18cff67b667d99990000000000000001","Duration":646656}
start running init files from /docker-entrypoint-initdb.d
/cockroach/cockroach.sh: ignoring /docker-entrypoint-initdb.d/*

end running init files from /docker-entrypoint-initdb.d
"${start_node_query[@]}"
I260828 12:03:06.987160 1751 server/diagnostics/update_checker.go:144  [T1,Vsystem,n1] 379  a new version is available: 26.2.3, details: https://www.cockroachlabs.com/docs/releases/v26.2#v26-2-3
I260828 12:03:07.063767 2133 4@util/log/event_log.go:39  [T1,Vsystem,n1,client=[::1]:55528,hostnossl,user=root] 380 ={"Timestamp":1787918587063763237,"EventType":"client_authentication_ok","InstanceID":1,"Network":"tcp","RemoteAddress":"[::1]:55528","SessionID":"18cff67b6d3d6db00000000000000001","Transport":"hostnossl","User":"root","SystemIdentity":"root","Method":"insecure"}
I260828 12:03:07.066161 2133 sql/schemachanger/scbuild/event_log.go:61  [T1,Vsystem,n1,client=[::1]:55528,hostnossl,user=root] 381  event logging for declarative schema change targets built for CREATE DATABASE
I260828 12:03:07.066316 2133 sql/schemachanger/scplan/plan.go:95  [T1,Vsystem,n1,client=[::1]:55528,hostnossl,user=root] 382  building declarative schema changer plan in StatementPhase (rollback=false) for CREATE DATABASE
I260828 12:03:07.067839 2133 sql/schemachanger/scrun/scrun.go:186  [T1,Vsystem,n1,client=[::1]:55528,hostnossl,user=root] 383  executing declarative schema change StatementPhase stage 1 of 1 with 17 MutationType ops (rollback=false) for CREATE DATABASE
I260828 12:03:07.068065 2133 sql/schemachanger/scplan/plan.go:95  [T1,Vsystem,n1,client=[::1]:55528,hostnossl,user=root] 384  building declarative schema changer plan in PreCommitPhase (rollback=false) for CREATE DATABASE
I260828 12:03:07.069418 2133 sql/schemachanger/scrun/scrun.go:186  [T1,Vsystem,n1,client=[::1]:55528,hostnossl,user=root] 385  executing declarative schema change PreCommitPhase stage 1 of 2 with 1 MutationType op (rollback=false) for CREATE DATABASE
I260828 12:03:07.069483 2133 sql/schemachanger/scrun/scrun.go:186  [T1,Vsystem,n1,client=[::1]:55528,hostnossl,user=root] 386  executing declarative schema change PreCommitPhase stage 2 of 2 with 17 MutationType ops (rollback=false) for CREATE DATABASE
I260828 12:03:07.070399 2133 5@util/log/event_log.go:39  [T1,Vsystem,n1,client=[::1]:55528,hostnossl,user=root] 387 ={"Timestamp":1787918587064041146,"EventType":"create_database","Statement":"CREATE DATABASE IF NOT EXISTS trnm","Tag":"CREATE DATABASE","User":"root","DescriptorID":104,"ApplicationName":"$ cockroach sql","DatabaseName":"trnm"}
I260828 12:03:07.071716 2131 4@util/log/event_log.go:39  [T1,Vsystem,n1,client=[::1]:55528,hostnossl,user=root] 388 ={"Timestamp":1787918587071713155,"EventType":"client_session_end","InstanceID":1,"Network":"tcp","RemoteAddress":"[::1]:55528","SessionID":"18cff67b6d3d6db00000000000000001","Duration":8182902}
I260828 12:03:07.186362 164 1@gossip/gossip.go:1476  [T1,Vsystem,n1] 389  node has connected to cluster via gossip
I260828 12:03:07.186563 164 kv/kvserver/stores.go:280  [T1,Vsystem,n1] 390  wrote 0 node addresses to persistent storage
I260828 12:03:07.324239 2113 2@rpc/peer.go:605  [T1,Vsystem,n1,rnode=1,raddr=127.0.0.1:26257,class=default,rpc] 391  connection is now healthy
I260828 12:03:07.324571 2126 2@rpc/peer.go:605  [T1,Vsystem,n1,rnode=1,raddr=127.0.0.1:26257,class=system,rpc] 392  connection is now healthy
I260828 12:03:11.265137 2262 4@util/log/event_log.go:39  [T1,Vsystem,n1,client=172.17.0.1:42180,hostnossl,user=root] 393 ={"Timestamp":1787918591265133124,"EventType":"client_authentication_ok","InstanceID":1,"Network":"tcp","RemoteAddress":"172.17.0.1:42180","SessionID":"18cff67c67a8a7640000000000000001","Transport":"hostnossl","User":"root","SystemIdentity":"root","Method":"insecure"}
I260828 12:03:11.270911 2262 5@util/log/event_log.go:39  [T1,Vsystem,n1,client=172.17.0.1:42180,hostnossl,user=root] 394 ={"Timestamp":1787918591267149994,"EventType":"create_table","Statement":"CREATE TABLE IF NOT EXISTS trnm.public.trnm_schema_migrations (profile STRING NOT NULL, version INT8 NOT NULL, contract_digest BYTES NOT NULL, applied_at TIMESTAMPTZ NOT NULL DEFAULT current_timestamp(), PRIMARY KEY (profile, version), CHECK (version > 0), CHECK (octet_length(contract_digest) = 32))","Tag":"CREATE TABLE","User":"root","DescriptorID":106,"TableName":"trnm.public.trnm_schema_migrations"}
I260828 12:03:11.278555 2262 5@util/log/event_log.go:39  [T1,Vsystem,n1,client=172.17.0.1:42180,hostnossl,user=root] 395 ={"Timestamp":1787918591275307875,"EventType":"create_table","Statement":"CREATE TABLE IF NOT EXISTS trnm.public.trnm_entity_heads (tenant_id UUID NOT NULL, entity_id UUID NOT NULL, revision INT8 NOT NULL, last_sequence INT8 NOT NULL, authority_generation INT8 NOT NULL, state_digest BYTES NOT NULL, updated_at TIMESTAMPTZ NOT NULL DEFAULT current_timestamp(), PRIMARY KEY (tenant_id, entity_id), CHECK (revision >= 0), CHECK (last_sequence >= 0), CHECK (authority_generation > 0), CHECK (octet_length(state_digest) = 32))","Tag":"CREATE TABLE","User":"root","DescriptorID":107,"TableName":"trnm.public.trnm_entity_heads"}
I260828 12:03:11.287694 2262 sql/table.go:205  [T1,Vsystem,n1,client=172.17.0.1:42180,hostnossl,user=root] 396  queued new schema-change job 1205364953211502593 for table 108, mutation 0
I260828 12:03:11.287751 2262 sql/table.go:205  [T1,Vsystem,n1,client=172.17.0.1:42180,hostnossl,user=root] 397  queued new schema-change job 1205364953211699201 for table 107, mutation 0
I260828 12:03:11.298553 2262 5@util/log/event_log.go:39  [T1,Vsystem,n1,client=172.17.0.1:42180,hostnossl,user=root] 398 ={"Timestamp":1787918591281510690,"EventType":"create_table","Statement":"CREATE TABLE IF NOT EXISTS trnm.public.trnm_command_receipts (tenant_id UUID NOT NULL, entity_id UUID NOT NULL, command_id UUID NOT NULL, fingerprint BYTES NOT NULL, committed_revision INT8 NOT NULL, committed_state_digest BYTES NOT NULL, first_sequence INT8, last_sequence INT8 NOT NULL, event_count INT4 NOT NULL, outbox_count INT4 NOT NULL, receipt_bytes BYTES NOT NULL, receipt_digest BYTES NOT NULL, committed_at TIMESTAMPTZ NOT NULL DEFAULT current_timestamp(), PRIMARY KEY (tenant_id, entity_id, command_id), CONSTRAINT trnm_receipt_entity_head_fk FOREIGN KEY (tenant_id, entity_id) REFERENCES trnm.public.trnm_entity_heads (tenant_id, entity_id) ON DELETE RESTRICT, CONSTRAINT trnm_receipt_sequence_shape_ck CHECK ((((event_count = 0) AND (first_sequence IS NULL)) AND (last_sequence >= 0)) OR ((((event_count > 0) AND (first_sequence IS NOT NULL)) AND (first_sequence > 0)) AND (last_sequence = ((first_sequence + event_count) - 1)))), CHECK (octet_length(fingerprint) = 32), CHECK (committed_revision > 0), CHECK (octet_length(committed_state_digest) = 32), CHECK (last_sequence >= 0), CHECK (event_count BETWEEN 0 AND 64), CHECK (outbox_count BETWEEN 0 AND 64), CHECK (octet_length(receipt_digest) = 32))","Tag":"CREATE TABLE","User":"root","DescriptorID":108,"TableName":"trnm.public.trnm_command_receipts"}
I260828 12:03:11.298684 2262 jobs/wait.go:56  [T1,Vsystem,n1,client=172.17.0.1:42180,hostnossl,user=root] 399  waiting for 2 [1205364953211502593 1205364953211699201] queued jobs to complete
I260828 12:03:11.298813 2327 jobs/adopt.go:224  [T1,Vsystem,n1,client=172.17.0.1:42180,hostnossl,user=root,job=1205364953211502593] 400  job 1205364953211502593: resuming execution
I260828 12:03:11.299496 2326 jobs/adopt.go:224  [T1,Vsystem,n1,client=172.17.0.1:42180,hostnossl,user=root,job=1205364953211699201] 401  job 1205364953211699201: resuming execution
I260828 12:03:11.306638 2357 jobs/registry.go:1679  [T1,Vsystem,n1,job=1205364953211699201] 402  SCHEMA CHANGE job 1205364953211699201: stepping through state running
I260828 12:03:11.306639 2370 jobs/registry.go:1679  [T1,Vsystem,n1,job=1205364953211502593] 403  SCHEMA CHANGE job 1205364953211502593: stepping through state running
I260828 12:03:11.312362 2357 1@jobs/structured_log.go:48  [T1,Vsystem,n1,job=1205364953211699201] 404 ={"Timestamp":1787918591312360048,"EventType":"status_change","JobID":1205364953211699201,"JobType":"SCHEMA CHANGE","Description":"status changed to: running","PreviousStatus":"running","NewStatus":"running","RunNum":0}
I260828 12:03:11.312396 2370 1@jobs/structured_log.go:48  [T1,Vsystem,n1,job=1205364953211502593] 405 ={"Timestamp":1787918591312394643,"EventType":"status_change","JobID":1205364953211502593,"JobType":"SCHEMA CHANGE","Description":"status changed to: running","PreviousStatus":"running","NewStatus":"running","RunNum":0}
I260828 12:03:11.314421 2357 sql/schema_changer.go:808  [T1,Vsystem,n1,job=SCHEMA CHANGE id=1205364953211699201,scExec,id=107] 406  schema change on "trnm_entity_heads" (v2) starting execution...
I260828 12:03:11.315090 2370 sql/schema_changer.go:808  [T1,Vsystem,n1,job=SCHEMA CHANGE id=1205364953211502593,scExec,id=108] 407  schema change on "trnm_command_receipts" (v1) starting execution...
I260828 12:03:11.316175 2357 sql/schema_changer.go:1465  [T1,Vsystem,n1,job=SCHEMA CHANGE id=1205364953211699201,scExec,id=107] 408  waiting for a single version...
I260828 12:03:11.317289 2370 sql/schema_changer.go:555  [T1,Vsystem,n1,job=SCHEMA CHANGE id=1205364953211502593,scExec,id=108] 409  making table public
I260828 12:03:11.317730 2357 sql/catalog/lease/lease.go:550  [T1,Vsystem,n1,job=SCHEMA CHANGE id=1205364953211699201,scExec,id=107] 410  all leases have expired at 1787918591.316595330,0: desc=[{trnm_entity_heads 107 1}]
I260828 12:03:11.317784 2357 sql/schema_changer.go:1470  [T1,Vsystem,n1,job=SCHEMA CHANGE id=1205364953211699201,scExec,id=107] 411  waiting for a single version... done (at v 2), took 1.608573ms
I260828 12:03:11.317815 2357 jobs/registry.go:1679  [T1,Vsystem,n1,job=1205364953211699201] 412  SCHEMA CHANGE job 1205364953211699201: stepping through state succeeded
I260828 12:03:11.324300 2370 sql/catalog/lease/lease.go:550  [T1,Vsystem,n1,job=SCHEMA CHANGE id=1205364953211502593,scExec,id=108] 413  all leases have expired at 1787918591.323360853,0: desc=[{trnm_command_receipts 108 1}]
I260828 12:03:11.324343 2370 sql/schema_changer.go:1465  [T1,Vsystem,n1,job=SCHEMA CHANGE id=1205364953211502593,scExec,id=108] 414  waiting for a single version...
I260828 12:03:11.326550 2370 sql/catalog/lease/lease.go:550  [T1,Vsystem,n1,job=SCHEMA CHANGE id=1205364953211502593,scExec,id=108] 415  all leases have expired at 1787918591.325674888,0: desc=[{trnm_command_receipts 108 1}]
I260828 12:03:11.326586 2370 sql/schema_changer.go:1470  [T1,Vsystem,n1,job=SCHEMA CHANGE id=1205364953211502593,scExec,id=108] 416  waiting for a single version... done (at v 2), took 2.242301ms
I260828 12:03:11.326613 2370 jobs/registry.go:1679  [T1,Vsystem,n1,job=1205364953211502593] 417  SCHEMA CHANGE job 1205364953211502593: stepping through state succeeded
I260828 12:03:11.327506 2357 1@jobs/structured_log.go:48  [T1,Vsystem,n1,job=1205364953211699201] 418 ={"Timestamp":1787918591327504715,"EventType":"status_change","JobID":1205364953211699201,"JobType":"SCHEMA CHANGE","Description":"status changed to: succeeded","PreviousStatus":"running","NewStatus":"succeeded","RunNum":0}
I260828 12:03:11.335685 2370 1@jobs/structured_log.go:48  [T1,Vsystem,n1,job=1205364953211502593] 419 ={"Timestamp":1787918591335684143,"EventType":"status_change","JobID":1205364953211502593,"JobType":"SCHEMA CHANGE","Description":"status changed to: succeeded","PreviousStatus":"running","NewStatus":"succeeded","RunNum":0}
I260828 12:03:11.343735 2262 jobs/wait.go:148  [T1,Vsystem,n1,client=172.17.0.1:42180,hostnossl,user=root] 420  waited for 2 [1205364953211502593 1205364953211699201] queued jobs to complete 44.955085ms
I260828 12:03:11.350928 2262 sql/table.go:205  [T1,Vsystem,n1,client=172.17.0.1:42180,hostnossl,user=root] 421  queued new schema-change job 1205364953418694657 for table 109, mutation 0
I260828 12:03:11.350968 2262 sql/table.go:205  [T1,Vsystem,n1,client=172.17.0.1:42180,hostnossl,user=root] 422  queued new schema-change job 1205364953418825729 for table 108, mutation 0
I260828 12:03:11.360767 2262 5@util/log/event_log.go:39  [T1,Vsystem,n1,client=172.17.0.1:42180,hostnossl,user=root] 423 ={"Timestamp":1787918591346004761,"EventType":"create_table","Statement":"CREATE TABLE IF NOT EXISTS trnm.public.trnm_events (tenant_id UUID NOT NULL, entity_id UUID NOT NULL, sequence INT8 NOT NULL, event_id UUID NOT NULL, command_id UUID NOT NULL, payload_digest BYTES NOT NULL, payload_bytes BYTES NOT NULL, recorded_at TIMESTAMPTZ NOT NULL DEFAULT current_timestamp(), PRIMARY KEY (tenant_id, entity_id, sequence), CONSTRAINT trnm_event_identity_uq UNIQUE (tenant_id, entity_id, event_id), CONSTRAINT trnm_event_command_receipt_fk FOREIGN KEY (tenant_id, entity_id, command_id) REFERENCES trnm.public.trnm_command_receipts (tenant_id, entity_id, command_id) ON DELETE RESTRICT, CHECK (sequence > 0), CHECK (octet_length(payload_digest) = 32))","Tag":"CREATE TABLE","User":"root","DescriptorID":109,"TableName":"trnm.public.trnm_events"}
I260828 12:03:11.360865 2262 jobs/wait.go:56  [T1,Vsystem,n1,client=172.17.0.1:42180,hostnossl,user=root] 424  waiting for 2 [1205364953418694657 1205364953418825729] queued jobs to complete
I260828 12:03:11.360936 2523 jobs/adopt.go:224  [T1,Vsystem,n1,client=172.17.0.1:42180,hostnossl,user=root,job=1205364953418825729] 425  job 1205364953418825729: resuming execution
I260828 12:03:11.361711 2522 jobs/adopt.go:224  [T1,Vsystem,n1,client=172.17.0.1:42180,hostnossl,user=root,job=1205364953418694657] 426  job 1205364953418694657: resuming execution
I260828 12:03:11.369313 2480 jobs/registry.go:1679  [T1,Vsystem,n1,job=1205364953418694657] 427  SCHEMA CHANGE job 1205364953418694657: stepping through state running
I260828 12:03:11.369541 2542 jobs/registry.go:1679  [T1,Vsystem,n1,job=1205364953418825729] 428  SCHEMA CHANGE job 1205364953418825729: stepping through state running
I260828 12:03:11.375718 2542 1@jobs/structured_log.go:48  [T1,Vsystem,n1,job=1205364953418825729] 429 ={"Timestamp":1787918591375716043,"EventType":"status_change","JobID":1205364953418825729,"JobType":"SCHEMA CHANGE","Description":"status changed to: running","PreviousStatus":"running","NewStatus":"running","RunNum":0}
I260828 12:03:11.375803 2480 1@jobs/structured_log.go:48  [T1,Vsystem,n1,job=1205364953418694657] 430 ={"Timestamp":1787918591375801825,"EventType":"status_change","JobID":1205364953418694657,"JobType":"SCHEMA CHANGE","Description":"status changed to: running","PreviousStatus":"running","NewStatus":"running","RunNum":0}
I260828 12:03:11.377565 2480 sql/schema_changer.go:808  [T1,Vsystem,n1,job=SCHEMA CHANGE id=1205364953418694657,scExec,id=109] 431  schema change on "trnm_events" (v1) starting execution...
I260828 12:03:11.378226 2542 sql/schema_changer.go:808  [T1,Vsystem,n1,job=SCHEMA CHANGE id=1205364953418825729,scExec,id=108] 432  schema change on "trnm_command_receipts" (v3) starting execution...
I260828 12:03:11.379460 2480 sql/schema_changer.go:555  [T1,Vsystem,n1,job=SCHEMA CHANGE id=1205364953418694657,scExec,id=109] 433  making table public
I260828 12:03:11.381110 2542 sql/schema_changer.go:1465  [T1,Vsystem,n1,job=SCHEMA CHANGE id=1205364953418825729,scExec,id=108] 434  waiting for a single version...
I260828 12:03:11.382786 2542 sql/catalog/lease/lease.go:550  [T1,Vsystem,n1,job=SCHEMA CHANGE id=1205364953418825729,scExec,id=108] 435  all leases have expired at 1787918591.381722071,0: desc=[{trnm_command_receipts 108 2}]
I260828 12:03:11.382825 2542 sql/schema_changer.go:1470  [T1,Vsystem,n1,job=SCHEMA CHANGE id=1205364953418825729,scExec,id=108] 436  waiting for a single version... done (at v 3), took 1.715812ms
I260828 12:03:11.382842 2542 jobs/registry.go:1679  [T1,Vsystem,n1,job=1205364953418825729] 437  SCHEMA CHANGE job 1205364953418825729: stepping through state succeeded
I260828 12:03:11.385195 2480 sql/catalog/lease/lease.go:550  [T1,Vsystem,n1,job=SCHEMA CHANGE id=1205364953418694657,scExec,id=109] 438  all leases have expired at 1787918591.384221785,0: desc=[{trnm_events 109 1}]
I260828 12:03:11.385245 2480 sql/schema_changer.go:1465  [T1,Vsystem,n1,job=SCHEMA CHANGE id=1205364953418694657,scExec,id=109] 439  waiting for a single version...
I260828 12:03:11.386754 2480 sql/catalog/lease/lease.go:550  [T1,Vsystem,n1,job=SCHEMA CHANGE id=1205364953418694657,scExec,id=109] 440  all leases have expired at 1787918591.385732552,0: desc=[{trnm_events 109 1}]
I260828 12:03:11.386790 2480 sql/schema_changer.go:1470  [T1,Vsystem,n1,job=SCHEMA CHANGE id=1205364953418694657,scExec,id=109] 441  waiting for a single version... done (at v 2), took 1.545291ms
I260828 12:03:11.386819 2480 jobs/registry.go:1679  [T1,Vsystem,n1,job=1205364953418694657] 442  SCHEMA CHANGE job 1205364953418694657: stepping through state succeeded
I260828 12:03:11.391973 2542 1@jobs/structured_log.go:48  [T1,Vsystem,n1,job=1205364953418825729] 443 ={"Timestamp":1787918591391971644,"EventType":"status_change","JobID":1205364953418825729,"JobType":"SCHEMA CHANGE","Description":"status changed to: succeeded","PreviousStatus":"running","NewStatus":"succeeded","RunNum":0}
I260828 12:03:11.396088 2480 1@jobs/structured_log.go:48  [T1,Vsystem,n1,job=1205364953418694657] 444 ={"Timestamp":1787918591396087332,"EventType":"status_change","JobID":1205364953418694657,"JobType":"SCHEMA CHANGE","Description":"status changed to: succeeded","PreviousStatus":"running","NewStatus":"succeeded","RunNum":0}
I260828 12:03:11.405026 2262 jobs/wait.go:148  [T1,Vsystem,n1,client=172.17.0.1:42180,hostnossl,user=root] 445  waited for 2 [1205364953418694657 1205364953418825729] queued jobs to complete 44.120068ms
I260828 12:03:11.414055 2262 sql/table.go:205  [T1,Vsystem,n1,client=172.17.0.1:42180,hostnossl,user=root] 446  queued new schema-change job 1205364953625559041 for table 110, mutation 0
I260828 12:03:11.414110 2262 sql/table.go:205  [T1,Vsystem,n1,client=172.17.0.1:42180,hostnossl,user=root] 447  queued new schema-change job 1205364953625722881 for table 108, mutation 0
I260828 12:03:11.426752 2262 5@util/log/event_log.go:39  [T1,Vsystem,n1,client=172.17.0.1:42180,hostnossl,user=root] 448 ={"Timestamp":1787918591407637824,"EventType":"create_table","Statement":"CREATE TABLE IF NOT EXISTS trnm.public.trnm_outbox (tenant_id UUID NOT NULL, intent_id UUID NOT NULL, entity_id UUID NOT NULL, command_id UUID NOT NULL, kind STRING NOT NULL, payload_digest BYTES NOT NULL, payload_bytes BYTES NOT NULL, attempt INT4 NOT NULL DEFAULT 0, lease_generation INT8 NOT NULL DEFAULT 0, state STRING NOT NULL DEFAULT 'pending', lease_owner UUID, lease_expires_at TIMESTAMPTZ, applied_receipt_digest BYTES, dead_letter_reason_digest BYTES, available_at TIMESTAMPTZ NOT NULL DEFAULT current_timestamp(), created_at TIMESTAMPTZ NOT NULL DEFAULT current_timestamp(), updated_at TIMESTAMPTZ NOT NULL DEFAULT current_timestamp(), PRIMARY KEY (tenant_id, intent_id), CONSTRAINT trnm_outbox_command_receipt_fk FOREIGN KEY (tenant_id, entity_id, command_id) REFERENCES trnm.public.trnm_command_receipts (tenant_id, entity_id, command_id) ON DELETE RESTRICT, CONSTRAINT trnm_outbox_applied_digest_ck CHECK ((applied_receipt_digest IS NULL) OR (octet_length(applied_receipt_digest) = 32)), CONSTRAINT trnm_outbox_dead_letter_digest_ck CHECK ((dead_letter_reason_digest IS NULL) OR (octet_length(dead_letter_reason_digest) = 32)), CONSTRAINT trnm_outbox_state_shape_ck CHECK ((((((((state = 'pending') AND (lease_owner IS NULL)) AND (lease_expires_at IS NULL)) AND (applied_receipt_digest IS NULL)) AND (dead_letter_reason_digest IS NULL)) OR ((((((state = 'leased') AND (lease_owner IS NOT NULL)) AND (lease_expires_at IS NOT NULL)) AND (lease_generation > 0)) AND (applied_receipt_digest IS NULL)) AND (dead_letter_reason_digest IS NULL))) OR (((((state = 'applied') AND (lease_owner IS NULL)) AND (lease_expires_at IS NULL)) AND (applied_receipt_digest IS NOT NULL)) AND (dead_letter_reason_digest IS NULL))) OR (((((state = 'dead_letter') AND (lease_owner IS NULL)) AND (lease_expires_at IS NULL)) AND (applied_receipt_digest IS NULL)) AND (dead_letter_reason_digest IS NOT NULL))), CHECK ((kind != '') AND (octet_length(kind) <= 128)), CHECK (octet_length(payload_digest) = 32), CHECK (attempt BETWEEN 0 AND 32), CHECK (lease_generation >= 0), CHECK (state IN ('pending', 'leased', 'applied', 'dead_letter')))","Tag":"CREATE TABLE","User":"root","DescriptorID":110,"TableName":"trnm.public.trnm_outbox"}
I260828 12:03:11.426898 2262 jobs/wait.go:56  [T1,Vsystem,n1,client=172.17.0.1:42180,hostnossl,user=root] 449  waiting for 2 [1205364953625559041 1205364953625722881] queued jobs to complete
I260828 12:03:11.426984 2692 jobs/adopt.go:224  [T1,Vsystem,n1,client=172.17.0.1:42180,hostnossl,user=root,job=1205364953625559041] 450  job 1205364953625559041: resuming execution
I260828 12:03:11.426983 2693 jobs/adopt.go:224  [T1,Vsystem,n1,client=172.17.0.1:42180,hostnossl,user=root,job=1205364953625722881] 451  job 1205364953625722881: resuming execution
I260828 12:03:11.435195 2700 jobs/registry.go:1679  [T1,Vsystem,n1,job=1205364953625559041] 452  SCHEMA CHANGE job 1205364953625559041: stepping through state running
I260828 12:03:11.435241 2619 jobs/registry.go:1679  [T1,Vsystem,n1,job=1205364953625722881] 453  SCHEMA CHANGE job 1205364953625722881: stepping through state running
I260828 12:03:11.440956 2619 1@jobs/structured_log.go:48  [T1,Vsystem,n1,job=1205364953625722881] 454 ={"Timestamp":1787918591440954445,"EventType":"status_change","JobID":1205364953625722881,"JobType":"SCHEMA CHANGE","Description":"status changed to: running","PreviousStatus":"running","NewStatus":"running","RunNum":0}
I260828 12:03:11.440955 2700 1@jobs/structured_log.go:48  [T1,Vsystem,n1,job=1205364953625559041] 455 ={"Timestamp":1787918591440953543,"EventType":"status_change","JobID":1205364953625559041,"JobType":"SCHEMA CHANGE","Description":"status changed to: running","PreviousStatus":"running","NewStatus":"running","RunNum":0}
I260828 12:03:11.444273 2619 sql/schema_changer.go:808  [T1,Vsystem,n1,job=SCHEMA CHANGE id=1205364953625722881,scExec,id=108] 456  schema change on "trnm_command_receipts" (v4) starting execution...
I260828 12:03:11.444641 2700 sql/schema_changer.go:808  [T1,Vsystem,n1,job=SCHEMA CHANGE id=1205364953625559041,scExec,id=110] 457  schema change on "trnm_outbox" (v1) starting execution...
I260828 12:03:11.447505 2619 sql/schema_changer.go:1465  [T1,Vsystem,n1,job=SCHEMA CHANGE id=1205364953625722881,scExec,id=108] 458  waiting for a single version...
I260828 12:03:11.448141 2700 sql/schema_changer.go:555  [T1,Vsystem,n1,job=SCHEMA CHANGE id=1205364953625559041,scExec,id=110] 459  making table public
I260828 12:03:11.448994 2619 sql/catalog/lease/lease.go:550  [T1,Vsystem,n1,job=SCHEMA CHANGE id=1205364953625722881,scExec,id=108] 460  all leases have expired at 1787918591.447913169,0: desc=[{trnm_command_receipts 108 3}]
I260828 12:03:11.449034 2619 sql/schema_changer.go:1470  [T1,Vsystem,n1,job=SCHEMA CHANGE id=1205364953625722881,scExec,id=108] 461  waiting for a single version... done (at v 4), took 1.528612ms
I260828 12:03:11.449063 2619 jobs/registry.go:1679  [T1,Vsystem,n1,job=1205364953625722881] 462  SCHEMA CHANGE job 1205364953625722881: stepping through state succeeded
I260828 12:03:11.459572 2619 1@jobs/structured_log.go:48  [T1,Vsystem,n1,job=1205364953625722881] 463 ={"Timestamp":1787918591459570576,"EventType":"status_change","JobID":1205364953625722881,"JobType":"SCHEMA CHANGE","Description":"status changed to: succeeded","PreviousStatus":"running","NewStatus":"succeeded","RunNum":0}
I260828 12:03:11.461315 2700 sql/catalog/lease/lease.go:550  [T1,Vsystem,n1,job=SCHEMA CHANGE id=1205364953625559041,scExec,id=110] 464  all leases have expired at 1787918591.460402581,0: desc=[{trnm_outbox 110 1}]
I260828 12:03:11.461355 2700 sql/schema_changer.go:1465  [T1,Vsystem,n1,job=SCHEMA CHANGE id=1205364953625559041,scExec,id=110] 465  waiting for a single version...
I260828 12:03:11.462636 2700 sql/catalog/lease/lease.go:550  [T1,Vsystem,n1,job=SCHEMA CHANGE id=1205364953625559041,scExec,id=110] 466  all leases have expired at 1787918591.461751137,0: desc=[{trnm_outbox 110 1}]
I260828 12:03:11.462670 2700 sql/schema_changer.go:1470  [T1,Vsystem,n1,job=SCHEMA CHANGE id=1205364953625559041,scExec,id=110] 467  waiting for a single version... done (at v 2), took 1.314813ms
I260828 12:03:11.462686 2700 jobs/registry.go:1679  [T1,Vsystem,n1,job=1205364953625559041] 468  SCHEMA CHANGE job 1205364953625559041: stepping through state succeeded
I260828 12:03:11.471247 2700 1@jobs/structured_log.go:48  [T1,Vsystem,n1,job=1205364953625559041] 469 ={"Timestamp":1787918591471246052,"EventType":"status_change","JobID":1205364953625559041,"JobType":"SCHEMA CHANGE","Description":"status changed to: succeeded","PreviousStatus":"running","NewStatus":"succeeded","RunNum":0}
I260828 12:03:11.479591 2262 jobs/wait.go:148  [T1,Vsystem,n1,client=172.17.0.1:42180,hostnossl,user=root] 470  waited for 2 [1205364953625559041 1205364953625722881] queued jobs to complete 52.620898ms
I260828 12:03:11.485192 2262 sql/schemachanger/scbuild/event_log.go:61  [T1,Vsystem,n1,client=172.17.0.1:42180,hostnossl,user=root] 471  event logging for declarative schema change targets built for CREATE INDEX
I260828 12:03:11.485324 2262 sql/schemachanger/scplan/plan.go:95  [T1,Vsystem,n1,client=172.17.0.1:42180,hostnossl,user=root] 472  building declarative schema changer plan in StatementPhase (rollback=false) for CREATE INDEX
I260828 12:03:11.488490 2262 sql/schemachanger/scrun/scrun.go:186  [T1,Vsystem,n1,client=172.17.0.1:42180,hostnossl,user=root] 473  executing declarative schema change StatementPhase stage 1 of 1 with 11 MutationType ops (rollback=false) for CREATE INDEX
I260828 12:03:11.489842 2262 sql/schemachanger/scplan/plan.go:95  [T1,Vsystem,n1,client=172.17.0.1:42180,hostnossl,user=root] 474  building declarative schema changer plan in PreCommitPhase (rollback=false) for CREATE INDEX
I260828 12:03:11.492524 2262 sql/schemachanger/scrun/scrun.go:186  [T1,Vsystem,n1,client=172.17.0.1:42180,hostnossl,user=root] 475  executing declarative schema change PreCommitPhase stage 1 of 2 with 1 MutationType op (rollback=false) for CREATE INDEX
I260828 12:03:11.492566 2262 sql/schemachanger/scrun/scrun.go:186  [T1,Vsystem,n1,client=172.17.0.1:42180,hostnossl,user=root] 476  executing declarative schema change PreCommitPhase stage 2 of 2 with 15 MutationType ops (rollback=false) for CREATE INDEX
I260828 12:03:11.494293 2262 sql/index_split_scatter.go:126  [T1,Vsystem,n1,client=172.17.0.1:42180,hostnossl,user=root] 477  making a single split point in tableId=109 index=3
I260828 12:03:11.494721 2262 13@kv/kvserver/replica_command.go:481  [T1,Vsystem,n1,s1,r74/1:/{Table/72-Max},*kvpb.AdminSplitRequest] 478  initiating a split of this range at key /Table/109/3 [r75] (manual)
I260828 12:03:11.495515 2262 13@kv/kvserver/batcheval/cmd_end_transaction.go:1289  [T1,Vsystem,n1,s1,r74/1:/{Table/72-Max}] 479  falling back to accurate stats computation because there are no pre-split LHS stats (or they're empty)
I260828 12:03:11.496042 207 2@kv/kvserver/replica_proposal.go:620  [T1,Vsystem,n1,s1,r74/1:/{Table/72-Max},raft] 480  new range lease repl=(n1,s1):1 seq=1 start=0,0 epo=1 min-exp=0,0 pro=1787918586.379081321,0 acq=Request following repl=(n1,s1):1 seq=1 start=0,0 epo=1 min-exp=0,0 pro=1787918586.379081321,0 acq=Request
I260828 12:03:11.496675 2751 13@kv/kvserver/replicate_queue.go:784  [T1,Vsystem,n1,replicate,s1,r75/1:/{Table/109/3-Max}] 481  error processing replica: 0 of 1 live stores are able to take a new replica for the range (1 already has a voter, 0 already have a non-voter); likely not enough nodes in cluster
I260828 12:03:11.502191 2262 sql/index_split_scatter.go:126  [T1,Vsystem,n1,client=172.17.0.1:42180,hostnossl,user=root] 482  making a single split point in tableId=109 index=4
I260828 12:03:11.502266 2262 13@kv/kvserver/replica_command.go:481  [T1,Vsystem,n1,s1,r75/1:/{Table/109/3-Max},*kvpb.AdminSplitRequest] 483  initiating a split of this range at key /Table/109/4 [r76] (manual)
I260828 12:03:11.503024 2262 13@kv/kvserver/batcheval/cmd_end_transaction.go:1289  [T1,Vsystem,n1,s1,r75/1:/{Table/109/3-Max}] 484  falling back to accurate stats computation because there are no pre-split LHS stats (or they're empty)
I260828 12:03:11.503878 2813 13@kv/kvserver/replicate_queue.go:784  [T1,Vsystem,n1,replicate,s1,r76/1:/{Table/109/4-Max}] 485  error processing replica: 0 of 1 live stores are able to take a new replica for the range (1 already has a voter, 0 already have a non-voter); likely not enough nodes in cluster
I260828 12:03:11.508631 2262 sql/conn_executor_ddl.go:121  [T1,Vsystem,n1,client=172.17.0.1:42180,hostnossl,user=root] 486  queued new schema change job 1205364953869058049 using the new schema changer
I260828 12:03:11.510786 2262 5@util/log/event_log.go:39  [T1,Vsystem,n1,client=172.17.0.1:42180,hostnossl,user=root] 487 ={"Timestamp":1787918591482008893,"EventType":"create_index","Statement":"CREATE INDEX IF NOT EXISTS trnm_events_by_command_idx ON trnm.public.trnm_events (tenant_id, entity_id, command_id, sequence)","Tag":"CREATE INDEX","User":"root","DescriptorID":109,"TableName":"trnm.public.trnm_events","IndexName":"trnm_events_by_command_idx","MutationID":1}
I260828 12:03:11.510929 2262 jobs/wait.go:56  [T1,Vsystem,n1,client=172.17.0.1:42180,hostnossl,user=root] 488  waiting for 1 [1205364953869058049] queued jobs to complete
I260828 12:03:11.510994 2905 jobs/adopt.go:224  [T1,Vsystem,n1,client=172.17.0.1:42180,hostnossl,user=root,job=1205364953869058049] 489  job 1205364953869058049: resuming execution
I260828 12:03:11.518404 2917 jobs/registry.go:1679  [T1,Vsystem,n1,job=1205364953869058049] 490  NEW SCHEMA CHANGE job 1205364953869058049: stepping through state running
I260828 12:03:11.526237 2917 1@jobs/structured_log.go:48  [T1,Vsystem,n1,job=1205364953869058049] 491 ={"Timestamp":1787918591526235810,"EventType":"status_change","JobID":1205364953869058049,"JobType":"NEW SCHEMA CHANGE","Description":"status changed to: running","PreviousStatus":"running","NewStatus":"running","RunNum":0}
I260828 12:03:11.534106 2917 sql/schemachanger/scrun/scrun.go:315  [T1,Vsystem,n1,job=NEW SCHEMA CHANGE id=1205364953869058049] 492  rebuilding declarative schema change state from descriptors [109]
I260828 12:03:11.534294 2917 sql/schemachanger/scplan/plan.go:95  [T1,Vsystem,n1,job=NEW SCHEMA CHANGE id=1205364953869058049] 493  building declarative schema changer plan in PostCommitPhase (rollback=false) for CREATE INDEX
I260828 12:03:11.537537 2917 sql/schemachanger/scrun/scrun.go:186  [T1,Vsystem,n1,job=NEW SCHEMA CHANGE id=1205364953869058049] 494  executing declarative schema change PostCommitPhase stage 1 of 7 with 3 MutationType ops (rollback=false) for CREATE INDEX
I260828 12:03:11.553025 2917 sql/catalog/lease/lease.go:550  [T1,Vsystem,n1,job=NEW SCHEMA CHANGE id=1205364953869058049] 495  all leases have expired at 1787918591.552054850,0: desc=[{trnm_events 109 3}]
I260828 12:03:11.553172 2917 sql/schemachanger/scrun/scrun.go:186  [T1,Vsystem,n1,job=NEW SCHEMA CHANGE id=1205364953869058049] 496  executing declarative schema change PostCommitPhase stage 2 of 7 with 1 BackfillType op (rollback=false) for CREATE INDEX
I260828 12:03:11.554764 2917 sql/schemachanger/scexec/backfiller/tracker.go:258  [T1,Vsystem,n1,job=NEW SCHEMA CHANGE id=1205364953869058049] 497  writing 1 backfill checkpoints and 0 merge checkpoints
I260828 12:03:11.561821 2917 sql/schemachanger/scexec/backfiller/tracker.go:227  [T1,Vsystem,n1,job=NEW SCHEMA CHANGE id=1205364953869058049] 498  backfill fraction completed is 1.000 / 1.000
I260828 12:03:11.568932 2917 sql/schemachanger/scexec/backfiller/tracker.go:258  [T1,Vsystem,n1,job=NEW SCHEMA CHANGE id=1205364953869058049] 499  writing 1 backfill checkpoints and 0 merge checkpoints
I260828 12:03:11.577519 2917 sql/schemachanger/scrun/scrun.go:186  [T1,Vsystem,n1,job=NEW SCHEMA CHANGE id=1205364953869058049] 500  executing declarative schema change PostCommitPhase stage 3 of 7 with 3 MutationType ops (rollback=false) for CREATE INDEX
I260828 12:03:11.592997 2917 sql/catalog/lease/lease.go:550  [T1,Vsystem,n1,job=NEW SCHEMA CHANGE id=1205364953869058049] 501  all leases have expired at 1787918591.592062818,0: desc=[{trnm_events 109 4}]
I260828 12:03:11.593144 2917 sql/schemachanger/scrun/scrun.go:186  [T1,Vsystem,n1,job=NEW SCHEMA CHANGE id=1205364953869058049] 502  executing declarative schema change PostCommitPhase stage 4 of 7 with 3 MutationType ops (rollback=false) for CREATE INDEX
I260828 12:03:11.608124 2917 sql/catalog/lease/lease.go:550  [T1,Vsystem,n1,job=NEW SCHEMA CHANGE id=1205364953869058049] 503  all leases have expired at 1787918591.607187527,0: desc=[{trnm_events 109 5}]
I260828 12:03:11.608238 2917 sql/schemachanger/scrun/scrun.go:186  [T1,Vsystem,n1,job=NEW SCHEMA CHANGE id=1205364953869058049] 504  executing declarative schema change PostCommitPhase stage 5 of 7 with 1 BackfillType op (rollback=false) for CREATE INDEX
I260828 12:03:11.609704 3053 sql/backfill.go:2994  [T1,Vsystem,n1,job=NEW SCHEMA CHANGE id=1205364953869058049] 505  merging all keys in temporary index before time 1787918592.109693650,0
I260828 12:03:12.110541 2917 sql/schemachanger/scrun/scrun.go:186  [T1,Vsystem,n1,job=NEW SCHEMA CHANGE id=1205364953869058049] 506  executing declarative schema change PostCommitPhase stage 6 of 7 with 4 MutationType ops (rollback=false) for CREATE INDEX
I260828 12:03:12.127214 2917 sql/catalog/lease/lease.go:550  [T1,Vsystem,n1,job=NEW SCHEMA CHANGE id=1205364953869058049] 507  all leases have expired at 1787918592.126256846,0: desc=[{trnm_events 109 6}]
I260828 12:03:12.127365 2917 sql/schemachanger/scrun/scrun.go:186  [T1,Vsystem,n1,job=NEW SCHEMA CHANGE id=1205364953869058049] 508  executing declarative schema change PostCommitPhase stage 7 of 7 with 1 ValidationType op (rollback=false) for CREATE INDEX
I260828 12:03:12.130704 3023 sql/backfill.go:1892  [T1,Vsystem,n1,job=NEW SCHEMA CHANGE id=1205364953869058049] 509  validation: index trnm_events/trnm_events_by_command_idx row count = 0, time so far 1.792043ms
I260828 12:03:12.131018 3024 sql/backfill.go:1947  [T1,Vsystem,n1,job=NEW SCHEMA CHANGE id=1205364953869058049] 510  validation: table trnm_events row count = 0, took 2.124974ms
I260828 12:03:12.131182 2917 sql/schemachanger/scrun/scrun.go:186  [T1,Vsystem,n1,job=NEW SCHEMA CHANGE id=1205364953869058049] 511  executing declarative schema change PostCommitNonRevertiblePhase stage 1 of 1 with 10 MutationType ops (rollback=false) for CREATE INDEX
I260828 12:03:12.163426 2917 5@util/log/event_log.go:39  [T1,Vsystem,n1,job=NEW SCHEMA CHANGE id=1205364953869058049] 512 ={"Timestamp":1787918592131099965,"EventType":"finish_schema_change","InstanceID":1,"DescriptorID":109,"LatencyNanos":641252948}
I260828 12:03:12.165368 2917 sql/catalog/lease/lease.go:550  [T1,Vsystem,n1,job=NEW SCHEMA CHANGE id=1205364953869058049] 513  all leases have expired at 1787918592.164223413,0: desc=[{trnm_events 109 7}]
I260828 12:03:12.165575 3202 jobs/adopt.go:224  [T1,Vsystem,n1,job=1205364955983085569] 514  job 1205364955983085569: resuming execution
I260828 12:03:12.166745 2917 jobs/registry.go:1679  [T1,Vsystem,n1,job=1205364953869058049] 515  NEW SCHEMA CHANGE job 1205364953869058049: stepping through state succeeded
I260828 12:03:12.170985 3206 jobs/registry.go:1679  [T1,Vsystem,n1,job=1205364955983085569] 516  SCHEMA CHANGE GC job 1205364955983085569: stepping through state running
I260828 12:03:12.176917 3206 1@jobs/structured_log.go:48  [T1,Vsystem,n1,job=1205364955983085569] 517 ={"Timestamp":1787918592176914993,"EventType":"status_change","JobID":1205364955983085569,"JobType":"SCHEMA CHANGE GC","Description":"status changed to: running","PreviousStatus":"running","NewStatus":"running","RunNum":0}
I260828 12:03:12.178530 2917 1@jobs/structured_log.go:48  [T1,Vsystem,n1,job=1205364953869058049] 518 ={"Timestamp":1787918592178528906,"EventType":"status_change","JobID":1205364953869058049,"JobType":"NEW SCHEMA CHANGE","Description":"status changed to: succeeded","PreviousStatus":"running","NewStatus":"succeeded","RunNum":0}
I260828 12:03:12.185975 2262 jobs/wait.go:148  [T1,Vsystem,n1,client=172.17.0.1:42180,hostnossl,user=root] 519  waited for 1 [1205364953869058049] queued jobs to complete 675.010379ms
I260828 12:03:12.192950 2262 sql/schemachanger/scbuild/event_log.go:61  [T1,Vsystem,n1,client=172.17.0.1:42180,hostnossl,user=root] 520  event logging for declarative schema change targets built for CREATE INDEX
I260828 12:03:12.193084 2262 sql/schemachanger/scplan/plan.go:95  [T1,Vsystem,n1,client=172.17.0.1:42180,hostnossl,user=root] 521  building declarative schema changer plan in StatementPhase (rollback=false) for CREATE INDEX
I260828 12:03:12.196621 2262 sql/schemachanger/scrun/scrun.go:186  [T1,Vsystem,n1,client=172.17.0.1:42180,hostnossl,user=root] 522  executing declarative schema change StatementPhase stage 1 of 1 with 11 MutationType ops (rollback=false) for CREATE INDEX
I260828 12:03:12.200414 3206 sql/gcjob/gc_job_utils.go:273  [T1,Vsystem,n1,job=SCHEMA CHANGE GC id=1205364955983085569] 523  updated progress status: waiting for GC TTL, payload: indexes:<index_id:4 > ranges_unsplit_done:true 
I260828 12:03:12.205223 2262 sql/schemachanger/scplan/plan.go:95  [T1,Vsystem,n1,client=172.17.0.1:42180,hostnossl,user=root] 524  building declarative schema changer plan in PreCommitPhase (rollback=false) for CREATE INDEX
I260828 12:03:12.208414 2262 sql/schemachanger/scrun/scrun.go:186  [T1,Vsystem,n1,client=172.17.0.1:42180,hostnossl,user=root] 525  executing declarative schema change PreCommitPhase stage 1 of 2 with 1 MutationType op (rollback=false) for CREATE INDEX
I260828 12:03:12.208480 2262 sql/schemachanger/scrun/scrun.go:186  [T1,Vsystem,n1,client=172.17.0.1:42180,hostnossl,user=root] 526  executing declarative schema change PreCommitPhase stage 2 of 2 with 15 MutationType ops (rollback=false) for CREATE INDEX
I260828 12:03:12.211120 3206 sql/gcjob/gc_job_utils.go:273  [T1,Vsystem,n1,job=SCHEMA CHANGE GC id=1205364955983085569] 527  updated progress status: deleting data, payload: indexes:<index_id:4 > ranges_unsplit_done:true 
I260828 12:03:12.211181 3206 sql/schema_changer.go:1465  [T1,Vsystem,n1,job=SCHEMA CHANGE GC id=1205364955983085569] 528  waiting for a single version...
I260828 12:03:12.213010 3206 sql/catalog/lease/lease.go:550  [T1,Vsystem,n1,job=SCHEMA CHANGE GC id=1205364955983085569] 529  all leases have expired at 1787918592.211646776,0: desc=[{trnm_events 109 7}]
I260828 12:03:12.213059 3206 sql/schema_changer.go:1470  [T1,Vsystem,n1,job=SCHEMA CHANGE GC id=1205364955983085569] 530  waiting for a single version... done (at v 8), took 1.877383ms
I260828 12:03:12.213081 3206 sql/gcjob/index_garbage_collection.go:165  [T1,Vsystem,n1,job=SCHEMA CHANGE GC id=1205364955983085569] 531  clearing index 4 from table 109
I260828 12:03:12.213384 3206 sql/gcjob/gc_job_utils.go:53  [T1,Vsystem,n1,job=SCHEMA CHANGE GC id=1205364955983085569] 532  marked index 4 as GC'd
I260828 12:03:12.215290 2262 sql/index_split_scatter.go:126  [T1,Vsystem,n1,client=172.17.0.1:42180,hostnossl,user=root] 533  making a single split point in tableId=110 index=2
I260828 12:03:12.215385 2262 13@kv/kvserver/replica_command.go:481  [T1,Vsystem,n1,s1,r76/1:/{Table/109/4-Max},*kvpb.AdminSplitRequest] 534  initiating a split of this range at key /Table/110/2 [r77] (manual)
I260828 12:03:12.216358 2262 13@kv/kvserver/batcheval/cmd_end_transaction.go:1289  [T1,Vsystem,n1,s1,r76/1:/{Table/109/4-Max}] 535  falling back to accurate stats computation because there are no pre-split LHS stats (or they're empty)
I260828 12:03:12.217361 3325 13@kv/kvserver/replicate_queue.go:784  [T1,Vsystem,n1,replicate,s1,r77/1:/{Table/110/2-Max}] 536  error processing replica: 0 of 1 live stores are able to take a new replica for the range (1 already has a voter, 0 already have a non-voter); likely not enough nodes in cluster
I260828 12:03:12.221202 3206 sql/gcjob/gc_job_utils.go:273  [T1,Vsystem,n1,job=SCHEMA CHANGE GC id=1205364955983085569] 537  updated progress status: waiting for MVCC GC, payload: indexes:<index_id:4 status:WAITING_FOR_MVCC_GC > ranges_unsplit_done:true 
I260828 12:03:12.222966 2262 sql/index_split_scatter.go:126  [T1,Vsystem,n1,client=172.17.0.1:42180,hostnossl,user=root] 538  making a single split point in tableId=110 index=3
I260828 12:03:12.223045 2262 13@kv/kvserver/replica_command.go:481  [T1,Vsystem,n1,s1,r77/1:/{Table/110/2-Max},*kvpb.AdminSplitRequest] 539  initiating a split of this range at key /Table/110/3 [r78] (manual)
I260828 12:03:12.223776 2262 13@kv/kvserver/batcheval/cmd_end_transaction.go:1289  [T1,Vsystem,n1,s1,r77/1:/{Table/110/2-Max}] 540  falling back to accurate stats computation because there are no pre-split LHS stats (or they're empty)
I260828 12:03:12.224747 3328 13@kv/kvserver/replicate_queue.go:784  [T1,Vsystem,n1,replicate,s1,r78/1:/{Table/110/3-Max}] 541  error processing replica: 0 of 1 live stores are able to take a new replica for the range (1 already has a voter, 0 already have a non-voter); likely not enough nodes in cluster
I260828 12:03:12.229623 2262 sql/conn_executor_ddl.go:121  [T1,Vsystem,n1,client=172.17.0.1:42180,hostnossl,user=root] 542  queued new schema change job 1205364956189360129 using the new schema changer
I260828 12:03:12.233049 2262 5@util/log/event_log.go:39  [T1,Vsystem,n1,client=172.17.0.1:42180,hostnossl,user=root] 543 ={"Timestamp":1787918592186741527,"EventType":"create_index","Statement":"CREATE INDEX IF NOT EXISTS trnm_outbox_by_command_idx ON trnm.public.trnm_outbox (tenant_id, entity_id, command_id, intent_id)","Tag":"CREATE INDEX","User":"root","DescriptorID":110,"TableName":"trnm.public.trnm_outbox","IndexName":"trnm_outbox_by_command_idx","MutationID":1}
I260828 12:03:12.233212 2262 jobs/wait.go:56  [T1,Vsystem,n1,client=172.17.0.1:42180,hostnossl,user=root] 544  waiting for 1 [1205364956189360129] queued jobs to complete
I260828 12:03:12.233315 3386 jobs/adopt.go:224  [T1,Vsystem,n1,client=172.17.0.1:42180,hostnossl,user=root,job=1205364956189360129] 545  job 1205364956189360129: resuming execution
I260828 12:03:12.240723 3390 jobs/registry.go:1679  [T1,Vsystem,n1,job=1205364956189360129] 546  NEW SCHEMA CHANGE job 1205364956189360129: stepping through state running
I260828 12:03:12.248764 3390 1@jobs/structured_log.go:48  [T1,Vsystem,n1,job=1205364956189360129] 547 ={"Timestamp":1787918592248762563,"EventType":"status_change","JobID":1205364956189360129,"JobType":"NEW SCHEMA CHANGE","Description":"status changed to: running","PreviousStatus":"running","NewStatus":"running","RunNum":0}
I260828 12:03:12.257807 3390 sql/schemachanger/scrun/scrun.go:315  [T1,Vsystem,n1,job=NEW SCHEMA CHANGE id=1205364956189360129] 548  rebuilding declarative schema change state from descriptors [110]
I260828 12:03:12.258007 3390 sql/schemachanger/scplan/plan.go:95  [T1,Vsystem,n1,job=NEW SCHEMA CHANGE id=1205364956189360129] 549  building declarative schema changer plan in PostCommitPhase (rollback=false) for CREATE INDEX
I260828 12:03:12.261340 3390 sql/schemachanger/scrun/scrun.go:186  [T1,Vsystem,n1,job=NEW SCHEMA CHANGE id=1205364956189360129] 550  executing declarative schema change PostCommitPhase stage 1 of 7 with 3 MutationType ops (rollback=false) for CREATE INDEX
I260828 12:03:12.283384 3390 sql/catalog/lease/lease.go:550  [T1,Vsystem,n1,job=NEW SCHEMA CHANGE id=1205364956189360129] 551  all leases have expired at 1787918592.282304524,0: desc=[{trnm_outbox 110 3}]
I260828 12:03:12.283561 3390 sql/schemachanger/scrun/scrun.go:186  [T1,Vsystem,n1,job=NEW SCHEMA CHANGE id=1205364956189360129] 552  executing declarative schema change PostCommitPhase stage 2 of 7 with 1 BackfillType op (rollback=false) for CREATE INDEX
I260828 12:03:12.286300 3390 sql/schemachanger/scexec/backfiller/tracker.go:258  [T1,Vsystem,n1,job=NEW SCHEMA CHANGE id=1205364956189360129] 553  writing 1 backfill checkpoints and 0 merge checkpoints
I260828 12:03:12.292549 3390 sql/schemachanger/scexec/backfiller/tracker.go:227  [T1,Vsystem,n1,job=NEW SCHEMA CHANGE id=1205364956189360129] 554  backfill fraction completed is 1.000 / 1.000
I260828 12:03:12.299852 3390 sql/schemachanger/scexec/backfiller/tracker.go:258  [T1,Vsystem,n1,job=NEW SCHEMA CHANGE id=1205364956189360129] 555  writing 1 backfill checkpoints and 0 merge checkpoints
I260828 12:03:12.308488 3390 sql/schemachanger/scrun/scrun.go:186  [T1,Vsystem,n1,job=NEW SCHEMA CHANGE id=1205364956189360129] 556  executing declarative schema change PostCommitPhase stage 3 of 7 with 3 MutationType ops (rollback=false) for CREATE INDEX
I260828 12:03:12.330243 3390 sql/catalog/lease/lease.go:550  [T1,Vsystem,n1,job=NEW SCHEMA CHANGE id=1205364956189360129] 557  all leases have expired at 1787918592.329183079,0: desc=[{trnm_outbox 110 4}]
I260828 12:03:12.330426 3390 sql/schemachanger/scrun/scrun.go:186  [T1,Vsystem,n1,job=NEW SCHEMA CHANGE id=1205364956189360129] 558  executing declarative schema change PostCommitPhase stage 4 of 7 with 3 MutationType ops (rollback=false) for CREATE INDEX
I260828 12:03:12.345298 1212 13@spanconfig/spanconfigstore/store.go:364  [T1,Vsystem,n1,job=AUTO SPAN CONFIG RECONCILIATION id=1205364937180479489] 559  changing the spanconfig for span:/Table/1{6-7} from:{RangeMinBytes:134217728 RangeMaxBytes:536870912 GCPolicy:{TTLSeconds:14400 ProtectionPolicies:[] IgnoreStrictEnforcement:false} GlobalReads:false NumReplicas:5 NumVoters:0 Constraints:[] VoterConstraints:[] LeasePreferences:[] RangefeedEnabled:false ExcludeDataFromBackup:false} to:{RangeMinBytes:134217728 RangeMaxBytes:536870912 GCPolicy:{TTLSeconds:14400 ProtectionPolicies:[] IgnoreStrictEnforcement:false} GlobalReads:false NumReplicas:1 NumVoters:0 Constraints:[] VoterConstraints:[] LeasePreferences:[] RangefeedEnabled:false ExcludeDataFromBackup:false}
I260828 12:03:12.345390 1212 13@spanconfig/spanconfigstore/store.go:364  [T1,Vsystem,n1,job=AUTO SPAN CONFIG RECONCILIATION id=1205364937180479489] 560  changing the spanconfig for span:/Table/1{7-8} from:{RangeMinBytes:134217728 RangeMaxBytes:536870912 GCPolicy:{TTLSeconds:14400 ProtectionPolicies:[] IgnoreStrictEnforcement:false} GlobalReads:false NumReplicas:5 NumVoters:0 Constraints:[] VoterConstraints:[] LeasePreferences:[] RangefeedEnabled:false ExcludeDataFromBackup:false} to:{RangeMinBytes:134217728 RangeMaxBytes:536870912 GCPolicy:{TTLSeconds:14400 ProtectionPolicies:[] IgnoreStrictEnforcement:false} GlobalReads:false NumReplicas:1 NumVoters:0 Constraints:[] VoterConstraints:[] LeasePreferences:[] RangefeedEnabled:false ExcludeDataFromBackup:false}
I260828 12:03:12.345535 1212 13@spanconfig/spanconfigstore/store.go:364  [T1,Vsystem,n1,job=AUTO SPAN CONFIG RECONCILIATION id=1205364937180479489] 561  changing the spanconfig for span:/Table/1{8-9} from:{RangeMinBytes:134217728 RangeMaxBytes:536870912 GCPolicy:{TTLSeconds:14400 ProtectionPolicies:[] IgnoreStrictEnforcement:false} GlobalReads:false NumReplicas:5 NumVoters:0 Constraints:[] VoterConstraints:[] LeasePreferences:[] RangefeedEnabled:false ExcludeDataFromBackup:false} to:{RangeMinBytes:134217728 RangeMaxBytes:536870912 GCPolicy:{TTLSeconds:14400 ProtectionPolicies:[] IgnoreStrictEnforcement:false} GlobalReads:false NumReplicas:1 NumVoters:0 Constraints:[] VoterConstraints:[] LeasePreferences:[] RangefeedEnabled:false ExcludeDataFromBackup:false}
I260828 12:03:12.345626 1212 13@spanconfig/spanconfigstore/store.go:364  [T1,Vsystem,n1,job=AUTO SPAN CONFIG RECONCILIATION id=1205364937180479489] 562  changing the spanconfig for span:/Table/2{2-3} from:{RangeMinBytes:134217728 RangeMaxBytes:536870912 GCPolicy:{TTLSeconds:14400 ProtectionPolicies:[] IgnoreStrictEnforcement:false} GlobalReads:false NumReplicas:5 NumVoters:0 Constraints:[] VoterConstraints:[] LeasePreferences:[] RangefeedEnabled:false ExcludeDataFromBackup:false} to:{RangeMinBytes:134217728 RangeMaxBytes:536870912 GCPolicy:{TTLSeconds:14400 ProtectionPolicies:[] IgnoreStrictEnforcement:false} GlobalReads:false NumReplicas:1 NumVoters:0 Constraints:[] VoterConstraints:[] LeasePreferences:[] RangefeedEnabled:false ExcludeDataFromBackup:false}
I260828 12:03:12.345727 1212 13@spanconfig/spanconfigstore/store.go:364  [T1,Vsystem,n1,job=AUTO SPAN CONFIG RECONCILIATION id=1205364937180479489] 563  changing the spanconfig for span:/{Table/29-NamespaceTable/30} from:{RangeMinBytes:134217728 RangeMaxBytes:536870912 GCPolicy:{TTLSeconds:14400 ProtectionPolicies:[] IgnoreStrictEnforcement:false} GlobalReads:false NumReplicas:5 NumVoters:0 Constraints:[] VoterConstraints:[] LeasePreferences:[] RangefeedEnabled:false ExcludeDataFromBackup:false} to:{RangeMinBytes:134217728 RangeMaxBytes:536870912 GCPolicy:{TTLSeconds:14400 ProtectionPolicies:[] IgnoreStrictEnforcement:false} GlobalReads:false NumReplicas:1 NumVoters:0 Constraints:[] VoterConstraints:[] LeasePreferences:[] RangefeedEnabled:false ExcludeDataFromBackup:false}
I260828 12:03:12.345850 1212 13@spanconfig/spanconfigstore/store.go:364  [T1,Vsystem,n1,job=AUTO SPAN CONFIG RECONCILIATION id=1205364937180479489] 564  changing the spanconfig for span:/Table/3{8-9} from:{RangeMinBytes:134217728 RangeMaxBytes:536870912 GCPolicy:{TTLSeconds:14400 ProtectionPolicies:[] IgnoreStrictEnforcement:false} GlobalReads:false NumReplicas:5 NumVoters:0 Constraints:[] VoterConstraints:[] LeasePreferences:[] RangefeedEnabled:false ExcludeDataFromBackup:false} to:{RangeMinBytes:134217728 RangeMaxBytes:536870912 GCPolicy:{TTLSeconds:14400 ProtectionPolicies:[] IgnoreStrictEnforcement:false} GlobalReads:false NumReplicas:1 NumVoters:0 Constraints:[] VoterConstraints:[] LeasePreferences:[] RangefeedEnabled:false ExcludeDataFromBackup:false}
I260828 12:03:12.345911 1212 13@spanconfig/spanconfigstore/store.go:364  [T1,Vsystem,n1,job=AUTO SPAN CONFIG RECONCILIATION id=1205364937180479489] 565  changing the spanconfig for span:/Table/{0-4} from:{RangeMinBytes:134217728 RangeMaxBytes:536870912 GCPolicy:{TTLSeconds:14400 ProtectionPolicies:[] IgnoreStrictEnforcement:true} GlobalReads:false NumReplicas:5 NumVoters:0 Constraints:[] VoterConstraints:[] LeasePreferences:[] RangefeedEnabled:true ExcludeDataFromBackup:false} to:{RangeMinBytes:134217728 RangeMaxBytes:536870912 GCPolicy:{TTLSeconds:14400 ProtectionPolicies:[] IgnoreStrictEnforcement:true} GlobalReads:false NumReplicas:1 NumVoters:0 Constraints:[] VoterConstraints:[] LeasePreferences:[] RangefeedEnabled:true ExcludeDataFromBackup:false}
I260828 12:03:12.346015 1212 13@spanconfig/spanconfigstore/store.go:364  [T1,Vsystem,n1,job=AUTO SPAN CONFIG RECONCILIATION id=1205364937180479489] 566  changing the spanconfig for span:/Table/{4-5} from:{RangeMinBytes:134217728 RangeMaxBytes:536870912 GCPolicy:{TTLSeconds:14400 ProtectionPolicies:[] IgnoreStrictEnforcement:true} GlobalReads:false NumReplicas:5 NumVoters:0 Constraints:[] VoterConstraints:[] LeasePreferences:[] RangefeedEnabled:true ExcludeDataFromBackup:false} to:{RangeMinBytes:134217728 RangeMaxBytes:536870912 GCPolicy:{TTLSeconds:14400 ProtectionPolicies:[] IgnoreStrictEnforcement:true} GlobalReads:false NumReplicas:1 NumVoters:0 Constraints:[] VoterConstraints:[] LeasePreferences:[] RangefeedEnabled:true ExcludeDataFromBackup:false}
I260828 12:03:12.346110 1212 13@spanconfig/spanconfigstore/store.go:364  [T1,Vsystem,n1,job=AUTO SPAN CONFIG RECONCILIATION id=1205364937180479489] 567  changing the spanconfig for span:/Table/{5-6} from:{RangeMinBytes:134217728 RangeMaxBytes:536870912 GCPolicy:{TTLSeconds:14400 ProtectionPolicies:[] IgnoreStrictEnforcement:true} GlobalReads:false NumReplicas:5 NumVoters:0 Constraints:[] VoterConstraints:[] LeasePreferences:[] RangefeedEnabled:true ExcludeDataFromBackup:false} to:{RangeMinBytes:134217728 RangeMaxBytes:536870912 GCPolicy:{TTLSeconds:14400 ProtectionPolicies:[] IgnoreStrictEnforcement:true} GlobalReads:false NumReplicas:1 NumVoters:0 Constraints:[] VoterConstraints:[] LeasePreferences:[] RangefeedEnabled:true ExcludeDataFromBackup:false}
I260828 12:03:12.346193 1212 13@spanconfig/spanconfigstore/store.go:364  [T1,Vsystem,n1,job=AUTO SPAN CONFIG RECONCILIATION id=1205364937180479489] 568  changing the spanconfig for span:/Table/{6-7} from:{RangeMinBytes:134217728 RangeMaxBytes:536870912 GCPolicy:{TTLSeconds:14400 ProtectionPolicies:[] IgnoreStrictEnforcement:true} GlobalReads:false NumReplicas:5 NumVoters:0 Constraints:[] VoterConstraints:[] LeasePreferences:[] RangefeedEnabled:true ExcludeDataFromBackup:false} to:{RangeMinBytes:134217728 RangeMaxBytes:536870912 GCPolicy:{TTLSeconds:14400 ProtectionPolicies:[] IgnoreStrictEnforcement:true} GlobalReads:false NumReplicas:1 NumVoters:0 Constraints:[] VoterConstraints:[] LeasePreferences:[] RangefeedEnabled:true ExcludeDataFromBackup:false}
I260828 12:03:12.346278 1212 13@spanconfig/spanconfigstore/store.go:364  [T1,Vsystem,n1,job=AUTO SPAN CONFIG RECONCILIATION id=1205364937180479489] 569  changing the spanconfig for span:/Table/{7-8} from:{RangeMinBytes:134217728 RangeMaxBytes:536870912 GCPolicy:{TTLSeconds:14400 ProtectionPolicies:[] IgnoreStrictEnforcement:true} GlobalReads:false NumReplicas:5 NumVoters:0 Constraints:[] VoterConstraints:[] LeasePreferences:[] RangefeedEnabled:true ExcludeDataFromBackup:false} to:{RangeMinBytes:134217728 RangeMaxBytes:536870912 GCPolicy:{TTLSeconds:14400 ProtectionPolicies:[] IgnoreStrictEnforcement:true} GlobalReads:false NumReplicas:1 NumVoters:0 Constraints:[] VoterConstraints:[] LeasePreferences:[] RangefeedEnabled:true ExcludeDataFromBackup:false}
I260828 12:03:12.346373 1212 13@spanconfig/spanconfigstore/store.go:364  [T1,Vsystem,n1,job=AUTO SPAN CONFIG RECONCILIATION id=1205364937180479489] 570  changing the spanconfig for span:/Table/{8-9} from:{RangeMinBytes:134217728 RangeMaxBytes:536870912 GCPolicy:{TTLSeconds:14400 ProtectionPolicies:[] IgnoreStrictEnforcement:true} GlobalReads:false NumReplicas:5 NumVoters:0 Constraints:[] VoterConstraints:[] LeasePreferences:[] RangefeedEnabled:true ExcludeDataFromBackup:false} to:{RangeMinBytes:134217728 RangeMaxBytes:536870912 GCPolicy:{TTLSeconds:14400 ProtectionPolicies:[] IgnoreStrictEnforcement:true} GlobalReads:false NumReplicas:1 NumVoters:0 Constraints:[] VoterConstraints:[] LeasePreferences:[] RangefeedEnabled:true ExcludeDataFromBackup:false}
I260828 12:03:12.346507 1212 13@spanconfig/spanconfigstore/store.go:364  [T1,Vsystem,n1,job=AUTO SPAN CONFIG RECONCILIATION id=1205364937180479489] 571  changing the spanconfig for span:/Table/{9-10} from:{RangeMinBytes:134217728 RangeMaxBytes:536870912 GCPolicy:{TTLSeconds:14400 ProtectionPolicies:[] IgnoreStrictEnforcement:true} GlobalReads:false NumReplicas:5 NumVoters:0 Constraints:[] VoterConstraints:[] LeasePreferences:[] RangefeedEnabled:true ExcludeDataFromBackup:false} to:{RangeMinBytes:134217728 RangeMaxBytes:536870912 GCPolicy:{TTLSeconds:14400 ProtectionPolicies:[] IgnoreStrictEnforcement:true} GlobalReads:false NumReplicas:1 NumVoters:0 Constraints:[] VoterConstraints:[] LeasePreferences:[] RangefeedEnabled:true ExcludeDataFromBackup:false}
I260828 12:03:12.346607 1212 13@spanconfig/spanconfigstore/store.go:364  [T1,Vsystem,n1,job=AUTO SPAN CONFIG RECONCILIATION id=1205364937180479489] 572  changing the spanconfig for span:/Table/1{1-2} from:{RangeMinBytes:134217728 RangeMaxBytes:536870912 GCPolicy:{TTLSeconds:600 ProtectionPolicies:[] IgnoreStrictEnforcement:true} GlobalReads:false NumReplicas:5 NumVoters:0 Constraints:[] VoterConstraints:[] LeasePreferences:[] RangefeedEnabled:true ExcludeDataFromBackup:true} to:{RangeMinBytes:134217728 RangeMaxBytes:536870912 GCPolicy:{TTLSeconds:600 ProtectionPolicies:[] IgnoreStrictEnforcement:true} GlobalReads:false NumReplicas:1 NumVoters:0 Constraints:[] VoterConstraints:[] LeasePreferences:[] RangefeedEnabled:true ExcludeDataFromBackup:true}
I260828 12:03:12.346702 1212 13@spanconfig/spanconfigstore/store.go:364  [T1,Vsystem,n1,job=AUTO SPAN CONFIG RECONCILIATION id=1205364937180479489] 573  changing the spanconfig for span:/Table/1{2-3} from:{RangeMinBytes:134217728 RangeMaxBytes:536870912 GCPolicy:{TTLSeconds:14400 ProtectionPolicies:[] IgnoreStrictEnforcement:true} GlobalReads:false NumReplicas:5 NumVoters:0 Constraints:[] VoterConstraints:[] LeasePreferences:[] RangefeedEnabled:true ExcludeDataFromBackup:false} to:{RangeMinBytes:134217728 RangeMaxBytes:536870912 GCPolicy:{TTLSeconds:14400 ProtectionPolicies:[] IgnoreStrictEnforcement:true} GlobalReads:false NumReplicas:1 NumVoters:0 Constraints:[] VoterConstraints:[] LeasePreferences:[] RangefeedEnabled:true ExcludeDataFromBackup:false}
I260828 12:03:12.346813 1212 13@spanconfig/spanconfigstore/store.go:364  [T1,Vsystem,n1,job=AUTO SPAN CONFIG RECONCILIATION id=1205364937180479489] 574  changing the spanconfig for span:/Table/1{3-4} from:{RangeMinBytes:134217728 RangeMaxBytes:536870912 GCPolicy:{TTLSeconds:14400 ProtectionPolicies:[] IgnoreStrictEnforcement:true} GlobalReads:false NumReplicas:5 NumVoters:0 Constraints:[] VoterConstraints:[] LeasePreferences:[] RangefeedEnabled:true ExcludeDataFromBackup:false} to:{RangeMinBytes:134217728 RangeMaxBytes:536870912 GCPolicy:{TTLSeconds:14400 ProtectionPolicies:[] IgnoreStrictEnforcement:true} GlobalReads:false NumReplicas:1 NumVoters:0 Constraints:[] VoterConstraints:[] LeasePreferences:[] RangefeedEnabled:true ExcludeDataFromBackup:false}
I260828 12:03:12.346891 1212 13@spanconfig/spanconfigstore/store.go:364  [T1,Vsystem,n1,job=AUTO SPAN CONFIG RECONCILIATION id=1205364937180479489] 575  changing the spanconfig for span:/Table/1{4-5} from:{RangeMinBytes:134217728 RangeMaxBytes:536870912 GCPolicy:{TTLSeconds:14400 ProtectionPolicies:[] IgnoreStrictEnforcement:true} GlobalReads:false NumReplicas:5 NumVoters:0 Constraints:[] VoterConstraints:[] LeasePreferences:[] RangefeedEnabled:true ExcludeDataFromBackup:false} to:{RangeMinBytes:134217728 RangeMaxBytes:536870912 GCPolicy:{TTLSeconds:14400 ProtectionPolicies:[] IgnoreStrictEnforcement:true} GlobalReads:false NumReplicas:1 NumVoters:0 Constraints:[] VoterConstraints:[] LeasePreferences:[] RangefeedEnabled:true ExcludeDataFromBackup:false}
I260828 12:03:12.347009 1212 13@spanconfig/spanconfigstore/store.go:364  [T1,Vsystem,n1,job=AUTO SPAN CONFIG RECONCILIATION id=1205364937180479489] 576  changing the spanconfig for span:/Table/1{5-6} from:{RangeMinBytes:134217728 RangeMaxBytes:536870912 GCPolicy:{TTLSeconds:14400 ProtectionPolicies:[] IgnoreStrictEnforcement:true} GlobalReads:false NumReplicas:5 NumVoters:0 Constraints:[] VoterConstraints:[] LeasePreferences:[] RangefeedEnabled:true ExcludeDataFromBackup:false} to:{RangeMinBytes:134217728 RangeMaxBytes:536870912 GCPolicy:{TTLSeconds:14400 ProtectionPolicies:[] IgnoreStrictEnforcement:true} GlobalReads:false NumReplicas:1 NumVoters:0 Constraints:[] VoterConstraints:[] LeasePreferences:[] RangefeedEnabled:true ExcludeDataFromBackup:false}
I260828 12:03:12.347136 1212 13@spanconfig/spanconfigstore/store.go:364  [T1,Vsystem,n1,job=AUTO SPAN CONFIG RECONCILIATION id=1205364937180479489] 577  changing the spanconfig for span:/Table/{19-20} from:{RangeMinBytes:134217728 RangeMaxBytes:536870912 GCPolicy:{TTLSeconds:14400 ProtectionPolicies:[] IgnoreStrictEnforcement:true} GlobalReads:false NumReplicas:5 NumVoters:0 Constraints:[] VoterConstraints:[] LeasePreferences:[] RangefeedEnabled:true ExcludeDataFromBackup:false} to:{RangeMinBytes:134217728 RangeMaxBytes:536870912 GCPolicy:{TTLSeconds:14400 ProtectionPolicies:[] IgnoreStrictEnforcement:true} GlobalReads:false NumReplicas:1 NumVoters:0 Constraints:[] VoterConstraints:[] LeasePreferences:[] RangefeedEnabled:true ExcludeDataFromBackup:false}
I260828 12:03:12.347267 1212 13@spanconfig/spanconfigstore/store.go:364  [T1,Vsystem,n1,job=AUTO SPAN CONFIG RECONCILIATION id=1205364937180479489] 578  changing the spanconfig for span:/Table/2{0-1} from:{RangeMinBytes:134217728 RangeMaxBytes:536870912 GCPolicy:{TTLSeconds:14400 ProtectionPolicies:[] IgnoreStrictEnforcement:true} GlobalReads:false NumReplicas:5 NumVoters:0 Constraints:[] VoterConstraints:[] LeasePreferences:[] RangefeedEnabled:true ExcludeDataFromBackup:false} to:{RangeMinBytes:134217728 RangeMaxBytes:536870912 GCPolicy:{TTLSeconds:14400 ProtectionPolicies:[] IgnoreStrictEnforcement:true} GlobalReads:false NumReplicas:1 NumVoters:0 Constraints:[] VoterConstraints:[] LeasePreferences:[] RangefeedEnabled:true ExcludeDataFromBackup:false}
I260828 12:03:12.347359 1212 13@spanconfig/spanconfigstore/store.go:364  [T1,Vsystem,n1,job=AUTO SPAN CONFIG RECONCILIATION id=1205364937180479489] 579  changing the spanconfig for span:/Table/2{1-2} from:{RangeMinBytes:134217728 RangeMaxBytes:536870912 GCPolicy:{TTLSeconds:14400 ProtectionPolicies:[] IgnoreStrictEnforcement:true} GlobalReads:false NumReplicas:5 NumVoters:0 Constraints:[] VoterConstraints:[] LeasePreferences:[] RangefeedEnabled:true ExcludeDataFromBackup:false} to:{RangeMinBytes:134217728 RangeMaxBytes:536870912 GCPolicy:{TTLSeconds:14400 ProtectionPolicies:[] IgnoreStrictEnforcement:true} GlobalReads:false NumReplicas:1 NumVoters:0 Constraints:[] VoterConstraints:[] LeasePreferences:[] RangefeedEnabled:true ExcludeDataFromBackup:false}
I260828 12:03:12.347473 1212 13@spanconfig/spanconfigstore/store.go:364  [T1,Vsystem,n1,job=AUTO SPAN CONFIG RECONCILIATION id=1205364937180479489] 580  changing the spanconfig for span:/Table/2{3-4} from:{RangeMinBytes:134217728 RangeMaxBytes:536870912 GCPolicy:{TTLSeconds:14400 ProtectionPolicies:[] IgnoreStrictEnforcement:true} GlobalReads:false NumReplicas:5 NumVoters:0 Constraints:[] VoterConstraints:[] LeasePreferences:[] RangefeedEnabled:true ExcludeDataFromBackup:false} to:{RangeMinBytes:134217728 RangeMaxBytes:536870912 GCPolicy:{TTLSeconds:14400 ProtectionPolicies:[] IgnoreStrictEnforcement:true} GlobalReads:false NumReplicas:1 NumVoters:0 Constraints:[] VoterConstraints:[] LeasePreferences:[] RangefeedEnabled:true ExcludeDataFromBackup:false}
I260828 12:03:12.347578 1212 13@spanconfig/spanconfigstore/store.go:364  [T1,Vsystem,n1,job=AUTO SPAN CONFIG RECONCILIATION id=1205364937180479489] 581  changing the spanconfig for span:/Table/2{4-5} from:{RangeMinBytes:134217728 RangeMaxBytes:536870912 GCPolicy:{TTLSeconds:14400 ProtectionPolicies:[] IgnoreStrictEnforcement:true} GlobalReads:false NumReplicas:5 NumVoters:0 Constraints:[] VoterConstraints:[] LeasePreferences:[] RangefeedEnabled:true ExcludeDataFromBackup:false} to:{RangeMinBytes:134217728 RangeMaxBytes:536870912 GCPolicy:{TTLSeconds:14400 ProtectionPolicies:[] IgnoreStrictEnforcement:true} GlobalReads:false NumReplicas:1 NumVoters:0 Constraints:[] VoterConstraints:[] LeasePreferences:[] RangefeedEnabled:true ExcludeDataFromBackup:false}
I260828 12:03:12.347668 1212 13@spanconfig/spanconfigstore/store.go:364  [T1,Vsystem,n1,job=AUTO SPAN CONFIG RECONCILIATION id=1205364937180479489] 582  changing the spanconfig for span:/Table/2{5-6} from:{RangeMinBytes:134217728 RangeMaxBytes:536870912 GCPolicy:{TTLSeconds:600 ProtectionPolicies:[] IgnoreStrictEnforcement:true} GlobalReads:false NumReplicas:5 NumVoters:0 Constraints:[] VoterConstraints:[] LeasePreferences:[] RangefeedEnabled:true ExcludeDataFromBackup:true} to:{RangeMinBytes:134217728 RangeMaxBytes:536870912 GCPolicy:{TTLSeconds:600 ProtectionPolicies:[] IgnoreStrictEnforcement:true} GlobalReads:false NumReplicas:1 NumVoters:0 Constraints:[] VoterConstraints:[] LeasePreferences:[] RangefeedEnabled:true ExcludeDataFromBackup:true}
I260828 12:03:12.347783 1212 13@spanconfig/spanconfigstore/store.go:364  [T1,Vsystem,n1,job=AUTO SPAN CONFIG RECONCILIATION id=1205364937180479489] 583  changing the spanconfig for span:/Table/2{6-7} from:{RangeMinBytes:134217728 RangeMaxBytes:536870912 GCPolicy:{TTLSeconds:14400 ProtectionPolicies:[] IgnoreStrictEnforcement:true} GlobalReads:false NumReplicas:5 NumVoters:0 Constraints:[] VoterConstraints:[] LeasePreferences:[] RangefeedEnabled:true ExcludeDataFromBackup:false} to:{RangeMinBytes:134217728 RangeMaxBytes:536870912 GCPolicy:{TTLSeconds:14400 ProtectionPolicies:[] IgnoreStrictEnforcement:true} GlobalReads:false NumReplicas:1 NumVoters:0 Constraints:[] VoterConstraints:[] LeasePreferences:[] RangefeedEnabled:true ExcludeDataFromBackup:false}
I260828 12:03:12.347886 1212 13@spanconfig/spanconfigstore/store.go:364  [T1,Vsystem,n1,job=AUTO SPAN CONFIG RECONCILIATION id=1205364937180479489] 584  changing the spanconfig for span:/Table/2{7-8} from:{RangeMinBytes:134217728 RangeMaxBytes:536870912 GCPolicy:{TTLSeconds:600 ProtectionPolicies:[] IgnoreStrictEnforcement:true} GlobalReads:false NumReplicas:5 NumVoters:0 Constraints:[] VoterConstraints:[] LeasePreferences:[] RangefeedEnabled:true ExcludeDataFromBackup:true} to:{RangeMinBytes:134217728 RangeMaxBytes:536870912 GCPolicy:{TTLSeconds:600 ProtectionPolicies:[] IgnoreStrictEnforcement:true} GlobalReads:false NumReplicas:1 NumVoters:0 Constraints:[] VoterConstraints:[] LeasePreferences:[] RangefeedEnabled:true ExcludeDataFromBackup:true}
I260828 12:03:12.347991 1212 13@spanconfig/spanconfigstore/store.go:364  [T1,Vsystem,n1,job=AUTO SPAN CONFIG RECONCILIATION id=1205364937180479489] 585  changing the spanconfig for span:/Table/2{8-9} from:{RangeMinBytes:134217728 RangeMaxBytes:536870912 GCPolicy:{TTLSeconds:14400 ProtectionPolicies:[] IgnoreStrictEnforcement:true} GlobalReads:false NumReplicas:5 NumVoters:0 Constraints:[] VoterConstraints:[] LeasePreferences:[] RangefeedEnabled:true ExcludeDataFromBackup:false} to:{RangeMinBytes:134217728 RangeMaxBytes:536870912 GCPolicy:{TTLSeconds:14400 ProtectionPolicies:[] IgnoreStrictEnforcement:true} GlobalReads:false NumReplicas:1 NumVoters:0 Constraints:[] VoterConstraints:[] LeasePreferences:[] RangefeedEnabled:true ExcludeDataFromBackup:false}
I260828 12:03:12.348061 1212 13@spanconfig/spanconfigstore/store.go:364  [T1,Vsystem,n1,job=AUTO SPAN CONFIG RECONCILIATION id=1205364937180479489] 586  changing the spanconfig for span:/NamespaceTable/{30-Max} from:{RangeMinBytes:134217728 RangeMaxBytes:536870912 GCPolicy:{TTLSeconds:14400 ProtectionPolicies:[] IgnoreStrictEnforcement:true} GlobalReads:false NumReplicas:5 NumVoters:0 Constraints:[] VoterConstraints:[] LeasePreferences:[] RangefeedEnabled:true ExcludeDataFromBackup:false} to:{RangeMinBytes:134217728 RangeMaxBytes:536870912 GCPolicy:{TTLSeconds:14400 ProtectionPolicies:[] IgnoreStrictEnforcement:true} GlobalReads:false NumReplicas:1 NumVoters:0 Constraints:[] VoterConstraints:[] LeasePreferences:[] RangefeedEnabled:true ExcludeDataFromBackup:false}
I260828 12:03:12.348160 1212 13@spanconfig/spanconfigstore/store.go:364  [T1,Vsystem,n1,job=AUTO SPAN CONFIG RECONCILIATION id=1205364937180479489] 587  changing the spanconfig for span:/{NamespaceTable/Max-Table/32} from:{RangeMinBytes:134217728 RangeMaxBytes:536870912 GCPolicy:{TTLSeconds:14400 ProtectionPolicies:[] IgnoreStrictEnforcement:true} GlobalReads:false NumReplicas:5 NumVoters:0 Constraints:[] VoterConstraints:[] LeasePreferences:[] RangefeedEnabled:true ExcludeDataFromBackup:false} to:{RangeMinBytes:134217728 RangeMaxBytes:536870912 GCPolicy:{TTLSeconds:14400 ProtectionPolicies:[] IgnoreStrictEnforcement:true} GlobalReads:false NumReplicas:1 NumVoters:0 Constraints:[] VoterConstraints:[] LeasePreferences:[] RangefeedEnabled:true ExcludeDataFromBackup:false}
I260828 12:03:12.348230 1212 13@spanconfig/spanconfigstore/store.go:364  [T1,Vsystem,n1,job=AUTO SPAN CONFIG RECONCILIATION id=1205364937180479489] 588  changing the spanconfig for span:/Table/3{2-3} from:{RangeMinBytes:134217728 RangeMaxBytes:536870912 GCPolicy:{TTLSeconds:14400 ProtectionPolicies:[] IgnoreStrictEnforcement:true} GlobalReads:false NumReplicas:5 NumVoters:0 Constraints:[] VoterConstraints:[] LeasePreferences:[] RangefeedEnabled:true ExcludeDataFromBackup:false} to:{RangeMinBytes:134217728 RangeMaxBytes:536870912 GCPolicy:{TTLSeconds:14400 ProtectionPolicies:[] IgnoreStrictEnforcement:true} GlobalReads:false NumReplicas:1 NumVoters:0 Constraints:[] VoterConstraints:[] LeasePreferences:[] RangefeedEnabled:true ExcludeDataFromBackup:false}
I260828 12:03:12.348297 1212 13@spanconfig/spanconfigstore/store.go:364  [T1,Vsystem,n1,job=AUTO SPAN CONFIG RECONCILIATION id=1205364937180479489] 589  changing the spanconfig for span:/Table/3{3-4} from:{RangeMinBytes:134217728 RangeMaxBytes:536870912 GCPolicy:{TTLSeconds:14400 ProtectionPolicies:[] IgnoreStrictEnforcement:true} GlobalReads:false NumReplicas:5 NumVoters:0 Constraints:[] VoterConstraints:[] LeasePreferences:[] RangefeedEnabled:true ExcludeDataFromBackup:false} to:{RangeMinBytes:134217728 RangeMaxBytes:536870912 GCPolicy:{TTLSeconds:14400 ProtectionPolicies:[] IgnoreStrictEnforcement:true} GlobalReads:false NumReplicas:1 NumVoters:0 Constraints:[] VoterConstraints:[] LeasePreferences:[] RangefeedEnabled:true ExcludeDataFromBackup:false}
I260828 12:03:12.348407 1212 13@spanconfig/spanconfigstore/store.go:364  [T1,Vsystem,n1,job=AUTO SPAN CONFIG RECONCILIATION id=1205364937180479489] 590  changing the spanconfig for span:/Table/3{4-5} from:{RangeMinBytes:134217728 RangeMaxBytes:536870912 GCPolicy:{TTLSeconds:14400 ProtectionPolicies:[] IgnoreStrictEnforcement:true} GlobalReads:false NumReplicas:5 NumVoters:0 Constraints:[] VoterConstraints:[] LeasePreferences:[] RangefeedEnabled:true ExcludeDataFromBackup:false} to:{RangeMinBytes:134217728 RangeMaxBytes:536870912 GCPolicy:{TTLSeconds:14400 ProtectionPolicies:[] IgnoreStrictEnforcement:true} GlobalReads:false NumReplicas:1 NumVoters:0 Constraints:[] VoterConstraints:[] LeasePreferences:[] RangefeedEnabled:true ExcludeDataFromBackup:false}
I260828 12:03:12.348532 1212 13@spanconfig/spanconfigstore/store.go:364  [T1,Vsystem,n1,job=AUTO SPAN CONFIG RECONCILIATION id=1205364937180479489] 591  changing the spanconfig for span:/Table/3{5-6} from:{RangeMinBytes:134217728 RangeMaxBytes:536870912 GCPolicy:{TTLSeconds:14400 ProtectionPolicies:[] IgnoreStrictEnforcement:true} GlobalReads:false NumReplicas:5 NumVoters:0 Constraints:[] VoterConstraints:[] LeasePreferences:[] RangefeedEnabled:true ExcludeDataFromBackup:false} to:{RangeMinBytes:134217728 RangeMaxBytes:536870912 GCPolicy:{TTLSeconds:14400 ProtectionPolicies:[] IgnoreStrictEnforcement:true} GlobalReads:false NumReplicas:1 NumVoters:0 Constraints:[] VoterConstraints:[] LeasePreferences:[] RangefeedEnabled:true ExcludeDataFromBackup:false}
I260828 12:03:12.348664 1212 13@spanconfig/spanconfigstore/store.go:364  [T1,Vsystem,n1,job=AUTO SPAN CONFIG RECONCILIATION id=1205364937180479489] 592  changing the spanconfig for span:/Table/3{6-7} from:{RangeMinBytes:134217728 RangeMaxBytes:536870912 GCPolicy:{TTLSeconds:14400 ProtectionPolicies:[] IgnoreStrictEnforcement:true} GlobalReads:false NumReplicas:5 NumVoters:0 Constraints:[] VoterConstraints:[] LeasePreferences:[] RangefeedEnabled:true ExcludeDataFromBackup:false} to:{RangeMinBytes:134217728 RangeMaxBytes:536870912 GCPolicy:{TTLSeconds:14400 ProtectionPolicies:[] IgnoreStrictEnforcement:true} GlobalReads:false NumReplicas:1 NumVoters:0 Constraints:[] VoterConstraints:[] LeasePreferences:[] RangefeedEnabled:true ExcludeDataFromBackup:false}
I260828 12:03:12.348755 1212 13@spanconfig/spanconfigstore/store.go:364  [T1,Vsystem,n1,job=AUTO SPAN CONFIG RECONCILIATION id=1205364937180479489] 593  changing the spanconfig for span:/Table/3{7-8} from:{RangeMinBytes:134217728 RangeMaxBytes:536870912 GCPolicy:{TTLSeconds:14400 ProtectionPolicies:[] IgnoreStrictEnforcement:true} GlobalReads:false NumReplicas:5 NumVoters:0 Constraints:[] VoterConstraints:[] LeasePreferences:[] RangefeedEnabled:true ExcludeDataFromBackup:false} to:{RangeMinBytes:134217728 RangeMaxBytes:536870912 GCPolicy:{TTLSeconds:14400 ProtectionPolicies:[] IgnoreStrictEnforcement:true} GlobalReads:false NumReplicas:1 NumVoters:0 Constraints:[] VoterConstraints:[] LeasePreferences:[] RangefeedEnabled:true ExcludeDataFromBackup:false}
I260828 12:03:12.348855 1212 13@spanconfig/spanconfigstore/store.go:364  [T1,Vsystem,n1,job=AUTO SPAN CONFIG RECONCILIATION id=1205364937180479489] 594  changing the spanconfig for span:/Table/{39-40} from:{RangeMinBytes:134217728 RangeMaxBytes:536870912 GCPolicy:{TTLSeconds:14400 ProtectionPolicies:[] IgnoreStrictEnforcement:true} GlobalReads:false NumReplicas:5 NumVoters:0 Constraints:[] VoterConstraints:[] LeasePreferences:[] RangefeedEnabled:true ExcludeDataFromBackup:false} to:{RangeMinBytes:134217728 RangeMaxBytes:536870912 GCPolicy:{TTLSeconds:14400 ProtectionPolicies:[] IgnoreStrictEnforcement:true} GlobalReads:false NumReplicas:1 NumVoters:0 Constraints:[] VoterConstraints:[] LeasePreferences:[] RangefeedEnabled:true ExcludeDataFromBackup:false}
I260828 12:03:12.348967 1212 13@spanconfig/spanconfigstore/store.go:364  [T1,Vsystem,n1,job=AUTO SPAN CONFIG RECONCILIATION id=1205364937180479489] 595  changing the spanconfig for span:/Table/4{0-1} from:{RangeMinBytes:134217728 RangeMaxBytes:536870912 GCPolicy:{TTLSeconds:14400 ProtectionPolicies:[] IgnoreStrictEnforcement:true} GlobalReads:false NumReplicas:5 NumVoters:0 Constraints:[] VoterConstraints:[] LeasePreferences:[] RangefeedEnabled:true ExcludeDataFromBackup:false} to:{RangeMinBytes:134217728 RangeMaxBytes:536870912 GCPolicy:{TTLSeconds:14400 ProtectionPolicies:[] IgnoreStrictEnforcement:true} GlobalReads:false NumReplicas:1 NumVoters:0 Constraints:[] VoterConstraints:[] LeasePreferences:[] RangefeedEnabled:true ExcludeDataFromBackup:false}
I260828 12:03:12.349073 1212 13@spanconfig/spanconfigstore/store.go:364  [T1,Vsystem,n1,job=AUTO SPAN CONFIG RECONCILIATION id=1205364937180479489] 596  changing the spanconfig for span:/Table/4{1-2} from:{RangeMinBytes:134217728 RangeMaxBytes:536870912 GCPolicy:{TTLSeconds:14400 ProtectionPolicies:[] IgnoreStrictEnforcement:true} GlobalReads:false NumReplicas:5 NumVoters:0 Constraints:[] VoterConstraints:[] LeasePreferences:[] RangefeedEnabled:true ExcludeDataFromBackup:false} to:{RangeMinBytes:134217728 RangeMaxBytes:536870912 GCPolicy:{TTLSeconds:14400 ProtectionPolicies:[] IgnoreStrictEnforcement:true} GlobalReads:false NumReplicas:1 NumVoters:0 Constraints:[] VoterConstraints:[] LeasePreferences:[] RangefeedEnabled:true ExcludeDataFromBackup:false}
I260828 12:03:12.349144 1212 13@spanconfig/spanconfigstore/store.go:364  [T1,Vsystem,n1,job=AUTO SPAN CONFIG RECONCILIATION id=1205364937180479489] 597  changing the spanconfig for span:/Table/4{2-3} from:{RangeMinBytes:134217728 RangeMaxBytes:536870912 GCPolicy:{TTLSeconds:14400 ProtectionPolicies:[] IgnoreStrictEnforcement:true} GlobalReads:false NumReplicas:5 NumVoters:0 Constraints:[] VoterConstraints:[] LeasePreferences:[] RangefeedEnabled:true ExcludeDataFromBackup:false} to:{RangeMinBytes:134217728 RangeMaxBytes:536870912 GCPolicy:{TTLSeconds:3600 ProtectionPolicies:[] IgnoreStrictEnforcement:true} GlobalReads:false NumReplicas:1 NumVoters:0 Constraints:[] VoterConstraints:[] LeasePreferences:[] RangefeedEnabled:true ExcludeDataFromBackup:false}
I260828 12:03:12.349224 1212 13@spanconfig/spanconfigstore/store.go:364  [T1,Vsystem,n1,job=AUTO SPAN CONFIG RECONCILIATION id=1205364937180479489] 598  changing the spanconfig for span:/Table/4{3-4} from:{RangeMinBytes:134217728 RangeMaxBytes:536870912 GCPolicy:{TTLSeconds:14400 ProtectionPolicies:[] IgnoreStrictEnforcement:true} GlobalReads:false NumReplicas:5 NumVoters:0 Constraints:[] VoterConstraints:[] LeasePreferences:[] RangefeedEnabled:true ExcludeDataFromBackup:false} to:{RangeMinBytes:134217728 RangeMaxBytes:536870912 GCPolicy:{TTLSeconds:3600 ProtectionPolicies:[] IgnoreStrictEnforcement:true} GlobalReads:false NumReplicas:1 NumVoters:0 Constraints:[] VoterConstraints:[] LeasePreferences:[] RangefeedEnabled:true ExcludeDataFromBackup:false}
I260828 12:03:12.349296 1212 13@spanconfig/spanconfigstore/store.go:364  [T1,Vsystem,n1,job=AUTO SPAN CONFIG RECONCILIATION id=1205364937180479489] 599  changing the spanconfig for span:/Table/4{4-5} from:{RangeMinBytes:134217728 RangeMaxBytes:536870912 GCPolicy:{TTLSeconds:14400 ProtectionPolicies:[] IgnoreStrictEnforcement:true} GlobalReads:false NumReplicas:5 NumVoters:0 Constraints:[] VoterConstraints:[] LeasePreferences:[] RangefeedEnabled:true ExcludeDataFromBackup:false} to:{RangeMinBytes:134217728 RangeMaxBytes:536870912 GCPolicy:{TTLSeconds:14400 ProtectionPolicies:[] IgnoreStrictEnforcement:true} GlobalReads:false NumReplicas:1 NumVoters:0 Constraints:[] VoterConstraints:[] LeasePreferences:[] RangefeedEnabled:true ExcludeDataFromBackup:false}
I260828 12:03:12.349375 1212 13@spanconfig/spanconfigstore/store.go:364  [T1,Vsystem,n1,job=AUTO SPAN CONFIG RECONCILIATION id=1205364937180479489] 600  changing the spanconfig for span:/Table/4{5-6} from:{RangeMinBytes:134217728 RangeMaxBytes:536870912 GCPolicy:{TTLSeconds:7200 ProtectionPolicies:[] IgnoreStrictEnforcement:true} GlobalReads:false NumReplicas:5 NumVoters:0 Constraints:[] VoterConstraints:[] LeasePreferences:[] RangefeedEnabled:true ExcludeDataFromBackup:true} to:{RangeMinBytes:134217728 RangeMaxBytes:536870912 GCPolicy:{TTLSeconds:7200 ProtectionPolicies:[] IgnoreStrictEnforcement:true} GlobalReads:false NumReplicas:1 NumVoters:0 Constraints:[] VoterConstraints:[] LeasePreferences:[] RangefeedEnabled:true ExcludeDataFromBackup:true}
I260828 12:03:12.349517 1212 13@spanconfig/spanconfigstore/store.go:364  [T1,Vsystem,n1,job=AUTO SPAN CONFIG RECONCILIATION id=1205364937180479489] 601  changing the spanconfig for span:/Table/4{6-7} from:{RangeMinBytes:134217728 RangeMaxBytes:536870912 GCPolicy:{TTLSeconds:14400 ProtectionPolicies:[] IgnoreStrictEnforcement:true} GlobalReads:false NumReplicas:5 NumVoters:0 Constraints:[] VoterConstraints:[] LeasePreferences:[] RangefeedEnabled:true ExcludeDataFromBackup:false} to:{RangeMinBytes:134217728 RangeMaxBytes:536870912 GCPolicy:{TTLSeconds:14400 ProtectionPolicies:[] IgnoreStrictEnforcement:true} GlobalReads:false NumReplicas:1 NumVoters:0 Constraints:[] VoterConstraints:[] LeasePreferences:[] RangefeedEnabled:true ExcludeDataFromBackup:false}
I260828 12:03:12.349643 1212 13@spanconfig/spanconfigstore/store.go:364  [T1,Vsystem,n1,job=AUTO SPAN CONFIG RECONCILIATION id=1205364937180479489] 602  changing the spanconfig for span:/Table/4{7-8} from:{RangeMinBytes:134217728 RangeMaxBytes:536870912 GCPolicy:{TTLSeconds:14400 ProtectionPolicies:[] IgnoreStrictEnforcement:true} GlobalReads:false NumReplicas:5 NumVoters:0 Constraints:[] VoterConstraints:[] LeasePreferences:[] RangefeedEnabled:true ExcludeDataFromBackup:true} to:{RangeMinBytes:134217728 RangeMaxBytes:536870912 GCPolicy:{TTLSeconds:14400 ProtectionPolicies:[] IgnoreStrictEnforcement:true} GlobalReads:false NumReplicas:1 NumVoters:0 Constraints:[] VoterConstraints:[] LeasePreferences:[] RangefeedEnabled:true ExcludeDataFromBackup:true}
I260828 12:03:12.349742 1212 13@spanconfig/spanconfigstore/store.go:364  [T1,Vsystem,n1,job=AUTO SPAN CONFIG RECONCILIATION id=1205364937180479489] 603  changing the spanconfig for span:/Table/4{8-9} from:{RangeMinBytes:134217728 RangeMaxBytes:536870912 GCPolicy:{TTLSeconds:14400 ProtectionPolicies:[] IgnoreStrictEnforcement:true} GlobalReads:false NumReplicas:5 NumVoters:0 Constraints:[] VoterConstraints:[] LeasePreferences:[] RangefeedEnabled:true ExcludeDataFromBackup:false} to:{RangeMinBytes:134217728 RangeMaxBytes:536870912 GCPolicy:{TTLSeconds:14400 ProtectionPolicies:[] IgnoreStrictEnforcement:true} GlobalReads:false NumReplicas:1 NumVoters:0 Constraints:[] VoterConstraints:[] LeasePreferences:[] RangefeedEnabled:true ExcludeDataFromBackup:false}
I260828 12:03:12.349850 1212 13@spanconfig/spanconfigstore/store.go:364  [T1,Vsystem,n1,job=AUTO SPAN CONFIG RECONCILIATION id=1205364937180479489] 604  changing the spanconfig for span:/Table/5{0-1} from:{RangeMinBytes:134217728 RangeMaxBytes:536870912 GCPolicy:{TTLSeconds:14400 ProtectionPolicies:[] IgnoreStrictEnforcement:true} GlobalReads:false NumReplicas:5 NumVoters:0 Constraints:[] VoterConstraints:[] LeasePreferences:[] RangefeedEnabled:true ExcludeDataFromBackup:false} to:{RangeMinBytes:134217728 RangeMaxBytes:536870912 GCPolicy:{TTLSeconds:14400 ProtectionPolicies:[] IgnoreStrictEnforcement:true} GlobalReads:false NumReplicas:1 NumVoters:0 Constraints:[] VoterConstraints:[] LeasePreferences:[] RangefeedEnabled:true ExcludeDataFromBackup:false}
I260828 12:03:12.349979 1212 13@spanconfig/spanconfigstore/store.go:364  [T1,Vsystem,n1,job=AUTO SPAN CONFIG RECONCILIATION id=1205364937180479489] 605  changing the spanconfig for span:/Table/5{1-2} from:{RangeMinBytes:134217728 RangeMaxBytes:536870912 GCPolicy:{TTLSeconds:14400 ProtectionPolicies:[] IgnoreStrictEnforcement:true} GlobalReads:false NumReplicas:5 NumVoters:0 Constraints:[] VoterConstraints:[] LeasePreferences:[] RangefeedEnabled:true ExcludeDataFromBackup:false} to:{RangeMinBytes:134217728 RangeMaxBytes:536870912 GCPolicy:{TTLSeconds:14400 ProtectionPolicies:[] IgnoreStrictEnforcement:true} GlobalReads:false NumReplicas:1 NumVoters:0 Constraints:[] VoterConstraints:[] LeasePreferences:[] RangefeedEnabled:true ExcludeDataFromBackup:false}
I260828 12:03:12.350070 1212 13@spanconfig/spanconfigstore/store.go:364  [T1,Vsystem,n1,job=AUTO SPAN CONFIG RECONCILIATION id=1205364937180479489] 606  changing the spanconfig for span:/Table/5{2-3} from:{RangeMinBytes:134217728 RangeMaxBytes:536870912 GCPolicy:{TTLSeconds:14400 ProtectionPolicies:[] IgnoreStrictEnforcement:true} GlobalReads:false NumReplicas:5 NumVoters:0 Constraints:[] VoterConstraints:[] LeasePreferences:[] RangefeedEnabled:true ExcludeDataFromBackup:false} to:{RangeMinBytes:134217728 RangeMaxBytes:536870912 GCPolicy:{TTLSeconds:14400 ProtectionPolicies:[] IgnoreStrictEnforcement:true} GlobalReads:false NumReplicas:1 NumVoters:0 Constraints:[] VoterConstraints:[] LeasePreferences:[] RangefeedEnabled:true ExcludeDataFromBackup:false}
I260828 12:03:12.350181 1212 13@spanconfig/spanconfigstore/store.go:364  [T1,Vsystem,n1,job=AUTO SPAN CONFIG RECONCILIATION id=1205364937180479489] 607  changing the spanconfig for span:/Table/5{3-4} from:{RangeMinBytes:134217728 RangeMaxBytes:536870912 GCPolicy:{TTLSeconds:14400 ProtectionPolicies:[] IgnoreStrictEnforcement:true} GlobalReads:false NumReplicas:5 NumVoters:0 Constraints:[] VoterConstraints:[] LeasePreferences:[] RangefeedEnabled:true ExcludeDataFromBackup:false} to:{RangeMinBytes:134217728 RangeMaxBytes:536870912 GCPolicy:{TTLSeconds:14400 ProtectionPolicies:[] IgnoreStrictEnforcement:true} GlobalReads:false NumReplicas:1 NumVoters:0 Constraints:[] VoterConstraints:[] LeasePreferences:[] RangefeedEnabled:true ExcludeDataFromBackup:false}
I260828 12:03:12.350237 1212 13@spanconfig/spanconfigstore/store.go:364  [T1,Vsystem,n1,job=AUTO SPAN CONFIG RECONCILIATION id=1205364937180479489] 608  changing the spanconfig for span:/Table/5{4-5} from:{RangeMinBytes:134217728 RangeMaxBytes:536870912 GCPolicy:{TTLSeconds:14400 ProtectionPolicies:[] IgnoreStrictEnforcement:true} GlobalReads:false NumReplicas:5 NumVoters:0 Constraints:[] VoterConstraints:[] LeasePreferences:[] RangefeedEnabled:true ExcludeDataFromBackup:false} to:{RangeMinBytes:134217728 RangeMaxBytes:536870912 GCPolicy:{TTLSeconds:14400 ProtectionPolicies:[] IgnoreStrictEnforcement:true} GlobalReads:false NumReplicas:1 NumVoters:0 Constraints:[] VoterConstraints:[] LeasePreferences:[] RangefeedEnabled:true ExcludeDataFromBackup:false}
I260828 12:03:12.350327 1212 13@spanconfig/spanconfigstore/store.go:364  [T1,Vsystem,n1,job=AUTO SPAN CONFIG RECONCILIATION id=1205364937180479489] 609  changing the spanconfig for span:/Table/5{5-6} from:{RangeMinBytes:134217728 RangeMaxBytes:536870912 GCPolicy:{TTLSeconds:14400 ProtectionPolicies:[] IgnoreStrictEnforcement:true} GlobalReads:false NumReplicas:5 NumVoters:0 Constraints:[] VoterConstraints:[] LeasePreferences:[] RangefeedEnabled:true ExcludeDataFromBackup:false} to:{RangeMinBytes:134217728 RangeMaxBytes:536870912 GCPolicy:{TTLSeconds:14400 ProtectionPolicies:[] IgnoreStrictEnforcement:true} GlobalReads:false NumReplicas:1 NumVoters:0 Constraints:[] VoterConstraints:[] LeasePreferences:[] RangefeedEnabled:true ExcludeDataFromBackup:false}
I260828 12:03:12.350416 1212 13@spanconfig/spanconfigstore/store.go:364  [T1,Vsystem,n1,job=AUTO SPAN CONFIG RECONCILIATION id=1205364937180479489] 610  changing the spanconfig for span:/Table/5{6-7} from:{RangeMinBytes:134217728 RangeMaxBytes:536870912 GCPolicy:{TTLSeconds:14400 ProtectionPolicies:[] IgnoreStrictEnforcement:true} GlobalReads:false NumReplicas:5 NumVoters:0 Constraints:[] VoterConstraints:[] LeasePreferences:[] RangefeedEnabled:true ExcludeDataFromBackup:false} to:{RangeMinBytes:134217728 RangeMaxBytes:536870912 GCPolicy:{TTLSeconds:14400 ProtectionPolicies:[] IgnoreStrictEnforcement:true} GlobalReads:false NumReplicas:1 NumVoters:0 Constraints:[] VoterConstraints:[] LeasePreferences:[] RangefeedEnabled:true ExcludeDataFromBackup:false}
I260828 12:03:12.350517 1212 13@spanconfig/spanconfigstore/store.go:364  [T1,Vsystem,n1,job=AUTO SPAN CONFIG RECONCILIATION id=1205364937180479489] 611  changing the spanconfig for span:/Table/5{7-8} from:{RangeMinBytes:134217728 RangeMaxBytes:536870912 GCPolicy:{TTLSeconds:14400 ProtectionPolicies:[] IgnoreStrictEnforcement:true} GlobalReads:false NumReplicas:5 NumVoters:0 Constraints:[] VoterConstraints:[] LeasePreferences:[] RangefeedEnabled:true ExcludeDataFromBackup:false} to:{RangeMinBytes:134217728 RangeMaxBytes:536870912 GCPolicy:{TTLSeconds:14400 ProtectionPolicies:[] IgnoreStrictEnforcement:true} GlobalReads:false NumReplicas:1 NumVoters:0 Constraints:[] VoterConstraints:[] LeasePreferences:[] RangefeedEnabled:true ExcludeDataFromBackup:false}
I260828 12:03:12.350596 1212 13@spanconfig/spanconfigstore/store.go:364  [T1,Vsystem,n1,job=AUTO SPAN CONFIG RECONCILIATION id=1205364937180479489] 612  changing the spanconfig for span:/Table/5{8-9} from:{RangeMinBytes:134217728 RangeMaxBytes:536870912 GCPolicy:{TTLSeconds:14400 ProtectionPolicies:[] IgnoreStrictEnforcement:true} GlobalReads:false NumReplicas:5 NumVoters:0 Constraints:[] VoterConstraints:[] LeasePreferences:[] RangefeedEnabled:true ExcludeDataFromBackup:false} to:{RangeMinBytes:134217728 RangeMaxBytes:536870912 GCPolicy:{TTLSeconds:3600 ProtectionPolicies:[] IgnoreStrictEnforcement:true} GlobalReads:false NumReplicas:1 NumVoters:0 Constraints:[] VoterConstraints:[] LeasePreferences:[] RangefeedEnabled:true ExcludeDataFromBackup:false}
I260828 12:03:12.350684 1212 13@spanconfig/spanconfigstore/store.go:364  [T1,Vsystem,n1,job=AUTO SPAN CONFIG RECONCILIATION id=1205364937180479489] 613  changing the spanconfig for span:/Table/{59-60} from:{RangeMinBytes:134217728 RangeMaxBytes:536870912 GCPolicy:{TTLSeconds:14400 ProtectionPolicies:[] IgnoreStrictEnforcement:true} GlobalReads:false NumReplicas:5 NumVoters:0 Constraints:[] VoterConstraints:[] LeasePreferences:[] RangefeedEnabled:true ExcludeDataFromBackup:false} to:{RangeMinBytes:134217728 RangeMaxBytes:536870912 GCPolicy:{TTLSeconds:14400 ProtectionPolicies:[] IgnoreStrictEnforcement:true} GlobalReads:false NumReplicas:1 NumVoters:0 Constraints:[] VoterConstraints:[] LeasePreferences:[] RangefeedEnabled:true ExcludeDataFromBackup:false}
I260828 12:03:12.350793 1212 13@spanconfig/spanconfigstore/store.go:364  [T1,Vsystem,n1,job=AUTO SPAN CONFIG RECONCILIATION id=1205364937180479489] 614  changing the spanconfig for span:/Table/6{0-1} from:{RangeMinBytes:134217728 RangeMaxBytes:536870912 GCPolicy:{TTLSeconds:14400 ProtectionPolicies:[] IgnoreStrictEnforcement:true} GlobalReads:false NumReplicas:5 NumVoters:0 Constraints:[] VoterConstraints:[] LeasePreferences:[] RangefeedEnabled:true ExcludeDataFromBackup:false} to:{RangeMinBytes:134217728 RangeMaxBytes:536870912 GCPolicy:{TTLSeconds:14400 ProtectionPolicies:[] IgnoreStrictEnforcement:true} GlobalReads:false NumReplicas:1 NumVoters:0 Constraints:[] VoterConstraints:[] LeasePreferences:[] RangefeedEnabled:true ExcludeDataFromBackup:false}
I260828 12:03:12.350860 1212 13@spanconfig/spanconfigstore/store.go:364  [T1,Vsystem,n1,job=AUTO SPAN CONFIG RECONCILIATION id=1205364937180479489] 615  changing the spanconfig for span:/Table/6{1-2} from:{RangeMinBytes:134217728 RangeMaxBytes:536870912 GCPolicy:{TTLSeconds:14400 ProtectionPolicies:[] IgnoreStrictEnforcement:true} GlobalReads:false NumReplicas:5 NumVoters:0 Constraints:[] VoterConstraints:[] LeasePreferences:[] RangefeedEnabled:true ExcludeDataFromBackup:false} to:{RangeMinBytes:134217728 RangeMaxBytes:536870912 GCPolicy:{TTLSeconds:3600 ProtectionPolicies:[] IgnoreStrictEnforcement:true} GlobalReads:false NumReplicas:1 NumVoters:0 Constraints:[] VoterConstraints:[] LeasePreferences:[] RangefeedEnabled:true ExcludeDataFromBackup:false}
I260828 12:03:12.350936 1212 13@spanconfig/spanconfigstore/store.go:364  [T1,Vsystem,n1,job=AUTO SPAN CONFIG RECONCILIATION id=1205364937180479489] 616  changing the spanconfig for span:/Table/6{2-3} from:{RangeMinBytes:134217728 RangeMaxBytes:536870912 GCPolicy:{TTLSeconds:14400 ProtectionPolicies:[] IgnoreStrictEnforcement:true} GlobalReads:false NumReplicas:5 NumVoters:0 Constraints:[] VoterConstraints:[] LeasePreferences:[] RangefeedEnabled:true ExcludeDataFromBackup:false} to:{RangeMinBytes:134217728 RangeMaxBytes:536870912 GCPolicy:{TTLSeconds:3600 ProtectionPolicies:[] IgnoreStrictEnforcement:true} GlobalReads:false NumReplicas:1 NumVoters:0 Constraints:[] VoterConstraints:[] LeasePreferences:[] RangefeedEnabled:true ExcludeDataFromBackup:false}
I260828 12:03:12.350985 1212 13@spanconfig/spanconfigstore/store.go:364  [T1,Vsystem,n1,job=AUTO SPAN CONFIG RECONCILIATION id=1205364937180479489] 617  changing the spanconfig for span:/Table/6{3-4} from:{RangeMinBytes:134217728 RangeMaxBytes:536870912 GCPolicy:{TTLSeconds:14400 ProtectionPolicies:[] IgnoreStrictEnforcement:true} GlobalReads:false NumReplicas:5 NumVoters:0 Constraints:[] VoterConstraints:[] LeasePreferences:[] RangefeedEnabled:true ExcludeDataFromBackup:false} to:{RangeMinBytes:134217728 RangeMaxBytes:536870912 GCPolicy:{TTLSeconds:14400 ProtectionPolicies:[] IgnoreStrictEnforcement:true} GlobalReads:false NumReplicas:1 NumVoters:0 Constraints:[] VoterConstraints:[] LeasePreferences:[] RangefeedEnabled:true ExcludeDataFromBackup:false}
I260828 12:03:12.351053 1212 13@spanconfig/spanconfigstore/store.go:364  [T1,Vsystem,n1,job=AUTO SPAN CONFIG RECONCILIATION id=1205364937180479489] 618  changing the spanconfig for span:/Table/6{4-5} from:{RangeMinBytes:134217728 RangeMaxBytes:536870912 GCPolicy:{TTLSeconds:14400 ProtectionPolicies:[] IgnoreStrictEnforcement:true} GlobalReads:false NumReplicas:5 NumVoters:0 Constraints:[] VoterConstraints:[] LeasePreferences:[] RangefeedEnabled:true ExcludeDataFromBackup:false} to:{RangeMinBytes:134217728 RangeMaxBytes:536870912 GCPolicy:{TTLSeconds:14400 ProtectionPolicies:[] IgnoreStrictEnforcement:true} GlobalReads:false NumReplicas:1 NumVoters:0 Constraints:[] VoterConstraints:[] LeasePreferences:[] RangefeedEnabled:true ExcludeDataFromBackup:false}
I260828 12:03:12.351123 1212 13@spanconfig/spanconfigstore/store.go:364  [T1,Vsystem,n1,job=AUTO SPAN CONFIG RECONCILIATION id=1205364937180479489] 619  changing the spanconfig for span:/Table/6{5-6} from:{RangeMinBytes:134217728 RangeMaxBytes:536870912 GCPolicy:{TTLSeconds:14400 ProtectionPolicies:[] IgnoreStrictEnforcement:true} GlobalReads:false NumReplicas:5 NumVoters:0 Constraints:[] VoterConstraints:[] LeasePreferences:[] RangefeedEnabled:true ExcludeDataFromBackup:false} to:{RangeMinBytes:134217728 RangeMaxBytes:536870912 GCPolicy:{TTLSeconds:14400 ProtectionPolicies:[] IgnoreStrictEnforcement:true} GlobalReads:false NumReplicas:1 NumVoters:0 Constraints:[] VoterConstraints:[] LeasePreferences:[] RangefeedEnabled:true ExcludeDataFromBackup:false}
I260828 12:03:12.351168 1212 13@spanconfig/spanconfigstore/store.go:364  [T1,Vsystem,n1,job=AUTO SPAN CONFIG RECONCILIATION id=1205364937180479489] 620  changing the spanconfig for span:/Table/6{6-7} from:{RangeMinBytes:134217728 RangeMaxBytes:536870912 GCPolicy:{TTLSeconds:14400 ProtectionPolicies:[] IgnoreStrictEnforcement:true} GlobalReads:false NumReplicas:5 NumVoters:0 Constraints:[] VoterConstraints:[] LeasePreferences:[] RangefeedEnabled:true ExcludeDataFromBackup:false} to:{RangeMinBytes:134217728 RangeMaxBytes:536870912 GCPolicy:{TTLSeconds:14400 ProtectionPolicies:[] IgnoreStrictEnforcement:true} GlobalReads:false NumReplicas:1 NumVoters:0 Constraints:[] VoterConstraints:[] LeasePreferences:[] RangefeedEnabled:true ExcludeDataFromBackup:false}
I260828 12:03:12.351233 1212 13@spanconfig/spanconfigstore/store.go:364  [T1,Vsystem,n1,job=AUTO SPAN CONFIG RECONCILIATION id=1205364937180479489] 621  changing the spanconfig for span:/Table/6{7-8} from:{RangeMinBytes:134217728 RangeMaxBytes:536870912 GCPolicy:{TTLSeconds:14400 ProtectionPolicies:[] IgnoreStrictEnforcement:true} GlobalReads:false NumReplicas:5 NumVoters:0 Constraints:[] VoterConstraints:[] LeasePreferences:[] RangefeedEnabled:true ExcludeDataFromBackup:false} to:{RangeMinBytes:134217728 RangeMaxBytes:536870912 GCPolicy:{TTLSeconds:14400 ProtectionPolicies:[] IgnoreStrictEnforcement:true} GlobalReads:false NumReplicas:1 NumVoters:0 Constraints:[] VoterConstraints:[] LeasePreferences:[] RangefeedEnabled:true ExcludeDataFromBackup:false}
I260828 12:03:12.351315 1212 13@spanconfig/spanconfigstore/store.go:364  [T1,Vsystem,n1,job=AUTO SPAN CONFIG RECONCILIATION id=1205364937180479489] 622  changing the spanconfig for span:/Table/6{8-9} from:{RangeMinBytes:134217728 RangeMaxBytes:536870912 GCPolicy:{TTLSeconds:14400 ProtectionPolicies:[] IgnoreStrictEnforcement:true} GlobalReads:false NumReplicas:5 NumVoters:0 Constraints:[] VoterConstraints:[] LeasePreferences:[] RangefeedEnabled:true ExcludeDataFromBackup:false} to:{RangeMinBytes:134217728 RangeMaxBytes:536870912 GCPolicy:{TTLSeconds:14400 ProtectionPolicies:[] IgnoreStrictEnforcement:true} GlobalReads:false NumReplicas:1 NumVoters:0 Constraints:[] VoterConstraints:[] LeasePreferences:[] RangefeedEnabled:true ExcludeDataFromBackup:false}
I260828 12:03:12.351359 1212 13@spanconfig/spanconfigstore/store.go:364  [T1,Vsystem,n1,job=AUTO SPAN CONFIG RECONCILIATION id=1205364937180479489] 623  changing the spanconfig for span:/Table/{69-70} from:{RangeMinBytes:134217728 RangeMaxBytes:536870912 GCPolicy:{TTLSeconds:14400 ProtectionPolicies:[] IgnoreStrictEnforcement:true} GlobalReads:false NumReplicas:5 NumVoters:0 Constraints:[] VoterConstraints:[] LeasePreferences:[] RangefeedEnabled:true ExcludeDataFromBackup:false} to:{RangeMinBytes:134217728 RangeMaxBytes:536870912 GCPolicy:{TTLSeconds:14400 ProtectionPolicies:[] IgnoreStrictEnforcement:true} GlobalReads:false NumReplicas:1 NumVoters:0 Constraints:[] VoterConstraints:[] LeasePreferences:[] RangefeedEnabled:true ExcludeDataFromBackup:false}
I260828 12:03:12.351426 1212 13@spanconfig/spanconfigstore/store.go:364  [T1,Vsystem,n1,job=AUTO SPAN CONFIG RECONCILIATION id=1205364937180479489] 624  changing the spanconfig for span:/Table/7{0-1} from:{RangeMinBytes:134217728 RangeMaxBytes:536870912 GCPolicy:{TTLSeconds:14400 ProtectionPolicies:[] IgnoreStrictEnforcement:true} GlobalReads:false NumReplicas:5 NumVoters:0 Constraints:[] VoterConstraints:[] LeasePreferences:[] RangefeedEnabled:true ExcludeDataFromBackup:false} to:{RangeMinBytes:134217728 RangeMaxBytes:536870912 GCPolicy:{TTLSeconds:14400 ProtectionPolicies:[] IgnoreStrictEnforcement:true} GlobalReads:false NumReplicas:1 NumVoters:0 Constraints:[] VoterConstraints:[] LeasePreferences:[] RangefeedEnabled:true ExcludeDataFromBackup:false}
I260828 12:03:12.351489 1212 13@spanconfig/spanconfigstore/store.go:364  [T1,Vsystem,n1,job=AUTO SPAN CONFIG RECONCILIATION id=1205364937180479489] 625  changing the spanconfig for span:/Table/7{1-2} from:{RangeMinBytes:134217728 RangeMaxBytes:536870912 GCPolicy:{TTLSeconds:14400 ProtectionPolicies:[] IgnoreStrictEnforcement:true} GlobalReads:false NumReplicas:5 NumVoters:0 Constraints:[] VoterConstraints:[] LeasePreferences:[] RangefeedEnabled:true ExcludeDataFromBackup:false} to:{RangeMinBytes:134217728 RangeMaxBytes:536870912 GCPolicy:{TTLSeconds:14400 ProtectionPolicies:[] IgnoreStrictEnforcement:true} GlobalReads:false NumReplicas:1 NumVoters:0 Constraints:[] VoterConstraints:[] LeasePreferences:[] RangefeedEnabled:true ExcludeDataFromBackup:false}
I260828 12:03:12.351527 1212 13@spanconfig/spanconfigstore/store.go:364  [T1,Vsystem,n1,job=AUTO SPAN CONFIG RECONCILIATION id=1205364937180479489] 626  changing the spanconfig for span:/Table/7{2-3} from:{RangeMinBytes:134217728 RangeMaxBytes:536870912 GCPolicy:{TTLSeconds:14400 ProtectionPolicies:[] IgnoreStrictEnforcement:true} GlobalReads:false NumReplicas:5 NumVoters:0 Constraints:[] VoterConstraints:[] LeasePreferences:[] RangefeedEnabled:true ExcludeDataFromBackup:false} to:{RangeMinBytes:134217728 RangeMaxBytes:536870912 GCPolicy:{TTLSeconds:14400 ProtectionPolicies:[] IgnoreStrictEnforcement:true} GlobalReads:false NumReplicas:1 NumVoters:0 Constraints:[] VoterConstraints:[] LeasePreferences:[] RangefeedEnabled:true ExcludeDataFromBackup:false}
I260828 12:03:12.351569 1212 13@spanconfig/spanconfigstore/store.go:364  [T1,Vsystem,n1,job=AUTO SPAN CONFIG RECONCILIATION id=1205364937180479489] 627  changing the spanconfig for span:/System/NodeLiveness{-Max} from:{RangeMinBytes:134217728 RangeMaxBytes:536870912 GCPolicy:{TTLSeconds:600 ProtectionPolicies:[] IgnoreStrictEnforcement:false} GlobalReads:false NumReplicas:5 NumVoters:0 Constraints:[] VoterConstraints:[] LeasePreferences:[] RangefeedEnabled:false ExcludeDataFromBackup:false} to:{RangeMinBytes:134217728 RangeMaxBytes:536870912 GCPolicy:{TTLSeconds:600 ProtectionPolicies:[] IgnoreStrictEnforcement:false} GlobalReads:false NumReplicas:1 NumVoters:0 Constraints:[] VoterConstraints:[] LeasePreferences:[] RangefeedEnabled:false ExcludeDataFromBackup:false}
I260828 12:03:12.351614 1212 13@spanconfig/spanconfigstore/store.go:364  [T1,Vsystem,n1,job=AUTO SPAN CONFIG RECONCILIATION id=1205364937180479489] 628  changing the spanconfig for span:/{Min-System/NodeLiveness} from:{RangeMinBytes:134217728 RangeMaxBytes:536870912 GCPolicy:{TTLSeconds:3600 ProtectionPolicies:[] IgnoreStrictEnforcement:false} GlobalReads:false NumReplicas:5 NumVoters:0 Constraints:[] VoterConstraints:[] LeasePreferences:[] RangefeedEnabled:false ExcludeDataFromBackup:false} to:{RangeMinBytes:134217728 RangeMaxBytes:536870912 GCPolicy:{TTLSeconds:3600 ProtectionPolicies:[] IgnoreStrictEnforcement:false} GlobalReads:false NumReplicas:1 NumVoters:0 Constraints:[] VoterConstraints:[] LeasePreferences:[] RangefeedEnabled:false ExcludeDataFromBackup:false}
I260828 12:03:12.351654 1212 13@spanconfig/spanconfigstore/store.go:364  [T1,Vsystem,n1,job=AUTO SPAN CONFIG RECONCILIATION id=1205364937180479489] 629  changing the spanconfig for span:/System/{NodeLivenessMax-tsd} from:{RangeMinBytes:134217728 RangeMaxBytes:536870912 GCPolicy:{TTLSeconds:14400 ProtectionPolicies:[] IgnoreStrictEnforcement:false} GlobalReads:false NumReplicas:5 NumVoters:0 Constraints:[] VoterConstraints:[] LeasePreferences:[] RangefeedEnabled:false ExcludeDataFromBackup:false} to:{RangeMinBytes:134217728 RangeMaxBytes:536870912 GCPolicy:{TTLSeconds:14400 ProtectionPolicies:[] IgnoreStrictEnforcement:false} GlobalReads:false NumReplicas:1 NumVoters:0 Constraints:[] VoterConstraints:[] LeasePreferences:[] RangefeedEnabled:false ExcludeDataFromBackup:false}
I260828 12:03:12.351718 1212 13@spanconfig/spanconfigstore/store.go:364  [T1,Vsystem,n1,job=AUTO SPAN CONFIG RECONCILIATION id=1205364937180479489] 630  changing the spanconfig for span:/System{tse-/SystemSpanConfigKeys} from:{RangeMinBytes:134217728 RangeMaxBytes:536870912 GCPolicy:{TTLSeconds:14400 ProtectionPolicies:[] IgnoreStrictEnforcement:false} GlobalReads:false NumReplicas:5 NumVoters:0 Constraints:[] VoterConstraints:[] LeasePreferences:[] RangefeedEnabled:false ExcludeDataFromBackup:false} to:{RangeMinBytes:134217728 RangeMaxBytes:536870912 GCPolicy:{TTLSeconds:14400 ProtectionPolicies:[] IgnoreStrictEnforcement:false} GlobalReads:false NumReplicas:1 NumVoters:0 Constraints:[] VoterConstraints:[] LeasePreferences:[] RangefeedEnabled:false ExcludeDataFromBackup:false}
I260828 12:03:12.351761 1212 13@spanconfig/spanconfigstore/store.go:364  [T1,Vsystem,n1,job=AUTO SPAN CONFIG RECONCILIATION id=1205364937180479489] 631  changing the spanconfig for span:/System{/tsd-tse} from:{RangeMinBytes:134217728 RangeMaxBytes:536870912 GCPolicy:{TTLSeconds:14400 ProtectionPolicies:[] IgnoreStrictEnforcement:false} GlobalReads:false NumReplicas:3 NumVoters:0 Constraints:[] VoterConstraints:[] LeasePreferences:[] RangefeedEnabled:false ExcludeDataFromBackup:false} to:{RangeMinBytes:134217728 RangeMaxBytes:536870912 GCPolicy:{TTLSeconds:14400 ProtectionPolicies:[] IgnoreStrictEnforcement:false} GlobalReads:false NumReplicas:1 NumVoters:0 Constraints:[] VoterConstraints:[] LeasePreferences:[] RangefeedEnabled:false ExcludeDataFromBackup:false}
I260828 12:03:12.356529 3390 sql/catalog/lease/lease.go:550  [T1,Vsystem,n1,job=NEW SCHEMA CHANGE id=1205364956189360129] 632  all leases have expired at 1787918592.355425010,0: desc=[{trnm_outbox 110 5}]
I260828 12:03:12.356678 3390 sql/schemachanger/scrun/scrun.go:186  [T1,Vsystem,n1,job=NEW SCHEMA CHANGE id=1205364956189360129] 633  executing declarative schema change PostCommitPhase stage 5 of 7 with 1 BackfillType op (rollback=false) for CREATE INDEX
I260828 12:03:12.358188 200 3@pebble/event.go:1001  [n1,s1,pebble] 634  [JOB 6] WAL created 000007
I260828 12:03:12.359633 4076 sql/backfill.go:2994  [T1,Vsystem,n1,job=NEW SCHEMA CHANGE id=1205364956189360129] 635  merging all keys in temporary index before time 1787918592.859620838,0
I260828 12:03:12.859951 3390 sql/schemachanger/scrun/scrun.go:186  [T1,Vsystem,n1,job=NEW SCHEMA CHANGE id=1205364956189360129] 636  executing declarative schema change PostCommitPhase stage 6 of 7 with 4 MutationType ops (rollback=false) for CREATE INDEX
I260828 12:03:12.880994 3390 sql/catalog/lease/lease.go:550  [T1,Vsystem,n1,job=NEW SCHEMA CHANGE id=1205364956189360129] 637  all leases have expired at 1787918592.879975949,0: desc=[{trnm_outbox 110 6}]
I260828 12:03:12.881146 3390 sql/schemachanger/scrun/scrun.go:186  [T1,Vsystem,n1,job=NEW SCHEMA CHANGE id=1205364956189360129] 638  executing declarative schema change PostCommitPhase stage 7 of 7 with 1 ValidationType op (rollback=false) for CREATE INDEX
I260828 12:03:12.886549 4126 sql/backfill.go:1947  [T1,Vsystem,n1,job=NEW SCHEMA CHANGE id=1205364956189360129] 639  validation: table trnm_outbox row count = 0, took 2.881205ms
I260828 12:03:12.886723 4125 sql/backfill.go:1892  [T1,Vsystem,n1,job=NEW SCHEMA CHANGE id=1205364956189360129] 640  validation: index trnm_outbox/trnm_outbox_by_command_idx row count = 0, time so far 3.038129ms
I260828 12:03:12.886890 3390 sql/schemachanger/scrun/scrun.go:186  [T1,Vsystem,n1,job=NEW SCHEMA CHANGE id=1205364956189360129] 641  executing declarative schema change PostCommitNonRevertiblePhase stage 1 of 1 with 10 MutationType ops (rollback=false) for CREATE INDEX
I260828 12:03:12.910726 3390 5@util/log/event_log.go:39  [T1,Vsystem,n1,job=NEW SCHEMA CHANGE id=1205364956189360129] 642 ={"Timestamp":1787918592886812827,"EventType":"finish_schema_change","InstanceID":1,"DescriptorID":110,"LatencyNanos":665100613}
I260828 12:03:12.912592 3390 sql/catalog/lease/lease.go:550  [T1,Vsystem,n1,job=NEW SCHEMA CHANGE id=1205364956189360129] 643  all leases have expired at 1787918592.911582760,0: desc=[{trnm_outbox 110 7}]
I260828 12:03:12.912818 4180 jobs/adopt.go:224  [T1,Vsystem,n1,job=1205364958470111233] 644  job 1205364958470111233: resuming execution
I260828 12:03:12.914139 3390 jobs/registry.go:1679  [T1,Vsystem,n1,job=1205364956189360129] 645  NEW SCHEMA CHANGE job 1205364956189360129: stepping through state succeeded
I260828 12:03:12.919554 4227 jobs/registry.go:1679  [T1,Vsystem,n1,job=1205364958470111233] 646  SCHEMA CHANGE GC job 1205364958470111233: stepping through state running
I260828 12:03:12.925299 4227 1@jobs/structured_log.go:48  [T1,Vsystem,n1,job=1205364958470111233] 647 ={"Timestamp":1787918592925296559,"EventType":"status_change","JobID":1205364958470111233,"JobType":"SCHEMA CHANGE GC","Description":"status changed to: running","PreviousStatus":"running","NewStatus":"running","RunNum":0}
I260828 12:03:12.927684 3390 1@jobs/structured_log.go:48  [T1,Vsystem,n1,job=1205364956189360129] 648 ={"Timestamp":1787918592927683412,"EventType":"status_change","JobID":1205364956189360129,"JobType":"NEW SCHEMA CHANGE","Description":"status changed to: succeeded","PreviousStatus":"running","NewStatus":"succeeded","RunNum":0}
I260828 12:03:12.935278 2262 jobs/wait.go:148  [T1,Vsystem,n1,client=172.17.0.1:42180,hostnossl,user=root] 649  waited for 1 [1205364956189360129] queued jobs to complete 701.992212ms
I260828 12:03:12.943732 2262 sql/schemachanger/scbuild/event_log.go:61  [T1,Vsystem,n1,client=172.17.0.1:42180,hostnossl,user=root] 650  event logging for declarative schema change targets built for CREATE INDEX
I260828 12:03:12.943866 2262 sql/schemachanger/scplan/plan.go:95  [T1,Vsystem,n1,client=172.17.0.1:42180,hostnossl,user=root] 651  building declarative schema changer plan in StatementPhase (rollback=false) for CREATE INDEX
I260828 12:03:12.948684 2262 sql/schemachanger/scrun/scrun.go:186  [T1,Vsystem,n1,client=172.17.0.1:42180,hostnossl,user=root] 652  executing declarative schema change StatementPhase stage 1 of 1 with 11 MutationType ops (rollback=false) for CREATE INDEX
I260828 12:03:12.949919 4227 sql/gcjob/gc_job_utils.go:273  [T1,Vsystem,n1,job=SCHEMA CHANGE GC id=1205364958470111233] 653  updated progress status: waiting for GC TTL, payload: indexes:<index_id:3 > ranges_unsplit_done:true 
I260828 12:03:12.956170 2262 sql/schemachanger/scplan/plan.go:95  [T1,Vsystem,n1,client=172.17.0.1:42180,hostnossl,user=root] 654  building declarative schema changer plan in PreCommitPhase (rollback=false) for CREATE INDEX
I260828 12:03:12.959175 2262 sql/schemachanger/scrun/scrun.go:186  [T1,Vsystem,n1,client=172.17.0.1:42180,hostnossl,user=root] 655  executing declarative schema change PreCommitPhase stage 1 of 2 with 1 MutationType op (rollback=false) for CREATE INDEX
I260828 12:03:12.959216 2262 sql/schemachanger/scrun/scrun.go:186  [T1,Vsystem,n1,client=172.17.0.1:42180,hostnossl,user=root] 656  executing declarative schema change PreCommitPhase stage 2 of 2 with 15 MutationType ops (rollback=false) for CREATE INDEX
I260828 12:03:12.960134 4227 sql/gcjob/gc_job_utils.go:273  [T1,Vsystem,n1,job=SCHEMA CHANGE GC id=1205364958470111233] 657  updated progress status: deleting data, payload: indexes:<index_id:3 > ranges_unsplit_done:true 
I260828 12:03:12.960183 4227 sql/schema_changer.go:1465  [T1,Vsystem,n1,job=SCHEMA CHANGE GC id=1205364958470111233] 658  waiting for a single version...
I260828 12:03:12.961740 4227 sql/catalog/lease/lease.go:550  [T1,Vsystem,n1,job=SCHEMA CHANGE GC id=1205364958470111233] 659  all leases have expired at 1787918592.960662420,0: desc=[{trnm_outbox 110 7}]
I260828 12:03:12.961780 4227 sql/schema_changer.go:1470  [T1,Vsystem,n1,job=SCHEMA CHANGE GC id=1205364958470111233] 660  waiting for a single version... done (at v 8), took 1.596608ms
I260828 12:03:12.961807 4227 sql/gcjob/index_garbage_collection.go:165  [T1,Vsystem,n1,job=SCHEMA CHANGE GC id=1205364958470111233] 661  clearing index 3 from table 110
I260828 12:03:12.962087 4227 sql/gcjob/gc_job_utils.go:53  [T1,Vsystem,n1,job=SCHEMA CHANGE GC id=1205364958470111233] 662  marked index 3 as GC'd
I260828 12:03:12.967403 2262 sql/index_split_scatter.go:126  [T1,Vsystem,n1,client=172.17.0.1:42180,hostnossl,user=root] 663  making a single split point in tableId=110 index=4
I260828 12:03:12.967561 2262 13@kv/kvserver/replica_command.go:481  [T1,Vsystem,n1,s1,r78/1:/{Table/110/3-Max},*kvpb.AdminSplitRequest] 664  initiating a split of this range at key /Table/110/4 [r79] (manual)
I260828 12:03:12.968450 2262 13@kv/kvserver/batcheval/cmd_end_transaction.go:1289  [T1,Vsystem,n1,s1,r78/1:/{Table/110/3-Max}] 665  falling back to accurate stats computation because there are no pre-split LHS stats (or they're empty)
I260828 12:03:12.969087 197 2@kv/kvserver/replica_proposal.go:620  [T1,Vsystem,n1,s1,r78/1:/{Table/110/3-Max},raft] 666  new range lease repl=(n1,s1):1 seq=1 start=0,0 epo=1 min-exp=0,0 pro=1787918586.379081321,0 acq=Request following repl=(n1,s1):1 seq=1 start=0,0 epo=1 min-exp=0,0 pro=1787918586.379081321,0 acq=Request
I260828 12:03:12.969590 4315 13@kv/kvserver/replicate_queue.go:784  [T1,Vsystem,n1,replicate,s1,r79/1:/{Table/110/4-Max}] 667  error processing replica: 0 of 1 live stores are able to take a new replica for the range (1 already has a voter, 0 already have a non-voter); likely not enough nodes in cluster
I260828 12:03:12.970823 4227 sql/gcjob/gc_job_utils.go:273  [T1,Vsystem,n1,job=SCHEMA CHANGE GC id=1205364958470111233] 668  updated progress status: waiting for MVCC GC, payload: indexes:<index_id:3 status:WAITING_FOR_MVCC_GC > ranges_unsplit_done:true 
I260828 12:03:12.975337 2262 sql/index_split_scatter.go:126  [T1,Vsystem,n1,client=172.17.0.1:42180,hostnossl,user=root] 669  making a single split point in tableId=110 index=5
I260828 12:03:12.975482 2262 13@kv/kvserver/replica_command.go:481  [T1,Vsystem,n1,s1,r79/1:/{Table/110/4-Max},*kvpb.AdminSplitRequest] 670  initiating a split of this range at key /Table/110/5 [r80] (manual)
I260828 12:03:12.976339 2262 13@kv/kvserver/batcheval/cmd_end_transaction.go:1289  [T1,Vsystem,n1,s1,r79/1:/{Table/110/4-Max}] 671  falling back to accurate stats computation because there are no pre-split LHS stats (or they're empty)
I260828 12:03:12.977378 4352 13@kv/kvserver/replicate_queue.go:784  [T1,Vsystem,n1,replicate,s1,r80/1:/{Table/110/5-Max}] 672  error processing replica: 0 of 1 live stores are able to take a new replica for the range (1 already has a voter, 0 already have a non-voter); likely not enough nodes in cluster
I260828 12:03:12.982226 2262 sql/conn_executor_ddl.go:121  [T1,Vsystem,n1,client=172.17.0.1:42180,hostnossl,user=root] 673  queued new schema change job 1205364958653775873 using the new schema changer
I260828 12:03:12.986419 2262 5@util/log/event_log.go:39  [T1,Vsystem,n1,client=172.17.0.1:42180,hostnossl,user=root] 674 ={"Timestamp":1787918592935971205,"EventType":"create_index","Statement":"CREATE INDEX IF NOT EXISTS trnm_outbox_pending_idx ON trnm.public.trnm_outbox (tenant_id, available_at, intent_id) WHERE state = 'pending'","Tag":"CREATE INDEX","User":"root","DescriptorID":110,"TableName":"trnm.public.trnm_outbox","IndexName":"trnm_outbox_pending_idx","MutationID":1}
I260828 12:03:12.986616 2262 jobs/wait.go:56  [T1,Vsystem,n1,client=172.17.0.1:42180,hostnossl,user=root] 675  waiting for 1 [1205364958653775873] queued jobs to complete
I260828 12:03:12.986671 4402 jobs/adopt.go:224  [T1,Vsystem,n1,client=172.17.0.1:42180,hostnossl,user=root,job=1205364958653775873] 676  job 1205364958653775873: resuming execution
I260828 12:03:12.988836 4375 sql/catalog/lease/descriptor_state.go:142  [n1] 677  new lease: tabledesc.immutable: {ID: 110, Version: 9, ModificationTime: "1787918592.960206640,1", ParentID: 104, ParentSchemaID: 105, State: PUBLIC, NextColumnID: 18, Columns: [{ID: 1, TypeID: 2950, Null: false}, {ID: 2, TypeID: 2950, Null: false}, {ID: 3, TypeID: 2950, Null: false}, {ID: 4, TypeID: 2950, Null: false}, {ID: 5, TypeID: 25, Null: false}, {ID: 6, TypeID: 17, Null: false}, {ID: 7, TypeID: 17, Null: false}, {ID: 8, TypeID: 23, Null: false, HasDefault: true}, {ID: 9, TypeID: 20, Null: false, HasDefault: true}, {ID: 10, TypeID: 25, Null: false, HasDefault: true}, {ID: 11, TypeID: 2950, Null: true}, {ID: 12, TypeID: 1184, Null: true}, {ID: 13, TypeID: 17, Null: true}, {ID: 14, TypeID: 17, Null: true}, {ID: 15, TypeID: 1184, Null: false, HasDefault: true}, {ID: 16, TypeID: 1184, Null: false, HasDefault: true}, {ID: 17, TypeID: 1184, Null: false, HasDefault: true}], NextFamilyID: 1, Families: [{ID: 0, Columns: [1, 2, 3, 4, 5, 6, 7, 8, 9, 10, 11, 12, 13, 14, 15, 16, 17]}], Mutations: [{MutationID: 1, Direction: ADD, State: BACKFILLING, Index: {ID: 4, Unique: false, Partial: true, KeyColumns: [{ID: 1, Dir: ASC}, {ID: 15, Dir: ASC}, {ID: 2, Dir: ASC}], State: ADD, MutationID: 1}}, {MutationID: 1, Direction: ADD, State: DELETE_ONLY, Index: {ID: 5, Unique: false, Partial: true, KeyColumns: [{ID: 1, Dir: ASC}, {ID: 15, Dir: ASC}, {ID: 2, Dir: ASC}], State: ADD, MutationID: 1}}], PrimaryIndex: 1, NextIndexID: 6, Indexes: [{ID: 1, Unique: true, KeyColumns: [{ID: 1, Dir: ASC}, {ID: 2, Dir: ASC}], StoreColumns: [3, 4, 5, 6, 7, 8, 9, 10, 11, 12, 13, 14, 15, 16, 17]}, {ID: 2, Unique: false, KeyColumns: [{ID: 1, Dir: ASC}, {ID: 3, Dir: ASC}, {ID: 4, Dir: ASC}, {ID: 2, Dir: ASC}]}], Checks: [{Columns: [13], Validity: Validated}, {Columns: [14], Validity: Validated}, {Columns: [9, 10, 11, 12, 13, 14], Validity: Validated}, {Columns: [5], Validity: Validated}, {Columns: [6], Validity: Validated}, {Columns: [8], Validity: Validated}, {Columns: [9], Validity: Validated}, {Columns: [10], Validity: Validated}], OutboundFKs: [{OriginTableID: 110, OriginColumns: [1, 3, 4], ReferencedTableID: 108, ReferencedColumnIDs: [1, 2, 3], Validity: Validated}]}
I260828 12:03:12.994525 4384 jobs/registry.go:1679  [T1,Vsystem,n1,job=1205364958653775873] 678  NEW SCHEMA CHANGE job 1205364958653775873: stepping through state running
I260828 12:03:13.002480 4384 1@jobs/structured_log.go:48  [T1,Vsystem,n1,job=1205364958653775873] 679 ={"Timestamp":1787918593002478291,"EventType":"status_change","JobID":1205364958653775873,"JobType":"NEW SCHEMA CHANGE","Description":"status changed to: running","PreviousStatus":"running","NewStatus":"running","RunNum":0}
I260828 12:03:13.011946 4384 sql/schemachanger/scrun/scrun.go:315  [T1,Vsystem,n1,job=NEW SCHEMA CHANGE id=1205364958653775873] 680  rebuilding declarative schema change state from descriptors [110]
I260828 12:03:13.012133 4384 sql/schemachanger/scplan/plan.go:95  [T1,Vsystem,n1,job=NEW SCHEMA CHANGE id=1205364958653775873] 681  building declarative schema changer plan in PostCommitPhase (rollback=false) for CREATE INDEX
I260828 12:03:13.015175 4384 sql/schemachanger/scrun/scrun.go:186  [T1,Vsystem,n1,job=NEW SCHEMA CHANGE id=1205364958653775873] 682  executing declarative schema change PostCommitPhase stage 1 of 7 with 3 MutationType ops (rollback=false) for CREATE INDEX
I260828 12:03:13.036160 4384 sql/catalog/lease/lease.go:556  [T1,Vsystem,n1,job=NEW SCHEMA CHANGE id=1205364958653775873] 683  waiting for 1 leases to expire: desc=[{trnm_outbox 110 9}]
I260828 12:03:13.036530 4453 sql/catalog/lease/descriptor_state.go:142  [n1] 684  new lease: tabledesc.immutable: {ID: 110, Version: 10, ModificationTime: "1787918593.015114097,0", ParentID: 104, ParentSchemaID: 105, State: PUBLIC, NextColumnID: 18, Columns: [{ID: 1, TypeID: 2950, Null: false}, {ID: 2, TypeID: 2950, Null: false}, {ID: 3, TypeID: 2950, Null: false}, {ID: 4, TypeID: 2950, Null: false}, {ID: 5, TypeID: 25, Null: false}, {ID: 6, TypeID: 17, Null: false}, {ID: 7, TypeID: 17, Null: false}, {ID: 8, TypeID: 23, Null: false, HasDefault: true}, {ID: 9, TypeID: 20, Null: false, HasDefault: true}, {ID: 10, TypeID: 25, Null: false, HasDefault: true}, {ID: 11, TypeID: 2950, Null: true}, {ID: 12, TypeID: 1184, Null: true}, {ID: 13, TypeID: 17, Null: true}, {ID: 14, TypeID: 17, Null: true}, {ID: 15, TypeID: 1184, Null: false, HasDefault: true}, {ID: 16, TypeID: 1184, Null: false, HasDefault: true}, {ID: 17, TypeID: 1184, Null: false, HasDefault: true}], NextFamilyID: 1, Families: [{ID: 0, Columns: [1, 2, 3, 4, 5, 6, 7, 8, 9, 10, 11, 12, 13, 14, 15, 16, 17]}], Mutations: [{MutationID: 1, Direction: ADD, State: BACKFILLING, Index: {ID: 4, Unique: false, Partial: true, KeyColumns: [{ID: 1, Dir: ASC}, {ID: 15, Dir: ASC}, {ID: 2, Dir: ASC}], State: ADD, MutationID: 1}}, {MutationID: 1, Direction: ADD, State: WRITE_ONLY, Index: {ID: 5, Unique: false, Partial: true, KeyColumns: [{ID: 1, Dir: ASC}, {ID: 15, Dir: ASC}, {ID: 2, Dir: ASC}], State: ADD, MutationID: 1}}], PrimaryIndex: 1, NextIndexID: 6, Indexes: [{ID: 1, Unique: true, KeyColumns: [{ID: 1, Dir: ASC}, {ID: 2, Dir: ASC}], StoreColumns: [3, 4, 5, 6, 7, 8, 9, 10, 11, 12, 13, 14, 15, 16, 17]}, {ID: 2, Unique: false, KeyColumns: [{ID: 1, Dir: ASC}, {ID: 3, Dir: ASC}, {ID: 4, Dir: ASC}, {ID: 2, Dir: ASC}]}], Checks: [{Columns: [13], Validity: Validated}, {Columns: [14], Validity: Validated}, {Columns: [9, 10, 11, 12, 13, 14], Validity: Validated}, {Columns: [5], Validity: Validated}, {Columns: [6], Validity: Validated}, {Columns: [8], Validity: Validated}, {Columns: [9], Validity: Validated}, {Columns: [10], Validity: Validated}], OutboundFKs: [{OriginTableID: 110, OriginColumns: [1, 3, 4], ReferencedTableID: 108, ReferencedColumnIDs: [1, 2, 3], Validity: Validated}]}
I260828 12:03:13.039790 4384 sql/catalog/lease/lease.go:550  [T1,Vsystem,n1,job=NEW SCHEMA CHANGE id=1205364958653775873] 685  all leases have expired at 1787918593.038817321,0: desc=[{trnm_outbox 110 9}]
I260828 12:03:13.039932 4384 sql/schemachanger/scrun/scrun.go:186  [T1,Vsystem,n1,job=NEW SCHEMA CHANGE id=1205364958653775873] 686  executing declarative schema change PostCommitPhase stage 2 of 7 with 1 BackfillType op (rollback=false) for CREATE INDEX
I260828 12:03:13.043047 4384 sql/schemachanger/scexec/backfiller/tracker.go:258  [T1,Vsystem,n1,job=NEW SCHEMA CHANGE id=1205364958653775873] 687  writing 1 backfill checkpoints and 0 merge checkpoints
I260828 12:03:13.049366 4384 sql/schemachanger/scexec/backfiller/tracker.go:227  [T1,Vsystem,n1,job=NEW SCHEMA CHANGE id=1205364958653775873] 688  backfill fraction completed is 1.000 / 1.000
I260828 12:03:13.056450 4384 sql/schemachanger/scexec/backfiller/tracker.go:258  [T1,Vsystem,n1,job=NEW SCHEMA CHANGE id=1205364958653775873] 689  writing 1 backfill checkpoints and 0 merge checkpoints
I260828 12:03:13.065622 4384 sql/schemachanger/scrun/scrun.go:186  [T1,Vsystem,n1,job=NEW SCHEMA CHANGE id=1205364958653775873] 690  executing declarative schema change PostCommitPhase stage 3 of 7 with 3 MutationType ops (rollback=false) for CREATE INDEX
I260828 12:03:13.087705 4384 sql/catalog/lease/lease.go:556  [T1,Vsystem,n1,job=NEW SCHEMA CHANGE id=1205364958653775873] 691  waiting for 1 leases to expire: desc=[{trnm_outbox 110 10}]
I260828 12:03:13.088538 4410 sql/catalog/lease/descriptor_state.go:142  [n1] 692  new lease: tabledesc.immutable: {ID: 110, Version: 11, ModificationTime: "1787918593.065510342,0", ParentID: 104, ParentSchemaID: 105, State: PUBLIC, NextColumnID: 18, Columns: [{ID: 1, TypeID: 2950, Null: false}, {ID: 2, TypeID: 2950, Null: false}, {ID: 3, TypeID: 2950, Null: false}, {ID: 4, TypeID: 2950, Null: false}, {ID: 5, TypeID: 25, Null: false}, {ID: 6, TypeID: 17, Null: false}, {ID: 7, TypeID: 17, Null: false}, {ID: 8, TypeID: 23, Null: false, HasDefault: true}, {ID: 9, TypeID: 20, Null: false, HasDefault: true}, {ID: 10, TypeID: 25, Null: false, HasDefault: true}, {ID: 11, TypeID: 2950, Null: true}, {ID: 12, TypeID: 1184, Null: true}, {ID: 13, TypeID: 17, Null: true}, {ID: 14, TypeID: 17, Null: true}, {ID: 15, TypeID: 1184, Null: false, HasDefault: true}, {ID: 16, TypeID: 1184, Null: false, HasDefault: true}, {ID: 17, TypeID: 1184, Null: false, HasDefault: true}], NextFamilyID: 1, Families: [{ID: 0, Columns: [1, 2, 3, 4, 5, 6, 7, 8, 9, 10, 11, 12, 13, 14, 15, 16, 17]}], Mutations: [{MutationID: 1, Direction: ADD, State: DELETE_ONLY, Index: {ID: 4, Unique: false, Partial: true, KeyColumns: [{ID: 1, Dir: ASC}, {ID: 15, Dir: ASC}, {ID: 2, Dir: ASC}], State: ADD, MutationID: 1}}, {MutationID: 1, Direction: ADD, State: WRITE_ONLY, Index: {ID: 5, Unique: false, Partial: true, KeyColumns: [{ID: 1, Dir: ASC}, {ID: 15, Dir: ASC}, {ID: 2, Dir: ASC}], State: ADD, MutationID: 1}}], PrimaryIndex: 1, NextIndexID: 6, Indexes: [{ID: 1, Unique: true, KeyColumns: [{ID: 1, Dir: ASC}, {ID: 2, Dir: ASC}], StoreColumns: [3, 4, 5, 6, 7, 8, 9, 10, 11, 12, 13, 14, 15, 16, 17]}, {ID: 2, Unique: false, KeyColumns: [{ID: 1, Dir: ASC}, {ID: 3, Dir: ASC}, {ID: 4, Dir: ASC}, {ID: 2, Dir: ASC}]}], Checks: [{Columns: [13], Validity: Validated}, {Columns: [14], Validity: Validated}, {Columns: [9, 10, 11, 12, 13, 14], Validity: Validated}, {Columns: [5], Validity: Validated}, {Columns: [6], Validity: Validated}, {Columns: [8], Validity: Validated}, {Columns: [9], Validity: Validated}, {Columns: [10], Validity: Validated}], OutboundFKs: [{OriginTableID: 110, OriginColumns: [1, 3, 4], ReferencedTableID: 108, ReferencedColumnIDs: [1, 2, 3], Validity: Validated}]}
I260828 12:03:13.090214 4384 sql/catalog/lease/lease.go:550  [T1,Vsystem,n1,job=NEW SCHEMA CHANGE id=1205364958653775873] 693  all leases have expired at 1787918593.089231250,0: desc=[{trnm_outbox 110 10}]
I260828 12:03:13.090359 4384 sql/schemachanger/scrun/scrun.go:186  [T1,Vsystem,n1,job=NEW SCHEMA CHANGE id=1205364958653775873] 694  executing declarative schema change PostCommitPhase stage 4 of 7 with 3 MutationType ops (rollback=false) for CREATE INDEX
I260828 12:03:13.110994 4384 sql/catalog/lease/lease.go:556  [T1,Vsystem,n1,job=NEW SCHEMA CHANGE id=1205364958653775873] 695  waiting for 1 leases to expire: desc=[{trnm_outbox 110 11}]
I260828 12:03:13.111226 4528 sql/catalog/lease/descriptor_state.go:142  [n1] 696  new lease: tabledesc.immutable: {ID: 110, Version: 12, ModificationTime: "1787918593.090262044,0", ParentID: 104, ParentSchemaID: 105, State: PUBLIC, NextColumnID: 18, Columns: [{ID: 1, TypeID: 2950, Null: false}, {ID: 2, TypeID: 2950, Null: false}, {ID: 3, TypeID: 2950, Null: false}, {ID: 4, TypeID: 2950, Null: false}, {ID: 5, TypeID: 25, Null: false}, {ID: 6, TypeID: 17, Null: false}, {ID: 7, TypeID: 17, Null: false}, {ID: 8, TypeID: 23, Null: false, HasDefault: true}, {ID: 9, TypeID: 20, Null: false, HasDefault: true}, {ID: 10, TypeID: 25, Null: false, HasDefault: true}, {ID: 11, TypeID: 2950, Null: true}, {ID: 12, TypeID: 1184, Null: true}, {ID: 13, TypeID: 17, Null: true}, {ID: 14, TypeID: 17, Null: true}, {ID: 15, TypeID: 1184, Null: false, HasDefault: true}, {ID: 16, TypeID: 1184, Null: false, HasDefault: true}, {ID: 17, TypeID: 1184, Null: false, HasDefault: true}], NextFamilyID: 1, Families: [{ID: 0, Columns: [1, 2, 3, 4, 5, 6, 7, 8, 9, 10, 11, 12, 13, 14, 15, 16, 17]}], Mutations: [{MutationID: 1, Direction: ADD, State: MERGING, Index: {ID: 4, Unique: false, Partial: true, KeyColumns: [{ID: 1, Dir: ASC}, {ID: 15, Dir: ASC}, {ID: 2, Dir: ASC}], State: ADD, MutationID: 1}}, {MutationID: 1, Direction: ADD, State: WRITE_ONLY, Index: {ID: 5, Unique: false, Partial: true, KeyColumns: [{ID: 1, Dir: ASC}, {ID: 15, Dir: ASC}, {ID: 2, Dir: ASC}], State: ADD, MutationID: 1}}], PrimaryIndex: 1, NextIndexID: 6, Indexes: [{ID: 1, Unique: true, KeyColumns: [{ID: 1, Dir: ASC}, {ID: 2, Dir: ASC}], StoreColumns: [3, 4, 5, 6, 7, 8, 9, 10, 11, 12, 13, 14, 15, 16, 17]}, {ID: 2, Unique: false, KeyColumns: [{ID: 1, Dir: ASC}, {ID: 3, Dir: ASC}, {ID: 4, Dir: ASC}, {ID: 2, Dir: ASC}]}], Checks: [{Columns: [13], Validity: Validated}, {Columns: [14], Validity: Validated}, {Columns: [9, 10, 11, 12, 13, 14], Validity: Validated}, {Columns: [5], Validity: Validated}, {Columns: [6], Validity: Validated}, {Columns: [8], Validity: Validated}, {Columns: [9], Validity: Validated}, {Columns: [10], Validity: Validated}], OutboundFKs: [{OriginTableID: 110, OriginColumns: [1, 3, 4], ReferencedTableID: 108, ReferencedColumnIDs: [1, 2, 3], Validity: Validated}]}
I260828 12:03:13.113615 4384 sql/catalog/lease/lease.go:550  [T1,Vsystem,n1,job=NEW SCHEMA CHANGE id=1205364958653775873] 697  all leases have expired at 1787918593.112678018,0: desc=[{trnm_outbox 110 11}]
I260828 12:03:13.113742 4384 sql/schemachanger/scrun/scrun.go:186  [T1,Vsystem,n1,job=NEW SCHEMA CHANGE id=1205364958653775873] 698  executing declarative schema change PostCommitPhase stage 5 of 7 with 1 BackfillType op (rollback=false) for CREATE INDEX
I260828 12:03:13.116743 4587 sql/backfill.go:2994  [T1,Vsystem,n1,job=NEW SCHEMA CHANGE id=1205364958653775873] 699  merging all keys in temporary index before time 1787918593.616727634,0
I260828 12:03:13.617087 4384 sql/schemachanger/scrun/scrun.go:186  [T1,Vsystem,n1,job=NEW SCHEMA CHANGE id=1205364958653775873] 700  executing declarative schema change PostCommitPhase stage 6 of 7 with 4 MutationType ops (rollback=false) for CREATE INDEX
I260828 12:03:13.637910 4384 sql/catalog/lease/lease.go:556  [T1,Vsystem,n1,job=NEW SCHEMA CHANGE id=1205364958653775873] 701  waiting for 1 leases to expire: desc=[{trnm_outbox 110 12}]
I260828 12:03:13.638564 4665 sql/catalog/lease/descriptor_state.go:142  [n1] 702  new lease: tabledesc.immutable: {ID: 110, Version: 13, ModificationTime: "1787918593.616952948,0", ParentID: 104, ParentSchemaID: 105, State: PUBLIC, NextColumnID: 18, Columns: [{ID: 1, TypeID: 2950, Null: false}, {ID: 2, TypeID: 2950, Null: false}, {ID: 3, TypeID: 2950, Null: false}, {ID: 4, TypeID: 2950, Null: false}, {ID: 5, TypeID: 25, Null: false}, {ID: 6, TypeID: 17, Null: false}, {ID: 7, TypeID: 17, Null: false}, {ID: 8, TypeID: 23, Null: false, HasDefault: true}, {ID: 9, TypeID: 20, Null: false, HasDefault: true}, {ID: 10, TypeID: 25, Null: false, HasDefault: true}, {ID: 11, TypeID: 2950, Null: true}, {ID: 12, TypeID: 1184, Null: true}, {ID: 13, TypeID: 17, Null: true}, {ID: 14, TypeID: 17, Null: true}, {ID: 15, TypeID: 1184, Null: false, HasDefault: true}, {ID: 16, TypeID: 1184, Null: false, HasDefault: true}, {ID: 17, TypeID: 1184, Null: false, HasDefault: true}], NextFamilyID: 1, Families: [{ID: 0, Columns: [1, 2, 3, 4, 5, 6, 7, 8, 9, 10, 11, 12, 13, 14, 15, 16, 17]}], Mutations: [{MutationID: 1, Direction: ADD, State: WRITE_ONLY, Index: {ID: 4, Unique: false, Partial: true, KeyColumns: [{ID: 1, Dir: ASC}, {ID: 15, Dir: ASC}, {ID: 2, Dir: ASC}], State: ADD, MutationID: 1}}, {MutationID: 1, Direction: DROP, State: DELETE_ONLY, Index: {ID: 5, Unique: false, Partial: true, KeyColumns: [{ID: 1, Dir: ASC}, {ID: 15, Dir: ASC}, {ID: 2, Dir: ASC}], State: DROP, MutationID: 1}}], PrimaryIndex: 1, NextIndexID: 6, Indexes: [{ID: 1, Unique: true, KeyColumns: [{ID: 1, Dir: ASC}, {ID: 2, Dir: ASC}], StoreColumns: [3, 4, 5, 6, 7, 8, 9, 10, 11, 12, 13, 14, 15, 16, 17]}, {ID: 2, Unique: false, KeyColumns: [{ID: 1, Dir: ASC}, {ID: 3, Dir: ASC}, {ID: 4, Dir: ASC}, {ID: 2, Dir: ASC}]}], Checks: [{Columns: [13], Validity: Validated}, {Columns: [14], Validity: Validated}, {Columns: [9, 10, 11, 12, 13, 14], Validity: Validated}, {Columns: [5], Validity: Validated}, {Columns: [6], Validity: Validated}, {Columns: [8], Validity: Validated}, {Columns: [9], Validity: Validated}, {Columns: [10], Validity: Validated}], OutboundFKs: [{OriginTableID: 110, OriginColumns: [1, 3, 4], ReferencedTableID: 108, ReferencedColumnIDs: [1, 2, 3], Validity: Validated}]}
I260828 12:03:13.640508 4384 sql/catalog/lease/lease.go:550  [T1,Vsystem,n1,job=NEW SCHEMA CHANGE id=1205364958653775873] 703  all leases have expired at 1787918593.639591846,0: desc=[{trnm_outbox 110 12}]
I260828 12:03:13.640634 4384 sql/schemachanger/scrun/scrun.go:186  [T1,Vsystem,n1,job=NEW SCHEMA CHANGE id=1205364958653775873] 704  executing declarative schema change PostCommitPhase stage 7 of 7 with 1 ValidationType op (rollback=false) for CREATE INDEX
I260828 12:03:13.645071 4712 sql/backfill.go:1947  [T1,Vsystem,n1,job=NEW SCHEMA CHANGE id=1205364958653775873] 705  validation: table trnm_outbox row count = 0, took 1.613701ms
I260828 12:03:13.645191 4711 sql/backfill.go:1892  [T1,Vsystem,n1,job=NEW SCHEMA CHANGE id=1205364958653775873] 706  validation: index trnm_outbox/trnm_outbox_pending_idx row count = 0, time so far 1.624151ms
I260828 12:03:13.645357 4384 sql/schemachanger/scrun/scrun.go:186  [T1,Vsystem,n1,job=NEW SCHEMA CHANGE id=1205364958653775873] 707  executing declarative schema change PostCommitNonRevertiblePhase stage 1 of 1 with 9 MutationType ops (rollback=false) for CREATE INDEX
I260828 12:03:13.668960 4384 5@util/log/event_log.go:39  [T1,Vsystem,n1,job=NEW SCHEMA CHANGE id=1205364958653775873] 708 ={"Timestamp":1787918593645278675,"EventType":"finish_schema_change","InstanceID":1,"DescriptorID":110,"LatencyNanos":669439080}
I260828 12:03:13.670997 4384 sql/catalog/lease/lease.go:556  [T1,Vsystem,n1,job=NEW SCHEMA CHANGE id=1205364958653775873] 709  waiting for 1 leases to expire: desc=[{trnm_outbox 110 13}]
I260828 12:03:13.671656 4744 sql/catalog/lease/descriptor_state.go:142  [n1] 710  new lease: tabledesc.immutable: {ID: 110, Version: 14, ModificationTime: "1787918593.645278675,0", ParentID: 104, ParentSchemaID: 105, State: PUBLIC, NextColumnID: 18, Columns: [{ID: 1, TypeID: 2950, Null: false}, {ID: 2, TypeID: 2950, Null: false}, {ID: 3, TypeID: 2950, Null: false}, {ID: 4, TypeID: 2950, Null: false}, {ID: 5, TypeID: 25, Null: false}, {ID: 6, TypeID: 17, Null: false}, {ID: 7, TypeID: 17, Null: false}, {ID: 8, TypeID: 23, Null: false, HasDefault: true}, {ID: 9, TypeID: 20, Null: false, HasDefault: true}, {ID: 10, TypeID: 25, Null: false, HasDefault: true}, {ID: 11, TypeID: 2950, Null: true}, {ID: 12, TypeID: 1184, Null: true}, {ID: 13, TypeID: 17, Null: true}, {ID: 14, TypeID: 17, Null: true}, {ID: 15, TypeID: 1184, Null: false, HasDefault: true}, {ID: 16, TypeID: 1184, Null: false, HasDefault: true}, {ID: 17, TypeID: 1184, Null: false, HasDefault: true}], NextFamilyID: 1, Families: [{ID: 0, Columns: [1, 2, 3, 4, 5, 6, 7, 8, 9, 10, 11, 12, 13, 14, 15, 16, 17]}], PrimaryIndex: 1, NextIndexID: 6, Indexes: [{ID: 1, Unique: true, KeyColumns: [{ID: 1, Dir: ASC}, {ID: 2, Dir: ASC}], StoreColumns: [3, 4, 5, 6, 7, 8, 9, 10, 11, 12, 13, 14, 15, 16, 17]}, {ID: 2, Unique: false, KeyColumns: [{ID: 1, Dir: ASC}, {ID: 3, Dir: ASC}, {ID: 4, Dir: ASC}, {ID: 2, Dir: ASC}]}, {ID: 4, Unique: false, Partial: true, KeyColumns: [{ID: 1, Dir: ASC}, {ID: 15, Dir: ASC}, {ID: 2, Dir: ASC}]}], Checks: [{Columns: [13], Validity: Validated}, {Columns: [14], Validity: Validated}, {Columns: [9, 10, 11, 12, 13, 14], Validity: Validated}, {Columns: [5], Validity: Validated}, {Columns: [6], Validity: Validated}, {Columns: [8], Validity: Validated}, {Columns: [9], Validity: Validated}, {Columns: [10], Validity: Validated}], OutboundFKs: [{OriginTableID: 110, OriginColumns: [1, 3, 4], ReferencedTableID: 108, ReferencedColumnIDs: [1, 2, 3], Validity: Validated}]}
I260828 12:03:13.673498 4384 sql/catalog/lease/lease.go:550  [T1,Vsystem,n1,job=NEW SCHEMA CHANGE id=1205364958653775873] 711  all leases have expired at 1787918593.672540481,0: desc=[{trnm_outbox 110 13}]
I260828 12:03:13.673649 4718 jobs/adopt.go:224  [T1,Vsystem,n1,job=1205364960955138049] 712  job 1205364960955138049: resuming execution
I260828 12:03:13.673663 4384 jobs/registry.go:1679  [T1,Vsystem,n1,job=1205364958653775873] 713  NEW SCHEMA CHANGE job 1205364958653775873: stepping through state succeeded
I260828 12:03:13.676558 4703 jobs/registry.go:1679  [T1,Vsystem,n1,job=1205364960955138049] 714  SCHEMA CHANGE GC job 1205364960955138049: stepping through state running
I260828 12:03:13.682326 4703 1@jobs/structured_log.go:48  [T1,Vsystem,n1,job=1205364960955138049] 715 ={"Timestamp":1787918593682323312,"EventType":"status_change","JobID":1205364960955138049,"JobType":"SCHEMA CHANGE GC","Description":"status changed to: running","PreviousStatus":"running","NewStatus":"running","RunNum":0}
I260828 12:03:13.683424 4384 1@jobs/structured_log.go:48  [T1,Vsystem,n1,job=1205364958653775873] 716 ={"Timestamp":1787918593683423196,"EventType":"status_change","JobID":1205364958653775873,"JobType":"NEW SCHEMA CHANGE","Description":"status changed to: succeeded","PreviousStatus":"running","NewStatus":"succeeded","RunNum":0}
I260828 12:03:13.690784 2262 jobs/wait.go:148  [T1,Vsystem,n1,client=172.17.0.1:42180,hostnossl,user=root] 717  waited for 1 [1205364958653775873] queued jobs to complete 704.132186ms
I260828 12:03:13.697130 2262 sql/schemachanger/scbuild/event_log.go:61  [T1,Vsystem,n1,client=172.17.0.1:42180,hostnossl,user=root] 718  event logging for declarative schema change targets built for CREATE INDEX
I260828 12:03:13.697263 2262 sql/schemachanger/scplan/plan.go:95  [T1,Vsystem,n1,client=172.17.0.1:42180,hostnossl,user=root] 719  building declarative schema changer plan in StatementPhase (rollback=false) for CREATE INDEX
I260828 12:03:13.700020 2262 sql/schemachanger/scrun/scrun.go:186  [T1,Vsystem,n1,client=172.17.0.1:42180,hostnossl,user=root] 720  executing declarative schema change StatementPhase stage 1 of 1 with 11 MutationType ops (rollback=false) for CREATE INDEX
I260828 12:03:13.705283 4703 sql/gcjob/gc_job_utils.go:273  [T1,Vsystem,n1,job=SCHEMA CHANGE GC id=1205364960955138049] 721  updated progress status: waiting for GC TTL, payload: indexes:<index_id:5 > ranges_unsplit_done:true 
I260828 12:03:13.709455 2262 sql/schemachanger/scplan/plan.go:95  [T1,Vsystem,n1,client=172.17.0.1:42180,hostnossl,user=root] 722  building declarative schema changer plan in PreCommitPhase (rollback=false) for CREATE INDEX
I260828 12:03:13.712463 2262 sql/schemachanger/scrun/scrun.go:186  [T1,Vsystem,n1,client=172.17.0.1:42180,hostnossl,user=root] 723  executing declarative schema change PreCommitPhase stage 1 of 2 with 1 MutationType op (rollback=false) for CREATE INDEX
I260828 12:03:13.712520 2262 sql/schemachanger/scrun/scrun.go:186  [T1,Vsystem,n1,client=172.17.0.1:42180,hostnossl,user=root] 724  executing declarative schema change PreCommitPhase stage 2 of 2 with 15 MutationType ops (rollback=false) for CREATE INDEX
I260828 12:03:13.717022 4703 sql/gcjob/gc_job_utils.go:273  [T1,Vsystem,n1,job=SCHEMA CHANGE GC id=1205364960955138049] 725  updated progress status: deleting data, payload: indexes:<index_id:5 > ranges_unsplit_done:true 
I260828 12:03:13.717075 4703 sql/schema_changer.go:1465  [T1,Vsystem,n1,job=SCHEMA CHANGE GC id=1205364960955138049] 726  waiting for a single version...
I260828 12:03:13.718845 4703 sql/catalog/lease/lease.go:550  [T1,Vsystem,n1,job=SCHEMA CHANGE GC id=1205364960955138049] 727  all leases have expired at 1787918593.717554276,0: desc=[{trnm_outbox 110 13}]
I260828 12:03:13.718892 4703 sql/schema_changer.go:1470  [T1,Vsystem,n1,job=SCHEMA CHANGE GC id=1205364960955138049] 728  waiting for a single version... done (at v 14), took 1.81687ms
I260828 12:03:13.718914 4703 sql/gcjob/index_garbage_collection.go:165  [T1,Vsystem,n1,job=SCHEMA CHANGE GC id=1205364960955138049] 729  clearing index 5 from table 110
I260828 12:03:13.719175 4703 sql/gcjob/gc_job_utils.go:53  [T1,Vsystem,n1,job=SCHEMA CHANGE GC id=1205364960955138049] 730  marked index 5 as GC'd
I260828 12:03:13.721343 2262 sql/index_split_scatter.go:126  [T1,Vsystem,n1,client=172.17.0.1:42180,hostnossl,user=root] 731  making a single split point in tableId=110 index=6
I260828 12:03:13.721465 2262 13@kv/kvserver/replica_command.go:481  [T1,Vsystem,n1,s1,r80/1:/{Table/110/5-Max},*kvpb.AdminSplitRequest] 732  initiating a split of this range at key /Table/110/6 [r81] (manual)
I260828 12:03:13.722281 2262 13@kv/kvserver/batcheval/cmd_end_transaction.go:1289  [T1,Vsystem,n1,s1,r80/1:/{Table/110/5-Max}] 733  falling back to accurate stats computation because there are no pre-split LHS stats (or they're empty)
I260828 12:03:13.723461 4886 13@kv/kvserver/replicate_queue.go:784  [T1,Vsystem,n1,replicate,s1,r81/1:/{Table/110/6-Max}] 734  error processing replica: 0 of 1 live stores are able to take a new replica for the range (1 already has a voter, 0 already have a non-voter); likely not enough nodes in cluster
I260828 12:03:13.727148 4703 sql/gcjob/gc_job_utils.go:273  [T1,Vsystem,n1,job=SCHEMA CHANGE GC id=1205364960955138049] 735  updated progress status: waiting for MVCC GC, payload: indexes:<index_id:5 status:WAITING_FOR_MVCC_GC > ranges_unsplit_done:true 
I260828 12:03:13.729009 2262 sql/index_split_scatter.go:126  [T1,Vsystem,n1,client=172.17.0.1:42180,hostnossl,user=root] 736  making a single split point in tableId=110 index=7
I260828 12:03:13.729083 2262 13@kv/kvserver/replica_command.go:481  [T1,Vsystem,n1,s1,r81/1:/{Table/110/6-Max},*kvpb.AdminSplitRequest] 737  initiating a split of this range at key /Table/110/7 [r82] (manual)
I260828 12:03:13.729835 2262 13@kv/kvserver/batcheval/cmd_end_transaction.go:1289  [T1,Vsystem,n1,s1,r81/1:/{Table/110/6-Max}] 738  falling back to accurate stats computation because there are no pre-split LHS stats (or they're empty)
I260828 12:03:13.730840 4909 13@kv/kvserver/replicate_queue.go:784  [T1,Vsystem,n1,replicate,s1,r82/1:/{Table/110/7-Max}] 739  error processing replica: 0 of 1 live stores are able to take a new replica for the range (1 already has a voter, 0 already have a non-voter); likely not enough nodes in cluster
I260828 12:03:13.735534 2262 sql/conn_executor_ddl.go:121  [T1,Vsystem,n1,client=172.17.0.1:42180,hostnossl,user=root] 740  queued new schema change job 1205364961115832321 using the new schema changer
I260828 12:03:13.739695 2262 5@util/log/event_log.go:39  [T1,Vsystem,n1,client=172.17.0.1:42180,hostnossl,user=root] 741 ={"Timestamp":1787918593691383606,"EventType":"create_index","Statement":"CREATE INDEX IF NOT EXISTS trnm_outbox_expired_lease_idx ON trnm.public.trnm_outbox (tenant_id, lease_expires_at, intent_id) WHERE state = 'leased'","Tag":"CREATE INDEX","User":"root","DescriptorID":110,"TableName":"trnm.public.trnm_outbox","IndexName":"trnm_outbox_expired_lease_idx","MutationID":1}
I260828 12:03:13.739834 2262 jobs/wait.go:56  [T1,Vsystem,n1,client=172.17.0.1:42180,hostnossl,user=root] 742  waiting for 1 [1205364961115832321] queued jobs to complete
I260828 12:03:13.739885 4954 jobs/adopt.go:224  [T1,Vsystem,n1,client=172.17.0.1:42180,hostnossl,user=root,job=1205364961115832321] 743  job 1205364961115832321: resuming execution
I260828 12:03:13.742179 4832 sql/catalog/lease/descriptor_state.go:142  [n1] 744  new lease: tabledesc.immutable: {ID: 110, Version: 15, ModificationTime: "1787918593.717095861,1", ParentID: 104, ParentSchemaID: 105, State: PUBLIC, NextColumnID: 18, Columns: [{ID: 1, TypeID: 2950, Null: false}, {ID: 2, TypeID: 2950, Null: false}, {ID: 3, TypeID: 2950, Null: false}, {ID: 4, TypeID: 2950, Null: false}, {ID: 5, TypeID: 25, Null: false}, {ID: 6, TypeID: 17, Null: false}, {ID: 7, TypeID: 17, Null: false}, {ID: 8, TypeID: 23, Null: false, HasDefault: true}, {ID: 9, TypeID: 20, Null: false, HasDefault: true}, {ID: 10, TypeID: 25, Null: false, HasDefault: true}, {ID: 11, TypeID: 2950, Null: true}, {ID: 12, TypeID: 1184, Null: true}, {ID: 13, TypeID: 17, Null: true}, {ID: 14, TypeID: 17, Null: true}, {ID: 15, TypeID: 1184, Null: false, HasDefault: true}, {ID: 16, TypeID: 1184, Null: false, HasDefault: true}, {ID: 17, TypeID: 1184, Null: false, HasDefault: true}], NextFamilyID: 1, Families: [{ID: 0, Columns: [1, 2, 3, 4, 5, 6, 7, 8, 9, 10, 11, 12, 13, 14, 15, 16, 17]}], Mutations: [{MutationID: 1, Direction: ADD, State: BACKFILLING, Index: {ID: 6, Unique: false, Partial: true, KeyColumns: [{ID: 1, Dir: ASC}, {ID: 12, Dir: ASC}, {ID: 2, Dir: ASC}], State: ADD, MutationID: 1}}, {MutationID: 1, Direction: ADD, State: DELETE_ONLY, Index: {ID: 7, Unique: false, Partial: true, KeyColumns: [{ID: 1, Dir: ASC}, {ID: 12, Dir: ASC}, {ID: 2, Dir: ASC}], State: ADD, MutationID: 1}}], PrimaryIndex: 1, NextIndexID: 8, Indexes: [{ID: 1, Unique: true, KeyColumns: [{ID: 1, Dir: ASC}, {ID: 2, Dir: ASC}], StoreColumns: [3, 4, 5, 6, 7, 8, 9, 10, 11, 12, 13, 14, 15, 16, 17]}, {ID: 2, Unique: false, KeyColumns: [{ID: 1, Dir: ASC}, {ID: 3, Dir: ASC}, {ID: 4, Dir: ASC}, {ID: 2, Dir: ASC}]}, {ID: 4, Unique: false, Partial: true, KeyColumns: [{ID: 1, Dir: ASC}, {ID: 15, Dir: ASC}, {ID: 2, Dir: ASC}]}], Checks: [{Columns: [13], Validity: Validated}, {Columns: [14], Validity: Validated}, {Columns: [9, 10, 11, 12, 13, 14], Validity: Validated}, {Columns: [5], Validity: Validated}, {Columns: [6], Validity: Validated}, {Columns: [8], Validity: Validated}, {Columns: [9], Validity: Validated}, {Columns: [10], Validity: Validated}], OutboundFKs: [{OriginTableID: 110, OriginColumns: [1, 3, 4], ReferencedTableID: 108, ReferencedColumnIDs: [1, 2, 3], Validity: Validated}]}
I260828 12:03:13.747499 4923 jobs/registry.go:1679  [T1,Vsystem,n1,job=1205364961115832321] 745  NEW SCHEMA CHANGE job 1205364961115832321: stepping through state running
I260828 12:03:13.755411 4923 1@jobs/structured_log.go:48  [T1,Vsystem,n1,job=1205364961115832321] 746 ={"Timestamp":1787918593755409004,"EventType":"status_change","JobID":1205364961115832321,"JobType":"NEW SCHEMA CHANGE","Description":"status changed to: running","PreviousStatus":"running","NewStatus":"running","RunNum":0}
I260828 12:03:13.764773 4923 sql/schemachanger/scrun/scrun.go:315  [T1,Vsystem,n1,job=NEW SCHEMA CHANGE id=1205364961115832321] 747  rebuilding declarative schema change state from descriptors [110]
I260828 12:03:13.764983 4923 sql/schemachanger/scplan/plan.go:95  [T1,Vsystem,n1,job=NEW SCHEMA CHANGE id=1205364961115832321] 748  building declarative schema changer plan in PostCommitPhase (rollback=false) for CREATE INDEX
I260828 12:03:13.768062 4923 sql/schemachanger/scrun/scrun.go:186  [T1,Vsystem,n1,job=NEW SCHEMA CHANGE id=1205364961115832321] 749  executing declarative schema change PostCommitPhase stage 1 of 7 with 3 MutationType ops (rollback=false) for CREATE INDEX
I260828 12:03:13.789708 4923 sql/catalog/lease/lease.go:556  [T1,Vsystem,n1,job=NEW SCHEMA CHANGE id=1205364961115832321] 750  waiting for 1 leases to expire: desc=[{trnm_outbox 110 15}]
I260828 12:03:13.790577 4987 sql/catalog/lease/descriptor_state.go:142  [n1] 751  new lease: tabledesc.immutable: {ID: 110, Version: 16, ModificationTime: "1787918593.767996940,0", ParentID: 104, ParentSchemaID: 105, State: PUBLIC, NextColumnID: 18, Columns: [{ID: 1, TypeID: 2950, Null: false}, {ID: 2, TypeID: 2950, Null: false}, {ID: 3, TypeID: 2950, Null: false}, {ID: 4, TypeID: 2950, Null: false}, {ID: 5, TypeID: 25, Null: false}, {ID: 6, TypeID: 17, Null: false}, {ID: 7, TypeID: 17, Null: false}, {ID: 8, TypeID: 23, Null: false, HasDefault: true}, {ID: 9, TypeID: 20, Null: false, HasDefault: true}, {ID: 10, TypeID: 25, Null: false, HasDefault: true}, {ID: 11, TypeID: 2950, Null: true}, {ID: 12, TypeID: 1184, Null: true}, {ID: 13, TypeID: 17, Null: true}, {ID: 14, TypeID: 17, Null: true}, {ID: 15, TypeID: 1184, Null: false, HasDefault: true}, {ID: 16, TypeID: 1184, Null: false, HasDefault: true}, {ID: 17, TypeID: 1184, Null: false, HasDefault: true}], NextFamilyID: 1, Families: [{ID: 0, Columns: [1, 2, 3, 4, 5, 6, 7, 8, 9, 10, 11, 12, 13, 14, 15, 16, 17]}], Mutations: [{MutationID: 1, Direction: ADD, State: BACKFILLING, Index: {ID: 6, Unique: false, Partial: true, KeyColumns: [{ID: 1, Dir: ASC}, {ID: 12, Dir: ASC}, {ID: 2, Dir: ASC}], State: ADD, MutationID: 1}}, {MutationID: 1, Direction: ADD, State: WRITE_ONLY, Index: {ID: 7, Unique: false, Partial: true, KeyColumns: [{ID: 1, Dir: ASC}, {ID: 12, Dir: ASC}, {ID: 2, Dir: ASC}], State: ADD, MutationID: 1}}], PrimaryIndex: 1, NextIndexID: 8, Indexes: [{ID: 1, Unique: true, KeyColumns: [{ID: 1, Dir: ASC}, {ID: 2, Dir: ASC}], StoreColumns: [3, 4, 5, 6, 7, 8, 9, 10, 11, 12, 13, 14, 15, 16, 17]}, {ID: 2, Unique: false, KeyColumns: [{ID: 1, Dir: ASC}, {ID: 3, Dir: ASC}, {ID: 4, Dir: ASC}, {ID: 2, Dir: ASC}]}, {ID: 4, Unique: false, Partial: true, KeyColumns: [{ID: 1, Dir: ASC}, {ID: 15, Dir: ASC}, {ID: 2, Dir: ASC}]}], Checks: [{Columns: [13], Validity: Validated}, {Columns: [14], Validity: Validated}, {Columns: [9, 10, 11, 12, 13, 14], Validity: Validated}, {Columns: [5], Validity: Validated}, {Columns: [6], Validity: Validated}, {Columns: [8], Validity: Validated}, {Columns: [9], Validity: Validated}, {Columns: [10], Validity: Validated}], OutboundFKs: [{OriginTableID: 110, OriginColumns: [1, 3, 4], ReferencedTableID: 108, ReferencedColumnIDs: [1, 2, 3], Validity: Validated}]}
I260828 12:03:13.792478 4923 sql/catalog/lease/lease.go:550  [T1,Vsystem,n1,job=NEW SCHEMA CHANGE id=1205364961115832321] 752  all leases have expired at 1787918593.791423547,0: desc=[{trnm_outbox 110 15}]
I260828 12:03:13.792610 4923 sql/schemachanger/scrun/scrun.go:186  [T1,Vsystem,n1,job=NEW SCHEMA CHANGE id=1205364961115832321] 753  executing declarative schema change PostCommitPhase stage 2 of 7 with 1 BackfillType op (rollback=false) for CREATE INDEX
I260828 12:03:13.795664 4923 sql/schemachanger/scexec/backfiller/tracker.go:258  [T1,Vsystem,n1,job=NEW SCHEMA CHANGE id=1205364961115832321] 754  writing 1 backfill checkpoints and 0 merge checkpoints
I260828 12:03:13.801715 4923 sql/schemachanger/scexec/backfiller/tracker.go:227  [T1,Vsystem,n1,job=NEW SCHEMA CHANGE id=1205364961115832321] 755  backfill fraction completed is 1.000 / 1.000
I260828 12:03:13.809382 4923 sql/schemachanger/scexec/backfiller/tracker.go:258  [T1,Vsystem,n1,job=NEW SCHEMA CHANGE id=1205364961115832321] 756  writing 1 backfill checkpoints and 0 merge checkpoints
I260828 12:03:13.818176 4923 sql/schemachanger/scrun/scrun.go:186  [T1,Vsystem,n1,job=NEW SCHEMA CHANGE id=1205364961115832321] 757  executing declarative schema change PostCommitPhase stage 3 of 7 with 3 MutationType ops (rollback=false) for CREATE INDEX
I260828 12:03:13.838612 4923 sql/catalog/lease/lease.go:556  [T1,Vsystem,n1,job=NEW SCHEMA CHANGE id=1205364961115832321] 758  waiting for 1 leases to expire: desc=[{trnm_outbox 110 16}]
I260828 12:03:13.839041 5039 sql/catalog/lease/descriptor_state.go:142  [n1] 759  new lease: tabledesc.immutable: {ID: 110, Version: 17, ModificationTime: "1787918593.818101393,0", ParentID: 104, ParentSchemaID: 105, State: PUBLIC, NextColumnID: 18, Columns: [{ID: 1, TypeID: 2950, Null: false}, {ID: 2, TypeID: 2950, Null: false}, {ID: 3, TypeID: 2950, Null: false}, {ID: 4, TypeID: 2950, Null: false}, {ID: 5, TypeID: 25, Null: false}, {ID: 6, TypeID: 17, Null: false}, {ID: 7, TypeID: 17, Null: false}, {ID: 8, TypeID: 23, Null: false, HasDefault: true}, {ID: 9, TypeID: 20, Null: false, HasDefault: true}, {ID: 10, TypeID: 25, Null: false, HasDefault: true}, {ID: 11, TypeID: 2950, Null: true}, {ID: 12, TypeID: 1184, Null: true}, {ID: 13, TypeID: 17, Null: true}, {ID: 14, TypeID: 17, Null: true}, {ID: 15, TypeID: 1184, Null: false, HasDefault: true}, {ID: 16, TypeID: 1184, Null: false, HasDefault: true}, {ID: 17, TypeID: 1184, Null: false, HasDefault: true}], NextFamilyID: 1, Families: [{ID: 0, Columns: [1, 2, 3, 4, 5, 6, 7, 8, 9, 10, 11, 12, 13, 14, 15, 16, 17]}], Mutations: [{MutationID: 1, Direction: ADD, State: DELETE_ONLY, Index: {ID: 6, Unique: false, Partial: true, KeyColumns: [{ID: 1, Dir: ASC}, {ID: 12, Dir: ASC}, {ID: 2, Dir: ASC}], State: ADD, MutationID: 1}}, {MutationID: 1, Direction: ADD, State: WRITE_ONLY, Index: {ID: 7, Unique: false, Partial: true, KeyColumns: [{ID: 1, Dir: ASC}, {ID: 12, Dir: ASC}, {ID: 2, Dir: ASC}], State: ADD, MutationID: 1}}], PrimaryIndex: 1, NextIndexID: 8, Indexes: [{ID: 1, Unique: true, KeyColumns: [{ID: 1, Dir: ASC}, {ID: 2, Dir: ASC}], StoreColumns: [3, 4, 5, 6, 7, 8, 9, 10, 11, 12, 13, 14, 15, 16, 17]}, {ID: 2, Unique: false, KeyColumns: [{ID: 1, Dir: ASC}, {ID: 3, Dir: ASC}, {ID: 4, Dir: ASC}, {ID: 2, Dir: ASC}]}, {ID: 4, Unique: false, Partial: true, KeyColumns: [{ID: 1, Dir: ASC}, {ID: 15, Dir: ASC}, {ID: 2, Dir: ASC}]}], Checks: [{Columns: [13], Validity: Validated}, {Columns: [14], Validity: Validated}, {Columns: [9, 10, 11, 12, 13, 14], Validity: Validated}, {Columns: [5], Validity: Validated}, {Columns: [6], Validity: Validated}, {Columns: [8], Validity: Validated}, {Columns: [9], Validity: Validated}, {Columns: [10], Validity: Validated}], OutboundFKs: [{OriginTableID: 110, OriginColumns: [1, 3, 4], ReferencedTableID: 108, ReferencedColumnIDs: [1, 2, 3], Validity: Validated}]}
I260828 12:03:13.840985 4923 sql/catalog/lease/lease.go:550  [T1,Vsystem,n1,job=NEW SCHEMA CHANGE id=1205364961115832321] 760  all leases have expired at 1787918593.840059370,0: desc=[{trnm_outbox 110 16}]
I260828 12:03:13.841111 4923 sql/schemachanger/scrun/scrun.go:186  [T1,Vsystem,n1,job=NEW SCHEMA CHANGE id=1205364961115832321] 761  executing declarative schema change PostCommitPhase stage 4 of 7 with 3 MutationType ops (rollback=false) for CREATE INDEX
I260828 12:03:13.861416 4923 sql/catalog/lease/lease.go:556  [T1,Vsystem,n1,job=NEW SCHEMA CHANGE id=1205364961115832321] 762  waiting for 1 leases to expire: desc=[{trnm_outbox 110 17}]
I260828 12:03:13.861721 5159 sql/catalog/lease/descriptor_state.go:142  [n1] 763  new lease: tabledesc.immutable: {ID: 110, Version: 18, ModificationTime: "1787918593.841023338,0", ParentID: 104, ParentSchemaID: 105, State: PUBLIC, NextColumnID: 18, Columns: [{ID: 1, TypeID: 2950, Null: false}, {ID: 2, TypeID: 2950, Null: false}, {ID: 3, TypeID: 2950, Null: false}, {ID: 4, TypeID: 2950, Null: false}, {ID: 5, TypeID: 25, Null: false}, {ID: 6, TypeID: 17, Null: false}, {ID: 7, TypeID: 17, Null: false}, {ID: 8, TypeID: 23, Null: false, HasDefault: true}, {ID: 9, TypeID: 20, Null: false, HasDefault: true}, {ID: 10, TypeID: 25, Null: false, HasDefault: true}, {ID: 11, TypeID: 2950, Null: true}, {ID: 12, TypeID: 1184, Null: true}, {ID: 13, TypeID: 17, Null: true}, {ID: 14, TypeID: 17, Null: true}, {ID: 15, TypeID: 1184, Null: false, HasDefault: true}, {ID: 16, TypeID: 1184, Null: false, HasDefault: true}, {ID: 17, TypeID: 1184, Null: false, HasDefault: true}], NextFamilyID: 1, Families: [{ID: 0, Columns: [1, 2, 3, 4, 5, 6, 7, 8, 9, 10, 11, 12, 13, 14, 15, 16, 17]}], Mutations: [{MutationID: 1, Direction: ADD, State: MERGING, Index: {ID: 6, Unique: false, Partial: true, KeyColumns: [{ID: 1, Dir: ASC}, {ID: 12, Dir: ASC}, {ID: 2, Dir: ASC}], State: ADD, MutationID: 1}}, {MutationID: 1, Direction: ADD, State: WRITE_ONLY, Index: {ID: 7, Unique: false, Partial: true, KeyColumns: [{ID: 1, Dir: ASC}, {ID: 12, Dir: ASC}, {ID: 2, Dir: ASC}], State: ADD, MutationID: 1}}], PrimaryIndex: 1, NextIndexID: 8, Indexes: [{ID: 1, Unique: true, KeyColumns: [{ID: 1, Dir: ASC}, {ID: 2, Dir: ASC}], StoreColumns: [3, 4, 5, 6, 7, 8, 9, 10, 11, 12, 13, 14, 15, 16, 17]}, {ID: 2, Unique: false, KeyColumns: [{ID: 1, Dir: ASC}, {ID: 3, Dir: ASC}, {ID: 4, Dir: ASC}, {ID: 2, Dir: ASC}]}, {ID: 4, Unique: false, Partial: true, KeyColumns: [{ID: 1, Dir: ASC}, {ID: 15, Dir: ASC}, {ID: 2, Dir: ASC}]}], Checks: [{Columns: [13], Validity: Validated}, {Columns: [14], Validity: Validated}, {Columns: [9, 10, 11, 12, 13, 14], Validity: Validated}, {Columns: [5], Validity: Validated}, {Columns: [6], Validity: Validated}, {Columns: [8], Validity: Validated}, {Columns: [9], Validity: Validated}, {Columns: [10], Validity: Validated}], OutboundFKs: [{OriginTableID: 110, OriginColumns: [1, 3, 4], ReferencedTableID: 108, ReferencedColumnIDs: [1, 2, 3], Validity: Validated}]}
I260828 12:03:13.864114 4923 sql/catalog/lease/lease.go:550  [T1,Vsystem,n1,job=NEW SCHEMA CHANGE id=1205364961115832321] 764  all leases have expired at 1787918593.863173095,0: desc=[{trnm_outbox 110 17}]
I260828 12:03:13.864257 4923 sql/schemachanger/scrun/scrun.go:186  [T1,Vsystem,n1,job=NEW SCHEMA CHANGE id=1205364961115832321] 765  executing declarative schema change PostCommitPhase stage 5 of 7 with 1 BackfillType op (rollback=false) for CREATE INDEX
I260828 12:03:13.867189 5135 sql/backfill.go:2994  [T1,Vsystem,n1,job=NEW SCHEMA CHANGE id=1205364961115832321] 766  merging all keys in temporary index before time 1787918594.367173328,0
I260828 12:03:14.367869 4923 sql/schemachanger/scrun/scrun.go:186  [T1,Vsystem,n1,job=NEW SCHEMA CHANGE id=1205364961115832321] 767  executing declarative schema change PostCommitPhase stage 6 of 7 with 4 MutationType ops (rollback=false) for CREATE INDEX
I260828 12:03:14.389694 4923 sql/catalog/lease/lease.go:556  [T1,Vsystem,n1,job=NEW SCHEMA CHANGE id=1205364961115832321] 768  waiting for 1 leases to expire: desc=[{trnm_outbox 110 18}]
I260828 12:03:14.390409 5195 sql/catalog/lease/descriptor_state.go:142  [n1] 769  new lease: tabledesc.immutable: {ID: 110, Version: 19, ModificationTime: "1787918594.367748095,0", ParentID: 104, ParentSchemaID: 105, State: PUBLIC, NextColumnID: 18, Columns: [{ID: 1, TypeID: 2950, Null: false}, {ID: 2, TypeID: 2950, Null: false}, {ID: 3, TypeID: 2950, Null: false}, {ID: 4, TypeID: 2950, Null: false}, {ID: 5, TypeID: 25, Null: false}, {ID: 6, TypeID: 17, Null: false}, {ID: 7, TypeID: 17, Null: false}, {ID: 8, TypeID: 23, Null: false, HasDefault: true}, {ID: 9, TypeID: 20, Null: false, HasDefault: true}, {ID: 10, TypeID: 25, Null: false, HasDefault: true}, {ID: 11, TypeID: 2950, Null: true}, {ID: 12, TypeID: 1184, Null: true}, {ID: 13, TypeID: 17, Null: true}, {ID: 14, TypeID: 17, Null: true}, {ID: 15, TypeID: 1184, Null: false, HasDefault: true}, {ID: 16, TypeID: 1184, Null: false, HasDefault: true}, {ID: 17, TypeID: 1184, Null: false, HasDefault: true}], NextFamilyID: 1, Families: [{ID: 0, Columns: [1, 2, 3, 4, 5, 6, 7, 8, 9, 10, 11, 12, 13, 14, 15, 16, 17]}], Mutations: [{MutationID: 1, Direction: ADD, State: WRITE_ONLY, Index: {ID: 6, Unique: false, Partial: true, KeyColumns: [{ID: 1, Dir: ASC}, {ID: 12, Dir: ASC}, {ID: 2, Dir: ASC}], State: ADD, MutationID: 1}}, {MutationID: 1, Direction: DROP, State: DELETE_ONLY, Index: {ID: 7, Unique: false, Partial: true, KeyColumns: [{ID: 1, Dir: ASC}, {ID: 12, Dir: ASC}, {ID: 2, Dir: ASC}], State: DROP, MutationID: 1}}], PrimaryIndex: 1, NextIndexID: 8, Indexes: [{ID: 1, Unique: true, KeyColumns: [{ID: 1, Dir: ASC}, {ID: 2, Dir: ASC}], StoreColumns: [3, 4, 5, 6, 7, 8, 9, 10, 11, 12, 13, 14, 15, 16, 17]}, {ID: 2, Unique: false, KeyColumns: [{ID: 1, Dir: ASC}, {ID: 3, Dir: ASC}, {ID: 4, Dir: ASC}, {ID: 2, Dir: ASC}]}, {ID: 4, Unique: false, Partial: true, KeyColumns: [{ID: 1, Dir: ASC}, {ID: 15, Dir: ASC}, {ID: 2, Dir: ASC}]}], Checks: [{Columns: [13], Validity: Validated}, {Columns: [14], Validity: Validated}, {Columns: [9, 10, 11, 12, 13, 14], Validity: Validated}, {Columns: [5], Validity: Validated}, {Columns: [6], Validity: Validated}, {Columns: [8], Validity: Validated}, {Columns: [9], Validity: Validated}, {Columns: [10], Validity: Validated}], OutboundFKs: [{OriginTableID: 110, OriginColumns: [1, 3, 4], ReferencedTableID: 108, ReferencedColumnIDs: [1, 2, 3], Validity: Validated}]}
I260828 12:03:14.392165 4923 sql/catalog/lease/lease.go:550  [T1,Vsystem,n1,job=NEW SCHEMA CHANGE id=1205364961115832321] 770  all leases have expired at 1787918594.391250132,0: desc=[{trnm_outbox 110 18}]
I260828 12:03:14.392320 4923 sql/schemachanger/scrun/scrun.go:186  [T1,Vsystem,n1,job=NEW SCHEMA CHANGE id=1205364961115832321] 771  executing declarative schema change PostCommitPhase stage 7 of 7 with 1 ValidationType op (rollback=false) for CREATE INDEX
I260828 12:03:14.396900 5270 sql/backfill.go:1947  [T1,Vsystem,n1,job=NEW SCHEMA CHANGE id=1205364961115832321] 772  validation: table trnm_outbox row count = 0, took 1.596319ms
I260828 12:03:14.396937 5269 sql/backfill.go:1892  [T1,Vsystem,n1,job=NEW SCHEMA CHANGE id=1205364961115832321] 773  validation: index trnm_outbox/trnm_outbox_expired_lease_idx row count = 0, time so far 1.6185ms
I260828 12:03:14.397094 4923 sql/schemachanger/scrun/scrun.go:186  [T1,Vsystem,n1,job=NEW SCHEMA CHANGE id=1205364961115832321] 774  executing declarative schema change PostCommitNonRevertiblePhase stage 1 of 1 with 9 MutationType ops (rollback=false) for CREATE INDEX
I260828 12:03:14.420867 4923 5@util/log/event_log.go:39  [T1,Vsystem,n1,job=NEW SCHEMA CHANGE id=1205364961115832321] 775 ={"Timestamp":1787918594397029247,"EventType":"finish_schema_change","InstanceID":1,"DescriptorID":110,"LatencyNanos":668339577}
I260828 12:03:14.423000 4923 sql/catalog/lease/lease.go:556  [T1,Vsystem,n1,job=NEW SCHEMA CHANGE id=1205364961115832321] 776  waiting for 1 leases to expire: desc=[{trnm_outbox 110 19}]
I260828 12:03:14.423821 5287 sql/catalog/lease/descriptor_state.go:142  [n1] 777  new lease: tabledesc.immutable: {ID: 110, Version: 20, ModificationTime: "1787918594.397029247,0", ParentID: 104, ParentSchemaID: 105, State: PUBLIC, NextColumnID: 18, Columns: [{ID: 1, TypeID: 2950, Null: false}, {ID: 2, TypeID: 2950, Null: false}, {ID: 3, TypeID: 2950, Null: false}, {ID: 4, TypeID: 2950, Null: false}, {ID: 5, TypeID: 25, Null: false}, {ID: 6, TypeID: 17, Null: false}, {ID: 7, TypeID: 17, Null: false}, {ID: 8, TypeID: 23, Null: false, HasDefault: true}, {ID: 9, TypeID: 20, Null: false, HasDefault: true}, {ID: 10, TypeID: 25, Null: false, HasDefault: true}, {ID: 11, TypeID: 2950, Null: true}, {ID: 12, TypeID: 1184, Null: true}, {ID: 13, TypeID: 17, Null: true}, {ID: 14, TypeID: 17, Null: true}, {ID: 15, TypeID: 1184, Null: false, HasDefault: true}, {ID: 16, TypeID: 1184, Null: false, HasDefault: true}, {ID: 17, TypeID: 1184, Null: false, HasDefault: true}], NextFamilyID: 1, Families: [{ID: 0, Columns: [1, 2, 3, 4, 5, 6, 7, 8, 9, 10, 11, 12, 13, 14, 15, 16, 17]}], PrimaryIndex: 1, NextIndexID: 8, Indexes: [{ID: 1, Unique: true, KeyColumns: [{ID: 1, Dir: ASC}, {ID: 2, Dir: ASC}], StoreColumns: [3, 4, 5, 6, 7, 8, 9, 10, 11, 12, 13, 14, 15, 16, 17]}, {ID: 2, Unique: false, KeyColumns: [{ID: 1, Dir: ASC}, {ID: 3, Dir: ASC}, {ID: 4, Dir: ASC}, {ID: 2, Dir: ASC}]}, {ID: 4, Unique: false, Partial: true, KeyColumns: [{ID: 1, Dir: ASC}, {ID: 15, Dir: ASC}, {ID: 2, Dir: ASC}]}, {ID: 6, Unique: false, Partial: true, KeyColumns: [{ID: 1, Dir: ASC}, {ID: 12, Dir: ASC}, {ID: 2, Dir: ASC}]}], Checks: [{Columns: [13], Validity: Validated}, {Columns: [14], Validity: Validated}, {Columns: [9, 10, 11, 12, 13, 14], Validity: Validated}, {Columns: [5], Validity: Validated}, {Columns: [6], Validity: Validated}, {Columns: [8], Validity: Validated}, {Columns: [9], Validity: Validated}, {Columns: [10], Validity: Validated}], OutboundFKs: [{OriginTableID: 110, OriginColumns: [1, 3, 4], ReferencedTableID: 108, ReferencedColumnIDs: [1, 2, 3], Validity: Validated}]}
I260828 12:03:14.425584 4923 sql/catalog/lease/lease.go:550  [T1,Vsystem,n1,job=NEW SCHEMA CHANGE id=1205364961115832321] 778  all leases have expired at 1787918594.424615815,0: desc=[{trnm_outbox 110 19}]
I260828 12:03:14.425766 4923 jobs/registry.go:1679  [T1,Vsystem,n1,job=1205364961115832321] 779  NEW SCHEMA CHANGE job 1205364961115832321: stepping through state succeeded
I260828 12:03:14.425788 5233 jobs/adopt.go:224  [T1,Vsystem,n1,job=1205364963418537985] 780  job 1205364963418537985: resuming execution
I260828 12:03:14.428698 5333 jobs/registry.go:1679  [T1,Vsystem,n1,job=1205364963418537985] 781  SCHEMA CHANGE GC job 1205364963418537985: stepping through state running
I260828 12:03:14.434729 5333 1@jobs/structured_log.go:48  [T1,Vsystem,n1,job=1205364963418537985] 782 ={"Timestamp":1787918594434727753,"EventType":"status_change","JobID":1205364963418537985,"JobType":"SCHEMA CHANGE GC","Description":"status changed to: running","PreviousStatus":"running","NewStatus":"running","RunNum":0}
I260828 12:03:14.435783 4923 1@jobs/structured_log.go:48  [T1,Vsystem,n1,job=1205364961115832321] 783 ={"Timestamp":1787918594435782349,"EventType":"status_change","JobID":1205364961115832321,"JobType":"NEW SCHEMA CHANGE","Description":"status changed to: succeeded","PreviousStatus":"running","NewStatus":"succeeded","RunNum":0}
I260828 12:03:14.442541 2262 jobs/wait.go:148  [T1,Vsystem,n1,client=172.17.0.1:42180,hostnossl,user=root] 784  waited for 1 [1205364961115832321] queued jobs to complete 702.672369ms
I260828 12:03:14.456304 5333 sql/gcjob/gc_job_utils.go:273  [T1,Vsystem,n1,job=SCHEMA CHANGE GC id=1205364963418537985] 785  updated progress status: waiting for GC TTL, payload: indexes:<index_id:7 > ranges_unsplit_done:true 
I260828 12:03:14.466223 2262 sql/truncate.go:412  [T1,Vsystem,n1,client=172.17.0.1:42180,hostnossl,user=root] 786  making 4 new truncate split points (4 * 1)
I260828 12:03:14.466608 2262 sql/truncate.go:501  [T1,Vsystem,n1,client=172.17.0.1:42180,hostnossl,user=root] 787  truncate sending split request for key ��?
I260828 12:03:14.466700 2262 13@kv/kvserver/replica_command.go:481  [T1,Vsystem,n1,s1,r76/1:/Table/1{09/4-10/2},*kvpb.AdminSplitRequest] 788  initiating a split of this range at key /Table/109/7 [r83] (manual)
I260828 12:03:14.467810 2262 13@kv/kvserver/batcheval/cmd_end_transaction.go:1289  [T1,Vsystem,n1,s1,r76/1:/Table/1{09/4-10/2}] 789  falling back to accurate stats computation because there are no pre-split LHS stats (or they're empty)
I260828 12:03:14.468226 5333 sql/gcjob/gc_job_utils.go:273  [T1,Vsystem,n1,job=SCHEMA CHANGE GC id=1205364963418537985] 790  updated progress status: deleting data, payload: indexes:<index_id:7 > ranges_unsplit_done:true 
I260828 12:03:14.468281 5333 sql/schema_changer.go:1465  [T1,Vsystem,n1,job=SCHEMA CHANGE GC id=1205364963418537985] 791  waiting for a single version...
I260828 12:03:14.468593 205 2@kv/kvserver/replica_proposal.go:620  [T1,Vsystem,n1,s1,r76/1:/Table/1{09/4-10/2},raft] 792  new range lease repl=(n1,s1):1 seq=1 start=0,0 epo=1 min-exp=0,0 pro=1787918586.379081321,0 acq=Request following repl=(n1,s1):1 seq=1 start=0,0 epo=1 min-exp=0,0 pro=1787918586.379081321,0 acq=Request
I260828 12:03:14.469010 5436 13@kv/kvserver/replicate_queue.go:784  [T1,Vsystem,n1,replicate,s1,r83/1:/Table/1{09/7-10/2}] 793  error processing replica: 0 of 1 live stores are able to take a new replica for the range (1 already has a voter, 0 already have a non-voter); likely not enough nodes in cluster
I260828 12:03:14.469418 2262 sql/table.go:205  [T1,Vsystem,n1,client=172.17.0.1:42180,hostnossl,user=root] 794  queued new schema-change job 1205364963637362689 for table 109, mutation 0
I260828 12:03:14.470049 5333 sql/catalog/lease/lease.go:550  [T1,Vsystem,n1,job=SCHEMA CHANGE GC id=1205364963418537985] 795  all leases have expired at 1787918594.468759278,0: desc=[{trnm_outbox 110 19}]
I260828 12:03:14.470100 5333 sql/schema_changer.go:1470  [T1,Vsystem,n1,job=SCHEMA CHANGE GC id=1205364963418537985] 796  waiting for a single version... done (at v 20), took 1.818513ms
I260828 12:03:14.470126 5333 sql/gcjob/index_garbage_collection.go:165  [T1,Vsystem,n1,job=SCHEMA CHANGE GC id=1205364963418537985] 797  clearing index 7 from table 110
I260828 12:03:14.470393 5333 sql/gcjob/gc_job_utils.go:53  [T1,Vsystem,n1,job=SCHEMA CHANGE GC id=1205364963418537985] 798  marked index 7 as GC'd
I260828 12:03:14.474888 2262 sql/truncate.go:412  [T1,Vsystem,n1,client=172.17.0.1:42180,hostnossl,user=root] 799  making 4 new truncate split points (4 * 1)
I260828 12:03:14.475159 2262 sql/table.go:205  [T1,Vsystem,n1,client=172.17.0.1:42180,hostnossl,user=root] 800  queued new schema-change job 1205364963656171521 for table 108, mutation 0
I260828 12:03:14.479040 5333 sql/gcjob/gc_job_utils.go:273  [T1,Vsystem,n1,job=SCHEMA CHANGE GC id=1205364963418537985] 801  updated progress status: waiting for MVCC GC, payload: indexes:<index_id:7 status:WAITING_FOR_MVCC_GC > ranges_unsplit_done:true 
I260828 12:03:14.480023 2262 sql/truncate.go:412  [T1,Vsystem,n1,client=172.17.0.1:42180,hostnossl,user=root] 802  making 4 new truncate split points (4 * 1)
I260828 12:03:14.480265 2262 sql/table.go:205  [T1,Vsystem,n1,client=172.17.0.1:42180,hostnossl,user=root] 803  queued new schema-change job 1205364963672915969 for table 107, mutation 0
I260828 12:03:14.484600 2262 sql/truncate.go:412  [T1,Vsystem,n1,client=172.17.0.1:42180,hostnossl,user=root] 804  making 4 new truncate split points (4 * 1)
I260828 12:03:14.484776 2262 sql/truncate.go:501  [T1,Vsystem,n1,client=172.17.0.1:42180,hostnossl,user=root] 805  truncate sending split request for key �n�?
I260828 12:03:14.484833 2262 sql/truncate.go:501  [T1,Vsystem,n1,client=172.17.0.1:42180,hostnossl,user=root] 806  truncate sending split request for key �n�?
I260828 12:03:14.484857 2262 sql/truncate.go:501  [T1,Vsystem,n1,client=172.17.0.1:42180,hostnossl,user=root] 807  truncate sending split request for key �n�?
I260828 12:03:14.484947 2262 13@kv/kvserver/replica_command.go:481  [T1,Vsystem,n1,s1,r82/1:/{Table/110/7-Max},*kvpb.AdminSplitRequest] 808  initiating a split of this range at key /Table/110/9 [r84] (manual)
I260828 12:03:14.485751 2262 13@kv/kvserver/batcheval/cmd_end_transaction.go:1289  [T1,Vsystem,n1,s1,r82/1:/{Table/110/7-Max}] 809  falling back to accurate stats computation because there are no pre-split LHS stats (or they're empty)
I260828 12:03:14.486621 2262 13@kv/kvserver/replica_command.go:481  [T1,Vsystem,n1,s1,r84/1:/{Table/110/9-Max},*kvpb.AdminSplitRequest] 810  initiating a split of this range at key /Table/110/10 [r85] (manual)
I260828 12:03:14.486853 5541 13@kv/kvserver/replicate_queue.go:784  [T1,Vsystem,n1,replicate,s1,r84/1:/{Table/110/9-Max}] 811  error processing replica: 0 of 1 live stores are able to take a new replica for the range (1 already has a voter, 0 already have a non-voter); likely not enough nodes in cluster
I260828 12:03:14.492793 2262 13@kv/kvserver/batcheval/cmd_end_transaction.go:1289  [T1,Vsystem,n1,s1,r84/1:/{Table/110/9-Max}] 812  falling back to accurate stats computation because there are no pre-split LHS stats (or they're empty)
I260828 12:03:14.493655 2262 13@kv/kvserver/replica_command.go:481  [T1,Vsystem,n1,s1,r85/1:/{Table/110/10-Max},*kvpb.AdminSplitRequest] 813  initiating a split of this range at key /Table/110/11 [r86] (manual)
I260828 12:03:14.493884 5508 13@kv/kvserver/replicate_queue.go:784  [T1,Vsystem,n1,replicate,s1,r85/1:/{Table/110/10-Max}] 814  error processing replica: 0 of 1 live stores are able to take a new replica for the range (1 already has a voter, 0 already have a non-voter); likely not enough nodes in cluster
I260828 12:03:14.499549 2262 13@kv/kvserver/batcheval/cmd_end_transaction.go:1289  [T1,Vsystem,n1,s1,r85/1:/{Table/110/10-Max}] 815  falling back to accurate stats computation because there are no pre-split LHS stats (or they're empty)
I260828 12:03:14.500400 5566 13@kv/kvserver/replicate_queue.go:784  [T1,Vsystem,n1,replicate,s1,r86/1:/{Table/110/11-Max}] 816  error processing replica: 0 of 1 live stores are able to take a new replica for the range (1 already has a voter, 0 already have a non-voter); likely not enough nodes in cluster
I260828 12:03:14.500921 2262 sql/table.go:205  [T1,Vsystem,n1,client=172.17.0.1:42180,hostnossl,user=root] 817  queued new schema-change job 1205364963740581889 for table 110, mutation 0
I260828 12:03:14.519126 2262 5@util/log/event_log.go:39  [T1,Vsystem,n1,client=172.17.0.1:42180,hostnossl,user=root] 818 ={"Timestamp":1787918594448876850,"EventType":"truncate_table","Statement":"TRUNCATE TABLE trnm.public.trnm_outbox, trnm.public.trnm_events, trnm.public.trnm_command_receipts, trnm.public.trnm_entity_heads","Tag":"TRUNCATE","User":"root","DescriptorID":109,"TableName":"trnm.public.trnm_events"}
I260828 12:03:14.519171 2262 5@util/log/event_log.go:39  [T1,Vsystem,n1,client=172.17.0.1:42180,hostnossl,user=root] 819 ={"Timestamp":1787918594448876850,"EventType":"truncate_table","Statement":"TRUNCATE TABLE trnm.public.trnm_outbox, trnm.public.trnm_events, trnm.public.trnm_command_receipts, trnm.public.trnm_entity_heads","Tag":"TRUNCATE","User":"root","DescriptorID":108,"TableName":"trnm.public.trnm_command_receipts"}
I260828 12:03:14.519197 2262 5@util/log/event_log.go:39  [T1,Vsystem,n1,client=172.17.0.1:42180,hostnossl,user=root] 820 ={"Timestamp":1787918594448876850,"EventType":"truncate_table","Statement":"TRUNCATE TABLE trnm.public.trnm_outbox, trnm.public.trnm_events, trnm.public.trnm_command_receipts, trnm.public.trnm_entity_heads","Tag":"TRUNCATE","User":"root","DescriptorID":107,"TableName":"trnm.public.trnm_entity_heads"}
I260828 12:03:14.519232 2262 5@util/log/event_log.go:39  [T1,Vsystem,n1,client=172.17.0.1:42180,hostnossl,user=root] 821 ={"Timestamp":1787918594448876850,"EventType":"truncate_table","Statement":"TRUNCATE TABLE trnm.public.trnm_outbox, trnm.public.trnm_events, trnm.public.trnm_command_receipts, trnm.public.trnm_entity_heads","Tag":"TRUNCATE","User":"root","DescriptorID":110,"TableName":"trnm.public.trnm_outbox"}
I260828 12:03:14.519325 2262 jobs/wait.go:56  [T1,Vsystem,n1,client=172.17.0.1:42180,hostnossl,user=root] 822  waiting for 4 [1205364963637362689 1205364963656171521 1205364963672915969 1205364963740581889] queued jobs to complete
I260828 12:03:14.519392 5601 jobs/adopt.go:224  [T1,Vsystem,n1,client=172.17.0.1:42180,hostnossl,user=root,job=1205364963740581889] 823  job 1205364963740581889: resuming execution
I260828 12:03:14.520398 5598 jobs/adopt.go:224  [T1,Vsystem,n1,client=172.17.0.1:42180,hostnossl,user=root,job=1205364963637362689] 824  job 1205364963637362689: resuming execution
I260828 12:03:14.521073 5599 jobs/adopt.go:224  [T1,Vsystem,n1,client=172.17.0.1:42180,hostnossl,user=root,job=1205364963656171521] 825  job 1205364963656171521: resuming execution
I260828 12:03:14.521216 5600 jobs/adopt.go:224  [T1,Vsystem,n1,client=172.17.0.1:42180,hostnossl,user=root,job=1205364963672915969] 826  job 1205364963672915969: resuming execution
I260828 12:03:14.529836 5642 jobs/registry.go:1679  [T1,Vsystem,n1,job=1205364963637362689] 827  SCHEMA CHANGE job 1205364963637362689: stepping through state running
I260828 12:03:14.529934 5514 jobs/registry.go:1679  [T1,Vsystem,n1,job=1205364963672915969] 828  SCHEMA CHANGE job 1205364963672915969: stepping through state running
I260828 12:03:14.530511 5652 jobs/registry.go:1679  [T1,Vsystem,n1,job=1205364963656171521] 829  SCHEMA CHANGE job 1205364963656171521: stepping through state running
I260828 12:03:14.532412 5645 jobs/registry.go:1679  [T1,Vsystem,n1,job=1205364963740581889] 830  SCHEMA CHANGE job 1205364963740581889: stepping through state running
I260828 12:03:14.536057 5633 sql/catalog/lease/descriptor_state.go:142  [n1] 831  new lease: tabledesc.immutable: {ID: 109, Version: 9, ModificationTime: "1787918594.468302646,1", ParentID: 104, ParentSchemaID: 105, State: PUBLIC, NextColumnID: 9, Columns: [{ID: 1, TypeID: 2950, Null: false}, {ID: 2, TypeID: 2950, Null: false}, {ID: 3, TypeID: 20, Null: false}, {ID: 4, TypeID: 2950, Null: false}, {ID: 5, TypeID: 2950, Null: false}, {ID: 6, TypeID: 17, Null: false}, {ID: 7, TypeID: 17, Null: false}, {ID: 8, TypeID: 1184, Null: false, HasDefault: true}], NextFamilyID: 1, Families: [{ID: 0, Columns: [1, 2, 3, 4, 5, 6, 7, 8]}], PrimaryIndex: 5, NextIndexID: 8, Indexes: [{ID: 5, Unique: true, KeyColumns: [{ID: 1, Dir: ASC}, {ID: 2, Dir: ASC}, {ID: 3, Dir: ASC}], StoreColumns: [4, 5, 6, 7, 8]}, {ID: 6, Unique: true, KeyColumns: [{ID: 1, Dir: ASC}, {ID: 2, Dir: ASC}, {ID: 4, Dir: ASC}], KeySuffixColumns: [3]}, {ID: 7, Unique: false, KeyColumns: [{ID: 1, Dir: ASC}, {ID: 2, Dir: ASC}, {ID: 5, Dir: ASC}, {ID: 3, Dir: ASC}]}], Checks: [{Columns: [3], Validity: Validated}, {Columns: [6], Validity: Validated}], OutboundFKs: [{OriginTableID: 109, OriginColumns: [1, 2, 5], ReferencedTableID: 108, ReferencedColumnIDs: [1, 2, 3], Validity: Validated}]}
I260828 12:03:14.539345 5652 1@jobs/structured_log.go:48  [T1,Vsystem,n1,job=1205364963656171521] 832 ={"Timestamp":1787918594539342739,"EventType":"status_change","JobID":1205364963656171521,"JobType":"SCHEMA CHANGE","Description":"status changed to: running","PreviousStatus":"running","NewStatus":"running","RunNum":0}
I260828 12:03:14.539614 5685 sql/catalog/lease/descriptor_state.go:142  [n1] 833  new lease: tabledesc.immutable: {ID: 110, Version: 21, ModificationTime: "1787918594.468302646,1", ParentID: 104, ParentSchemaID: 105, State: PUBLIC, NextColumnID: 18, Columns: [{ID: 1, TypeID: 2950, Null: false}, {ID: 2, TypeID: 2950, Null: false}, {ID: 3, TypeID: 2950, Null: false}, {ID: 4, TypeID: 2950, Null: false}, {ID: 5, TypeID: 25, Null: false}, {ID: 6, TypeID: 17, Null: false}, {ID: 7, TypeID: 17, Null: false}, {ID: 8, TypeID: 23, Null: false, HasDefault: true}, {ID: 9, TypeID: 20, Null: false, HasDefault: true}, {ID: 10, TypeID: 25, Null: false, HasDefault: true}, {ID: 11, TypeID: 2950, Null: true}, {ID: 12, TypeID: 1184, Null: true}, {ID: 13, TypeID: 17, Null: true}, {ID: 14, TypeID: 17, Null: true}, {ID: 15, TypeID: 1184, Null: false, HasDefault: true}, {ID: 16, TypeID: 1184, Null: false, HasDefault: true}, {ID: 17, TypeID: 1184, Null: false, HasDefault: true}], NextFamilyID: 1, Families: [{ID: 0, Columns: [1, 2, 3, 4, 5, 6, 7, 8, 9, 10, 11, 12, 13, 14, 15, 16, 17]}], PrimaryIndex: 8, NextIndexID: 12, Indexes: [{ID: 8, Unique: true, KeyColumns: [{ID: 1, Dir: ASC}, {ID: 2, Dir: ASC}], StoreColumns: [3, 4, 5, 6, 7, 8, 9, 10, 11, 12, 13, 14, 15, 16, 17]}, {ID: 9, Unique: false, KeyColumns: [{ID: 1, Dir: ASC}, {ID: 3, Dir: ASC}, {ID: 4, Dir: ASC}, {ID: 2, Dir: ASC}]}, {ID: 10, Unique: false, Partial: true, KeyColumns: [{ID: 1, Dir: ASC}, {ID: 15, Dir: ASC}, {ID: 2, Dir: ASC}]}, {ID: 11, Unique: false, Partial: true, KeyColumns: [{ID: 1, Dir: ASC}, {ID: 12, Dir: ASC}, {ID: 2, Dir: ASC}]}], Checks: [{Columns: [13], Validity: Validated}, {Columns: [14], Validity: Validated}, {Columns: [9, 10, 11, 12, 13, 14], Validity: Validated}, {Columns: [5], Validity: Validated}, {Columns: [6], Validity: Validated}, {Columns: [8], Validity: Validated}, {Columns: [9], Validity: Validated}, {Columns: [10], Validity: Validated}], OutboundFKs: [{OriginTableID: 110, OriginColumns: [1, 3, 4], ReferencedTableID: 108, ReferencedColumnIDs: [1, 2, 3], Validity: Validated}]}
I260828 12:03:14.540600 5642 1@jobs/structured_log.go:48  [T1,Vsystem,n1,job=1205364963637362689] 834 ={"Timestamp":1787918594540598861,"EventType":"status_change","JobID":1205364963637362689,"JobType":"SCHEMA CHANGE","Description":"status changed to: running","PreviousStatus":"running","NewStatus":"running","RunNum":0}
I260828 12:03:14.540951 5645 1@jobs/structured_log.go:48  [T1,Vsystem,n1,job=1205364963740581889] 836 ={"Timestamp":1787918594540949829,"EventType":"status_change","JobID":1205364963740581889,"JobType":"SCHEMA CHANGE","Description":"status changed to: running","PreviousStatus":"running","NewStatus":"running","RunNum":0}
I260828 12:03:14.540672 5514 1@jobs/structured_log.go:48  [T1,Vsystem,n1,job=1205364963672915969] 835 ={"Timestamp":1787918594540645241,"EventType":"status_change","JobID":1205364963672915969,"JobType":"SCHEMA CHANGE","Description":"status changed to: running","PreviousStatus":"running","NewStatus":"running","RunNum":0}
I260828 12:03:14.542922 5642 sql/schema_changer.go:808  [T1,Vsystem,n1,job=SCHEMA CHANGE id=1205364963637362689,scExec,id=109] 837  schema change on "trnm_events" (v9) starting execution...
I260828 12:03:14.543877 5514 sql/schema_changer.go:808  [T1,Vsystem,n1,job=SCHEMA CHANGE id=1205364963672915969,scExec,id=107] 838  schema change on "trnm_entity_heads" (v3) starting execution...
I260828 12:03:14.544575 5652 sql/schema_changer.go:808  [T1,Vsystem,n1,job=SCHEMA CHANGE id=1205364963656171521,scExec,id=108] 839  schema change on "trnm_command_receipts" (v5) starting execution...
I260828 12:03:14.545462 5642 sql/schema_changer.go:1465  [T1,Vsystem,n1,job=SCHEMA CHANGE id=1205364963637362689,scExec,id=109] 840  waiting for a single version...
I260828 12:03:14.546618 5645 sql/schema_changer.go:808  [T1,Vsystem,n1,job=SCHEMA CHANGE id=1205364963740581889,scExec,id=110] 841  schema change on "trnm_outbox" (v21) starting execution...
I260828 12:03:14.546817 5514 sql/schema_changer.go:1465  [T1,Vsystem,n1,job=SCHEMA CHANGE id=1205364963672915969,scExec,id=107] 842  waiting for a single version...
I260828 12:03:14.547521 5642 sql/catalog/lease/lease.go:550  [T1,Vsystem,n1,job=SCHEMA CHANGE id=1205364963637362689,scExec,id=109] 843  all leases have expired at 1787918594.546028602,0: desc=[{trnm_events 109 8}]
I260828 12:03:14.547654 5642 sql/schema_changer.go:1470  [T1,Vsystem,n1,job=SCHEMA CHANGE id=1205364963637362689,scExec,id=109] 844  waiting for a single version... done (at v 9), took 2.191379ms
I260828 12:03:14.547713 5642 jobs/registry.go:1679  [T1,Vsystem,n1,job=1205364963637362689] 845  SCHEMA CHANGE job 1205364963637362689: stepping through state succeeded
I260828 12:03:14.548779 5514 sql/catalog/lease/lease.go:550  [T1,Vsystem,n1,job=SCHEMA CHANGE id=1205364963672915969,scExec,id=107] 846  all leases have expired at 1787918594.547464534,0: desc=[{trnm_entity_heads 107 2}]
I260828 12:03:14.548924 5514 sql/schema_changer.go:1470  [T1,Vsystem,n1,job=SCHEMA CHANGE id=1205364963672915969,scExec,id=107] 847  waiting for a single version... done (at v 3), took 2.106891ms
I260828 12:03:14.549042 5514 jobs/registry.go:1679  [T1,Vsystem,n1,job=1205364963672915969] 848  SCHEMA CHANGE job 1205364963672915969: stepping through state succeeded
I260828 12:03:14.549889 5652 sql/schema_changer.go:1465  [T1,Vsystem,n1,job=SCHEMA CHANGE id=1205364963656171521,scExec,id=108] 849  waiting for a single version...
I260828 12:03:14.551693 5652 sql/catalog/lease/lease.go:550  [T1,Vsystem,n1,job=SCHEMA CHANGE id=1205364963656171521,scExec,id=108] 850  all leases have expired at 1787918594.550415919,0: desc=[{trnm_command_receipts 108 4}]
I260828 12:03:14.551781 5652 sql/schema_changer.go:1470  [T1,Vsystem,n1,job=SCHEMA CHANGE id=1205364963656171521,scExec,id=108] 851  waiting for a single version... done (at v 5), took 1.89292ms
I260828 12:03:14.551888 5652 jobs/registry.go:1679  [T1,Vsystem,n1,job=1205364963656171521] 852  SCHEMA CHANGE job 1205364963656171521: stepping through state succeeded
I260828 12:03:14.552613 5645 sql/schema_changer.go:1465  [T1,Vsystem,n1,job=SCHEMA CHANGE id=1205364963740581889,scExec,id=110] 853  waiting for a single version...
I260828 12:03:14.554608 5645 sql/catalog/lease/lease.go:550  [T1,Vsystem,n1,job=SCHEMA CHANGE id=1205364963740581889,scExec,id=110] 854  all leases have expired at 1787918594.553365974,0: desc=[{trnm_outbox 110 20}]
I260828 12:03:14.554763 5645 sql/schema_changer.go:1470  [T1,Vsystem,n1,job=SCHEMA CHANGE id=1205364963740581889,scExec,id=110] 855  waiting for a single version... done (at v 21), took 2.149661ms
I260828 12:03:14.554825 5645 jobs/registry.go:1679  [T1,Vsystem,n1,job=1205364963740581889] 856  SCHEMA CHANGE job 1205364963740581889: stepping through state succeeded
I260828 12:03:14.562149 5642 1@jobs/structured_log.go:48  [T1,Vsystem,n1,job=1205364963637362689] 857 ={"Timestamp":1787918594562147517,"EventType":"status_change","JobID":1205364963637362689,"JobType":"SCHEMA CHANGE","Description":"status changed to: succeeded","PreviousStatus":"running","NewStatus":"succeeded","RunNum":0}
I260828 12:03:14.562330 5514 1@jobs/structured_log.go:48  [T1,Vsystem,n1,job=1205364963672915969] 858 ={"Timestamp":1787918594562328564,"EventType":"status_change","JobID":1205364963672915969,"JobType":"SCHEMA CHANGE","Description":"status changed to: succeeded","PreviousStatus":"running","NewStatus":"succeeded","RunNum":0}
I260828 12:03:14.563421 5652 1@jobs/structured_log.go:48  [T1,Vsystem,n1,job=1205364963656171521] 859 ={"Timestamp":1787918594563419881,"EventType":"status_change","JobID":1205364963656171521,"JobType":"SCHEMA CHANGE","Description":"status changed to: succeeded","PreviousStatus":"running","NewStatus":"succeeded","RunNum":0}
I260828 12:03:14.565871 5645 1@jobs/structured_log.go:48  [T1,Vsystem,n1,job=1205364963740581889] 860 ={"Timestamp":1787918594565870515,"EventType":"status_change","JobID":1205364963740581889,"JobType":"SCHEMA CHANGE","Description":"status changed to: succeeded","PreviousStatus":"running","NewStatus":"succeeded","RunNum":0}
I260828 12:03:14.576932 2262 jobs/wait.go:148  [T1,Vsystem,n1,client=172.17.0.1:42180,hostnossl,user=root] 861  waited for 4 [1205364963637362689 1205364963656171521 1205364963672915969 1205364963740581889] queued jobs to complete 57.558209ms
I260828 12:03:14.642559 2260 4@util/log/event_log.go:39  [T1,Vsystem,n1,client=172.17.0.1:42180,hostnossl,user=root] 862 ={"Timestamp":1787918594642553946,"EventType":"client_session_end","InstanceID":1,"Network":"tcp","RemoteAddress":"172.17.0.1:42180","SessionID":"18cff67c67a8a7640000000000000001","Duration":3377692850}
I260828 12:03:14.873836 5917 4@util/log/event_log.go:39  [T1,Vsystem,n1,client=[::1]:55540,hostnossl,user=root] 863 ={"Timestamp":1787918594873832849,"EventType":"client_authentication_ok","InstanceID":1,"Network":"tcp","RemoteAddress":"[::1]:55540","SessionID":"18cff67d3ec1fcab0000000000000001","Transport":"hostnossl","User":"root","SystemIdentity":"root","Method":"insecure"}
I260828 12:03:15.397102 5915 4@util/log/event_log.go:39  [T1,Vsystem,n1,client=[::1]:55540,hostnossl,user=root] 864 ={"Timestamp":1787918595397097088,"EventType":"client_session_end","InstanceID":1,"Network":"tcp","RemoteAddress":"[::1]:55540","SessionID":"18cff67d3ec1fcab0000000000000001","Duration":523473821}
