ls: cannot access 'cockroach-data': No such file or directory
certificate dir "certs" is successfully set up
starting node for the initialization process. This could take a couple seconds...
I260828 16:24:10.621138 1 1@cli/log_flags.go:212  [n?] 1  using explicit logging configuration:
I260828 16:24:10.621138 1 1@cli/log_flags.go:212  [n?] 1 +file-defaults: {dir: ./cockroach-data/logs}
W260828 16:24:10.621378 1 1@cli/start.go:1446  [n?] 2  ALL SECURITY CONTROLS HAVE BEEN DISABLED!
W260828 16:24:10.621378 1 1@cli/start.go:1446  [n?] 2 +
W260828 16:24:10.621378 1 1@cli/start.go:1446  [n?] 2 +This mode is intended for non-production testing only.
W260828 16:24:10.621378 1 1@cli/start.go:1446  [n?] 2 +
W260828 16:24:10.621378 1 1@cli/start.go:1446  [n?] 2 +In this mode:
W260828 16:24:10.621378 1 1@cli/start.go:1446  [n?] 2 +- Your cluster is open to any client that can access any of your IP addresses.
W260828 16:24:10.621378 1 1@cli/start.go:1446  [n?] 2 +- Intruders with access to your machine or network can observe client-server traffic.
W260828 16:24:10.621378 1 1@cli/start.go:1446  [n?] 2 +- Intruders can log in without password and read or write any data in the cluster.
W260828 16:24:10.621378 1 1@cli/start.go:1446  [n?] 2 +- Intruders can consume all your server's resources and cause unavailability.
I260828 16:24:10.621428 1 1@cli/start.go:1456  [n?] 3  To start a secure server without mandating TLS for clients,
I260828 16:24:10.621428 1 1@cli/start.go:1456  [n?] 3 +consider --accept-sql-without-tls instead. For other options, see:
I260828 16:24:10.621428 1 1@cli/start.go:1456  [n?] 3 +
I260828 16:24:10.621428 1 1@cli/start.go:1456  [n?] 3 +- https://go.crdb.dev/issue-v/53404/v25.1
I260828 16:24:10.621428 1 1@cli/start.go:1456  [n?] 3 +- https://www.cockroachlabs.com/docs/v25.1/secure-a-cluster.html
I260828 16:24:10.621674 1 server/status/recorder.go:856  [n?] 4  available memory from cgroups (8.0 EiB) is unsupported, using system memory 16 GiB instead: 
I260828 16:24:10.621696 1 1@cli/start.go:1485  [n?] 5  CockroachDB CCL v25.1.6 (x86_64-pc-linux-gnu, built 2025/05/09 15:48:03, go1.22.8 X:nocoverageredesign)
I260828 16:24:10.622023 1 server/status/recorder.go:856  [n?] 6  available memory from cgroups (8.0 EiB) is unsupported, using system memory 16 GiB instead: 
I260828 16:24:10.622039 1 1@cli/start.go:556  [n?] 7  soft memory limit of Go runtime is set to 288 MiB
I260828 16:24:10.622056 1 1@cli/start.go:593  [n?] 8  GC target percentage of Go runtime is set to 300%
I260828 16:24:10.622942 1 server/status/recorder.go:856  [T1,Vsystem,n?] 9  available memory from cgroups (8.0 EiB) is unsupported, using system memory 16 GiB instead: 
I260828 16:24:10.622959 1 server/config.go:669  [T1,Vsystem,n?] 10  system total memory: 16 GiB
I260828 16:24:10.622977 1 server/config.go:671  [T1,Vsystem,n?] 11  server configuration:
I260828 16:24:10.622977 1 server/config.go:671  [T1,Vsystem,n?] 11 +max offset             500000000
I260828 16:24:10.622977 1 server/config.go:671  [T1,Vsystem,n?] 11 +cache size             128 MiB
I260828 16:24:10.622977 1 server/config.go:671  [T1,Vsystem,n?] 11 +SQL memory pool size   128 MiB
I260828 16:24:10.622977 1 server/config.go:671  [T1,Vsystem,n?] 11 +scan interval          10m0s
I260828 16:24:10.622977 1 server/config.go:671  [T1,Vsystem,n?] 11 +scan min idle time     10ms
I260828 16:24:10.622977 1 server/config.go:671  [T1,Vsystem,n?] 11 +scan max idle time     1s
I260828 16:24:10.622977 1 server/config.go:671  [T1,Vsystem,n?] 11 +event log enabled      true
I260828 16:24:10.623032 1 1@cli/start.go:1346  [T1,Vsystem,n?] 12  using local environment variables:
I260828 16:24:10.623032 1 1@cli/start.go:1346  [T1,Vsystem,n?] 12 +COCKROACH_CHANNEL=official-docker
I260828 16:24:10.623032 1 1@cli/start.go:1346  [T1,Vsystem,n?] 12 +COCKROACH_DATABASE=defaultdb
I260828 16:24:10.623032 1 1@cli/start.go:1346  [T1,Vsystem,n?] 12 +COCKROACH_USER=
I260828 16:24:10.623053 1 1@cli/start.go:1353  [T1,Vsystem,n?] 13  process identity: uid 0 euid 0 gid 0 egid 0
I260828 16:24:10.625142 1 1@cli/start.go:1508  [T1,Vsystem,n?] 14  GEOS loaded from directory /usr/local/lib/cockroach
I260828 16:24:10.625177 1 1@cli/start.go:785  [T1,Vsystem,n?] 15  starting cockroach node
I260828 16:24:10.625478 69 3@pebble/objstorage/objstorageprovider/remote.go:105  [n?,s?,pebble] 16  remote storage configured; no creatorID yet
I260828 16:24:10.625737 69 3@pebble/event.go:973  [n?,s?,pebble] 17  [JOB 1] MANIFEST created 000001
I260828 16:24:10.625888 69 3@pebble/event.go:1001  [n?,s?,pebble] 18  [JOB 1] WAL created 000002
I260828 16:24:10.625927 69 3@pebble/event.go:969  [n?,s?,pebble] 19  upgraded to format version: 014
I260828 16:24:10.625948 69 3@pebble/event.go:969  [n?,s?,pebble] 20  upgraded to format version: 015
I260828 16:24:10.625960 69 3@pebble/event.go:969  [n?,s?,pebble] 21  upgraded to format version: 016
I260828 16:24:10.625970 69 3@pebble/event.go:969  [n?,s?,pebble] 22  upgraded to format version: 017
I260828 16:24:10.625984 69 3@pebble/event.go:969  [n?,s?,pebble] 23  upgraded to format version: 018
I260828 16:24:10.625994 69 3@pebble/event.go:969  [n?,s?,pebble] 24  upgraded to format version: 019
I260828 16:24:10.626095 69 server/config.go:878  [T1,Vsystem,n?] 25  1 storage engine initialized
I260828 16:24:10.626120 69 server/config.go:881  [T1,Vsystem,n?] 27  Pebble cache size: 128 MiB
I260828 16:24:10.626139 69 server/config.go:881  [T1,Vsystem,n?] 28  store 0: in-memory, size 1.0 GiB
I260828 16:24:10.626152 69 server/config.go:881  [T1,Vsystem,n?] 29  store 0: : rw encrypted=false
I260828 16:24:10.626089 87 3@pebble/event.go:993  [n?,s?,pebble] 26  [JOB 2] all initial table stats loaded
I260828 16:24:10.627583 104 util/cidr/cidr.go:299  [T1,Vsystem,n?] 30  CIDR lookup updated with 0 destinations
I260828 16:24:10.628843 69 3@pebble/event.go:973  [n?,s?,pebble] 31  [JOB 1] MANIFEST created 000001
I260828 16:24:10.628926 69 3@pebble/event.go:1001  [n?,s?,pebble] 32  [JOB 1] WAL created 000002
I260828 16:24:10.628948 69 3@pebble/event.go:969  [n?,s?,pebble] 33  upgraded to format version: 014
I260828 16:24:10.628997 69 3@pebble/event.go:969  [n?,s?,pebble] 34  upgraded to format version: 015
I260828 16:24:10.629018 69 3@pebble/event.go:969  [n?,s?,pebble] 35  upgraded to format version: 016
I260828 16:24:10.629030 69 3@pebble/event.go:969  [n?,s?,pebble] 36  upgraded to format version: 017
I260828 16:24:10.629043 69 3@pebble/event.go:969  [n?,s?,pebble] 37  upgraded to format version: 018
I260828 16:24:10.629055 69 3@pebble/event.go:969  [n?,s?,pebble] 38  upgraded to format version: 019
I260828 16:24:10.629152 123 3@pebble/event.go:993  [n?,stemp,pebble] 39  [JOB 2] all initial table stats loaded
I260828 16:24:10.651997 69 1@server/clock_monotonicity.go:61  [T1,Vsystem,n?] 40  monitoring forward clock jumps based on server.clock.forward_jump_check.enabled
I260828 16:24:10.652666 69 3@pebble/objstorage/objstorageprovider/remote.go:193  [n?,s1,pebble] 41  remote storage creatorID set to 1
I260828 16:24:10.657948 69 server/init.go:224  [T1,Vsystem,n?] 42  no stores initialized
I260828 16:24:10.657987 69 server/init.go:225  [T1,Vsystem,n?] 43  awaiting `cockroach init` or join with an already initialized node
I260828 16:24:10.658000 69 server/init.go:289  [T1,Vsystem,n?] 44  cluster ba1f145e-3129-4772-bd4e-014955b42f1b has been created
I260828 16:24:10.658015 69 server/init.go:290  [T1,Vsystem,n?] 45  allocated node ID: n1 (for self)
I260828 16:24:10.658028 69 server/init.go:291  [T1,Vsystem,n?] 46  active cluster version: 25.1
W260828 16:24:10.658251 69 1@cli/start.go:1307  [T1,Vsystem,n1] 47  Running a server without --sql-addr, with a combined RPC/SQL listener, is deprecated.
W260828 16:24:10.658251 69 1@cli/start.go:1307  [T1,Vsystem,n1] 47 +This feature will be removed in a later version of CockroachDB.
I260828 16:24:10.658264 69 1@cli/start.go:1525  [T1,Vsystem,n1] 48  PID file: server_pid
I260828 16:24:10.658334 69 1@cli/start.go:1541  [T1,Vsystem,n1] 49  listening URL file: server_fifo
I260828 16:24:10.658436 143 1@server/server.go:1778  [T1,Vsystem,n1] 50  connecting to gossip network to verify cluster ID "ba1f145e-3129-4772-bd4e-014955b42f1b"
W260828 16:24:10.658380 69 1@gossip/gossip.go:1460  [T1,Vsystem,n1] 51  no addresses found; use --join to specify a connected node
init node successfully started
I260828 16:24:10.659524 164 kv/kvserver/kvstorage/init.go:250  [T1,Vsystem,n1,s1] 52  beginning range descriptor iteration
I260828 16:24:10.659658 164 kv/kvserver/kvstorage/init.go:374  [T1,Vsystem,n1,s1] 53  range descriptor iteration done: 74 range descriptors, 0 intents, 0 tombstones; stats: seeked 150 times (76 internal); stepped 0 times (0 internal); blocks: 0B cached; points: 74 (1.5KB keys, 2.1KB values)
I260828 16:24:10.659893 164 kv/kvserver/kvstorage/init.go:501  [T1,Vsystem,n1,s1] 54  loaded replica ID for 74/74 replicas
I260828 16:24:10.660064 164 kv/kvserver/kvstorage/init.go:518  [T1,Vsystem,n1,s1] 55  loaded Raft state for 74/74 replicas
I260828 16:24:10.660089 164 kv/kvserver/kvstorage/init.go:545  [T1,Vsystem,n1,s1] 56  loaded 74 replicas
I260828 16:24:10.660108 164 kv/kvserver/kvstorage/init.go:576  [T1,Vsystem,n1,s1] 57  verified 74/74 replicas
I260828 16:24:10.664181 164 kv/kvserver/store.go:2360  [T1,Vsystem,n1,s1] 58  initialized 74/74 replicas
I260828 16:24:10.664673 143 1@server/server.go:1781  [T1,Vsystem,n1] 59  node connected via gossip
I260828 16:24:10.664836 164 server/node.go:719  [T1,Vsystem,n1] 60  initialized store s1 in 6ms (74 replicas)
I260828 16:24:10.664962 69 kv/kvserver/stores.go:261  [T1,Vsystem,n1] 61  read 0 node addresses from persistent storage
I260828 16:24:10.665062 69 server/node.go:834  [T1,Vsystem,n1] 62  started with engine type pebble
I260828 16:24:10.665109 69 server/node.go:836  [T1,Vsystem,n1] 63  started with attributes []
I260828 16:24:10.665237 69 server/goroutinedumper/goroutinedumper.go:117  [T1,Vsystem,n1] 64  writing goroutine dumps to /cockroach/cockroach-data/logs/goroutine_dump
I260828 16:24:10.665334 69 server/profiler/heapprofiler.go:72  [T1,Vsystem,n1] 65  writing go heap profiles to /cockroach/cockroach-data/logs/heap_profiler at least every 1h0m0s
I260828 16:24:10.665319 194 2@kv/kvserver/replica_proposal.go:620  [T1,Vsystem,n1,s1,r1/1:/{Min-System/NodeL…},raft] 66  new range lease repl=(n1,s1):1 seq=1 start=0,0 exp=1787934256.664312918,0 pro=1787934250.664312918,0 acq=Request following <empty>
I260828 16:24:10.665382 69 server/profiler/memory_monitoring_profiler.go:66  [T1,Vsystem,n1] 67  writing memory monitoring dumps to /cockroach/cockroach-data/logs/heap_profiler at least every 1h0m0s
I260828 16:24:10.665486 69 server/profiler/cgoprofiler.go:66  [T1,Vsystem,n1] 68  to enable jmalloc profiling: "export MALLOC_CONF=prof:true" or "ln -s prof:true /etc/malloc.conf"
I260828 16:24:10.665541 69 server/profiler/statsprofiler.go:68  [T1,Vsystem,n1] 69  writing memory stats to /cockroach/cockroach-data/logs/heap_profiler at last every 1h0m0s
I260828 16:24:10.665618 194 2@kv/kvserver/replica_proposal.go:637  [T1,Vsystem,n1,s1,r1/1:/{Min-System/NodeL…},raft] 70  acquired system range lease: repl=(n1,s1):1 seq=1 start=0,0 exp=1787934256.664312918,0 pro=1787934250.664312918,0 acq=Request [acquisition-type=Request]
I260828 16:24:10.665715 69 server/profiler/activequeryprofiler.go:88  [T1,Vsystem,n1] 71  writing go query profiles to /cockroach/cockroach-data/logs/heap_profiler
I260828 16:24:10.665794 69 server/profiler/cpuprofiler.go:87  [T1,Vsystem,n1] 72  writing cpu profile dumps to /cockroach/cockroach-data/logs/pprof_dump
I260828 16:24:10.665334 195 2@kv/kvserver/replica_proposal.go:637  [T1,Vsystem,n1,s1,r2/1:/System/NodeLiveness{-Max},raft] 73  acquired system range lease: repl=(n1,s1):1 seq=1 start=0,0 exp=1787934256.664307404,0 pro=1787934250.664307404,0 acq=Request [acquisition-type=Request]
I260828 16:24:10.666022 69 1@server/server.go:1979  [T1,Vsystem,n1] 74  starting http server at [::]:8080 (use: 127.0.0.1:8080)
I260828 16:24:10.666071 69 1@server/server.go:1987  [T1,Vsystem,n1] 75  starting grpc/postgres server at [::]:26257
I260828 16:24:10.666098 69 1@server/server.go:1988  [T1,Vsystem,n1] 76  advertising CockroachDB node at 127.0.0.1:26257
I260828 16:24:10.674609 231 3@pebble/event.go:1001  [n1,s1,pebble] 77  [JOB 3] WAL created 000004
I260828 16:24:10.677607 161 kv/kvclient/rangefeed/rangefeedcache/watcher.go:340  [T1,Vsystem,n1] 78  spanconfig-subscriber: established range feed cache
I260828 16:24:10.682733 204 3@pebble/event.go:1001  [n1,s1,pebble] 79  [JOB 4] WAL created 000005
I260828 16:24:10.682961 395 13@kv/kvserver/replicate_queue.go:784  [T1,Vsystem,n1,replicate,s1,r1/1:/{Min-System/NodeL…}] 80  error processing replica: 0 of 1 live stores are able to take a new replica for the range (1 already has a voter, 0 already have a non-voter); likely not enough nodes in cluster
I260828 16:24:10.683657 397 13@kv/kvserver/replicate_queue.go:784  [T1,Vsystem,n1,replicate,s1,r2/1:/System/NodeLiveness{-Max}] 81  error processing replica: 0 of 1 live stores are able to take a new replica for the range (1 already has a voter, 0 already have a non-voter); likely not enough nodes in cluster
I260828 16:24:10.685485 398 13@kv/kvserver/replicate_queue.go:784  [T1,Vsystem,n1,replicate,s1,r3/1:/System/{NodeLive…-tsd}] 83  error processing replica: 0 of 1 live stores are able to take a new replica for the range (1 already has a voter, 0 already have a non-voter); likely not enough nodes in cluster
I260828 16:24:10.685624 396 13@kv/kvserver/replicate_queue.go:784  [T1,Vsystem,n1,replicate,s1,r1/1:/{Min-System/NodeL…}] 84  error processing replica: 0 of 1 live stores are able to take a new replica for the range (1 already has a voter, 0 already have a non-voter); likely not enough nodes in cluster
I260828 16:24:10.685715 396 13@kv/kvserver/replicate_queue.go:784  [T1,Vsystem,n1,replicate,s1,r2/1:/System/NodeLiveness{-Max}] 85  error processing replica: 0 of 1 live stores are able to take a new replica for the range (1 already has a voter, 0 already have a non-voter); likely not enough nodes in cluster
I260828 16:24:10.685807 396 13@kv/kvserver/replicate_queue.go:784  [T1,Vsystem,n1,replicate,s1,r3/1:/System/{NodeLive…-tsd}] 86  error processing replica: 0 of 1 live stores are able to take a new replica for the range (1 already has a voter, 0 already have a non-voter); likely not enough nodes in cluster
I260828 16:24:10.685914 399 13@kv/kvserver/replicate_queue.go:784  [T1,Vsystem,n1,replicate,s1,r4/1:/System{/tsd-tse}] 87  error processing replica: 0 of 1 live stores are able to take a new replica for the range (1 already has a voter, 0 already have a non-voter); likely not enough nodes in cluster
I260828 16:24:10.685342 205 3@pebble/event.go:1001  [n1,s1,pebble] 82  [JOB 5] WAL created 000006
I260828 16:24:10.689526 400 13@kv/kvserver/replicate_queue.go:784  [T1,Vsystem,n1,replicate,s1,r5/1:/{Systemtse-Table/0}] 88  error processing replica: 0 of 1 live stores are able to take a new replica for the range (1 already has a voter, 0 already have a non-voter); likely not enough nodes in cluster
I260828 16:24:10.690275 626 13@kv/kvserver/replicate_queue.go:784  [T1,Vsystem,n1,replicate,s1,r6/1:/Table/{0-3}] 89  error processing replica: 0 of 1 live stores are able to take a new replica for the range (1 already has a voter, 0 already have a non-voter); likely not enough nodes in cluster
I260828 16:24:10.690670 643 13@kv/kvserver/replicate_queue.go:784  [T1,Vsystem,n1,replicate,s1,r7/1:/Table/{3-4}] 90  error processing replica: 0 of 1 live stores are able to take a new replica for the range (1 already has a voter, 0 already have a non-voter); likely not enough nodes in cluster
I260828 16:24:10.690993 617 13@kv/kvserver/replicate_queue.go:784  [T1,Vsystem,n1,replicate,s1,r8/1:/Table/{4-5}] 91  error processing replica: 0 of 1 live stores are able to take a new replica for the range (1 already has a voter, 0 already have a non-voter); likely not enough nodes in cluster
I260828 16:24:10.691342 650 13@kv/kvserver/replicate_queue.go:784  [T1,Vsystem,n1,replicate,s1,r9/1:/Table/{5-6}] 92  error processing replica: 0 of 1 live stores are able to take a new replica for the range (1 already has a voter, 0 already have a non-voter); likely not enough nodes in cluster
I260828 16:24:10.691698 658 13@kv/kvserver/replicate_queue.go:784  [T1,Vsystem,n1,replicate,s1,r10/1:/Table/{6-7}] 93  error processing replica: 0 of 1 live stores are able to take a new replica for the range (1 already has a voter, 0 already have a non-voter); likely not enough nodes in cluster
I260828 16:24:10.692013 678 13@kv/kvserver/replicate_queue.go:784  [T1,Vsystem,n1,replicate,s1,r11/1:/Table/{7-8}] 94  error processing replica: 0 of 1 live stores are able to take a new replica for the range (1 already has a voter, 0 already have a non-voter); likely not enough nodes in cluster
I260828 16:24:10.692670 634 13@kv/kvserver/replicate_queue.go:784  [T1,Vsystem,n1,replicate,s1,r13/1:/Table/{9-11}] 95  error processing replica: 0 of 1 live stores are able to take a new replica for the range (1 already has a voter, 0 already have a non-voter); likely not enough nodes in cluster
I260828 16:24:10.692981 637 13@kv/kvserver/replicate_queue.go:784  [T1,Vsystem,n1,replicate,s1,r25/1:/Table/2{2-3}] 96  error processing replica: 0 of 1 live stores are able to take a new replica for the range (1 already has a voter, 0 already have a non-voter); likely not enough nodes in cluster
I260828 16:24:10.693117 641 13@kv/kvserver/replicate_queue.go:784  [T1,Vsystem,n1,replicate,s1,r26/1:/Table/2{3-4}] 97  error processing replica: 0 of 1 live stores are able to take a new replica for the range (1 already has a voter, 0 already have a non-voter); likely not enough nodes in cluster
I260828 16:24:10.693214 706 13@kv/kvserver/replicate_queue.go:784  [T1,Vsystem,n1,replicate,s1,r27/1:/Table/2{4-5}] 98  error processing replica: 0 of 1 live stores are able to take a new replica for the range (1 already has a voter, 0 already have a non-voter); likely not enough nodes in cluster
I260828 16:24:10.693304 707 13@kv/kvserver/replicate_queue.go:784  [T1,Vsystem,n1,replicate,s1,r28/1:/Table/2{5-6}] 99  error processing replica: 0 of 1 live stores are able to take a new replica for the range (1 already has a voter, 0 already have a non-voter); likely not enough nodes in cluster
I260828 16:24:10.693411 708 13@kv/kvserver/replicate_queue.go:784  [T1,Vsystem,n1,replicate,s1,r29/1:/Table/2{6-7}] 100  error processing replica: 0 of 1 live stores are able to take a new replica for the range (1 already has a voter, 0 already have a non-voter); likely not enough nodes in cluster
I260828 16:24:10.693501 709 13@kv/kvserver/replicate_queue.go:784  [T1,Vsystem,n1,replicate,s1,r30/1:/Table/2{7-8}] 101  error processing replica: 0 of 1 live stores are able to take a new replica for the range (1 already has a voter, 0 already have a non-voter); likely not enough nodes in cluster
I260828 16:24:10.693583 710 13@kv/kvserver/replicate_queue.go:784  [T1,Vsystem,n1,replicate,s1,r31/1:/Table/2{8-9}] 102  error processing replica: 0 of 1 live stores are able to take a new replica for the range (1 already has a voter, 0 already have a non-voter); likely not enough nodes in cluster
I260828 16:24:10.693684 711 13@kv/kvserver/replicate_queue.go:784  [T1,Vsystem,n1,replicate,s1,r32/1:/{Table/29-NamespaceTab…}] 103  error processing replica: 0 of 1 live stores are able to take a new replica for the range (1 already has a voter, 0 already have a non-voter); likely not enough nodes in cluster
I260828 16:24:10.693776 712 13@kv/kvserver/replicate_queue.go:784  [T1,Vsystem,n1,replicate,s1,r33/1:/NamespaceTable/{30-Max}] 104  error processing replica: 0 of 1 live stores are able to take a new replica for the range (1 already has a voter, 0 already have a non-voter); likely not enough nodes in cluster
I260828 16:24:10.693856 713 13@kv/kvserver/replicate_queue.go:784  [T1,Vsystem,n1,replicate,s1,r34/1:/{NamespaceTab…-Table/32}] 105  error processing replica: 0 of 1 live stores are able to take a new replica for the range (1 already has a voter, 0 already have a non-voter); likely not enough nodes in cluster
I260828 16:24:10.693936 714 13@kv/kvserver/replicate_queue.go:784  [T1,Vsystem,n1,replicate,s1,r35/1:/Table/3{2-3}] 106  error processing replica: 0 of 1 live stores are able to take a new replica for the range (1 already has a voter, 0 already have a non-voter); likely not enough nodes in cluster
I260828 16:24:10.694008 715 13@kv/kvserver/replicate_queue.go:784  [T1,Vsystem,n1,replicate,s1,r36/1:/Table/3{3-4}] 107  error processing replica: 0 of 1 live stores are able to take a new replica for the range (1 already has a voter, 0 already have a non-voter); likely not enough nodes in cluster
I260828 16:24:10.694097 716 13@kv/kvserver/replicate_queue.go:784  [T1,Vsystem,n1,replicate,s1,r37/1:/Table/3{4-5}] 108  error processing replica: 0 of 1 live stores are able to take a new replica for the range (1 already has a voter, 0 already have a non-voter); likely not enough nodes in cluster
I260828 16:24:10.694175 717 13@kv/kvserver/replicate_queue.go:784  [T1,Vsystem,n1,replicate,s1,r38/1:/Table/3{5-6}] 109  error processing replica: 0 of 1 live stores are able to take a new replica for the range (1 already has a voter, 0 already have a non-voter); likely not enough nodes in cluster
I260828 16:24:10.694334 718 13@kv/kvserver/replicate_queue.go:784  [T1,Vsystem,n1,replicate,s1,r39/1:/Table/3{6-7}] 110  error processing replica: 0 of 1 live stores are able to take a new replica for the range (1 already has a voter, 0 already have a non-voter); likely not enough nodes in cluster
I260828 16:24:10.694658 738 13@kv/kvserver/replicate_queue.go:784  [T1,Vsystem,n1,replicate,s1,r40/1:/Table/3{7-8}] 111  error processing replica: 0 of 1 live stores are able to take a new replica for the range (1 already has a voter, 0 already have a non-voter); likely not enough nodes in cluster
I260828 16:24:10.694915 743 13@kv/kvserver/replicate_queue.go:784  [T1,Vsystem,n1,replicate,s1,r41/1:/Table/3{8-9}] 112  error processing replica: 0 of 1 live stores are able to take a new replica for the range (1 already has a voter, 0 already have a non-voter); likely not enough nodes in cluster
I260828 16:24:10.695156 726 13@kv/kvserver/replicate_queue.go:784  [T1,Vsystem,n1,replicate,s1,r42/1:/Table/{39-40}] 113  error processing replica: 0 of 1 live stores are able to take a new replica for the range (1 already has a voter, 0 already have a non-voter); likely not enough nodes in cluster
I260828 16:24:10.695473 758 13@kv/kvserver/replicate_queue.go:784  [T1,Vsystem,n1,replicate,s1,r43/1:/Table/4{0-1}] 114  error processing replica: 0 of 1 live stores are able to take a new replica for the range (1 already has a voter, 0 already have a non-voter); likely not enough nodes in cluster
I260828 16:24:10.695830 747 13@kv/kvserver/replicate_queue.go:784  [T1,Vsystem,n1,replicate,s1,r44/1:/Table/4{1-2}] 115  error processing replica: 0 of 1 live stores are able to take a new replica for the range (1 already has a voter, 0 already have a non-voter); likely not enough nodes in cluster
I260828 16:24:10.696154 764 13@kv/kvserver/replicate_queue.go:784  [T1,Vsystem,n1,replicate,s1,r45/1:/Table/4{2-3}] 116  error processing replica: 0 of 1 live stores are able to take a new replica for the range (1 already has a voter, 0 already have a non-voter); likely not enough nodes in cluster
I260828 16:24:10.696434 730 13@kv/kvserver/replicate_queue.go:784  [T1,Vsystem,n1,replicate,s1,r46/1:/Table/4{3-4}] 117  error processing replica: 0 of 1 live stores are able to take a new replica for the range (1 already has a voter, 0 already have a non-voter); likely not enough nodes in cluster
I260828 16:24:10.696719 734 13@kv/kvserver/replicate_queue.go:784  [T1,Vsystem,n1,replicate,s1,r47/1:/Table/4{4-5}] 118  error processing replica: 0 of 1 live stores are able to take a new replica for the range (1 already has a voter, 0 already have a non-voter); likely not enough nodes in cluster
I260828 16:24:10.697041 770 13@kv/kvserver/replicate_queue.go:784  [T1,Vsystem,n1,replicate,s1,r48/1:/Table/4{5-6}] 119  error processing replica: 0 of 1 live stores are able to take a new replica for the range (1 already has a voter, 0 already have a non-voter); likely not enough nodes in cluster
I260828 16:24:10.697525 773 13@kv/kvserver/replicate_queue.go:784  [T1,Vsystem,n1,replicate,s1,r49/1:/Table/4{6-7}] 120  error processing replica: 0 of 1 live stores are able to take a new replica for the range (1 already has a voter, 0 already have a non-voter); likely not enough nodes in cluster
I260828 16:24:10.697796 791 13@kv/kvserver/replicate_queue.go:784  [T1,Vsystem,n1,replicate,s1,r50/1:/Table/4{7-8}] 121  error processing replica: 0 of 1 live stores are able to take a new replica for the range (1 already has a voter, 0 already have a non-voter); likely not enough nodes in cluster
I260828 16:24:10.697932 792 13@kv/kvserver/replicate_queue.go:784  [T1,Vsystem,n1,replicate,s1,r51/1:/Table/{48-50}] 122  error processing replica: 0 of 1 live stores are able to take a new replica for the range (1 already has a voter, 0 already have a non-voter); likely not enough nodes in cluster
I260828 16:24:10.698005 793 13@kv/kvserver/replicate_queue.go:784  [T1,Vsystem,n1,replicate,s1,r52/1:/Table/5{0-1}] 123  error processing replica: 0 of 1 live stores are able to take a new replica for the range (1 already has a voter, 0 already have a non-voter); likely not enough nodes in cluster
I260828 16:24:10.698062 794 13@kv/kvserver/replicate_queue.go:784  [T1,Vsystem,n1,replicate,s1,r53/1:/Table/5{1-2}] 124  error processing replica: 0 of 1 live stores are able to take a new replica for the range (1 already has a voter, 0 already have a non-voter); likely not enough nodes in cluster
I260828 16:24:10.698368 795 13@kv/kvserver/replicate_queue.go:784  [T1,Vsystem,n1,replicate,s1,r54/1:/Table/5{2-3}] 125  error processing replica: 0 of 1 live stores are able to take a new replica for the range (1 already has a voter, 0 already have a non-voter); likely not enough nodes in cluster
I260828 16:24:10.698750 809 13@kv/kvserver/replicate_queue.go:784  [T1,Vsystem,n1,replicate,s1,r55/1:/Table/5{3-4}] 126  error processing replica: 0 of 1 live stores are able to take a new replica for the range (1 already has a voter, 0 already have a non-voter); likely not enough nodes in cluster
I260828 16:24:10.699048 774 13@kv/kvserver/replicate_queue.go:784  [T1,Vsystem,n1,replicate,s1,r56/1:/Table/5{4-5}] 127  error processing replica: 0 of 1 live stores are able to take a new replica for the range (1 already has a voter, 0 already have a non-voter); likely not enough nodes in cluster
I260828 16:24:10.699330 775 13@kv/kvserver/replicate_queue.go:784  [T1,Vsystem,n1,replicate,s1,r57/1:/Table/5{5-6}] 128  error processing replica: 0 of 1 live stores are able to take a new replica for the range (1 already has a voter, 0 already have a non-voter); likely not enough nodes in cluster
I260828 16:24:10.699972 820 13@kv/kvserver/replicate_queue.go:784  [T1,Vsystem,n1,replicate,s1,r58/1:/Table/5{6-7}] 129  error processing replica: 0 of 1 live stores are able to take a new replica for the range (1 already has a voter, 0 already have a non-voter); likely not enough nodes in cluster
I260828 16:24:10.700337 824 13@kv/kvserver/replicate_queue.go:784  [T1,Vsystem,n1,replicate,s1,r59/1:/Table/5{7-8}] 130  error processing replica: 0 of 1 live stores are able to take a new replica for the range (1 already has a voter, 0 already have a non-voter); likely not enough nodes in cluster
I260828 16:24:10.700601 828 13@kv/kvserver/replicate_queue.go:784  [T1,Vsystem,n1,replicate,s1,r60/1:/Table/5{8-9}] 131  error processing replica: 0 of 1 live stores are able to take a new replica for the range (1 already has a voter, 0 already have a non-voter); likely not enough nodes in cluster
I260828 16:24:10.700939 800 13@kv/kvserver/replicate_queue.go:784  [T1,Vsystem,n1,replicate,s1,r61/1:/Table/{59-60}] 132  error processing replica: 0 of 1 live stores are able to take a new replica for the range (1 already has a voter, 0 already have a non-voter); likely not enough nodes in cluster
I260828 16:24:10.701213 782 13@kv/kvserver/replicate_queue.go:784  [T1,Vsystem,n1,replicate,s1,r62/1:/Table/6{0-1}] 133  error processing replica: 0 of 1 live stores are able to take a new replica for the range (1 already has a voter, 0 already have a non-voter); likely not enough nodes in cluster
I260828 16:24:10.701612 784 13@kv/kvserver/replicate_queue.go:784  [T1,Vsystem,n1,replicate,s1,r63/1:/Table/6{1-2}] 134  error processing replica: 0 of 1 live stores are able to take a new replica for the range (1 already has a voter, 0 already have a non-voter); likely not enough nodes in cluster
I260828 16:24:10.701927 801 13@kv/kvserver/replicate_queue.go:784  [T1,Vsystem,n1,replicate,s1,r64/1:/Table/6{2-3}] 135  error processing replica: 0 of 1 live stores are able to take a new replica for the range (1 already has a voter, 0 already have a non-voter); likely not enough nodes in cluster
I260828 16:24:10.702333 866 13@kv/kvserver/replicate_queue.go:784  [T1,Vsystem,n1,replicate,s1,r65/1:/Table/6{3-4}] 136  error processing replica: 0 of 1 live stores are able to take a new replica for the range (1 already has a voter, 0 already have a non-voter); likely not enough nodes in cluster
I260828 16:24:10.702618 873 13@kv/kvserver/replicate_queue.go:784  [T1,Vsystem,n1,replicate,s1,r74/1:/{Table/72-Max}] 137  error processing replica: 0 of 1 live stores are able to take a new replica for the range (1 already has a voter, 0 already have a non-voter); likely not enough nodes in cluster
I260828 16:24:10.702779 878 13@kv/kvserver/replicate_queue.go:784  [T1,Vsystem,n1,replicate,s1,r66/1:/Table/6{4-5}] 138  error processing replica: 0 of 1 live stores are able to take a new replica for the range (1 already has a voter, 0 already have a non-voter); likely not enough nodes in cluster
I260828 16:24:10.703028 879 13@kv/kvserver/replicate_queue.go:784  [T1,Vsystem,n1,replicate,s1,r67/1:/Table/6{5-6}] 139  error processing replica: 0 of 1 live stores are able to take a new replica for the range (1 already has a voter, 0 already have a non-voter); likely not enough nodes in cluster
I260828 16:24:10.703428 856 13@kv/kvserver/replicate_queue.go:784  [T1,Vsystem,n1,replicate,s1,r68/1:/Table/6{6-7}] 140  error processing replica: 0 of 1 live stores are able to take a new replica for the range (1 already has a voter, 0 already have a non-voter); likely not enough nodes in cluster
I260828 16:24:10.704009 881 13@kv/kvserver/replicate_queue.go:784  [T1,Vsystem,n1,replicate,s1,r70/1:/Table/6{8-9}] 141  error processing replica: 0 of 1 live stores are able to take a new replica for the range (1 already has a voter, 0 already have a non-voter); likely not enough nodes in cluster
I260828 16:24:10.704677 848 13@kv/kvserver/replicate_queue.go:784  [T1,Vsystem,n1,replicate,s1,r72/1:/Table/7{0-1}] 142  error processing replica: 0 of 1 live stores are able to take a new replica for the range (1 already has a voter, 0 already have a non-voter); likely not enough nodes in cluster
I260828 16:24:10.704981 886 13@kv/kvserver/replicate_queue.go:784  [T1,Vsystem,n1,replicate,s1,r73/1:/Table/7{1-2}] 143  error processing replica: 0 of 1 live stores are able to take a new replica for the range (1 already has a voter, 0 already have a non-voter); likely not enough nodes in cluster
I260828 16:24:10.705232 887 13@kv/kvserver/replicate_queue.go:784  [T1,Vsystem,n1,replicate,s1,r14/1:/Table/1{1-2}] 144  error processing replica: 0 of 1 live stores are able to take a new replica for the range (1 already has a voter, 0 already have a non-voter); likely not enough nodes in cluster
I260828 16:24:10.706227 905 13@kv/kvserver/replicate_queue.go:784  [T1,Vsystem,n1,replicate,s1,r19/1:/Table/1{6-7}] 145  error processing replica: 0 of 1 live stores are able to take a new replica for the range (1 already has a voter, 0 already have a non-voter); likely not enough nodes in cluster
I260828 16:24:10.706322 906 13@kv/kvserver/replicate_queue.go:784  [T1,Vsystem,n1,replicate,s1,r22/1:/Table/{19-20}] 146  error processing replica: 0 of 1 live stores are able to take a new replica for the range (1 already has a voter, 0 already have a non-voter); likely not enough nodes in cluster
I260828 16:24:10.706778 907 13@kv/kvserver/replicate_queue.go:784  [T1,Vsystem,n1,replicate,s1,r20/1:/Table/1{7-8}] 147  error processing replica: 0 of 1 live stores are able to take a new replica for the range (1 already has a voter, 0 already have a non-voter); likely not enough nodes in cluster
I260828 16:24:10.706879 909 13@kv/kvserver/replicate_queue.go:784  [T1,Vsystem,n1,replicate,s1,r23/1:/Table/2{0-1}] 148  error processing replica: 0 of 1 live stores are able to take a new replica for the range (1 already has a voter, 0 already have a non-voter); likely not enough nodes in cluster
I260828 16:24:10.706971 910 13@kv/kvserver/replicate_queue.go:784  [T1,Vsystem,n1,replicate,s1,r24/1:/Table/2{1-2}] 149  error processing replica: 0 of 1 live stores are able to take a new replica for the range (1 already has a voter, 0 already have a non-voter); likely not enough nodes in cluster
I260828 16:24:10.707058 911 13@kv/kvserver/replicate_queue.go:784  [T1,Vsystem,n1,replicate,s1,r18/1:/Table/1{5-6}] 150  error processing replica: 0 of 1 live stores are able to take a new replica for the range (1 already has a voter, 0 already have a non-voter); likely not enough nodes in cluster
I260828 16:24:10.707155 912 13@kv/kvserver/replicate_queue.go:784  [T1,Vsystem,n1,replicate,s1,r21/1:/Table/1{8-9}] 151  error processing replica: 0 of 1 live stores are able to take a new replica for the range (1 already has a voter, 0 already have a non-voter); likely not enough nodes in cluster
I260828 16:24:10.709984 69 1@util/log/event_log.go:39  [T1,Vsystem,n1] 152 ={"Timestamp":1787934250709982234,"EventType":"node_join","NodeID":1,"StartedAt":1787934250658499548,"LastUp":1787934250658499548}
I260828 16:24:10.710173 947 kv/kvclient/rangefeed/rangefeedcache/watcher.go:340  [T1,Vsystem,n1] 153  settings-watcher: established range feed cache
I260828 16:24:10.711417 69 sql/sqlliveness/slinstance/slinstance.go:441  [T1,Vsystem,n1] 154  starting SQL liveness instance
I260828 16:24:10.712150 964 sql/sqlliveness/slstorage/slstorage.go:539  [T1,Vsystem,n1] 155  inserted sqlliveness session 010180308faf9804e54208a527311d4ccaab17 with expiry 1787934290.711455254,0
I260828 16:24:10.712195 964 sql/sqlliveness/slinstance/slinstance.go:253  [T1,Vsystem,n1] 156  created new SQL liveness session 010180308faf9804e54208a527311d4ccaab17
I260828 16:24:10.712260 69 sql/sqlinstance/instancestorage/instancestorage.go:338  [T1,Vsystem,n1] 157  assigning instance id to rpc addr 127.0.0.1:26257 and sql addr 127.0.0.1:26257
I260828 16:24:10.712547 69 server/server_sql.go:1609  [T1,Vsystem,n1] 158  bound sqlinstance: Instance{RegionPrefix: gA==, InstanceID: 1, SQLAddr: 127.0.0.1:26257, RPCAddr: 127.0.0.1:26257, SessionID: 010180308faf9804e54208a527311d4ccaab17, Locality: , BinaryVersion: 25.1}
I260828 16:24:10.712711 937 sql/sqlstats/persistedsqlstats/provider.go:163  [T1,Vsystem,n1] 159  starting sql-stats-worker with initial delay: 10m37.21717533s
I260828 16:24:10.712744 69 upgrade/upgrademanager/manager.go:171  [T1,Vsystem,n1] 160  running permanent upgrades up to version: 25.1
I260828 16:24:10.713067 934 sql/temporary_schema.go:506  [T1,Vsystem,n1] 161  running temporary object cleanup background job
I260828 16:24:10.713729 959 kv/kvserver/replica_rangefeed.go:880  [T1,Vsystem,n1,rangefeed=lease,mux_n=1,gen=2,r7/1:/Table/{3-4},sm=1,sid=1,s1] 162  RangeFeed closed timestamp is empty
I260828 16:24:10.714114 982 kv/kvclient/rangefeed/rangefeedcache/watcher.go:340  [T1,Vsystem,n1] 163  system-config-cache: established range feed cache
I260828 16:24:10.715363 934 sql/temporary_schema.go:556  [T1,Vsystem,n1] 164  found 0 temporary schemas
I260828 16:24:10.716200 934 sql/temporary_schema.go:559  [T1,Vsystem,n1] 165  early exiting temporary schema cleaner as no temporary schemas were found
I260828 16:24:10.716230 934 sql/temporary_schema.go:560  [T1,Vsystem,n1] 166  completed temporary object cleanup job
I260828 16:24:10.716244 934 sql/temporary_schema.go:641  [T1,Vsystem,n1] 167  temporary object cleaner next scheduled to run at 2026-08-28 16:54:10.712647989 +0000 UTC m=+1800.257892160
I260828 16:24:10.721103 69 upgrade/upgrademanager/manager.go:239  [T1,Vsystem,n1] 168  the last permanent upgrade (v0.0-upgrading-step-004) does not appear to have completed; attempting to run all upgrades
I260828 16:24:10.721181 69 upgrade/upgrademanager/manager.go:245  [T1,Vsystem,n1] 169  running permanent upgrade for version 0.0-upgrading-step-002
I260828 16:24:10.729960 981 spanconfig/spanconfigmanager/manager.go:136  [T1,Vsystem,n1] 170  started auto span config reconciliation job
I260828 16:24:10.730034 1215 jobs/adopt.go:224  [T1,Vsystem,n1,job=1205416266018422785] 171  job 1205416266018422785: resuming execution
I260828 16:24:10.733132 69 upgrade/upgrademanager/manager.go:723  [T1,Vsystem,n1] 172  running intitialize the system cluster
I260828 16:24:10.733210 1252 jobs/adopt.go:224  [T1,Vsystem,n1,job=1205416266043228161] 173  job 1205416266043228161: resuming execution
I260828 16:24:10.740814 1088 jobs/registry.go:1679  [T1,Vsystem,n1,job=1205416266018422785] 174  AUTO SPAN CONFIG RECONCILIATION job 1205416266018422785: stepping through state running
I260828 16:24:10.740814 1232 jobs/registry.go:1679  [T1,Vsystem,n1,job=1205416266043228161] 175  MIGRATION job 1205416266043228161: stepping through state running
I260828 16:24:10.766091 1088 1@jobs/structured_log.go:48  [T1,Vsystem,n1,job=1205416266018422785] 176 ={"Timestamp":1787934250766090634,"EventType":"status_change","JobID":1205416266018422785,"JobType":"AUTO SPAN CONFIG RECONCILIATION","Description":"status changed to: running","PreviousStatus":"running","NewStatus":"running","RunNum":0}
I260828 16:24:10.766082 1232 1@jobs/structured_log.go:48  [T1,Vsystem,n1,job=1205416266043228161] 177 ={"Timestamp":1787934250766079509,"EventType":"status_change","JobID":1205416266043228161,"JobType":"MIGRATION","Description":"status changed to: running","PreviousStatus":"running","NewStatus":"running","RunNum":0}
I260828 16:24:10.767368 1232 upgrade/upgrades/permanent_upgrades.go:45  [T1,Vsystem,n1,job=MIGRATION id=1205416266043228161,upgrade=0.0-upgrading-step-002] 178  executing system bootstrap step "initialize cluster version"
I260828 16:24:10.770796 1232 upgrade/upgrades/permanent_upgrades.go:45  [T1,Vsystem,n1,job=MIGRATION id=1205416266043228161,upgrade=0.0-upgrading-step-002] 179  executing system bootstrap step "configure key visualizer"
I260828 16:24:10.775839 1364 1@util/log/event_log.go:39  [T1,Vsystem,n1,job=MIGRATION id=1205416266043228161,upgrade=0.0-upgrading-step-002,intExec=set-SpanStatsTenantBoundariesTable-TTL] 180 ={"Timestamp":1787934250773312716,"EventType":"set_zone_config","Statement":"ALTER TABLE \"\".system.span_stats_tenant_boundaries CONFIGURE ZONE USING \"gc.ttlseconds\" = $1","Tag":"CONFIGURE ZONE","User":"node","DescriptorID":58,"ApplicationName":"$ internal-set-SpanStatsTenantBoundariesTable-TTL","PlaceholderValues":["3600"],"Target":"TABLE system.public.span_stats_tenant_boundaries","Options":["\"gc.ttlseconds\" = 3600"],"ResolvedOldConfig":"range_min_bytes:134217728 range_max_bytes:536870912 gc:<ttl_seconds:14400 > num_replicas:5 inherited_constraints:false null_voter_constraints_is_empty:true inherited_lease_preferences:false "}
I260828 16:24:10.781810 1232 upgrade/upgrades/permanent_upgrades.go:45  [T1,Vsystem,n1,job=MIGRATION id=1205416266043228161,upgrade=0.0-upgrading-step-002] 181  executing system bootstrap step "configure sql activity table TTLs"
I260828 16:24:10.784207 1410 1@util/log/event_log.go:39  [T1,Vsystem,n1,job=MIGRATION id=1205416266043228161,upgrade=0.0-upgrading-step-002,intExec=set-SQLStatsTables-TTL] 182 ={"Timestamp":1787934250782005322,"EventType":"set_zone_config","Statement":"ALTER TABLE \"\".system.statement_statistics CONFIGURE ZONE USING \"gc.ttlseconds\" = $1","Tag":"CONFIGURE ZONE","User":"node","DescriptorID":42,"ApplicationName":"$ internal-set-SQLStatsTables-TTL","PlaceholderValues":["3600"],"Target":"TABLE system.public.statement_statistics","Options":["\"gc.ttlseconds\" = 3600"],"ResolvedOldConfig":"range_min_bytes:134217728 range_max_bytes:536870912 gc:<ttl_seconds:14400 > num_replicas:5 inherited_constraints:false null_voter_constraints_is_empty:true inherited_lease_preferences:false "}
I260828 16:24:10.787769 1355 1@util/log/event_log.go:39  [T1,Vsystem,n1,job=MIGRATION id=1205416266043228161,upgrade=0.0-upgrading-step-002,intExec=set-SQLStatsTables-TTL] 183 ={"Timestamp":1787934250784579761,"EventType":"set_zone_config","Statement":"ALTER TABLE \"\".system.transaction_statistics CONFIGURE ZONE USING \"gc.ttlseconds\" = $1","Tag":"CONFIGURE ZONE","User":"node","DescriptorID":43,"ApplicationName":"$ internal-set-SQLStatsTables-TTL","PlaceholderValues":["3600"],"Target":"TABLE system.public.transaction_statistics","Options":["\"gc.ttlseconds\" = 3600"],"ResolvedOldConfig":"range_min_bytes:134217728 range_max_bytes:536870912 gc:<ttl_seconds:14400 > num_replicas:5 inherited_constraints:false null_voter_constraints_is_empty:true inherited_lease_preferences:false "}
I260828 16:24:10.790185 1428 1@util/log/event_log.go:39  [T1,Vsystem,n1,job=MIGRATION id=1205416266043228161,upgrade=0.0-upgrading-step-002,intExec=set-SQLStatsTables-TTL] 184 ={"Timestamp":1787934250788244394,"EventType":"set_zone_config","Statement":"ALTER TABLE \"\".system.statement_activity CONFIGURE ZONE USING \"gc.ttlseconds\" = $1","Tag":"CONFIGURE ZONE","User":"node","DescriptorID":61,"ApplicationName":"$ internal-set-SQLStatsTables-TTL","PlaceholderValues":["3600"],"Target":"TABLE system.public.statement_activity","Options":["\"gc.ttlseconds\" = 3600"],"ResolvedOldConfig":"range_min_bytes:134217728 range_max_bytes:536870912 gc:<ttl_seconds:14400 > num_replicas:5 inherited_constraints:false null_voter_constraints_is_empty:true inherited_lease_preferences:false "}
I260828 16:24:10.792004 1425 1@util/log/event_log.go:39  [T1,Vsystem,n1,job=MIGRATION id=1205416266043228161,upgrade=0.0-upgrading-step-002,intExec=set-SQLStatsTables-TTL] 185 ={"Timestamp":1787934250790423162,"EventType":"set_zone_config","Statement":"ALTER TABLE \"\".system.transaction_activity CONFIGURE ZONE USING \"gc.ttlseconds\" = $1","Tag":"CONFIGURE ZONE","User":"node","DescriptorID":62,"ApplicationName":"$ internal-set-SQLStatsTables-TTL","PlaceholderValues":["3600"],"Target":"TABLE system.public.transaction_activity","Options":["\"gc.ttlseconds\" = 3600"],"ResolvedOldConfig":"range_min_bytes:134217728 range_max_bytes:536870912 gc:<ttl_seconds:14400 > num_replicas:5 inherited_constraints:false null_voter_constraints_is_empty:true inherited_lease_preferences:false "}
I260828 16:24:10.793070 1232 jobs/registry.go:1679  [T1,Vsystem,n1,job=1205416266043228161] 186  MIGRATION job 1205416266043228161: stepping through state succeeded
I260828 16:24:10.794063 1088 13@spanconfig/spanconfigstore/store.go:364  [T1,Vsystem,n1,job=AUTO SPAN CONFIG RECONCILIATION id=1205416266018422785] 187  changing the spanconfig for span:/Table/1{6-7} from:{RangeMinBytes:134217728 RangeMaxBytes:536870912 GCPolicy:{TTLSeconds:14400 ProtectionPolicies:[] IgnoreStrictEnforcement:false} GlobalReads:false NumReplicas:5 NumVoters:0 Constraints:[] VoterConstraints:[] LeasePreferences:[] RangefeedEnabled:false ExcludeDataFromBackup:false} to:{RangeMinBytes:0 RangeMaxBytes:0 GCPolicy:{TTLSeconds:0 ProtectionPolicies:[] IgnoreStrictEnforcement:false} GlobalReads:false NumReplicas:0 NumVoters:0 Constraints:[] VoterConstraints:[] LeasePreferences:[] RangefeedEnabled:false ExcludeDataFromBackup:false}
I260828 16:24:10.794316 1088 13@spanconfig/spanconfigstore/store.go:364  [T1,Vsystem,n1,job=AUTO SPAN CONFIG RECONCILIATION id=1205416266018422785] 188  changing the spanconfig for span:/Table/1{7-8} from:{RangeMinBytes:134217728 RangeMaxBytes:536870912 GCPolicy:{TTLSeconds:14400 ProtectionPolicies:[] IgnoreStrictEnforcement:false} GlobalReads:false NumReplicas:5 NumVoters:0 Constraints:[] VoterConstraints:[] LeasePreferences:[] RangefeedEnabled:false ExcludeDataFromBackup:false} to:{RangeMinBytes:0 RangeMaxBytes:0 GCPolicy:{TTLSeconds:0 ProtectionPolicies:[] IgnoreStrictEnforcement:false} GlobalReads:false NumReplicas:0 NumVoters:0 Constraints:[] VoterConstraints:[] LeasePreferences:[] RangefeedEnabled:false ExcludeDataFromBackup:false}
I260828 16:24:10.794438 1088 13@spanconfig/spanconfigstore/store.go:364  [T1,Vsystem,n1,job=AUTO SPAN CONFIG RECONCILIATION id=1205416266018422785] 189  changing the spanconfig for span:/Table/1{8-9} from:{RangeMinBytes:134217728 RangeMaxBytes:536870912 GCPolicy:{TTLSeconds:14400 ProtectionPolicies:[] IgnoreStrictEnforcement:false} GlobalReads:false NumReplicas:5 NumVoters:0 Constraints:[] VoterConstraints:[] LeasePreferences:[] RangefeedEnabled:false ExcludeDataFromBackup:false} to:{RangeMinBytes:0 RangeMaxBytes:0 GCPolicy:{TTLSeconds:0 ProtectionPolicies:[] IgnoreStrictEnforcement:false} GlobalReads:false NumReplicas:0 NumVoters:0 Constraints:[] VoterConstraints:[] LeasePreferences:[] RangefeedEnabled:false ExcludeDataFromBackup:false}
I260828 16:24:10.794526 1088 13@spanconfig/spanconfigstore/store.go:364  [T1,Vsystem,n1,job=AUTO SPAN CONFIG RECONCILIATION id=1205416266018422785] 190  changing the spanconfig for span:/Table/2{2-3} from:{RangeMinBytes:134217728 RangeMaxBytes:536870912 GCPolicy:{TTLSeconds:14400 ProtectionPolicies:[] IgnoreStrictEnforcement:false} GlobalReads:false NumReplicas:5 NumVoters:0 Constraints:[] VoterConstraints:[] LeasePreferences:[] RangefeedEnabled:false ExcludeDataFromBackup:false} to:{RangeMinBytes:0 RangeMaxBytes:0 GCPolicy:{TTLSeconds:0 ProtectionPolicies:[] IgnoreStrictEnforcement:false} GlobalReads:false NumReplicas:0 NumVoters:0 Constraints:[] VoterConstraints:[] LeasePreferences:[] RangefeedEnabled:false ExcludeDataFromBackup:false}
I260828 16:24:10.794596 1088 13@spanconfig/spanconfigstore/store.go:364  [T1,Vsystem,n1,job=AUTO SPAN CONFIG RECONCILIATION id=1205416266018422785] 191  changing the spanconfig for span:/{Table/29-NamespaceTable/30} from:{RangeMinBytes:134217728 RangeMaxBytes:536870912 GCPolicy:{TTLSeconds:14400 ProtectionPolicies:[] IgnoreStrictEnforcement:false} GlobalReads:false NumReplicas:5 NumVoters:0 Constraints:[] VoterConstraints:[] LeasePreferences:[] RangefeedEnabled:false ExcludeDataFromBackup:false} to:{RangeMinBytes:0 RangeMaxBytes:0 GCPolicy:{TTLSeconds:0 ProtectionPolicies:[] IgnoreStrictEnforcement:false} GlobalReads:false NumReplicas:0 NumVoters:0 Constraints:[] VoterConstraints:[] LeasePreferences:[] RangefeedEnabled:false ExcludeDataFromBackup:false}
I260828 16:24:10.794654 1088 13@spanconfig/spanconfigstore/store.go:364  [T1,Vsystem,n1,job=AUTO SPAN CONFIG RECONCILIATION id=1205416266018422785] 192  changing the spanconfig for span:/Table/3{8-9} from:{RangeMinBytes:134217728 RangeMaxBytes:536870912 GCPolicy:{TTLSeconds:14400 ProtectionPolicies:[] IgnoreStrictEnforcement:false} GlobalReads:false NumReplicas:5 NumVoters:0 Constraints:[] VoterConstraints:[] LeasePreferences:[] RangefeedEnabled:false ExcludeDataFromBackup:false} to:{RangeMinBytes:0 RangeMaxBytes:0 GCPolicy:{TTLSeconds:0 ProtectionPolicies:[] IgnoreStrictEnforcement:false} GlobalReads:false NumReplicas:0 NumVoters:0 Constraints:[] VoterConstraints:[] LeasePreferences:[] RangefeedEnabled:false ExcludeDataFromBackup:false}
I260828 16:24:10.794712 1088 13@spanconfig/spanconfigstore/store.go:364  [T1,Vsystem,n1,job=AUTO SPAN CONFIG RECONCILIATION id=1205416266018422785] 193  changing the spanconfig for span:/Table/{0-4} from:{RangeMinBytes:134217728 RangeMaxBytes:536870912 GCPolicy:{TTLSeconds:14400 ProtectionPolicies:[] IgnoreStrictEnforcement:true} GlobalReads:false NumReplicas:5 NumVoters:0 Constraints:[] VoterConstraints:[] LeasePreferences:[] RangefeedEnabled:true ExcludeDataFromBackup:false} to:{RangeMinBytes:0 RangeMaxBytes:0 GCPolicy:{TTLSeconds:0 ProtectionPolicies:[] IgnoreStrictEnforcement:false} GlobalReads:false NumReplicas:0 NumVoters:0 Constraints:[] VoterConstraints:[] LeasePreferences:[] RangefeedEnabled:false ExcludeDataFromBackup:false}
I260828 16:24:10.794764 1088 13@spanconfig/spanconfigstore/store.go:364  [T1,Vsystem,n1,job=AUTO SPAN CONFIG RECONCILIATION id=1205416266018422785] 194  changing the spanconfig for span:/Table/{4-5} from:{RangeMinBytes:134217728 RangeMaxBytes:536870912 GCPolicy:{TTLSeconds:14400 ProtectionPolicies:[] IgnoreStrictEnforcement:true} GlobalReads:false NumReplicas:5 NumVoters:0 Constraints:[] VoterConstraints:[] LeasePreferences:[] RangefeedEnabled:true ExcludeDataFromBackup:false} to:{RangeMinBytes:0 RangeMaxBytes:0 GCPolicy:{TTLSeconds:0 ProtectionPolicies:[] IgnoreStrictEnforcement:false} GlobalReads:false NumReplicas:0 NumVoters:0 Constraints:[] VoterConstraints:[] LeasePreferences:[] RangefeedEnabled:false ExcludeDataFromBackup:false}
I260828 16:24:10.794821 1088 13@spanconfig/spanconfigstore/store.go:364  [T1,Vsystem,n1,job=AUTO SPAN CONFIG RECONCILIATION id=1205416266018422785] 195  changing the spanconfig for span:/Table/{5-6} from:{RangeMinBytes:134217728 RangeMaxBytes:536870912 GCPolicy:{TTLSeconds:14400 ProtectionPolicies:[] IgnoreStrictEnforcement:true} GlobalReads:false NumReplicas:5 NumVoters:0 Constraints:[] VoterConstraints:[] LeasePreferences:[] RangefeedEnabled:true ExcludeDataFromBackup:false} to:{RangeMinBytes:0 RangeMaxBytes:0 GCPolicy:{TTLSeconds:0 ProtectionPolicies:[] IgnoreStrictEnforcement:false} GlobalReads:false NumReplicas:0 NumVoters:0 Constraints:[] VoterConstraints:[] LeasePreferences:[] RangefeedEnabled:false ExcludeDataFromBackup:false}
I260828 16:24:10.794870 1088 13@spanconfig/spanconfigstore/store.go:364  [T1,Vsystem,n1,job=AUTO SPAN CONFIG RECONCILIATION id=1205416266018422785] 196  changing the spanconfig for span:/Table/{6-7} from:{RangeMinBytes:134217728 RangeMaxBytes:536870912 GCPolicy:{TTLSeconds:14400 ProtectionPolicies:[] IgnoreStrictEnforcement:true} GlobalReads:false NumReplicas:5 NumVoters:0 Constraints:[] VoterConstraints:[] LeasePreferences:[] RangefeedEnabled:true ExcludeDataFromBackup:false} to:{RangeMinBytes:0 RangeMaxBytes:0 GCPolicy:{TTLSeconds:0 ProtectionPolicies:[] IgnoreStrictEnforcement:false} GlobalReads:false NumReplicas:0 NumVoters:0 Constraints:[] VoterConstraints:[] LeasePreferences:[] RangefeedEnabled:false ExcludeDataFromBackup:false}
I260828 16:24:10.794927 1088 13@spanconfig/spanconfigstore/store.go:364  [T1,Vsystem,n1,job=AUTO SPAN CONFIG RECONCILIATION id=1205416266018422785] 197  changing the spanconfig for span:/Table/{7-8} from:{RangeMinBytes:134217728 RangeMaxBytes:536870912 GCPolicy:{TTLSeconds:14400 ProtectionPolicies:[] IgnoreStrictEnforcement:true} GlobalReads:false NumReplicas:5 NumVoters:0 Constraints:[] VoterConstraints:[] LeasePreferences:[] RangefeedEnabled:true ExcludeDataFromBackup:false} to:{RangeMinBytes:0 RangeMaxBytes:0 GCPolicy:{TTLSeconds:0 ProtectionPolicies:[] IgnoreStrictEnforcement:false} GlobalReads:false NumReplicas:0 NumVoters:0 Constraints:[] VoterConstraints:[] LeasePreferences:[] RangefeedEnabled:false ExcludeDataFromBackup:false}
I260828 16:24:10.794987 1088 13@spanconfig/spanconfigstore/store.go:364  [T1,Vsystem,n1,job=AUTO SPAN CONFIG RECONCILIATION id=1205416266018422785] 198  changing the spanconfig for span:/Table/{8-9} from:{RangeMinBytes:134217728 RangeMaxBytes:536870912 GCPolicy:{TTLSeconds:14400 ProtectionPolicies:[] IgnoreStrictEnforcement:true} GlobalReads:false NumReplicas:5 NumVoters:0 Constraints:[] VoterConstraints:[] LeasePreferences:[] RangefeedEnabled:true ExcludeDataFromBackup:false} to:{RangeMinBytes:0 RangeMaxBytes:0 GCPolicy:{TTLSeconds:0 ProtectionPolicies:[] IgnoreStrictEnforcement:false} GlobalReads:false NumReplicas:0 NumVoters:0 Constraints:[] VoterConstraints:[] LeasePreferences:[] RangefeedEnabled:false ExcludeDataFromBackup:false}
I260828 16:24:10.795035 1088 13@spanconfig/spanconfigstore/store.go:364  [T1,Vsystem,n1,job=AUTO SPAN CONFIG RECONCILIATION id=1205416266018422785] 199  changing the spanconfig for span:/Table/{9-10} from:{RangeMinBytes:134217728 RangeMaxBytes:536870912 GCPolicy:{TTLSeconds:14400 ProtectionPolicies:[] IgnoreStrictEnforcement:true} GlobalReads:false NumReplicas:5 NumVoters:0 Constraints:[] VoterConstraints:[] LeasePreferences:[] RangefeedEnabled:true ExcludeDataFromBackup:false} to:{RangeMinBytes:0 RangeMaxBytes:0 GCPolicy:{TTLSeconds:0 ProtectionPolicies:[] IgnoreStrictEnforcement:false} GlobalReads:false NumReplicas:0 NumVoters:0 Constraints:[] VoterConstraints:[] LeasePreferences:[] RangefeedEnabled:false ExcludeDataFromBackup:false}
I260828 16:24:10.795091 1088 13@spanconfig/spanconfigstore/store.go:364  [T1,Vsystem,n1,job=AUTO SPAN CONFIG RECONCILIATION id=1205416266018422785] 200  changing the spanconfig for span:/Table/1{1-2} from:{RangeMinBytes:134217728 RangeMaxBytes:536870912 GCPolicy:{TTLSeconds:600 ProtectionPolicies:[] IgnoreStrictEnforcement:true} GlobalReads:false NumReplicas:5 NumVoters:0 Constraints:[] VoterConstraints:[] LeasePreferences:[] RangefeedEnabled:true ExcludeDataFromBackup:true} to:{RangeMinBytes:0 RangeMaxBytes:0 GCPolicy:{TTLSeconds:0 ProtectionPolicies:[] IgnoreStrictEnforcement:false} GlobalReads:false NumReplicas:0 NumVoters:0 Constraints:[] VoterConstraints:[] LeasePreferences:[] RangefeedEnabled:false ExcludeDataFromBackup:false}
I260828 16:24:10.795148 1088 13@spanconfig/spanconfigstore/store.go:364  [T1,Vsystem,n1,job=AUTO SPAN CONFIG RECONCILIATION id=1205416266018422785] 201  changing the spanconfig for span:/Table/1{2-3} from:{RangeMinBytes:134217728 RangeMaxBytes:536870912 GCPolicy:{TTLSeconds:14400 ProtectionPolicies:[] IgnoreStrictEnforcement:true} GlobalReads:false NumReplicas:5 NumVoters:0 Constraints:[] VoterConstraints:[] LeasePreferences:[] RangefeedEnabled:true ExcludeDataFromBackup:false} to:{RangeMinBytes:0 RangeMaxBytes:0 GCPolicy:{TTLSeconds:0 ProtectionPolicies:[] IgnoreStrictEnforcement:false} GlobalReads:false NumReplicas:0 NumVoters:0 Constraints:[] VoterConstraints:[] LeasePreferences:[] RangefeedEnabled:false ExcludeDataFromBackup:false}
I260828 16:24:10.795194 1088 13@spanconfig/spanconfigstore/store.go:364  [T1,Vsystem,n1,job=AUTO SPAN CONFIG RECONCILIATION id=1205416266018422785] 202  changing the spanconfig for span:/Table/1{3-4} from:{RangeMinBytes:134217728 RangeMaxBytes:536870912 GCPolicy:{TTLSeconds:14400 ProtectionPolicies:[] IgnoreStrictEnforcement:true} GlobalReads:false NumReplicas:5 NumVoters:0 Constraints:[] VoterConstraints:[] LeasePreferences:[] RangefeedEnabled:true ExcludeDataFromBackup:false} to:{RangeMinBytes:0 RangeMaxBytes:0 GCPolicy:{TTLSeconds:0 ProtectionPolicies:[] IgnoreStrictEnforcement:false} GlobalReads:false NumReplicas:0 NumVoters:0 Constraints:[] VoterConstraints:[] LeasePreferences:[] RangefeedEnabled:false ExcludeDataFromBackup:false}
I260828 16:24:10.795249 1088 13@spanconfig/spanconfigstore/store.go:364  [T1,Vsystem,n1,job=AUTO SPAN CONFIG RECONCILIATION id=1205416266018422785] 203  changing the spanconfig for span:/Table/1{4-5} from:{RangeMinBytes:134217728 RangeMaxBytes:536870912 GCPolicy:{TTLSeconds:14400 ProtectionPolicies:[] IgnoreStrictEnforcement:true} GlobalReads:false NumReplicas:5 NumVoters:0 Constraints:[] VoterConstraints:[] LeasePreferences:[] RangefeedEnabled:true ExcludeDataFromBackup:false} to:{RangeMinBytes:0 RangeMaxBytes:0 GCPolicy:{TTLSeconds:0 ProtectionPolicies:[] IgnoreStrictEnforcement:false} GlobalReads:false NumReplicas:0 NumVoters:0 Constraints:[] VoterConstraints:[] LeasePreferences:[] RangefeedEnabled:false ExcludeDataFromBackup:false}
I260828 16:24:10.795306 1088 13@spanconfig/spanconfigstore/store.go:364  [T1,Vsystem,n1,job=AUTO SPAN CONFIG RECONCILIATION id=1205416266018422785] 204  changing the spanconfig for span:/Table/1{5-6} from:{RangeMinBytes:134217728 RangeMaxBytes:536870912 GCPolicy:{TTLSeconds:14400 ProtectionPolicies:[] IgnoreStrictEnforcement:true} GlobalReads:false NumReplicas:5 NumVoters:0 Constraints:[] VoterConstraints:[] LeasePreferences:[] RangefeedEnabled:true ExcludeDataFromBackup:false} to:{RangeMinBytes:0 RangeMaxBytes:0 GCPolicy:{TTLSeconds:0 ProtectionPolicies:[] IgnoreStrictEnforcement:false} GlobalReads:false NumReplicas:0 NumVoters:0 Constraints:[] VoterConstraints:[] LeasePreferences:[] RangefeedEnabled:false ExcludeDataFromBackup:false}
I260828 16:24:10.795358 1088 13@spanconfig/spanconfigstore/store.go:364  [T1,Vsystem,n1,job=AUTO SPAN CONFIG RECONCILIATION id=1205416266018422785] 205  changing the spanconfig for span:/Table/{19-20} from:{RangeMinBytes:134217728 RangeMaxBytes:536870912 GCPolicy:{TTLSeconds:14400 ProtectionPolicies:[] IgnoreStrictEnforcement:true} GlobalReads:false NumReplicas:5 NumVoters:0 Constraints:[] VoterConstraints:[] LeasePreferences:[] RangefeedEnabled:true ExcludeDataFromBackup:false} to:{RangeMinBytes:0 RangeMaxBytes:0 GCPolicy:{TTLSeconds:0 ProtectionPolicies:[] IgnoreStrictEnforcement:false} GlobalReads:false NumReplicas:0 NumVoters:0 Constraints:[] VoterConstraints:[] LeasePreferences:[] RangefeedEnabled:false ExcludeDataFromBackup:false}
I260828 16:24:10.795434 1088 13@spanconfig/spanconfigstore/store.go:364  [T1,Vsystem,n1,job=AUTO SPAN CONFIG RECONCILIATION id=1205416266018422785] 206  changing the spanconfig for span:/Table/2{0-1} from:{RangeMinBytes:134217728 RangeMaxBytes:536870912 GCPolicy:{TTLSeconds:14400 ProtectionPolicies:[] IgnoreStrictEnforcement:true} GlobalReads:false NumReplicas:5 NumVoters:0 Constraints:[] VoterConstraints:[] LeasePreferences:[] RangefeedEnabled:true ExcludeDataFromBackup:false} to:{RangeMinBytes:0 RangeMaxBytes:0 GCPolicy:{TTLSeconds:0 ProtectionPolicies:[] IgnoreStrictEnforcement:false} GlobalReads:false NumReplicas:0 NumVoters:0 Constraints:[] VoterConstraints:[] LeasePreferences:[] RangefeedEnabled:false ExcludeDataFromBackup:false}
I260828 16:24:10.795497 1088 13@spanconfig/spanconfigstore/store.go:364  [T1,Vsystem,n1,job=AUTO SPAN CONFIG RECONCILIATION id=1205416266018422785] 207  changing the spanconfig for span:/Table/2{1-2} from:{RangeMinBytes:134217728 RangeMaxBytes:536870912 GCPolicy:{TTLSeconds:14400 ProtectionPolicies:[] IgnoreStrictEnforcement:true} GlobalReads:false NumReplicas:5 NumVoters:0 Constraints:[] VoterConstraints:[] LeasePreferences:[] RangefeedEnabled:true ExcludeDataFromBackup:false} to:{RangeMinBytes:0 RangeMaxBytes:0 GCPolicy:{TTLSeconds:0 ProtectionPolicies:[] IgnoreStrictEnforcement:false} GlobalReads:false NumReplicas:0 NumVoters:0 Constraints:[] VoterConstraints:[] LeasePreferences:[] RangefeedEnabled:false ExcludeDataFromBackup:false}
I260828 16:24:10.795556 1088 13@spanconfig/spanconfigstore/store.go:364  [T1,Vsystem,n1,job=AUTO SPAN CONFIG RECONCILIATION id=1205416266018422785] 208  changing the spanconfig for span:/Table/2{3-4} from:{RangeMinBytes:134217728 RangeMaxBytes:536870912 GCPolicy:{TTLSeconds:14400 ProtectionPolicies:[] IgnoreStrictEnforcement:true} GlobalReads:false NumReplicas:5 NumVoters:0 Constraints:[] VoterConstraints:[] LeasePreferences:[] RangefeedEnabled:true ExcludeDataFromBackup:false} to:{RangeMinBytes:0 RangeMaxBytes:0 GCPolicy:{TTLSeconds:0 ProtectionPolicies:[] IgnoreStrictEnforcement:false} GlobalReads:false NumReplicas:0 NumVoters:0 Constraints:[] VoterConstraints:[] LeasePreferences:[] RangefeedEnabled:false ExcludeDataFromBackup:false}
I260828 16:24:10.795611 1088 13@spanconfig/spanconfigstore/store.go:364  [T1,Vsystem,n1,job=AUTO SPAN CONFIG RECONCILIATION id=1205416266018422785] 209  changing the spanconfig for span:/Table/2{4-5} from:{RangeMinBytes:134217728 RangeMaxBytes:536870912 GCPolicy:{TTLSeconds:14400 ProtectionPolicies:[] IgnoreStrictEnforcement:true} GlobalReads:false NumReplicas:5 NumVoters:0 Constraints:[] VoterConstraints:[] LeasePreferences:[] RangefeedEnabled:true ExcludeDataFromBackup:false} to:{RangeMinBytes:0 RangeMaxBytes:0 GCPolicy:{TTLSeconds:0 ProtectionPolicies:[] IgnoreStrictEnforcement:false} GlobalReads:false NumReplicas:0 NumVoters:0 Constraints:[] VoterConstraints:[] LeasePreferences:[] RangefeedEnabled:false ExcludeDataFromBackup:false}
I260828 16:24:10.795648 1088 13@spanconfig/spanconfigstore/store.go:364  [T1,Vsystem,n1,job=AUTO SPAN CONFIG RECONCILIATION id=1205416266018422785] 210  changing the spanconfig for span:/Table/2{5-6} from:{RangeMinBytes:134217728 RangeMaxBytes:536870912 GCPolicy:{TTLSeconds:600 ProtectionPolicies:[] IgnoreStrictEnforcement:true} GlobalReads:false NumReplicas:5 NumVoters:0 Constraints:[] VoterConstraints:[] LeasePreferences:[] RangefeedEnabled:true ExcludeDataFromBackup:true} to:{RangeMinBytes:0 RangeMaxBytes:0 GCPolicy:{TTLSeconds:0 ProtectionPolicies:[] IgnoreStrictEnforcement:false} GlobalReads:false NumReplicas:0 NumVoters:0 Constraints:[] VoterConstraints:[] LeasePreferences:[] RangefeedEnabled:false ExcludeDataFromBackup:false}
I260828 16:24:10.795710 1088 13@spanconfig/spanconfigstore/store.go:364  [T1,Vsystem,n1,job=AUTO SPAN CONFIG RECONCILIATION id=1205416266018422785] 211  changing the spanconfig for span:/Table/2{6-7} from:{RangeMinBytes:134217728 RangeMaxBytes:536870912 GCPolicy:{TTLSeconds:14400 ProtectionPolicies:[] IgnoreStrictEnforcement:true} GlobalReads:false NumReplicas:5 NumVoters:0 Constraints:[] VoterConstraints:[] LeasePreferences:[] RangefeedEnabled:true ExcludeDataFromBackup:false} to:{RangeMinBytes:0 RangeMaxBytes:0 GCPolicy:{TTLSeconds:0 ProtectionPolicies:[] IgnoreStrictEnforcement:false} GlobalReads:false NumReplicas:0 NumVoters:0 Constraints:[] VoterConstraints:[] LeasePreferences:[] RangefeedEnabled:false ExcludeDataFromBackup:false}
I260828 16:24:10.795761 1088 13@spanconfig/spanconfigstore/store.go:364  [T1,Vsystem,n1,job=AUTO SPAN CONFIG RECONCILIATION id=1205416266018422785] 212  changing the spanconfig for span:/Table/2{7-8} from:{RangeMinBytes:134217728 RangeMaxBytes:536870912 GCPolicy:{TTLSeconds:600 ProtectionPolicies:[] IgnoreStrictEnforcement:true} GlobalReads:false NumReplicas:5 NumVoters:0 Constraints:[] VoterConstraints:[] LeasePreferences:[] RangefeedEnabled:true ExcludeDataFromBackup:true} to:{RangeMinBytes:0 RangeMaxBytes:0 GCPolicy:{TTLSeconds:0 ProtectionPolicies:[] IgnoreStrictEnforcement:false} GlobalReads:false NumReplicas:0 NumVoters:0 Constraints:[] VoterConstraints:[] LeasePreferences:[] RangefeedEnabled:false ExcludeDataFromBackup:false}
I260828 16:24:10.795818 1088 13@spanconfig/spanconfigstore/store.go:364  [T1,Vsystem,n1,job=AUTO SPAN CONFIG RECONCILIATION id=1205416266018422785] 213  changing the spanconfig for span:/Table/2{8-9} from:{RangeMinBytes:134217728 RangeMaxBytes:536870912 GCPolicy:{TTLSeconds:14400 ProtectionPolicies:[] IgnoreStrictEnforcement:true} GlobalReads:false NumReplicas:5 NumVoters:0 Constraints:[] VoterConstraints:[] LeasePreferences:[] RangefeedEnabled:true ExcludeDataFromBackup:false} to:{RangeMinBytes:0 RangeMaxBytes:0 GCPolicy:{TTLSeconds:0 ProtectionPolicies:[] IgnoreStrictEnforcement:false} GlobalReads:false NumReplicas:0 NumVoters:0 Constraints:[] VoterConstraints:[] LeasePreferences:[] RangefeedEnabled:false ExcludeDataFromBackup:false}
I260828 16:24:10.795891 1088 13@spanconfig/spanconfigstore/store.go:364  [T1,Vsystem,n1,job=AUTO SPAN CONFIG RECONCILIATION id=1205416266018422785] 214  changing the spanconfig for span:/NamespaceTable/{30-Max} from:{RangeMinBytes:134217728 RangeMaxBytes:536870912 GCPolicy:{TTLSeconds:14400 ProtectionPolicies:[] IgnoreStrictEnforcement:true} GlobalReads:false NumReplicas:5 NumVoters:0 Constraints:[] VoterConstraints:[] LeasePreferences:[] RangefeedEnabled:true ExcludeDataFromBackup:false} to:{RangeMinBytes:0 RangeMaxBytes:0 GCPolicy:{TTLSeconds:0 ProtectionPolicies:[] IgnoreStrictEnforcement:false} GlobalReads:false NumReplicas:0 NumVoters:0 Constraints:[] VoterConstraints:[] LeasePreferences:[] RangefeedEnabled:false ExcludeDataFromBackup:false}
I260828 16:24:10.795985 1088 13@spanconfig/spanconfigstore/store.go:364  [T1,Vsystem,n1,job=AUTO SPAN CONFIG RECONCILIATION id=1205416266018422785] 215  changing the spanconfig for span:/{NamespaceTable/Max-Table/32} from:{RangeMinBytes:134217728 RangeMaxBytes:536870912 GCPolicy:{TTLSeconds:14400 ProtectionPolicies:[] IgnoreStrictEnforcement:true} GlobalReads:false NumReplicas:5 NumVoters:0 Constraints:[] VoterConstraints:[] LeasePreferences:[] RangefeedEnabled:true ExcludeDataFromBackup:false} to:{RangeMinBytes:0 RangeMaxBytes:0 GCPolicy:{TTLSeconds:0 ProtectionPolicies:[] IgnoreStrictEnforcement:false} GlobalReads:false NumReplicas:0 NumVoters:0 Constraints:[] VoterConstraints:[] LeasePreferences:[] RangefeedEnabled:false ExcludeDataFromBackup:false}
I260828 16:24:10.796064 1088 13@spanconfig/spanconfigstore/store.go:364  [T1,Vsystem,n1,job=AUTO SPAN CONFIG RECONCILIATION id=1205416266018422785] 216  changing the spanconfig for span:/Table/3{2-3} from:{RangeMinBytes:134217728 RangeMaxBytes:536870912 GCPolicy:{TTLSeconds:14400 ProtectionPolicies:[] IgnoreStrictEnforcement:true} GlobalReads:false NumReplicas:5 NumVoters:0 Constraints:[] VoterConstraints:[] LeasePreferences:[] RangefeedEnabled:true ExcludeDataFromBackup:false} to:{RangeMinBytes:0 RangeMaxBytes:0 GCPolicy:{TTLSeconds:0 ProtectionPolicies:[] IgnoreStrictEnforcement:false} GlobalReads:false NumReplicas:0 NumVoters:0 Constraints:[] VoterConstraints:[] LeasePreferences:[] RangefeedEnabled:false ExcludeDataFromBackup:false}
I260828 16:24:10.796117 1088 13@spanconfig/spanconfigstore/store.go:364  [T1,Vsystem,n1,job=AUTO SPAN CONFIG RECONCILIATION id=1205416266018422785] 217  changing the spanconfig for span:/Table/3{3-4} from:{RangeMinBytes:134217728 RangeMaxBytes:536870912 GCPolicy:{TTLSeconds:14400 ProtectionPolicies:[] IgnoreStrictEnforcement:true} GlobalReads:false NumReplicas:5 NumVoters:0 Constraints:[] VoterConstraints:[] LeasePreferences:[] RangefeedEnabled:true ExcludeDataFromBackup:false} to:{RangeMinBytes:0 RangeMaxBytes:0 GCPolicy:{TTLSeconds:0 ProtectionPolicies:[] IgnoreStrictEnforcement:false} GlobalReads:false NumReplicas:0 NumVoters:0 Constraints:[] VoterConstraints:[] LeasePreferences:[] RangefeedEnabled:false ExcludeDataFromBackup:false}
I260828 16:24:10.796153 1088 13@spanconfig/spanconfigstore/store.go:364  [T1,Vsystem,n1,job=AUTO SPAN CONFIG RECONCILIATION id=1205416266018422785] 218  changing the spanconfig for span:/Table/3{4-5} from:{RangeMinBytes:134217728 RangeMaxBytes:536870912 GCPolicy:{TTLSeconds:14400 ProtectionPolicies:[] IgnoreStrictEnforcement:true} GlobalReads:false NumReplicas:5 NumVoters:0 Constraints:[] VoterConstraints:[] LeasePreferences:[] RangefeedEnabled:true ExcludeDataFromBackup:false} to:{RangeMinBytes:0 RangeMaxBytes:0 GCPolicy:{TTLSeconds:0 ProtectionPolicies:[] IgnoreStrictEnforcement:false} GlobalReads:false NumReplicas:0 NumVoters:0 Constraints:[] VoterConstraints:[] LeasePreferences:[] RangefeedEnabled:false ExcludeDataFromBackup:false}
I260828 16:24:10.796188 1088 13@spanconfig/spanconfigstore/store.go:364  [T1,Vsystem,n1,job=AUTO SPAN CONFIG RECONCILIATION id=1205416266018422785] 219  changing the spanconfig for span:/Table/3{5-6} from:{RangeMinBytes:134217728 RangeMaxBytes:536870912 GCPolicy:{TTLSeconds:14400 ProtectionPolicies:[] IgnoreStrictEnforcement:true} GlobalReads:false NumReplicas:5 NumVoters:0 Constraints:[] VoterConstraints:[] LeasePreferences:[] RangefeedEnabled:true ExcludeDataFromBackup:false} to:{RangeMinBytes:0 RangeMaxBytes:0 GCPolicy:{TTLSeconds:0 ProtectionPolicies:[] IgnoreStrictEnforcement:false} GlobalReads:false NumReplicas:0 NumVoters:0 Constraints:[] VoterConstraints:[] LeasePreferences:[] RangefeedEnabled:false ExcludeDataFromBackup:false}
I260828 16:24:10.796248 1088 13@spanconfig/spanconfigstore/store.go:364  [T1,Vsystem,n1,job=AUTO SPAN CONFIG RECONCILIATION id=1205416266018422785] 220  changing the spanconfig for span:/Table/3{6-7} from:{RangeMinBytes:134217728 RangeMaxBytes:536870912 GCPolicy:{TTLSeconds:14400 ProtectionPolicies:[] IgnoreStrictEnforcement:true} GlobalReads:false NumReplicas:5 NumVoters:0 Constraints:[] VoterConstraints:[] LeasePreferences:[] RangefeedEnabled:true ExcludeDataFromBackup:false} to:{RangeMinBytes:0 RangeMaxBytes:0 GCPolicy:{TTLSeconds:0 ProtectionPolicies:[] IgnoreStrictEnforcement:false} GlobalReads:false NumReplicas:0 NumVoters:0 Constraints:[] VoterConstraints:[] LeasePreferences:[] RangefeedEnabled:false ExcludeDataFromBackup:false}
I260828 16:24:10.796285 1088 13@spanconfig/spanconfigstore/store.go:364  [T1,Vsystem,n1,job=AUTO SPAN CONFIG RECONCILIATION id=1205416266018422785] 221  changing the spanconfig for span:/Table/3{7-8} from:{RangeMinBytes:134217728 RangeMaxBytes:536870912 GCPolicy:{TTLSeconds:14400 ProtectionPolicies:[] IgnoreStrictEnforcement:true} GlobalReads:false NumReplicas:5 NumVoters:0 Constraints:[] VoterConstraints:[] LeasePreferences:[] RangefeedEnabled:true ExcludeDataFromBackup:false} to:{RangeMinBytes:0 RangeMaxBytes:0 GCPolicy:{TTLSeconds:0 ProtectionPolicies:[] IgnoreStrictEnforcement:false} GlobalReads:false NumReplicas:0 NumVoters:0 Constraints:[] VoterConstraints:[] LeasePreferences:[] RangefeedEnabled:false ExcludeDataFromBackup:false}
I260828 16:24:10.796320 1088 13@spanconfig/spanconfigstore/store.go:364  [T1,Vsystem,n1,job=AUTO SPAN CONFIG RECONCILIATION id=1205416266018422785] 222  changing the spanconfig for span:/Table/{39-40} from:{RangeMinBytes:134217728 RangeMaxBytes:536870912 GCPolicy:{TTLSeconds:14400 ProtectionPolicies:[] IgnoreStrictEnforcement:true} GlobalReads:false NumReplicas:5 NumVoters:0 Constraints:[] VoterConstraints:[] LeasePreferences:[] RangefeedEnabled:true ExcludeDataFromBackup:false} to:{RangeMinBytes:0 RangeMaxBytes:0 GCPolicy:{TTLSeconds:0 ProtectionPolicies:[] IgnoreStrictEnforcement:false} GlobalReads:false NumReplicas:0 NumVoters:0 Constraints:[] VoterConstraints:[] LeasePreferences:[] RangefeedEnabled:false ExcludeDataFromBackup:false}
I260828 16:24:10.796359 1088 13@spanconfig/spanconfigstore/store.go:364  [T1,Vsystem,n1,job=AUTO SPAN CONFIG RECONCILIATION id=1205416266018422785] 223  changing the spanconfig for span:/Table/4{0-1} from:{RangeMinBytes:134217728 RangeMaxBytes:536870912 GCPolicy:{TTLSeconds:14400 ProtectionPolicies:[] IgnoreStrictEnforcement:true} GlobalReads:false NumReplicas:5 NumVoters:0 Constraints:[] VoterConstraints:[] LeasePreferences:[] RangefeedEnabled:true ExcludeDataFromBackup:false} to:{RangeMinBytes:0 RangeMaxBytes:0 GCPolicy:{TTLSeconds:0 ProtectionPolicies:[] IgnoreStrictEnforcement:false} GlobalReads:false NumReplicas:0 NumVoters:0 Constraints:[] VoterConstraints:[] LeasePreferences:[] RangefeedEnabled:false ExcludeDataFromBackup:false}
I260828 16:24:10.796413 1088 13@spanconfig/spanconfigstore/store.go:364  [T1,Vsystem,n1,job=AUTO SPAN CONFIG RECONCILIATION id=1205416266018422785] 224  changing the spanconfig for span:/Table/4{1-2} from:{RangeMinBytes:134217728 RangeMaxBytes:536870912 GCPolicy:{TTLSeconds:14400 ProtectionPolicies:[] IgnoreStrictEnforcement:true} GlobalReads:false NumReplicas:5 NumVoters:0 Constraints:[] VoterConstraints:[] LeasePreferences:[] RangefeedEnabled:true ExcludeDataFromBackup:false} to:{RangeMinBytes:0 RangeMaxBytes:0 GCPolicy:{TTLSeconds:0 ProtectionPolicies:[] IgnoreStrictEnforcement:false} GlobalReads:false NumReplicas:0 NumVoters:0 Constraints:[] VoterConstraints:[] LeasePreferences:[] RangefeedEnabled:false ExcludeDataFromBackup:false}
I260828 16:24:10.796454 1088 13@spanconfig/spanconfigstore/store.go:364  [T1,Vsystem,n1,job=AUTO SPAN CONFIG RECONCILIATION id=1205416266018422785] 225  changing the spanconfig for span:/Table/4{2-3} from:{RangeMinBytes:134217728 RangeMaxBytes:536870912 GCPolicy:{TTLSeconds:14400 ProtectionPolicies:[] IgnoreStrictEnforcement:true} GlobalReads:false NumReplicas:5 NumVoters:0 Constraints:[] VoterConstraints:[] LeasePreferences:[] RangefeedEnabled:true ExcludeDataFromBackup:false} to:{RangeMinBytes:0 RangeMaxBytes:0 GCPolicy:{TTLSeconds:0 ProtectionPolicies:[] IgnoreStrictEnforcement:false} GlobalReads:false NumReplicas:0 NumVoters:0 Constraints:[] VoterConstraints:[] LeasePreferences:[] RangefeedEnabled:false ExcludeDataFromBackup:false}
I260828 16:24:10.796493 1088 13@spanconfig/spanconfigstore/store.go:364  [T1,Vsystem,n1,job=AUTO SPAN CONFIG RECONCILIATION id=1205416266018422785] 226  changing the spanconfig for span:/Table/4{3-4} from:{RangeMinBytes:134217728 RangeMaxBytes:536870912 GCPolicy:{TTLSeconds:14400 ProtectionPolicies:[] IgnoreStrictEnforcement:true} GlobalReads:false NumReplicas:5 NumVoters:0 Constraints:[] VoterConstraints:[] LeasePreferences:[] RangefeedEnabled:true ExcludeDataFromBackup:false} to:{RangeMinBytes:0 RangeMaxBytes:0 GCPolicy:{TTLSeconds:0 ProtectionPolicies:[] IgnoreStrictEnforcement:false} GlobalReads:false NumReplicas:0 NumVoters:0 Constraints:[] VoterConstraints:[] LeasePreferences:[] RangefeedEnabled:false ExcludeDataFromBackup:false}
I260828 16:24:10.796534 1088 13@spanconfig/spanconfigstore/store.go:364  [T1,Vsystem,n1,job=AUTO SPAN CONFIG RECONCILIATION id=1205416266018422785] 227  changing the spanconfig for span:/Table/4{4-5} from:{RangeMinBytes:134217728 RangeMaxBytes:536870912 GCPolicy:{TTLSeconds:14400 ProtectionPolicies:[] IgnoreStrictEnforcement:true} GlobalReads:false NumReplicas:5 NumVoters:0 Constraints:[] VoterConstraints:[] LeasePreferences:[] RangefeedEnabled:true ExcludeDataFromBackup:false} to:{RangeMinBytes:0 RangeMaxBytes:0 GCPolicy:{TTLSeconds:0 ProtectionPolicies:[] IgnoreStrictEnforcement:false} GlobalReads:false NumReplicas:0 NumVoters:0 Constraints:[] VoterConstraints:[] LeasePreferences:[] RangefeedEnabled:false ExcludeDataFromBackup:false}
I260828 16:24:10.796574 1088 13@spanconfig/spanconfigstore/store.go:364  [T1,Vsystem,n1,job=AUTO SPAN CONFIG RECONCILIATION id=1205416266018422785] 228  changing the spanconfig for span:/Table/4{5-6} from:{RangeMinBytes:134217728 RangeMaxBytes:536870912 GCPolicy:{TTLSeconds:7200 ProtectionPolicies:[] IgnoreStrictEnforcement:true} GlobalReads:false NumReplicas:5 NumVoters:0 Constraints:[] VoterConstraints:[] LeasePreferences:[] RangefeedEnabled:true ExcludeDataFromBackup:true} to:{RangeMinBytes:0 RangeMaxBytes:0 GCPolicy:{TTLSeconds:0 ProtectionPolicies:[] IgnoreStrictEnforcement:false} GlobalReads:false NumReplicas:0 NumVoters:0 Constraints:[] VoterConstraints:[] LeasePreferences:[] RangefeedEnabled:false ExcludeDataFromBackup:false}
I260828 16:24:10.796617 1088 13@spanconfig/spanconfigstore/store.go:364  [T1,Vsystem,n1,job=AUTO SPAN CONFIG RECONCILIATION id=1205416266018422785] 229  changing the spanconfig for span:/Table/4{6-7} from:{RangeMinBytes:134217728 RangeMaxBytes:536870912 GCPolicy:{TTLSeconds:14400 ProtectionPolicies:[] IgnoreStrictEnforcement:true} GlobalReads:false NumReplicas:5 NumVoters:0 Constraints:[] VoterConstraints:[] LeasePreferences:[] RangefeedEnabled:true ExcludeDataFromBackup:false} to:{RangeMinBytes:0 RangeMaxBytes:0 GCPolicy:{TTLSeconds:0 ProtectionPolicies:[] IgnoreStrictEnforcement:false} GlobalReads:false NumReplicas:0 NumVoters:0 Constraints:[] VoterConstraints:[] LeasePreferences:[] RangefeedEnabled:false ExcludeDataFromBackup:false}
I260828 16:24:10.796658 1088 13@spanconfig/spanconfigstore/store.go:364  [T1,Vsystem,n1,job=AUTO SPAN CONFIG RECONCILIATION id=1205416266018422785] 230  changing the spanconfig for span:/Table/4{7-8} from:{RangeMinBytes:134217728 RangeMaxBytes:536870912 GCPolicy:{TTLSeconds:14400 ProtectionPolicies:[] IgnoreStrictEnforcement:true} GlobalReads:false NumReplicas:5 NumVoters:0 Constraints:[] VoterConstraints:[] LeasePreferences:[] RangefeedEnabled:true ExcludeDataFromBackup:true} to:{RangeMinBytes:0 RangeMaxBytes:0 GCPolicy:{TTLSeconds:0 ProtectionPolicies:[] IgnoreStrictEnforcement:false} GlobalReads:false NumReplicas:0 NumVoters:0 Constraints:[] VoterConstraints:[] LeasePreferences:[] RangefeedEnabled:false ExcludeDataFromBackup:false}
I260828 16:24:10.796698 1088 13@spanconfig/spanconfigstore/store.go:364  [T1,Vsystem,n1,job=AUTO SPAN CONFIG RECONCILIATION id=1205416266018422785] 231  changing the spanconfig for span:/Table/4{8-9} from:{RangeMinBytes:134217728 RangeMaxBytes:536870912 GCPolicy:{TTLSeconds:14400 ProtectionPolicies:[] IgnoreStrictEnforcement:true} GlobalReads:false NumReplicas:5 NumVoters:0 Constraints:[] VoterConstraints:[] LeasePreferences:[] RangefeedEnabled:true ExcludeDataFromBackup:false} to:{RangeMinBytes:0 RangeMaxBytes:0 GCPolicy:{TTLSeconds:0 ProtectionPolicies:[] IgnoreStrictEnforcement:false} GlobalReads:false NumReplicas:0 NumVoters:0 Constraints:[] VoterConstraints:[] LeasePreferences:[] RangefeedEnabled:false ExcludeDataFromBackup:false}
I260828 16:24:10.796740 1088 13@spanconfig/spanconfigstore/store.go:364  [T1,Vsystem,n1,job=AUTO SPAN CONFIG RECONCILIATION id=1205416266018422785] 232  changing the spanconfig for span:/Table/5{0-1} from:{RangeMinBytes:134217728 RangeMaxBytes:536870912 GCPolicy:{TTLSeconds:14400 ProtectionPolicies:[] IgnoreStrictEnforcement:true} GlobalReads:false NumReplicas:5 NumVoters:0 Constraints:[] VoterConstraints:[] LeasePreferences:[] RangefeedEnabled:true ExcludeDataFromBackup:false} to:{RangeMinBytes:0 RangeMaxBytes:0 GCPolicy:{TTLSeconds:0 ProtectionPolicies:[] IgnoreStrictEnforcement:false} GlobalReads:false NumReplicas:0 NumVoters:0 Constraints:[] VoterConstraints:[] LeasePreferences:[] RangefeedEnabled:false ExcludeDataFromBackup:false}
I260828 16:24:10.796780 1088 13@spanconfig/spanconfigstore/store.go:364  [T1,Vsystem,n1,job=AUTO SPAN CONFIG RECONCILIATION id=1205416266018422785] 233  changing the spanconfig for span:/Table/5{1-2} from:{RangeMinBytes:134217728 RangeMaxBytes:536870912 GCPolicy:{TTLSeconds:14400 ProtectionPolicies:[] IgnoreStrictEnforcement:true} GlobalReads:false NumReplicas:5 NumVoters:0 Constraints:[] VoterConstraints:[] LeasePreferences:[] RangefeedEnabled:true ExcludeDataFromBackup:false} to:{RangeMinBytes:0 RangeMaxBytes:0 GCPolicy:{TTLSeconds:0 ProtectionPolicies:[] IgnoreStrictEnforcement:false} GlobalReads:false NumReplicas:0 NumVoters:0 Constraints:[] VoterConstraints:[] LeasePreferences:[] RangefeedEnabled:false ExcludeDataFromBackup:false}
I260828 16:24:10.796821 1088 13@spanconfig/spanconfigstore/store.go:364  [T1,Vsystem,n1,job=AUTO SPAN CONFIG RECONCILIATION id=1205416266018422785] 234  changing the spanconfig for span:/Table/5{2-3} from:{RangeMinBytes:134217728 RangeMaxBytes:536870912 GCPolicy:{TTLSeconds:14400 ProtectionPolicies:[] IgnoreStrictEnforcement:true} GlobalReads:false NumReplicas:5 NumVoters:0 Constraints:[] VoterConstraints:[] LeasePreferences:[] RangefeedEnabled:true ExcludeDataFromBackup:false} to:{RangeMinBytes:0 RangeMaxBytes:0 GCPolicy:{TTLSeconds:0 ProtectionPolicies:[] IgnoreStrictEnforcement:false} GlobalReads:false NumReplicas:0 NumVoters:0 Constraints:[] VoterConstraints:[] LeasePreferences:[] RangefeedEnabled:false ExcludeDataFromBackup:false}
I260828 16:24:10.796862 1088 13@spanconfig/spanconfigstore/store.go:364  [T1,Vsystem,n1,job=AUTO SPAN CONFIG RECONCILIATION id=1205416266018422785] 235  changing the spanconfig for span:/Table/5{3-4} from:{RangeMinBytes:134217728 RangeMaxBytes:536870912 GCPolicy:{TTLSeconds:14400 ProtectionPolicies:[] IgnoreStrictEnforcement:true} GlobalReads:false NumReplicas:5 NumVoters:0 Constraints:[] VoterConstraints:[] LeasePreferences:[] RangefeedEnabled:true ExcludeDataFromBackup:false} to:{RangeMinBytes:0 RangeMaxBytes:0 GCPolicy:{TTLSeconds:0 ProtectionPolicies:[] IgnoreStrictEnforcement:false} GlobalReads:false NumReplicas:0 NumVoters:0 Constraints:[] VoterConstraints:[] LeasePreferences:[] RangefeedEnabled:false ExcludeDataFromBackup:false}
I260828 16:24:10.796903 1088 13@spanconfig/spanconfigstore/store.go:364  [T1,Vsystem,n1,job=AUTO SPAN CONFIG RECONCILIATION id=1205416266018422785] 236  changing the spanconfig for span:/Table/5{4-5} from:{RangeMinBytes:134217728 RangeMaxBytes:536870912 GCPolicy:{TTLSeconds:14400 ProtectionPolicies:[] IgnoreStrictEnforcement:true} GlobalReads:false NumReplicas:5 NumVoters:0 Constraints:[] VoterConstraints:[] LeasePreferences:[] RangefeedEnabled:true ExcludeDataFromBackup:false} to:{RangeMinBytes:0 RangeMaxBytes:0 GCPolicy:{TTLSeconds:0 ProtectionPolicies:[] IgnoreStrictEnforcement:false} GlobalReads:false NumReplicas:0 NumVoters:0 Constraints:[] VoterConstraints:[] LeasePreferences:[] RangefeedEnabled:false ExcludeDataFromBackup:false}
I260828 16:24:10.796945 1088 13@spanconfig/spanconfigstore/store.go:364  [T1,Vsystem,n1,job=AUTO SPAN CONFIG RECONCILIATION id=1205416266018422785] 237  changing the spanconfig for span:/Table/5{5-6} from:{RangeMinBytes:134217728 RangeMaxBytes:536870912 GCPolicy:{TTLSeconds:14400 ProtectionPolicies:[] IgnoreStrictEnforcement:true} GlobalReads:false NumReplicas:5 NumVoters:0 Constraints:[] VoterConstraints:[] LeasePreferences:[] RangefeedEnabled:true ExcludeDataFromBackup:false} to:{RangeMinBytes:0 RangeMaxBytes:0 GCPolicy:{TTLSeconds:0 ProtectionPolicies:[] IgnoreStrictEnforcement:false} GlobalReads:false NumReplicas:0 NumVoters:0 Constraints:[] VoterConstraints:[] LeasePreferences:[] RangefeedEnabled:false ExcludeDataFromBackup:false}
I260828 16:24:10.796986 1088 13@spanconfig/spanconfigstore/store.go:364  [T1,Vsystem,n1,job=AUTO SPAN CONFIG RECONCILIATION id=1205416266018422785] 238  changing the spanconfig for span:/Table/5{6-7} from:{RangeMinBytes:134217728 RangeMaxBytes:536870912 GCPolicy:{TTLSeconds:14400 ProtectionPolicies:[] IgnoreStrictEnforcement:true} GlobalReads:false NumReplicas:5 NumVoters:0 Constraints:[] VoterConstraints:[] LeasePreferences:[] RangefeedEnabled:true ExcludeDataFromBackup:false} to:{RangeMinBytes:0 RangeMaxBytes:0 GCPolicy:{TTLSeconds:0 ProtectionPolicies:[] IgnoreStrictEnforcement:false} GlobalReads:false NumReplicas:0 NumVoters:0 Constraints:[] VoterConstraints:[] LeasePreferences:[] RangefeedEnabled:false ExcludeDataFromBackup:false}
I260828 16:24:10.797027 1088 13@spanconfig/spanconfigstore/store.go:364  [T1,Vsystem,n1,job=AUTO SPAN CONFIG RECONCILIATION id=1205416266018422785] 239  changing the spanconfig for span:/Table/5{7-8} from:{RangeMinBytes:134217728 RangeMaxBytes:536870912 GCPolicy:{TTLSeconds:14400 ProtectionPolicies:[] IgnoreStrictEnforcement:true} GlobalReads:false NumReplicas:5 NumVoters:0 Constraints:[] VoterConstraints:[] LeasePreferences:[] RangefeedEnabled:true ExcludeDataFromBackup:false} to:{RangeMinBytes:0 RangeMaxBytes:0 GCPolicy:{TTLSeconds:0 ProtectionPolicies:[] IgnoreStrictEnforcement:false} GlobalReads:false NumReplicas:0 NumVoters:0 Constraints:[] VoterConstraints:[] LeasePreferences:[] RangefeedEnabled:false ExcludeDataFromBackup:false}
I260828 16:24:10.797066 1088 13@spanconfig/spanconfigstore/store.go:364  [T1,Vsystem,n1,job=AUTO SPAN CONFIG RECONCILIATION id=1205416266018422785] 240  changing the spanconfig for span:/Table/5{8-9} from:{RangeMinBytes:134217728 RangeMaxBytes:536870912 GCPolicy:{TTLSeconds:3600 ProtectionPolicies:[] IgnoreStrictEnforcement:true} GlobalReads:false NumReplicas:5 NumVoters:0 Constraints:[] VoterConstraints:[] LeasePreferences:[] RangefeedEnabled:true ExcludeDataFromBackup:false} to:{RangeMinBytes:0 RangeMaxBytes:0 GCPolicy:{TTLSeconds:0 ProtectionPolicies:[] IgnoreStrictEnforcement:false} GlobalReads:false NumReplicas:0 NumVoters:0 Constraints:[] VoterConstraints:[] LeasePreferences:[] RangefeedEnabled:false ExcludeDataFromBackup:false}
I260828 16:24:10.797107 1088 13@spanconfig/spanconfigstore/store.go:364  [T1,Vsystem,n1,job=AUTO SPAN CONFIG RECONCILIATION id=1205416266018422785] 241  changing the spanconfig for span:/Table/{59-60} from:{RangeMinBytes:134217728 RangeMaxBytes:536870912 GCPolicy:{TTLSeconds:14400 ProtectionPolicies:[] IgnoreStrictEnforcement:true} GlobalReads:false NumReplicas:5 NumVoters:0 Constraints:[] VoterConstraints:[] LeasePreferences:[] RangefeedEnabled:true ExcludeDataFromBackup:false} to:{RangeMinBytes:0 RangeMaxBytes:0 GCPolicy:{TTLSeconds:0 ProtectionPolicies:[] IgnoreStrictEnforcement:false} GlobalReads:false NumReplicas:0 NumVoters:0 Constraints:[] VoterConstraints:[] LeasePreferences:[] RangefeedEnabled:false ExcludeDataFromBackup:false}
I260828 16:24:10.797598 1088 13@spanconfig/spanconfigstore/store.go:364  [T1,Vsystem,n1,job=AUTO SPAN CONFIG RECONCILIATION id=1205416266018422785] 242  changing the spanconfig for span:/Table/6{0-1} from:{RangeMinBytes:134217728 RangeMaxBytes:536870912 GCPolicy:{TTLSeconds:14400 ProtectionPolicies:[] IgnoreStrictEnforcement:true} GlobalReads:false NumReplicas:5 NumVoters:0 Constraints:[] VoterConstraints:[] LeasePreferences:[] RangefeedEnabled:true ExcludeDataFromBackup:false} to:{RangeMinBytes:0 RangeMaxBytes:0 GCPolicy:{TTLSeconds:0 ProtectionPolicies:[] IgnoreStrictEnforcement:false} GlobalReads:false NumReplicas:0 NumVoters:0 Constraints:[] VoterConstraints:[] LeasePreferences:[] RangefeedEnabled:false ExcludeDataFromBackup:false}
I260828 16:24:10.797717 1088 13@spanconfig/spanconfigstore/store.go:364  [T1,Vsystem,n1,job=AUTO SPAN CONFIG RECONCILIATION id=1205416266018422785] 243  changing the spanconfig for span:/Table/6{1-2} from:{RangeMinBytes:134217728 RangeMaxBytes:536870912 GCPolicy:{TTLSeconds:14400 ProtectionPolicies:[] IgnoreStrictEnforcement:true} GlobalReads:false NumReplicas:5 NumVoters:0 Constraints:[] VoterConstraints:[] LeasePreferences:[] RangefeedEnabled:true ExcludeDataFromBackup:false} to:{RangeMinBytes:0 RangeMaxBytes:0 GCPolicy:{TTLSeconds:0 ProtectionPolicies:[] IgnoreStrictEnforcement:false} GlobalReads:false NumReplicas:0 NumVoters:0 Constraints:[] VoterConstraints:[] LeasePreferences:[] RangefeedEnabled:false ExcludeDataFromBackup:false}
I260828 16:24:10.797802 1088 13@spanconfig/spanconfigstore/store.go:364  [T1,Vsystem,n1,job=AUTO SPAN CONFIG RECONCILIATION id=1205416266018422785] 244  changing the spanconfig for span:/Table/6{2-3} from:{RangeMinBytes:134217728 RangeMaxBytes:536870912 GCPolicy:{TTLSeconds:14400 ProtectionPolicies:[] IgnoreStrictEnforcement:true} GlobalReads:false NumReplicas:5 NumVoters:0 Constraints:[] VoterConstraints:[] LeasePreferences:[] RangefeedEnabled:true ExcludeDataFromBackup:false} to:{RangeMinBytes:0 RangeMaxBytes:0 GCPolicy:{TTLSeconds:0 ProtectionPolicies:[] IgnoreStrictEnforcement:false} GlobalReads:false NumReplicas:0 NumVoters:0 Constraints:[] VoterConstraints:[] LeasePreferences:[] RangefeedEnabled:false ExcludeDataFromBackup:false}
I260828 16:24:10.797894 1088 13@spanconfig/spanconfigstore/store.go:364  [T1,Vsystem,n1,job=AUTO SPAN CONFIG RECONCILIATION id=1205416266018422785] 245  changing the spanconfig for span:/Table/6{3-4} from:{RangeMinBytes:134217728 RangeMaxBytes:536870912 GCPolicy:{TTLSeconds:14400 ProtectionPolicies:[] IgnoreStrictEnforcement:true} GlobalReads:false NumReplicas:5 NumVoters:0 Constraints:[] VoterConstraints:[] LeasePreferences:[] RangefeedEnabled:true ExcludeDataFromBackup:false} to:{RangeMinBytes:0 RangeMaxBytes:0 GCPolicy:{TTLSeconds:0 ProtectionPolicies:[] IgnoreStrictEnforcement:false} GlobalReads:false NumReplicas:0 NumVoters:0 Constraints:[] VoterConstraints:[] LeasePreferences:[] RangefeedEnabled:false ExcludeDataFromBackup:false}
I260828 16:24:10.797981 1088 13@spanconfig/spanconfigstore/store.go:364  [T1,Vsystem,n1,job=AUTO SPAN CONFIG RECONCILIATION id=1205416266018422785] 246  changing the spanconfig for span:/Table/6{4-5} from:{RangeMinBytes:134217728 RangeMaxBytes:536870912 GCPolicy:{TTLSeconds:14400 ProtectionPolicies:[] IgnoreStrictEnforcement:true} GlobalReads:false NumReplicas:5 NumVoters:0 Constraints:[] VoterConstraints:[] LeasePreferences:[] RangefeedEnabled:true ExcludeDataFromBackup:false} to:{RangeMinBytes:0 RangeMaxBytes:0 GCPolicy:{TTLSeconds:0 ProtectionPolicies:[] IgnoreStrictEnforcement:false} GlobalReads:false NumReplicas:0 NumVoters:0 Constraints:[] VoterConstraints:[] LeasePreferences:[] RangefeedEnabled:false ExcludeDataFromBackup:false}
I260828 16:24:10.798076 1088 13@spanconfig/spanconfigstore/store.go:364  [T1,Vsystem,n1,job=AUTO SPAN CONFIG RECONCILIATION id=1205416266018422785] 247  changing the spanconfig for span:/Table/6{5-6} from:{RangeMinBytes:134217728 RangeMaxBytes:536870912 GCPolicy:{TTLSeconds:14400 ProtectionPolicies:[] IgnoreStrictEnforcement:true} GlobalReads:false NumReplicas:5 NumVoters:0 Constraints:[] VoterConstraints:[] LeasePreferences:[] RangefeedEnabled:true ExcludeDataFromBackup:false} to:{RangeMinBytes:0 RangeMaxBytes:0 GCPolicy:{TTLSeconds:0 ProtectionPolicies:[] IgnoreStrictEnforcement:false} GlobalReads:false NumReplicas:0 NumVoters:0 Constraints:[] VoterConstraints:[] LeasePreferences:[] RangefeedEnabled:false ExcludeDataFromBackup:false}
I260828 16:24:10.798155 1088 13@spanconfig/spanconfigstore/store.go:364  [T1,Vsystem,n1,job=AUTO SPAN CONFIG RECONCILIATION id=1205416266018422785] 248  changing the spanconfig for span:/Table/6{6-7} from:{RangeMinBytes:134217728 RangeMaxBytes:536870912 GCPolicy:{TTLSeconds:14400 ProtectionPolicies:[] IgnoreStrictEnforcement:true} GlobalReads:false NumReplicas:5 NumVoters:0 Constraints:[] VoterConstraints:[] LeasePreferences:[] RangefeedEnabled:true ExcludeDataFromBackup:false} to:{RangeMinBytes:0 RangeMaxBytes:0 GCPolicy:{TTLSeconds:0 ProtectionPolicies:[] IgnoreStrictEnforcement:false} GlobalReads:false NumReplicas:0 NumVoters:0 Constraints:[] VoterConstraints:[] LeasePreferences:[] RangefeedEnabled:false ExcludeDataFromBackup:false}
I260828 16:24:10.798248 1088 13@spanconfig/spanconfigstore/store.go:364  [T1,Vsystem,n1,job=AUTO SPAN CONFIG RECONCILIATION id=1205416266018422785] 249  changing the spanconfig for span:/Table/6{7-8} from:{RangeMinBytes:134217728 RangeMaxBytes:536870912 GCPolicy:{TTLSeconds:14400 ProtectionPolicies:[] IgnoreStrictEnforcement:true} GlobalReads:false NumReplicas:5 NumVoters:0 Constraints:[] VoterConstraints:[] LeasePreferences:[] RangefeedEnabled:true ExcludeDataFromBackup:false} to:{RangeMinBytes:0 RangeMaxBytes:0 GCPolicy:{TTLSeconds:0 ProtectionPolicies:[] IgnoreStrictEnforcement:false} GlobalReads:false NumReplicas:0 NumVoters:0 Constraints:[] VoterConstraints:[] LeasePreferences:[] RangefeedEnabled:false ExcludeDataFromBackup:false}
I260828 16:24:10.798314 1088 13@spanconfig/spanconfigstore/store.go:364  [T1,Vsystem,n1,job=AUTO SPAN CONFIG RECONCILIATION id=1205416266018422785] 250  changing the spanconfig for span:/Table/6{8-9} from:{RangeMinBytes:134217728 RangeMaxBytes:536870912 GCPolicy:{TTLSeconds:14400 ProtectionPolicies:[] IgnoreStrictEnforcement:true} GlobalReads:false NumReplicas:5 NumVoters:0 Constraints:[] VoterConstraints:[] LeasePreferences:[] RangefeedEnabled:true ExcludeDataFromBackup:false} to:{RangeMinBytes:0 RangeMaxBytes:0 GCPolicy:{TTLSeconds:0 ProtectionPolicies:[] IgnoreStrictEnforcement:false} GlobalReads:false NumReplicas:0 NumVoters:0 Constraints:[] VoterConstraints:[] LeasePreferences:[] RangefeedEnabled:false ExcludeDataFromBackup:false}
I260828 16:24:10.798412 1088 13@spanconfig/spanconfigstore/store.go:364  [T1,Vsystem,n1,job=AUTO SPAN CONFIG RECONCILIATION id=1205416266018422785] 251  changing the spanconfig for span:/Table/{69-70} from:{RangeMinBytes:134217728 RangeMaxBytes:536870912 GCPolicy:{TTLSeconds:14400 ProtectionPolicies:[] IgnoreStrictEnforcement:true} GlobalReads:false NumReplicas:5 NumVoters:0 Constraints:[] VoterConstraints:[] LeasePreferences:[] RangefeedEnabled:true ExcludeDataFromBackup:false} to:{RangeMinBytes:0 RangeMaxBytes:0 GCPolicy:{TTLSeconds:0 ProtectionPolicies:[] IgnoreStrictEnforcement:false} GlobalReads:false NumReplicas:0 NumVoters:0 Constraints:[] VoterConstraints:[] LeasePreferences:[] RangefeedEnabled:false ExcludeDataFromBackup:false}
I260828 16:24:10.798498 1088 13@spanconfig/spanconfigstore/store.go:364  [T1,Vsystem,n1,job=AUTO SPAN CONFIG RECONCILIATION id=1205416266018422785] 252  changing the spanconfig for span:/Table/7{0-1} from:{RangeMinBytes:134217728 RangeMaxBytes:536870912 GCPolicy:{TTLSeconds:14400 ProtectionPolicies:[] IgnoreStrictEnforcement:true} GlobalReads:false NumReplicas:5 NumVoters:0 Constraints:[] VoterConstraints:[] LeasePreferences:[] RangefeedEnabled:true ExcludeDataFromBackup:false} to:{RangeMinBytes:0 RangeMaxBytes:0 GCPolicy:{TTLSeconds:0 ProtectionPolicies:[] IgnoreStrictEnforcement:false} GlobalReads:false NumReplicas:0 NumVoters:0 Constraints:[] VoterConstraints:[] LeasePreferences:[] RangefeedEnabled:false ExcludeDataFromBackup:false}
I260828 16:24:10.798591 1088 13@spanconfig/spanconfigstore/store.go:364  [T1,Vsystem,n1,job=AUTO SPAN CONFIG RECONCILIATION id=1205416266018422785] 253  changing the spanconfig for span:/Table/7{1-2} from:{RangeMinBytes:134217728 RangeMaxBytes:536870912 GCPolicy:{TTLSeconds:14400 ProtectionPolicies:[] IgnoreStrictEnforcement:true} GlobalReads:false NumReplicas:5 NumVoters:0 Constraints:[] VoterConstraints:[] LeasePreferences:[] RangefeedEnabled:true ExcludeDataFromBackup:false} to:{RangeMinBytes:0 RangeMaxBytes:0 GCPolicy:{TTLSeconds:0 ProtectionPolicies:[] IgnoreStrictEnforcement:false} GlobalReads:false NumReplicas:0 NumVoters:0 Constraints:[] VoterConstraints:[] LeasePreferences:[] RangefeedEnabled:false ExcludeDataFromBackup:false}
I260828 16:24:10.798677 1088 13@spanconfig/spanconfigstore/store.go:364  [T1,Vsystem,n1,job=AUTO SPAN CONFIG RECONCILIATION id=1205416266018422785] 254  changing the spanconfig for span:/Table/7{2-3} from:{RangeMinBytes:134217728 RangeMaxBytes:536870912 GCPolicy:{TTLSeconds:14400 ProtectionPolicies:[] IgnoreStrictEnforcement:true} GlobalReads:false NumReplicas:5 NumVoters:0 Constraints:[] VoterConstraints:[] LeasePreferences:[] RangefeedEnabled:true ExcludeDataFromBackup:false} to:{RangeMinBytes:0 RangeMaxBytes:0 GCPolicy:{TTLSeconds:0 ProtectionPolicies:[] IgnoreStrictEnforcement:false} GlobalReads:false NumReplicas:0 NumVoters:0 Constraints:[] VoterConstraints:[] LeasePreferences:[] RangefeedEnabled:false ExcludeDataFromBackup:false}
I260828 16:24:10.798758 1088 13@spanconfig/spanconfigstore/store.go:364  [T1,Vsystem,n1,job=AUTO SPAN CONFIG RECONCILIATION id=1205416266018422785] 255  changing the spanconfig for span:/System/NodeLiveness{-Max} from:{RangeMinBytes:134217728 RangeMaxBytes:536870912 GCPolicy:{TTLSeconds:600 ProtectionPolicies:[] IgnoreStrictEnforcement:false} GlobalReads:false NumReplicas:5 NumVoters:0 Constraints:[] VoterConstraints:[] LeasePreferences:[] RangefeedEnabled:false ExcludeDataFromBackup:false} to:{RangeMinBytes:0 RangeMaxBytes:0 GCPolicy:{TTLSeconds:0 ProtectionPolicies:[] IgnoreStrictEnforcement:false} GlobalReads:false NumReplicas:0 NumVoters:0 Constraints:[] VoterConstraints:[] LeasePreferences:[] RangefeedEnabled:false ExcludeDataFromBackup:false}
I260828 16:24:10.798856 1088 13@spanconfig/spanconfigstore/store.go:364  [T1,Vsystem,n1,job=AUTO SPAN CONFIG RECONCILIATION id=1205416266018422785] 256  changing the spanconfig for span:/{Min-System/NodeLiveness} from:{RangeMinBytes:134217728 RangeMaxBytes:536870912 GCPolicy:{TTLSeconds:3600 ProtectionPolicies:[] IgnoreStrictEnforcement:false} GlobalReads:false NumReplicas:5 NumVoters:0 Constraints:[] VoterConstraints:[] LeasePreferences:[] RangefeedEnabled:false ExcludeDataFromBackup:false} to:{RangeMinBytes:0 RangeMaxBytes:0 GCPolicy:{TTLSeconds:0 ProtectionPolicies:[] IgnoreStrictEnforcement:false} GlobalReads:false NumReplicas:0 NumVoters:0 Constraints:[] VoterConstraints:[] LeasePreferences:[] RangefeedEnabled:false ExcludeDataFromBackup:false}
I260828 16:24:10.798942 1088 13@spanconfig/spanconfigstore/store.go:364  [T1,Vsystem,n1,job=AUTO SPAN CONFIG RECONCILIATION id=1205416266018422785] 257  changing the spanconfig for span:/System/{NodeLivenessMax-tsd} from:{RangeMinBytes:134217728 RangeMaxBytes:536870912 GCPolicy:{TTLSeconds:14400 ProtectionPolicies:[] IgnoreStrictEnforcement:false} GlobalReads:false NumReplicas:5 NumVoters:0 Constraints:[] VoterConstraints:[] LeasePreferences:[] RangefeedEnabled:false ExcludeDataFromBackup:false} to:{RangeMinBytes:0 RangeMaxBytes:0 GCPolicy:{TTLSeconds:0 ProtectionPolicies:[] IgnoreStrictEnforcement:false} GlobalReads:false NumReplicas:0 NumVoters:0 Constraints:[] VoterConstraints:[] LeasePreferences:[] RangefeedEnabled:false ExcludeDataFromBackup:false}
I260828 16:24:10.799063 1088 13@spanconfig/spanconfigstore/store.go:364  [T1,Vsystem,n1,job=AUTO SPAN CONFIG RECONCILIATION id=1205416266018422785] 258  changing the spanconfig for span:/System{tse-/SystemSpanConfigKeys} from:{RangeMinBytes:134217728 RangeMaxBytes:536870912 GCPolicy:{TTLSeconds:14400 ProtectionPolicies:[] IgnoreStrictEnforcement:false} GlobalReads:false NumReplicas:5 NumVoters:0 Constraints:[] VoterConstraints:[] LeasePreferences:[] RangefeedEnabled:false ExcludeDataFromBackup:false} to:{RangeMinBytes:0 RangeMaxBytes:0 GCPolicy:{TTLSeconds:0 ProtectionPolicies:[] IgnoreStrictEnforcement:false} GlobalReads:false NumReplicas:0 NumVoters:0 Constraints:[] VoterConstraints:[] LeasePreferences:[] RangefeedEnabled:false ExcludeDataFromBackup:false}
I260828 16:24:10.799145 1088 13@spanconfig/spanconfigstore/store.go:364  [T1,Vsystem,n1,job=AUTO SPAN CONFIG RECONCILIATION id=1205416266018422785] 259  changing the spanconfig for span:/System{/tsd-tse} from:{RangeMinBytes:134217728 RangeMaxBytes:536870912 GCPolicy:{TTLSeconds:14400 ProtectionPolicies:[] IgnoreStrictEnforcement:false} GlobalReads:false NumReplicas:3 NumVoters:0 Constraints:[] VoterConstraints:[] LeasePreferences:[] RangefeedEnabled:false ExcludeDataFromBackup:false} to:{RangeMinBytes:0 RangeMaxBytes:0 GCPolicy:{TTLSeconds:0 ProtectionPolicies:[] IgnoreStrictEnforcement:false} GlobalReads:false NumReplicas:0 NumVoters:0 Constraints:[] VoterConstraints:[] LeasePreferences:[] RangefeedEnabled:false ExcludeDataFromBackup:false}
I260828 16:24:10.805845 1088 spanconfig/spanconfigsqlwatcher/sqlwatcher.go:241  [T1,Vsystem,n1,job=AUTO SPAN CONFIG RECONCILIATION id=1205416266018422785] 260  established range feed over system.descriptors starting at time 1787934250.774741598,0
I260828 16:24:10.806017 1088 spanconfig/spanconfigsqlwatcher/sqlwatcher.go:300  [T1,Vsystem,n1,job=AUTO SPAN CONFIG RECONCILIATION id=1205416266018422785] 261  established range feed over system.zones starting at time 1787934250.774741598,0
I260828 16:24:10.806095 1088 spanconfig/spanconfigsqlwatcher/sqlwatcher.go:401  [T1,Vsystem,n1,job=AUTO SPAN CONFIG RECONCILIATION id=1205416266018422785] 262  established range feed over system.protected_ts_records starting at time 1787934250.774741598,0
I260828 16:24:10.808853 1232 1@jobs/structured_log.go:48  [T1,Vsystem,n1,job=1205416266043228161] 263 ={"Timestamp":1787934250808851595,"EventType":"status_change","JobID":1205416266043228161,"JobType":"MIGRATION","Description":"status changed to: succeeded","PreviousStatus":"running","NewStatus":"succeeded","RunNum":0}
I260828 16:24:10.816615 69 jobs/wait.go:148  [T1,Vsystem,n1] 264  waited for 1 [1205416266043228161] queued jobs to complete 83.426417ms
I260828 16:24:10.816652 69 upgrade/upgrademanager/manager.go:245  [T1,Vsystem,n1] 265  running permanent upgrade for version 0.0-upgrading-step-004
I260828 16:24:10.821644 69 upgrade/upgrademanager/manager.go:723  [T1,Vsystem,n1] 266  running intitialize the cluster
I260828 16:24:10.821708 1530 jobs/adopt.go:224  [T1,Vsystem,n1,job=1205416266356031489] 267  job 1205416266356031489: resuming execution
I260828 16:24:10.829115 1539 jobs/registry.go:1679  [T1,Vsystem,n1,job=1205416266356031489] 268  MIGRATION job 1205416266356031489: stepping through state running
I260828 16:24:10.834231 1539 1@jobs/structured_log.go:48  [T1,Vsystem,n1,job=1205416266356031489] 269 ={"Timestamp":1787934250834229988,"EventType":"status_change","JobID":1205416266356031489,"JobType":"MIGRATION","Description":"status changed to: running","PreviousStatus":"running","NewStatus":"running","RunNum":0}
I260828 16:24:10.834912 1539 upgrade/upgrades/permanent_upgrades.go:77  [T1,Vsystem,n1,job=MIGRATION id=1205416266356031489,upgrade=0.0-upgrading-step-004] 270  executing bootstrap step "add users and roles"
I260828 16:24:10.842142 1539 upgrade/upgrades/permanent_upgrades.go:77  [T1,Vsystem,n1,job=MIGRATION id=1205416266356031489,upgrade=0.0-upgrading-step-004] 271  executing bootstrap step "enable diagnostics reporting"
I260828 16:24:10.843369 1587 1@util/log/event_log.go:39  [T1,Vsystem,n1,job=MIGRATION id=1205416266356031489,upgrade=0.0-upgrading-step-004,intExec=optInToDiagnosticsStatReporting] 272 ={"Timestamp":1787934250842301341,"EventType":"set_cluster_setting","Statement":"SET CLUSTER SETTING \"diagnostics.reporting.enabled\" = true","Tag":"SET CLUSTER SETTING","User":"node","ApplicationName":"$ internal-optInToDiagnosticsStatReporting","SettingName":"diagnostics.reporting.enabled","Value":"true"}
I260828 16:24:10.843450 1539 upgrade/upgrades/permanent_upgrades.go:77  [T1,Vsystem,n1,job=MIGRATION id=1205416266356031489,upgrade=0.0-upgrading-step-004] 273  executing bootstrap step "initialize the cluster.secret setting"
I260828 16:24:10.844574 1539 upgrade/upgrades/permanent_upgrades.go:77  [T1,Vsystem,n1,job=MIGRATION id=1205416266356031489,upgrade=0.0-upgrading-step-004] 274  executing bootstrap step "update system.locations with default location data"
I260828 16:24:10.850575 1539 upgrade/upgrades/permanent_upgrades.go:77  [T1,Vsystem,n1,job=MIGRATION id=1205416266356031489,upgrade=0.0-upgrading-step-004] 275  executing bootstrap step "create default databases"
I260828 16:24:10.855531 1602 sql/schemachanger/scbuild/event_log.go:61  [T1,Vsystem,n1,job=MIGRATION id=1205416266356031489,upgrade=0.0-upgrading-step-004,intExec=create-default-DB] 276  event logging for declarative schema change targets built for CREATE DATABASE
I260828 16:24:10.855705 1602 sql/schemachanger/scplan/plan.go:95  [T1,Vsystem,n1,job=MIGRATION id=1205416266356031489,upgrade=0.0-upgrading-step-004,intExec=create-default-DB] 277  building declarative schema changer plan in StatementPhase (rollback=false) for CREATE DATABASE
I260828 16:24:10.857899 1602 sql/schemachanger/scrun/scrun.go:186  [T1,Vsystem,n1,job=MIGRATION id=1205416266356031489,upgrade=0.0-upgrading-step-004,intExec=create-default-DB] 278  executing declarative schema change StatementPhase stage 1 of 1 with 17 MutationType ops (rollback=false) for CREATE DATABASE
I260828 16:24:10.858266 1602 sql/schemachanger/scplan/plan.go:95  [T1,Vsystem,n1,job=MIGRATION id=1205416266356031489,upgrade=0.0-upgrading-step-004,intExec=create-default-DB] 279  building declarative schema changer plan in PreCommitPhase (rollback=false) for CREATE DATABASE
I260828 16:24:10.860129 1602 sql/schemachanger/scrun/scrun.go:186  [T1,Vsystem,n1,job=MIGRATION id=1205416266356031489,upgrade=0.0-upgrading-step-004,intExec=create-default-DB] 280  executing declarative schema change PreCommitPhase stage 1 of 2 with 1 MutationType op (rollback=false) for CREATE DATABASE
I260828 16:24:10.860184 1602 sql/schemachanger/scrun/scrun.go:186  [T1,Vsystem,n1,job=MIGRATION id=1205416266356031489,upgrade=0.0-upgrading-step-004,intExec=create-default-DB] 281  executing declarative schema change PreCommitPhase stage 2 of 2 with 17 MutationType ops (rollback=false) for CREATE DATABASE
I260828 16:24:10.861031 1602 5@util/log/event_log.go:39  [T1,Vsystem,n1,job=MIGRATION id=1205416266356031489,upgrade=0.0-upgrading-step-004,intExec=create-default-DB] 282 ={"Timestamp":1787934250850790824,"EventType":"create_database","Statement":"CREATE DATABASE IF NOT EXISTS defaultdb OWNER = root","Tag":"CREATE DATABASE","User":"node","DescriptorID":100,"ApplicationName":"$ internal-create-default-DB","DatabaseName":"defaultdb"}
I260828 16:24:10.867298 1598 sql/schemachanger/scbuild/event_log.go:61  [T1,Vsystem,n1,job=MIGRATION id=1205416266356031489,upgrade=0.0-upgrading-step-004,intExec=create-default-DB] 283  event logging for declarative schema change targets built for CREATE DATABASE
I260828 16:24:10.867450 1598 sql/schemachanger/scplan/plan.go:95  [T1,Vsystem,n1,job=MIGRATION id=1205416266356031489,upgrade=0.0-upgrading-step-004,intExec=create-default-DB] 284  building declarative schema changer plan in StatementPhase (rollback=false) for CREATE DATABASE
I260828 16:24:10.868788 1598 sql/schemachanger/scrun/scrun.go:186  [T1,Vsystem,n1,job=MIGRATION id=1205416266356031489,upgrade=0.0-upgrading-step-004,intExec=create-default-DB] 285  executing declarative schema change StatementPhase stage 1 of 1 with 17 MutationType ops (rollback=false) for CREATE DATABASE
I260828 16:24:10.869040 1598 sql/schemachanger/scplan/plan.go:95  [T1,Vsystem,n1,job=MIGRATION id=1205416266356031489,upgrade=0.0-upgrading-step-004,intExec=create-default-DB] 286  building declarative schema changer plan in PreCommitPhase (rollback=false) for CREATE DATABASE
I260828 16:24:10.870324 1598 sql/schemachanger/scrun/scrun.go:186  [T1,Vsystem,n1,job=MIGRATION id=1205416266356031489,upgrade=0.0-upgrading-step-004,intExec=create-default-DB] 287  executing declarative schema change PreCommitPhase stage 1 of 2 with 1 MutationType op (rollback=false) for CREATE DATABASE
I260828 16:24:10.870637 1598 sql/schemachanger/scrun/scrun.go:186  [T1,Vsystem,n1,job=MIGRATION id=1205416266356031489,upgrade=0.0-upgrading-step-004,intExec=create-default-DB] 288  executing declarative schema change PreCommitPhase stage 2 of 2 with 17 MutationType ops (rollback=false) for CREATE DATABASE
I260828 16:24:10.872469 1598 5@util/log/event_log.go:39  [T1,Vsystem,n1,job=MIGRATION id=1205416266356031489,upgrade=0.0-upgrading-step-004,intExec=create-default-DB] 289 ={"Timestamp":1787934250865478181,"EventType":"create_database","Statement":"CREATE DATABASE IF NOT EXISTS postgres OWNER = root","Tag":"CREATE DATABASE","User":"node","DescriptorID":102,"ApplicationName":"$ internal-create-default-DB","DatabaseName":"postgres"}
I260828 16:24:10.876146 1539 upgrade/upgrades/permanent_upgrades.go:77  [T1,Vsystem,n1,job=MIGRATION id=1205416266356031489,upgrade=0.0-upgrading-step-004] 290  executing bootstrap step "create jobs metrics polling job"
I260828 16:24:10.880993 1539 upgrade/upgrades/permanent_upgrades.go:77  [T1,Vsystem,n1,job=MIGRATION id=1205416266356031489,upgrade=0.0-upgrading-step-004] 291  executing bootstrap step "create sql activity updater job"
I260828 16:24:10.886078 1539 upgrade/upgrades/permanent_upgrades.go:77  [T1,Vsystem,n1,job=MIGRATION id=1205416266356031489,upgrade=0.0-upgrading-step-004] 292  executing bootstrap step "create mvcc stats job"
I260828 16:24:10.890759 1539 upgrade/upgrades/permanent_upgrades.go:77  [T1,Vsystem,n1,job=MIGRATION id=1205416266356031489,upgrade=0.0-upgrading-step-004] 293  executing bootstrap step "create update cached table metadata job"
I260828 16:24:10.894238 1539 upgrade/upgrades/permanent_upgrades.go:77  [T1,Vsystem,n1,job=MIGRATION id=1205416266356031489,upgrade=0.0-upgrading-step-004] 294  executing bootstrap step "maybe initialize replication standby read-only catalog"
I260828 16:24:10.894969 1539 jobs/registry.go:1679  [T1,Vsystem,n1,job=1205416266356031489] 295  MIGRATION job 1205416266356031489: stepping through state succeeded
I260828 16:24:10.903705 1539 1@jobs/structured_log.go:48  [T1,Vsystem,n1,job=1205416266356031489] 296 ={"Timestamp":1787934250903703355,"EventType":"status_change","JobID":1205416266356031489,"JobType":"MIGRATION","Description":"status changed to: succeeded","PreviousStatus":"running","NewStatus":"succeeded","RunNum":0}
I260828 16:24:10.910996 69 jobs/wait.go:148  [T1,Vsystem,n1] 297  waited for 1 [1205416266356031489] queued jobs to complete 89.309309ms
I260828 16:24:10.911029 69 server/server_sql.go:1711  [T1,Vsystem,n1] 298  done ensuring all necessary startup migrations have run
I260828 16:24:10.911585 69 server/license/enforcer.go:262  [T1,Vsystem,n1] 299  trial license expiry initialized to 1970-01-01 00:00:00 +0000 UTC
I260828 16:24:10.913165 69 server/license/enforcer.go:293  [T1,Vsystem,n1] 300  generated new cluster init grace period end time: 2026-09-04 16:24:10.609290351 +0000 UTC
I260828 16:24:10.913680 69 server/license/enforcer.go:498  [T1,Vsystem,n1] 301  enforcer license updated: type is none, grace period ends at "2026-09-04 16:24:10 +0000 UTC", telemetry required: false
I260828 16:24:10.913727 69 server/license/enforcer.go:498  [T1,Vsystem,n1] 302  enforcer license updated: type is none, grace period ends at "2026-09-04 16:24:10 +0000 UTC", telemetry required: false
I260828 16:24:10.914847 1750 kv/kvclient/rangefeed/rangefeedcache/watcher.go:340  [T1,Vsystem,n1] 303  tenant-settings-watcher: established range feed cache
I260828 16:24:10.915135 1742 kv/kvclient/rangefeed/rangefeedcache/watcher.go:340  [T1,Vsystem,n1] 304  tenant-entry-watcher: established range feed cache
I260828 16:24:10.915330 1742 multitenant/tenantcapabilities/tenantcapabilitieswatcher/watcher.go:285  [T1,Vsystem,n1] 305  received results of a full table scan for tenant capabilities
I260828 16:24:10.916508 1727 jobs/job_scheduler.go:407  [T1,Vsystem,n1] 306  waiting 4m0s before scheduled jobs daemon start
I260828 16:24:10.917801 1748 server/auto_upgrade.go:81  [T1,Vsystem,n1] 307  no need to upgrade, cluster already at the newest version
I260828 16:24:10.918104 1718 sql/syntheticprivilegecache/cache.go:202  [T1,Vsystem,n1] 308  warmed privileges for virtual tables in 6.354057ms
I260828 16:24:10.919602 69 server/license/enforcer.go:582  [T1,Vsystem,n1] 309  disable all license enforcement
I260828 16:24:10.935596 1835 sql/schemachanger/scbuild/event_log.go:61  [T1,Vsystem,n1,intExec=set-zone] 310  event logging for declarative schema change targets built for CONFIGURE ZONE
I260828 16:24:10.935697 1835 sql/schemachanger/scplan/plan.go:95  [T1,Vsystem,n1,intExec=set-zone] 311  building declarative schema changer plan in StatementPhase (rollback=false) for CONFIGURE ZONE
I260828 16:24:10.936171 1835 sql/schemachanger/scrun/scrun.go:186  [T1,Vsystem,n1,intExec=set-zone] 312  executing declarative schema change StatementPhase stage 1 of 1 with 1 MutationType op (rollback=false) for CONFIGURE ZONE
I260828 16:24:10.936362 1835 sql/schemachanger/scplan/plan.go:95  [T1,Vsystem,n1,intExec=set-zone] 313  building declarative schema changer plan in PreCommitPhase (rollback=false) for CONFIGURE ZONE
I260828 16:24:10.936806 1835 sql/schemachanger/scrun/scrun.go:186  [T1,Vsystem,n1,intExec=set-zone] 314  executing declarative schema change PreCommitPhase stage 1 of 2 with 1 MutationType op (rollback=false) for CONFIGURE ZONE
I260828 16:24:10.936859 1835 sql/schemachanger/scrun/scrun.go:186  [T1,Vsystem,n1,intExec=set-zone] 315  executing declarative schema change PreCommitPhase stage 2 of 2 with 1 MutationType op (rollback=false) for CONFIGURE ZONE
I260828 16:24:10.937594 1835 1@util/log/event_log.go:39  [T1,Vsystem,n1,intExec=set-zone] 316 ={"Timestamp":1787934250934597572,"EventType":"set_zone_config","Statement":"ALTER RANGE default CONFIGURE ZONE USING num_replicas = 1","Tag":"CONFIGURE ZONE","User":"node","ApplicationName":"$ internal-set-zone","Target":"RANGE default","Options":["num_replicas = 1"],"ResolvedOldConfig":"range_min_bytes:134217728 range_max_bytes:536870912 gc:<ttl_seconds:14400 > num_replicas:3 inherited_constraints:false null_voter_constraints_is_empty:true inherited_lease_preferences:false "}
I260828 16:24:10.938908 1841 sql/schemachanger/scbuild/event_log.go:61  [T1,Vsystem,n1,intExec=set-zone] 317  event logging for declarative schema change targets built for CONFIGURE ZONE
I260828 16:24:10.939077 1841 sql/schemachanger/scplan/plan.go:95  [T1,Vsystem,n1,intExec=set-zone] 318  building declarative schema changer plan in StatementPhase (rollback=false) for CONFIGURE ZONE
I260828 16:24:10.939421 1841 sql/schemachanger/scrun/scrun.go:186  [T1,Vsystem,n1,intExec=set-zone] 319  executing declarative schema change StatementPhase stage 1 of 1 with 1 MutationType op (rollback=false) for CONFIGURE ZONE
I260828 16:24:10.939613 1841 sql/schemachanger/scplan/plan.go:95  [T1,Vsystem,n1,intExec=set-zone] 320  building declarative schema changer plan in PreCommitPhase (rollback=false) for CONFIGURE ZONE
I260828 16:24:10.940009 1841 sql/schemachanger/scrun/scrun.go:186  [T1,Vsystem,n1,intExec=set-zone] 321  executing declarative schema change PreCommitPhase stage 1 of 2 with 1 MutationType op (rollback=false) for CONFIGURE ZONE
I260828 16:24:10.940054 1841 sql/schemachanger/scrun/scrun.go:186  [T1,Vsystem,n1,intExec=set-zone] 322  executing declarative schema change PreCommitPhase stage 2 of 2 with 1 MutationType op (rollback=false) for CONFIGURE ZONE
I260828 16:24:10.940868 1841 1@util/log/event_log.go:39  [T1,Vsystem,n1,intExec=set-zone] 323 ={"Timestamp":1787934250937803895,"EventType":"set_zone_config","Statement":"ALTER DATABASE system CONFIGURE ZONE USING num_replicas = 1","Tag":"CONFIGURE ZONE","User":"node","DescriptorID":1,"ApplicationName":"$ internal-set-zone","Target":"DATABASE system","Options":["num_replicas = 1"],"ResolvedOldConfig":"range_min_bytes:134217728 range_max_bytes:536870912 gc:<ttl_seconds:14400 > num_replicas:5 inherited_constraints:false null_voter_constraints_is_empty:true inherited_lease_preferences:false "}
I260828 16:24:10.945107 1865 1@util/log/event_log.go:39  [T1,Vsystem,n1,intExec=set-zone] 324 ={"Timestamp":1787934250942825593,"EventType":"set_zone_config","Statement":"ALTER TABLE system.public.lease CONFIGURE ZONE USING num_replicas = 1","Tag":"CONFIGURE ZONE","User":"node","DescriptorID":11,"ApplicationName":"$ internal-set-zone","Target":"TABLE system.public.lease","Options":["num_replicas = 1"],"ResolvedOldConfig":"range_min_bytes:134217728 range_max_bytes:536870912 gc:<ttl_seconds:600 > num_replicas:1 inherited_constraints:false null_voter_constraints_is_empty:true inherited_lease_preferences:false "}
I260828 16:24:10.946480 1873 sql/schemachanger/scbuild/event_log.go:61  [T1,Vsystem,n1,intExec=set-zone] 325  event logging for declarative schema change targets built for CONFIGURE ZONE
I260828 16:24:10.946589 1873 sql/schemachanger/scplan/plan.go:95  [T1,Vsystem,n1,intExec=set-zone] 326  building declarative schema changer plan in StatementPhase (rollback=false) for CONFIGURE ZONE
I260828 16:24:10.946958 1873 sql/schemachanger/scrun/scrun.go:186  [T1,Vsystem,n1,intExec=set-zone] 327  executing declarative schema change StatementPhase stage 1 of 1 with 1 MutationType op (rollback=false) for CONFIGURE ZONE
I260828 16:24:10.947101 1873 sql/schemachanger/scplan/plan.go:95  [T1,Vsystem,n1,intExec=set-zone] 328  building declarative schema changer plan in PreCommitPhase (rollback=false) for CONFIGURE ZONE
I260828 16:24:10.947438 1873 sql/schemachanger/scrun/scrun.go:186  [T1,Vsystem,n1,intExec=set-zone] 329  executing declarative schema change PreCommitPhase stage 1 of 2 with 1 MutationType op (rollback=false) for CONFIGURE ZONE
I260828 16:24:10.947470 1873 sql/schemachanger/scrun/scrun.go:186  [T1,Vsystem,n1,intExec=set-zone] 330  executing declarative schema change PreCommitPhase stage 2 of 2 with 1 MutationType op (rollback=false) for CONFIGURE ZONE
I260828 16:24:10.947981 1873 1@util/log/event_log.go:39  [T1,Vsystem,n1,intExec=set-zone] 331 ={"Timestamp":1787934250945581479,"EventType":"set_zone_config","Statement":"ALTER RANGE meta CONFIGURE ZONE USING num_replicas = 1","Tag":"CONFIGURE ZONE","User":"node","DescriptorID":16,"ApplicationName":"$ internal-set-zone","Target":"RANGE meta","Options":["num_replicas = 1"],"ResolvedOldConfig":"range_min_bytes:134217728 range_max_bytes:536870912 gc:<ttl_seconds:3600 > num_replicas:5 inherited_constraints:false null_voter_constraints_is_empty:true inherited_lease_preferences:false "}
I260828 16:24:10.949401 1775 sql/schemachanger/scbuild/event_log.go:61  [T1,Vsystem,n1,intExec=set-zone] 332  event logging for declarative schema change targets built for CONFIGURE ZONE
I260828 16:24:10.949497 1775 sql/schemachanger/scplan/plan.go:95  [T1,Vsystem,n1,intExec=set-zone] 333  building declarative schema changer plan in StatementPhase (rollback=false) for CONFIGURE ZONE
I260828 16:24:10.949841 1775 sql/schemachanger/scrun/scrun.go:186  [T1,Vsystem,n1,intExec=set-zone] 334  executing declarative schema change StatementPhase stage 1 of 1 with 1 MutationType op (rollback=false) for CONFIGURE ZONE
I260828 16:24:10.949979 1775 sql/schemachanger/scplan/plan.go:95  [T1,Vsystem,n1,intExec=set-zone] 335  building declarative schema changer plan in PreCommitPhase (rollback=false) for CONFIGURE ZONE
I260828 16:24:10.950316 1775 sql/schemachanger/scrun/scrun.go:186  [T1,Vsystem,n1,intExec=set-zone] 336  executing declarative schema change PreCommitPhase stage 1 of 2 with 1 MutationType op (rollback=false) for CONFIGURE ZONE
I260828 16:24:10.950349 1775 sql/schemachanger/scrun/scrun.go:186  [T1,Vsystem,n1,intExec=set-zone] 337  executing declarative schema change PreCommitPhase stage 2 of 2 with 1 MutationType op (rollback=false) for CONFIGURE ZONE
I260828 16:24:10.951049 1775 1@util/log/event_log.go:39  [T1,Vsystem,n1,intExec=set-zone] 338 ={"Timestamp":1787934250948371442,"EventType":"set_zone_config","Statement":"ALTER RANGE system CONFIGURE ZONE USING num_replicas = 1","Tag":"CONFIGURE ZONE","User":"node","DescriptorID":17,"ApplicationName":"$ internal-set-zone","Target":"RANGE system","Options":["num_replicas = 1"],"ResolvedOldConfig":"range_min_bytes:134217728 range_max_bytes:536870912 gc:<ttl_seconds:14400 > num_replicas:5 inherited_constraints:false null_voter_constraints_is_empty:true inherited_lease_preferences:false "}
I260828 16:24:10.952210 1824 sql/schemachanger/scbuild/event_log.go:61  [T1,Vsystem,n1,intExec=set-zone] 339  event logging for declarative schema change targets built for CONFIGURE ZONE
I260828 16:24:10.952320 1824 sql/schemachanger/scplan/plan.go:95  [T1,Vsystem,n1,intExec=set-zone] 340  building declarative schema changer plan in StatementPhase (rollback=false) for CONFIGURE ZONE
I260828 16:24:10.952617 1824 sql/schemachanger/scrun/scrun.go:186  [T1,Vsystem,n1,intExec=set-zone] 341  executing declarative schema change StatementPhase stage 1 of 1 with 1 MutationType op (rollback=false) for CONFIGURE ZONE
I260828 16:24:10.952781 1824 sql/schemachanger/scplan/plan.go:95  [T1,Vsystem,n1,intExec=set-zone] 342  building declarative schema changer plan in PreCommitPhase (rollback=false) for CONFIGURE ZONE
I260828 16:24:10.953054 1824 sql/schemachanger/scrun/scrun.go:186  [T1,Vsystem,n1,intExec=set-zone] 343  executing declarative schema change PreCommitPhase stage 1 of 2 with 1 MutationType op (rollback=false) for CONFIGURE ZONE
I260828 16:24:10.953082 1824 sql/schemachanger/scrun/scrun.go:186  [T1,Vsystem,n1,intExec=set-zone] 344  executing declarative schema change PreCommitPhase stage 2 of 2 with 1 MutationType op (rollback=false) for CONFIGURE ZONE
I260828 16:24:10.953624 1824 1@util/log/event_log.go:39  [T1,Vsystem,n1,intExec=set-zone] 345 ={"Timestamp":1787934250951248270,"EventType":"set_zone_config","Statement":"ALTER RANGE timeseries CONFIGURE ZONE USING num_replicas = 1","Tag":"CONFIGURE ZONE","User":"node","DescriptorID":18,"ApplicationName":"$ internal-set-zone","Target":"RANGE timeseries","Options":["num_replicas = 1"],"ResolvedOldConfig":"gc:<ttl_seconds:14400 > inherited_constraints:true null_voter_constraints_is_empty:false inherited_lease_preferences:true "}
I260828 16:24:10.954719 1911 sql/schemachanger/scbuild/event_log.go:61  [T1,Vsystem,n1,intExec=set-zone] 346  event logging for declarative schema change targets built for CONFIGURE ZONE
I260828 16:24:10.954825 1911 sql/schemachanger/scplan/plan.go:95  [T1,Vsystem,n1,intExec=set-zone] 347  building declarative schema changer plan in StatementPhase (rollback=false) for CONFIGURE ZONE
I260828 16:24:10.955205 1911 sql/schemachanger/scrun/scrun.go:186  [T1,Vsystem,n1,intExec=set-zone] 348  executing declarative schema change StatementPhase stage 1 of 1 with 1 MutationType op (rollback=false) for CONFIGURE ZONE
I260828 16:24:10.955366 1911 sql/schemachanger/scplan/plan.go:95  [T1,Vsystem,n1,intExec=set-zone] 349  building declarative schema changer plan in PreCommitPhase (rollback=false) for CONFIGURE ZONE
I260828 16:24:10.955747 1911 sql/schemachanger/scrun/scrun.go:186  [T1,Vsystem,n1,intExec=set-zone] 350  executing declarative schema change PreCommitPhase stage 1 of 2 with 1 MutationType op (rollback=false) for CONFIGURE ZONE
I260828 16:24:10.955786 1911 sql/schemachanger/scrun/scrun.go:186  [T1,Vsystem,n1,intExec=set-zone] 351  executing declarative schema change PreCommitPhase stage 2 of 2 with 1 MutationType op (rollback=false) for CONFIGURE ZONE
I260828 16:24:10.956540 1911 1@util/log/event_log.go:39  [T1,Vsystem,n1,intExec=set-zone] 352 ={"Timestamp":1787934250953844328,"EventType":"set_zone_config","Statement":"ALTER RANGE liveness CONFIGURE ZONE USING num_replicas = 1","Tag":"CONFIGURE ZONE","User":"node","DescriptorID":22,"ApplicationName":"$ internal-set-zone","Target":"RANGE liveness","Options":["num_replicas = 1"],"ResolvedOldConfig":"range_min_bytes:134217728 range_max_bytes:536870912 gc:<ttl_seconds:600 > num_replicas:5 inherited_constraints:false null_voter_constraints_is_empty:true inherited_lease_preferences:false "}
I260828 16:24:10.959047 1895 1@util/log/event_log.go:39  [T1,Vsystem,n1,intExec=set-zone] 353 ={"Timestamp":1787934250956742460,"EventType":"set_zone_config","Statement":"ALTER TABLE system.public.replication_constraint_stats CONFIGURE ZONE USING num_replicas = 1","Tag":"CONFIGURE ZONE","User":"node","DescriptorID":25,"ApplicationName":"$ internal-set-zone","Target":"TABLE system.public.replication_constraint_stats","Options":["num_replicas = 1"],"ResolvedOldConfig":"range_min_bytes:134217728 range_max_bytes:536870912 gc:<ttl_seconds:600 > num_replicas:1 inherited_constraints:false null_voter_constraints_is_empty:true inherited_lease_preferences:false "}
I260828 16:24:10.960798 1903 1@util/log/event_log.go:39  [T1,Vsystem,n1,intExec=set-zone] 354 ={"Timestamp":1787934250959255340,"EventType":"set_zone_config","Statement":"ALTER TABLE system.public.replication_stats CONFIGURE ZONE USING num_replicas = 1","Tag":"CONFIGURE ZONE","User":"node","DescriptorID":27,"ApplicationName":"$ internal-set-zone","Target":"TABLE system.public.replication_stats","Options":["num_replicas = 1"],"ResolvedOldConfig":"range_min_bytes:134217728 range_max_bytes:536870912 gc:<ttl_seconds:600 > num_replicas:1 inherited_constraints:false null_voter_constraints_is_empty:true inherited_lease_preferences:false "}
I260828 16:24:10.964062 1943 1@util/log/event_log.go:39  [T1,Vsystem,n1,intExec=set-zone] 355 ={"Timestamp":1787934250961019256,"EventType":"set_zone_config","Statement":"ALTER TABLE system.public.statement_statistics CONFIGURE ZONE USING num_replicas = 1","Tag":"CONFIGURE ZONE","User":"node","DescriptorID":42,"ApplicationName":"$ internal-set-zone","Target":"TABLE system.public.statement_statistics","Options":["num_replicas = 1"],"ResolvedOldConfig":"range_min_bytes:134217728 range_max_bytes:536870912 gc:<ttl_seconds:3600 > num_replicas:1 inherited_constraints:false null_voter_constraints_is_empty:true inherited_lease_preferences:false "}
I260828 16:24:10.967753 1935 1@util/log/event_log.go:39  [T1,Vsystem,n1,intExec=set-zone] 356 ={"Timestamp":1787934250964275179,"EventType":"set_zone_config","Statement":"ALTER TABLE system.public.transaction_statistics CONFIGURE ZONE USING num_replicas = 1","Tag":"CONFIGURE ZONE","User":"node","DescriptorID":43,"ApplicationName":"$ internal-set-zone","Target":"TABLE system.public.transaction_statistics","Options":["num_replicas = 1"],"ResolvedOldConfig":"range_min_bytes:134217728 range_max_bytes:536870912 gc:<ttl_seconds:3600 > num_replicas:1 inherited_constraints:false null_voter_constraints_is_empty:true inherited_lease_preferences:false "}
I260828 16:24:10.969939 1951 1@util/log/event_log.go:39  [T1,Vsystem,n1,intExec=set-zone] 357 ={"Timestamp":1787934250967907812,"EventType":"set_zone_config","Statement":"ALTER TABLE system.public.tenant_usage CONFIGURE ZONE USING num_replicas = 1","Tag":"CONFIGURE ZONE","User":"node","DescriptorID":45,"ApplicationName":"$ internal-set-zone","Target":"TABLE system.public.tenant_usage","Options":["num_replicas = 1"],"ResolvedOldConfig":"range_min_bytes:134217728 range_max_bytes:536870912 gc:<ttl_seconds:7200 > num_replicas:1 inherited_constraints:false null_voter_constraints_is_empty:true inherited_lease_preferences:false "}
I260828 16:24:10.971822 1885 1@util/log/event_log.go:39  [T1,Vsystem,n1,intExec=set-zone] 358 ={"Timestamp":1787934250970253719,"EventType":"set_zone_config","Statement":"ALTER TABLE system.public.span_stats_tenant_boundaries CONFIGURE ZONE USING num_replicas = 1","Tag":"CONFIGURE ZONE","User":"node","DescriptorID":58,"ApplicationName":"$ internal-set-zone","Target":"TABLE system.public.span_stats_tenant_boundaries","Options":["num_replicas = 1"],"ResolvedOldConfig":"range_min_bytes:134217728 range_max_bytes:536870912 gc:<ttl_seconds:3600 > num_replicas:1 inherited_constraints:false null_voter_constraints_is_empty:true inherited_lease_preferences:false "}
I260828 16:24:10.974205 1981 1@util/log/event_log.go:39  [T1,Vsystem,n1,intExec=set-zone] 359 ={"Timestamp":1787934250972041228,"EventType":"set_zone_config","Statement":"ALTER TABLE system.public.statement_activity CONFIGURE ZONE USING num_replicas = 1","Tag":"CONFIGURE ZONE","User":"node","DescriptorID":61,"ApplicationName":"$ internal-set-zone","Target":"TABLE system.public.statement_activity","Options":["num_replicas = 1"],"ResolvedOldConfig":"range_min_bytes:134217728 range_max_bytes:536870912 gc:<ttl_seconds:3600 > num_replicas:1 inherited_constraints:false null_voter_constraints_is_empty:true inherited_lease_preferences:false "}
I260828 16:24:10.976636 1992 1@util/log/event_log.go:39  [T1,Vsystem,n1,intExec=set-zone] 360 ={"Timestamp":1787934250974684679,"EventType":"set_zone_config","Statement":"ALTER TABLE system.public.transaction_activity CONFIGURE ZONE USING num_replicas = 1","Tag":"CONFIGURE ZONE","User":"node","DescriptorID":62,"ApplicationName":"$ internal-set-zone","Target":"TABLE system.public.transaction_activity","Options":["num_replicas = 1"],"ResolvedOldConfig":"range_min_bytes:134217728 range_max_bytes:536870912 gc:<ttl_seconds:3600 > num_replicas:1 inherited_constraints:false null_voter_constraints_is_empty:true inherited_lease_preferences:false "}
I260828 16:24:10.976926 69 1@server/initial_sql.go:47  [T1,Vsystem,n1] 361  Replication was disabled for this cluster.
I260828 16:24:10.976926 69 1@server/initial_sql.go:47  [T1,Vsystem,n1] 361 +When/if adding nodes in the future, update zone configurations to increase the replication factor.
I260828 16:24:10.976967 69 1@server/server_sql.go:1962  [T1,Vsystem,n1] 362  serving sql connections
I260828 16:24:10.977062 69 1@cli/start.go:1294  [T1,Vsystem,n1] 363  node startup completed:
I260828 16:24:10.977062 69 1@cli/start.go:1294  [T1,Vsystem,n1] 363 +CockroachDB node starting at 2026-08-28 16:24:10.97699025 +0000 UTC m=+0.522234424 (took 0.4s)
I260828 16:24:10.977062 69 1@cli/start.go:1294  [T1,Vsystem,n1] 363 +build:               CCL v25.1.6 @ 2025/05/09 15:48:03 (go1.22.8 X:nocoverageredesign)
I260828 16:24:10.977062 69 1@cli/start.go:1294  [T1,Vsystem,n1] 363 +malloc_conf:         prof:false,prof_active:true,background_thread:true,thp:never,metadata_thp:disabled,narenas:16,dirty_decay_ms:2000,muzzy_decay_ms:0
I260828 16:24:10.977062 69 1@cli/start.go:1294  [T1,Vsystem,n1] 363 +webui:               http://127.0.0.1:8080
I260828 16:24:10.977062 69 1@cli/start.go:1294  [T1,Vsystem,n1] 363 +sql:                 postgresql://root@127.0.0.1:26257/defaultdb?sslmode=disable
I260828 16:24:10.977062 69 1@cli/start.go:1294  [T1,Vsystem,n1] 363 +sql (JDBC):          jdbc:postgresql://127.0.0.1:26257/defaultdb?sslmode=disable&user=root
I260828 16:24:10.977062 69 1@cli/start.go:1294  [T1,Vsystem,n1] 363 +RPC client flags:    /cockroach/cockroach <client cmd> --host=127.0.0.1:26257 --insecure
I260828 16:24:10.977062 69 1@cli/start.go:1294  [T1,Vsystem,n1] 363 +logs:                /cockroach/cockroach-data/logs
I260828 16:24:10.977062 69 1@cli/start.go:1294  [T1,Vsystem,n1] 363 +temp dir:            /tmp/cockroach-temp2136990181
I260828 16:24:10.977062 69 1@cli/start.go:1294  [T1,Vsystem,n1] 363 +external I/O path:   <disabled>
I260828 16:24:10.977062 69 1@cli/start.go:1294  [T1,Vsystem,n1] 363 +store[0]:            type=mem,size=1.0 GiB
I260828 16:24:10.977062 69 1@cli/start.go:1294  [T1,Vsystem,n1] 363 +storage engine:      pebble
I260828 16:24:10.977062 69 1@cli/start.go:1294  [T1,Vsystem,n1] 363 +clusterID:           ba1f145e-3129-4772-bd4e-014955b42f1b
I260828 16:24:10.977062 69 1@cli/start.go:1294  [T1,Vsystem,n1] 363 +status:              initialized new cluster
I260828 16:24:10.977062 69 1@cli/start.go:1294  [T1,Vsystem,n1] 363 +nodeID:              1
I260828 16:24:10.977226 1999 4@util/log/event_log.go:39  [T1,Vsystem,n1,client=127.0.0.1:41250,hostnossl,user=root] 364 ={"Timestamp":1787934250977224268,"EventType":"client_authentication_ok","InstanceID":1,"Network":"tcp","RemoteAddress":"127.0.0.1:41250","SessionID":"18d004ba773dd7460000000000000001","Transport":"hostnossl","User":"root","SystemIdentity":"root","Method":"insecure"}
I260828 16:24:10.980091 1997 4@util/log/event_log.go:39  [T1,Vsystem,n1,client=127.0.0.1:41250,hostnossl,user=root] 365 ={"Timestamp":1787934250980088008,"EventType":"client_session_end","InstanceID":1,"Network":"tcp","RemoteAddress":"127.0.0.1:41250","SessionID":"18d004ba773dd7460000000000000001","Duration":3030144}
database "defaultdb" already exists
I260828 16:24:11.146755 2097 4@util/log/event_log.go:39  [T1,Vsystem,n1,client=[::1]:40098,hostnossl,user=root] 366 ={"Timestamp":1787934251146750151,"EventType":"client_authentication_ok","InstanceID":1,"Network":"tcp","RemoteAddress":"[::1]:40098","SessionID":"18d004ba8155664e0000000000000001","Transport":"hostnossl","User":"root","SystemIdentity":"root","Method":"insecure"}
I260828 16:24:11.148613 2095 4@util/log/event_log.go:39  [T1,Vsystem,n1,client=[::1]:40098,hostnossl,user=root] 367 ={"Timestamp":1787934251148607553,"EventType":"client_session_end","InstanceID":1,"Network":"tcp","RemoteAddress":"[::1]:40098","SessionID":"18d004ba8155664e0000000000000001","Duration":2232570}
I260828 16:24:11.198376 2065 4@util/log/event_log.go:39  [T1,Vsystem,n1,client=127.0.0.1:41252,hostnossl,user=root] 368 ={"Timestamp":1787934251198372895,"EventType":"client_authentication_ok","InstanceID":1,"Network":"tcp","RemoteAddress":"127.0.0.1:41252","SessionID":"18d004ba846a48e30000000000000001","Transport":"hostnossl","User":"root","SystemIdentity":"root","Method":"insecure"}
I260828 16:24:11.198615 2063 4@util/log/event_log.go:39  [T1,Vsystem,n1,client=127.0.0.1:41252,hostnossl,user=root] 369 ={"Timestamp":1787934251198612414,"EventType":"client_session_end","InstanceID":1,"Network":"tcp","RemoteAddress":"127.0.0.1:41252","SessionID":"18d004ba846a48e30000000000000001","Duration":537623}
start running init files from /docker-entrypoint-initdb.d
/cockroach/cockroach.sh: ignoring /docker-entrypoint-initdb.d/*

end running init files from /docker-entrypoint-initdb.d
"${start_node_query[@]}"
I260828 16:24:11.290157 1728 server/diagnostics/update_checker.go:144  [T1,Vsystem,n1] 370  a new version is available: 26.2.3, details: https://www.cockroachlabs.com/docs/releases/v26.2#v26-2-3
I260828 16:24:11.378767 2133 4@util/log/event_log.go:39  [T1,Vsystem,n1,client=[::1]:40112,hostnossl,user=root] 371 ={"Timestamp":1787934251378763874,"EventType":"client_authentication_ok","InstanceID":1,"Network":"tcp","RemoteAddress":"[::1]:40112","SessionID":"18d004ba8f2c3a410000000000000001","Transport":"hostnossl","User":"root","SystemIdentity":"root","Method":"insecure"}
I260828 16:24:11.380916 2133 sql/schemachanger/scbuild/event_log.go:61  [T1,Vsystem,n1,client=[::1]:40112,hostnossl,user=root] 372  event logging for declarative schema change targets built for CREATE DATABASE
I260828 16:24:11.381078 2133 sql/schemachanger/scplan/plan.go:95  [T1,Vsystem,n1,client=[::1]:40112,hostnossl,user=root] 373  building declarative schema changer plan in StatementPhase (rollback=false) for CREATE DATABASE
I260828 16:24:11.382346 2133 sql/schemachanger/scrun/scrun.go:186  [T1,Vsystem,n1,client=[::1]:40112,hostnossl,user=root] 374  executing declarative schema change StatementPhase stage 1 of 1 with 17 MutationType ops (rollback=false) for CREATE DATABASE
I260828 16:24:11.382658 2133 sql/schemachanger/scplan/plan.go:95  [T1,Vsystem,n1,client=[::1]:40112,hostnossl,user=root] 375  building declarative schema changer plan in PreCommitPhase (rollback=false) for CREATE DATABASE
I260828 16:24:11.383744 2133 sql/schemachanger/scrun/scrun.go:186  [T1,Vsystem,n1,client=[::1]:40112,hostnossl,user=root] 376  executing declarative schema change PreCommitPhase stage 1 of 2 with 1 MutationType op (rollback=false) for CREATE DATABASE
I260828 16:24:11.383779 2133 sql/schemachanger/scrun/scrun.go:186  [T1,Vsystem,n1,client=[::1]:40112,hostnossl,user=root] 377  executing declarative schema change PreCommitPhase stage 2 of 2 with 17 MutationType ops (rollback=false) for CREATE DATABASE
I260828 16:24:11.384576 2133 5@util/log/event_log.go:39  [T1,Vsystem,n1,client=[::1]:40112,hostnossl,user=root] 378 ={"Timestamp":1787934251379000474,"EventType":"create_database","Statement":"CREATE DATABASE IF NOT EXISTS trnm","Tag":"CREATE DATABASE","User":"root","DescriptorID":104,"ApplicationName":"$ cockroach sql","DatabaseName":"trnm"}
I260828 16:24:11.385729 2131 4@util/log/event_log.go:39  [T1,Vsystem,n1,client=[::1]:40112,hostnossl,user=root] 379 ={"Timestamp":1787934251385726984,"EventType":"client_session_end","InstanceID":1,"Network":"tcp","RemoteAddress":"[::1]:40112","SessionID":"18d004ba8f2c3a410000000000000001","Duration":7170263}
I260828 16:24:11.528704 163 1@gossip/gossip.go:1476  [T1,Vsystem,n1] 380  node has connected to cluster via gossip
I260828 16:24:11.528820 163 kv/kvserver/stores.go:280  [T1,Vsystem,n1] 381  wrote 0 node addresses to persistent storage
I260828 16:24:11.667070 2165 2@rpc/peer.go:605  [T1,Vsystem,n1,rnode=1,raddr=127.0.0.1:26257,class=default,rpc] 382  connection is now healthy
I260828 16:24:11.667333 2127 2@rpc/peer.go:605  [T1,Vsystem,n1,rnode=1,raddr=127.0.0.1:26257,class=system,rpc] 383  connection is now healthy
I260828 16:24:16.687355 1088 13@spanconfig/spanconfigstore/store.go:364  [T1,Vsystem,n1,job=AUTO SPAN CONFIG RECONCILIATION id=1205416266018422785] 384  changing the spanconfig for span:/Table/1{6-7} from:{RangeMinBytes:134217728 RangeMaxBytes:536870912 GCPolicy:{TTLSeconds:14400 ProtectionPolicies:[] IgnoreStrictEnforcement:false} GlobalReads:false NumReplicas:5 NumVoters:0 Constraints:[] VoterConstraints:[] LeasePreferences:[] RangefeedEnabled:false ExcludeDataFromBackup:false} to:{RangeMinBytes:134217728 RangeMaxBytes:536870912 GCPolicy:{TTLSeconds:14400 ProtectionPolicies:[] IgnoreStrictEnforcement:false} GlobalReads:false NumReplicas:1 NumVoters:0 Constraints:[] VoterConstraints:[] LeasePreferences:[] RangefeedEnabled:false ExcludeDataFromBackup:false}
I260828 16:24:16.687467 1088 13@spanconfig/spanconfigstore/store.go:364  [T1,Vsystem,n1,job=AUTO SPAN CONFIG RECONCILIATION id=1205416266018422785] 385  changing the spanconfig for span:/Table/1{7-8} from:{RangeMinBytes:134217728 RangeMaxBytes:536870912 GCPolicy:{TTLSeconds:14400 ProtectionPolicies:[] IgnoreStrictEnforcement:false} GlobalReads:false NumReplicas:5 NumVoters:0 Constraints:[] VoterConstraints:[] LeasePreferences:[] RangefeedEnabled:false ExcludeDataFromBackup:false} to:{RangeMinBytes:134217728 RangeMaxBytes:536870912 GCPolicy:{TTLSeconds:14400 ProtectionPolicies:[] IgnoreStrictEnforcement:false} GlobalReads:false NumReplicas:1 NumVoters:0 Constraints:[] VoterConstraints:[] LeasePreferences:[] RangefeedEnabled:false ExcludeDataFromBackup:false}
I260828 16:24:16.687500 1088 13@spanconfig/spanconfigstore/store.go:364  [T1,Vsystem,n1,job=AUTO SPAN CONFIG RECONCILIATION id=1205416266018422785] 386  changing the spanconfig for span:/Table/1{8-9} from:{RangeMinBytes:134217728 RangeMaxBytes:536870912 GCPolicy:{TTLSeconds:14400 ProtectionPolicies:[] IgnoreStrictEnforcement:false} GlobalReads:false NumReplicas:5 NumVoters:0 Constraints:[] VoterConstraints:[] LeasePreferences:[] RangefeedEnabled:false ExcludeDataFromBackup:false} to:{RangeMinBytes:134217728 RangeMaxBytes:536870912 GCPolicy:{TTLSeconds:14400 ProtectionPolicies:[] IgnoreStrictEnforcement:false} GlobalReads:false NumReplicas:1 NumVoters:0 Constraints:[] VoterConstraints:[] LeasePreferences:[] RangefeedEnabled:false ExcludeDataFromBackup:false}
I260828 16:24:16.687540 1088 13@spanconfig/spanconfigstore/store.go:364  [T1,Vsystem,n1,job=AUTO SPAN CONFIG RECONCILIATION id=1205416266018422785] 387  changing the spanconfig for span:/Table/2{2-3} from:{RangeMinBytes:134217728 RangeMaxBytes:536870912 GCPolicy:{TTLSeconds:14400 ProtectionPolicies:[] IgnoreStrictEnforcement:false} GlobalReads:false NumReplicas:5 NumVoters:0 Constraints:[] VoterConstraints:[] LeasePreferences:[] RangefeedEnabled:false ExcludeDataFromBackup:false} to:{RangeMinBytes:134217728 RangeMaxBytes:536870912 GCPolicy:{TTLSeconds:14400 ProtectionPolicies:[] IgnoreStrictEnforcement:false} GlobalReads:false NumReplicas:1 NumVoters:0 Constraints:[] VoterConstraints:[] LeasePreferences:[] RangefeedEnabled:false ExcludeDataFromBackup:false}
I260828 16:24:16.687579 1088 13@spanconfig/spanconfigstore/store.go:364  [T1,Vsystem,n1,job=AUTO SPAN CONFIG RECONCILIATION id=1205416266018422785] 388  changing the spanconfig for span:/{Table/29-NamespaceTable/30} from:{RangeMinBytes:134217728 RangeMaxBytes:536870912 GCPolicy:{TTLSeconds:14400 ProtectionPolicies:[] IgnoreStrictEnforcement:false} GlobalReads:false NumReplicas:5 NumVoters:0 Constraints:[] VoterConstraints:[] LeasePreferences:[] RangefeedEnabled:false ExcludeDataFromBackup:false} to:{RangeMinBytes:134217728 RangeMaxBytes:536870912 GCPolicy:{TTLSeconds:14400 ProtectionPolicies:[] IgnoreStrictEnforcement:false} GlobalReads:false NumReplicas:1 NumVoters:0 Constraints:[] VoterConstraints:[] LeasePreferences:[] RangefeedEnabled:false ExcludeDataFromBackup:false}
I260828 16:24:16.687622 1088 13@spanconfig/spanconfigstore/store.go:364  [T1,Vsystem,n1,job=AUTO SPAN CONFIG RECONCILIATION id=1205416266018422785] 389  changing the spanconfig for span:/Table/3{8-9} from:{RangeMinBytes:134217728 RangeMaxBytes:536870912 GCPolicy:{TTLSeconds:14400 ProtectionPolicies:[] IgnoreStrictEnforcement:false} GlobalReads:false NumReplicas:5 NumVoters:0 Constraints:[] VoterConstraints:[] LeasePreferences:[] RangefeedEnabled:false ExcludeDataFromBackup:false} to:{RangeMinBytes:134217728 RangeMaxBytes:536870912 GCPolicy:{TTLSeconds:14400 ProtectionPolicies:[] IgnoreStrictEnforcement:false} GlobalReads:false NumReplicas:1 NumVoters:0 Constraints:[] VoterConstraints:[] LeasePreferences:[] RangefeedEnabled:false ExcludeDataFromBackup:false}
I260828 16:24:16.687668 1088 13@spanconfig/spanconfigstore/store.go:364  [T1,Vsystem,n1,job=AUTO SPAN CONFIG RECONCILIATION id=1205416266018422785] 390  changing the spanconfig for span:/Table/{0-4} from:{RangeMinBytes:134217728 RangeMaxBytes:536870912 GCPolicy:{TTLSeconds:14400 ProtectionPolicies:[] IgnoreStrictEnforcement:true} GlobalReads:false NumReplicas:5 NumVoters:0 Constraints:[] VoterConstraints:[] LeasePreferences:[] RangefeedEnabled:true ExcludeDataFromBackup:false} to:{RangeMinBytes:134217728 RangeMaxBytes:536870912 GCPolicy:{TTLSeconds:14400 ProtectionPolicies:[] IgnoreStrictEnforcement:true} GlobalReads:false NumReplicas:1 NumVoters:0 Constraints:[] VoterConstraints:[] LeasePreferences:[] RangefeedEnabled:true ExcludeDataFromBackup:false}
I260828 16:24:16.687707 1088 13@spanconfig/spanconfigstore/store.go:364  [T1,Vsystem,n1,job=AUTO SPAN CONFIG RECONCILIATION id=1205416266018422785] 391  changing the spanconfig for span:/Table/{4-5} from:{RangeMinBytes:134217728 RangeMaxBytes:536870912 GCPolicy:{TTLSeconds:14400 ProtectionPolicies:[] IgnoreStrictEnforcement:true} GlobalReads:false NumReplicas:5 NumVoters:0 Constraints:[] VoterConstraints:[] LeasePreferences:[] RangefeedEnabled:true ExcludeDataFromBackup:false} to:{RangeMinBytes:134217728 RangeMaxBytes:536870912 GCPolicy:{TTLSeconds:14400 ProtectionPolicies:[] IgnoreStrictEnforcement:true} GlobalReads:false NumReplicas:1 NumVoters:0 Constraints:[] VoterConstraints:[] LeasePreferences:[] RangefeedEnabled:true ExcludeDataFromBackup:false}
I260828 16:24:16.687752 1088 13@spanconfig/spanconfigstore/store.go:364  [T1,Vsystem,n1,job=AUTO SPAN CONFIG RECONCILIATION id=1205416266018422785] 392  changing the spanconfig for span:/Table/{5-6} from:{RangeMinBytes:134217728 RangeMaxBytes:536870912 GCPolicy:{TTLSeconds:14400 ProtectionPolicies:[] IgnoreStrictEnforcement:true} GlobalReads:false NumReplicas:5 NumVoters:0 Constraints:[] VoterConstraints:[] LeasePreferences:[] RangefeedEnabled:true ExcludeDataFromBackup:false} to:{RangeMinBytes:134217728 RangeMaxBytes:536870912 GCPolicy:{TTLSeconds:14400 ProtectionPolicies:[] IgnoreStrictEnforcement:true} GlobalReads:false NumReplicas:1 NumVoters:0 Constraints:[] VoterConstraints:[] LeasePreferences:[] RangefeedEnabled:true ExcludeDataFromBackup:false}
I260828 16:24:16.687792 1088 13@spanconfig/spanconfigstore/store.go:364  [T1,Vsystem,n1,job=AUTO SPAN CONFIG RECONCILIATION id=1205416266018422785] 393  changing the spanconfig for span:/Table/{6-7} from:{RangeMinBytes:134217728 RangeMaxBytes:536870912 GCPolicy:{TTLSeconds:14400 ProtectionPolicies:[] IgnoreStrictEnforcement:true} GlobalReads:false NumReplicas:5 NumVoters:0 Constraints:[] VoterConstraints:[] LeasePreferences:[] RangefeedEnabled:true ExcludeDataFromBackup:false} to:{RangeMinBytes:134217728 RangeMaxBytes:536870912 GCPolicy:{TTLSeconds:14400 ProtectionPolicies:[] IgnoreStrictEnforcement:true} GlobalReads:false NumReplicas:1 NumVoters:0 Constraints:[] VoterConstraints:[] LeasePreferences:[] RangefeedEnabled:true ExcludeDataFromBackup:false}
I260828 16:24:16.687828 1088 13@spanconfig/spanconfigstore/store.go:364  [T1,Vsystem,n1,job=AUTO SPAN CONFIG RECONCILIATION id=1205416266018422785] 394  changing the spanconfig for span:/Table/{7-8} from:{RangeMinBytes:134217728 RangeMaxBytes:536870912 GCPolicy:{TTLSeconds:14400 ProtectionPolicies:[] IgnoreStrictEnforcement:true} GlobalReads:false NumReplicas:5 NumVoters:0 Constraints:[] VoterConstraints:[] LeasePreferences:[] RangefeedEnabled:true ExcludeDataFromBackup:false} to:{RangeMinBytes:134217728 RangeMaxBytes:536870912 GCPolicy:{TTLSeconds:14400 ProtectionPolicies:[] IgnoreStrictEnforcement:true} GlobalReads:false NumReplicas:1 NumVoters:0 Constraints:[] VoterConstraints:[] LeasePreferences:[] RangefeedEnabled:true ExcludeDataFromBackup:false}
I260828 16:24:16.687870 1088 13@spanconfig/spanconfigstore/store.go:364  [T1,Vsystem,n1,job=AUTO SPAN CONFIG RECONCILIATION id=1205416266018422785] 395  changing the spanconfig for span:/Table/{8-9} from:{RangeMinBytes:134217728 RangeMaxBytes:536870912 GCPolicy:{TTLSeconds:14400 ProtectionPolicies:[] IgnoreStrictEnforcement:true} GlobalReads:false NumReplicas:5 NumVoters:0 Constraints:[] VoterConstraints:[] LeasePreferences:[] RangefeedEnabled:true ExcludeDataFromBackup:false} to:{RangeMinBytes:134217728 RangeMaxBytes:536870912 GCPolicy:{TTLSeconds:14400 ProtectionPolicies:[] IgnoreStrictEnforcement:true} GlobalReads:false NumReplicas:1 NumVoters:0 Constraints:[] VoterConstraints:[] LeasePreferences:[] RangefeedEnabled:true ExcludeDataFromBackup:false}
I260828 16:24:16.687912 1088 13@spanconfig/spanconfigstore/store.go:364  [T1,Vsystem,n1,job=AUTO SPAN CONFIG RECONCILIATION id=1205416266018422785] 396  changing the spanconfig for span:/Table/{9-10} from:{RangeMinBytes:134217728 RangeMaxBytes:536870912 GCPolicy:{TTLSeconds:14400 ProtectionPolicies:[] IgnoreStrictEnforcement:true} GlobalReads:false NumReplicas:5 NumVoters:0 Constraints:[] VoterConstraints:[] LeasePreferences:[] RangefeedEnabled:true ExcludeDataFromBackup:false} to:{RangeMinBytes:134217728 RangeMaxBytes:536870912 GCPolicy:{TTLSeconds:14400 ProtectionPolicies:[] IgnoreStrictEnforcement:true} GlobalReads:false NumReplicas:1 NumVoters:0 Constraints:[] VoterConstraints:[] LeasePreferences:[] RangefeedEnabled:true ExcludeDataFromBackup:false}
I260828 16:24:16.687957 1088 13@spanconfig/spanconfigstore/store.go:364  [T1,Vsystem,n1,job=AUTO SPAN CONFIG RECONCILIATION id=1205416266018422785] 397  changing the spanconfig for span:/Table/1{1-2} from:{RangeMinBytes:134217728 RangeMaxBytes:536870912 GCPolicy:{TTLSeconds:600 ProtectionPolicies:[] IgnoreStrictEnforcement:true} GlobalReads:false NumReplicas:5 NumVoters:0 Constraints:[] VoterConstraints:[] LeasePreferences:[] RangefeedEnabled:true ExcludeDataFromBackup:true} to:{RangeMinBytes:134217728 RangeMaxBytes:536870912 GCPolicy:{TTLSeconds:600 ProtectionPolicies:[] IgnoreStrictEnforcement:true} GlobalReads:false NumReplicas:1 NumVoters:0 Constraints:[] VoterConstraints:[] LeasePreferences:[] RangefeedEnabled:true ExcludeDataFromBackup:true}
I260828 16:24:16.687999 1088 13@spanconfig/spanconfigstore/store.go:364  [T1,Vsystem,n1,job=AUTO SPAN CONFIG RECONCILIATION id=1205416266018422785] 398  changing the spanconfig for span:/Table/1{2-3} from:{RangeMinBytes:134217728 RangeMaxBytes:536870912 GCPolicy:{TTLSeconds:14400 ProtectionPolicies:[] IgnoreStrictEnforcement:true} GlobalReads:false NumReplicas:5 NumVoters:0 Constraints:[] VoterConstraints:[] LeasePreferences:[] RangefeedEnabled:true ExcludeDataFromBackup:false} to:{RangeMinBytes:134217728 RangeMaxBytes:536870912 GCPolicy:{TTLSeconds:14400 ProtectionPolicies:[] IgnoreStrictEnforcement:true} GlobalReads:false NumReplicas:1 NumVoters:0 Constraints:[] VoterConstraints:[] LeasePreferences:[] RangefeedEnabled:true ExcludeDataFromBackup:false}
I260828 16:24:16.688033 1088 13@spanconfig/spanconfigstore/store.go:364  [T1,Vsystem,n1,job=AUTO SPAN CONFIG RECONCILIATION id=1205416266018422785] 399  changing the spanconfig for span:/Table/1{3-4} from:{RangeMinBytes:134217728 RangeMaxBytes:536870912 GCPolicy:{TTLSeconds:14400 ProtectionPolicies:[] IgnoreStrictEnforcement:true} GlobalReads:false NumReplicas:5 NumVoters:0 Constraints:[] VoterConstraints:[] LeasePreferences:[] RangefeedEnabled:true ExcludeDataFromBackup:false} to:{RangeMinBytes:134217728 RangeMaxBytes:536870912 GCPolicy:{TTLSeconds:14400 ProtectionPolicies:[] IgnoreStrictEnforcement:true} GlobalReads:false NumReplicas:1 NumVoters:0 Constraints:[] VoterConstraints:[] LeasePreferences:[] RangefeedEnabled:true ExcludeDataFromBackup:false}
I260828 16:24:16.688070 1088 13@spanconfig/spanconfigstore/store.go:364  [T1,Vsystem,n1,job=AUTO SPAN CONFIG RECONCILIATION id=1205416266018422785] 400  changing the spanconfig for span:/Table/1{4-5} from:{RangeMinBytes:134217728 RangeMaxBytes:536870912 GCPolicy:{TTLSeconds:14400 ProtectionPolicies:[] IgnoreStrictEnforcement:true} GlobalReads:false NumReplicas:5 NumVoters:0 Constraints:[] VoterConstraints:[] LeasePreferences:[] RangefeedEnabled:true ExcludeDataFromBackup:false} to:{RangeMinBytes:134217728 RangeMaxBytes:536870912 GCPolicy:{TTLSeconds:14400 ProtectionPolicies:[] IgnoreStrictEnforcement:true} GlobalReads:false NumReplicas:1 NumVoters:0 Constraints:[] VoterConstraints:[] LeasePreferences:[] RangefeedEnabled:true ExcludeDataFromBackup:false}
I260828 16:24:16.688108 1088 13@spanconfig/spanconfigstore/store.go:364  [T1,Vsystem,n1,job=AUTO SPAN CONFIG RECONCILIATION id=1205416266018422785] 401  changing the spanconfig for span:/Table/1{5-6} from:{RangeMinBytes:134217728 RangeMaxBytes:536870912 GCPolicy:{TTLSeconds:14400 ProtectionPolicies:[] IgnoreStrictEnforcement:true} GlobalReads:false NumReplicas:5 NumVoters:0 Constraints:[] VoterConstraints:[] LeasePreferences:[] RangefeedEnabled:true ExcludeDataFromBackup:false} to:{RangeMinBytes:134217728 RangeMaxBytes:536870912 GCPolicy:{TTLSeconds:14400 ProtectionPolicies:[] IgnoreStrictEnforcement:true} GlobalReads:false NumReplicas:1 NumVoters:0 Constraints:[] VoterConstraints:[] LeasePreferences:[] RangefeedEnabled:true ExcludeDataFromBackup:false}
I260828 16:24:16.688148 1088 13@spanconfig/spanconfigstore/store.go:364  [T1,Vsystem,n1,job=AUTO SPAN CONFIG RECONCILIATION id=1205416266018422785] 402  changing the spanconfig for span:/Table/{19-20} from:{RangeMinBytes:134217728 RangeMaxBytes:536870912 GCPolicy:{TTLSeconds:14400 ProtectionPolicies:[] IgnoreStrictEnforcement:true} GlobalReads:false NumReplicas:5 NumVoters:0 Constraints:[] VoterConstraints:[] LeasePreferences:[] RangefeedEnabled:true ExcludeDataFromBackup:false} to:{RangeMinBytes:134217728 RangeMaxBytes:536870912 GCPolicy:{TTLSeconds:14400 ProtectionPolicies:[] IgnoreStrictEnforcement:true} GlobalReads:false NumReplicas:1 NumVoters:0 Constraints:[] VoterConstraints:[] LeasePreferences:[] RangefeedEnabled:true ExcludeDataFromBackup:false}
I260828 16:24:16.688194 1088 13@spanconfig/spanconfigstore/store.go:364  [T1,Vsystem,n1,job=AUTO SPAN CONFIG RECONCILIATION id=1205416266018422785] 403  changing the spanconfig for span:/Table/2{0-1} from:{RangeMinBytes:134217728 RangeMaxBytes:536870912 GCPolicy:{TTLSeconds:14400 ProtectionPolicies:[] IgnoreStrictEnforcement:true} GlobalReads:false NumReplicas:5 NumVoters:0 Constraints:[] VoterConstraints:[] LeasePreferences:[] RangefeedEnabled:true ExcludeDataFromBackup:false} to:{RangeMinBytes:134217728 RangeMaxBytes:536870912 GCPolicy:{TTLSeconds:14400 ProtectionPolicies:[] IgnoreStrictEnforcement:true} GlobalReads:false NumReplicas:1 NumVoters:0 Constraints:[] VoterConstraints:[] LeasePreferences:[] RangefeedEnabled:true ExcludeDataFromBackup:false}
I260828 16:24:16.688234 1088 13@spanconfig/spanconfigstore/store.go:364  [T1,Vsystem,n1,job=AUTO SPAN CONFIG RECONCILIATION id=1205416266018422785] 404  changing the spanconfig for span:/Table/2{1-2} from:{RangeMinBytes:134217728 RangeMaxBytes:536870912 GCPolicy:{TTLSeconds:14400 ProtectionPolicies:[] IgnoreStrictEnforcement:true} GlobalReads:false NumReplicas:5 NumVoters:0 Constraints:[] VoterConstraints:[] LeasePreferences:[] RangefeedEnabled:true ExcludeDataFromBackup:false} to:{RangeMinBytes:134217728 RangeMaxBytes:536870912 GCPolicy:{TTLSeconds:14400 ProtectionPolicies:[] IgnoreStrictEnforcement:true} GlobalReads:false NumReplicas:1 NumVoters:0 Constraints:[] VoterConstraints:[] LeasePreferences:[] RangefeedEnabled:true ExcludeDataFromBackup:false}
I260828 16:24:16.688271 1088 13@spanconfig/spanconfigstore/store.go:364  [T1,Vsystem,n1,job=AUTO SPAN CONFIG RECONCILIATION id=1205416266018422785] 405  changing the spanconfig for span:/Table/2{3-4} from:{RangeMinBytes:134217728 RangeMaxBytes:536870912 GCPolicy:{TTLSeconds:14400 ProtectionPolicies:[] IgnoreStrictEnforcement:true} GlobalReads:false NumReplicas:5 NumVoters:0 Constraints:[] VoterConstraints:[] LeasePreferences:[] RangefeedEnabled:true ExcludeDataFromBackup:false} to:{RangeMinBytes:134217728 RangeMaxBytes:536870912 GCPolicy:{TTLSeconds:14400 ProtectionPolicies:[] IgnoreStrictEnforcement:true} GlobalReads:false NumReplicas:1 NumVoters:0 Constraints:[] VoterConstraints:[] LeasePreferences:[] RangefeedEnabled:true ExcludeDataFromBackup:false}
I260828 16:24:16.688330 1088 13@spanconfig/spanconfigstore/store.go:364  [T1,Vsystem,n1,job=AUTO SPAN CONFIG RECONCILIATION id=1205416266018422785] 406  changing the spanconfig for span:/Table/2{4-5} from:{RangeMinBytes:134217728 RangeMaxBytes:536870912 GCPolicy:{TTLSeconds:14400 ProtectionPolicies:[] IgnoreStrictEnforcement:true} GlobalReads:false NumReplicas:5 NumVoters:0 Constraints:[] VoterConstraints:[] LeasePreferences:[] RangefeedEnabled:true ExcludeDataFromBackup:false} to:{RangeMinBytes:134217728 RangeMaxBytes:536870912 GCPolicy:{TTLSeconds:14400 ProtectionPolicies:[] IgnoreStrictEnforcement:true} GlobalReads:false NumReplicas:1 NumVoters:0 Constraints:[] VoterConstraints:[] LeasePreferences:[] RangefeedEnabled:true ExcludeDataFromBackup:false}
I260828 16:24:16.688373 1088 13@spanconfig/spanconfigstore/store.go:364  [T1,Vsystem,n1,job=AUTO SPAN CONFIG RECONCILIATION id=1205416266018422785] 407  changing the spanconfig for span:/Table/2{5-6} from:{RangeMinBytes:134217728 RangeMaxBytes:536870912 GCPolicy:{TTLSeconds:600 ProtectionPolicies:[] IgnoreStrictEnforcement:true} GlobalReads:false NumReplicas:5 NumVoters:0 Constraints:[] VoterConstraints:[] LeasePreferences:[] RangefeedEnabled:true ExcludeDataFromBackup:true} to:{RangeMinBytes:134217728 RangeMaxBytes:536870912 GCPolicy:{TTLSeconds:600 ProtectionPolicies:[] IgnoreStrictEnforcement:true} GlobalReads:false NumReplicas:1 NumVoters:0 Constraints:[] VoterConstraints:[] LeasePreferences:[] RangefeedEnabled:true ExcludeDataFromBackup:true}
I260828 16:24:16.688425 1088 13@spanconfig/spanconfigstore/store.go:364  [T1,Vsystem,n1,job=AUTO SPAN CONFIG RECONCILIATION id=1205416266018422785] 408  changing the spanconfig for span:/Table/2{6-7} from:{RangeMinBytes:134217728 RangeMaxBytes:536870912 GCPolicy:{TTLSeconds:14400 ProtectionPolicies:[] IgnoreStrictEnforcement:true} GlobalReads:false NumReplicas:5 NumVoters:0 Constraints:[] VoterConstraints:[] LeasePreferences:[] RangefeedEnabled:true ExcludeDataFromBackup:false} to:{RangeMinBytes:134217728 RangeMaxBytes:536870912 GCPolicy:{TTLSeconds:14400 ProtectionPolicies:[] IgnoreStrictEnforcement:true} GlobalReads:false NumReplicas:1 NumVoters:0 Constraints:[] VoterConstraints:[] LeasePreferences:[] RangefeedEnabled:true ExcludeDataFromBackup:false}
I260828 16:24:16.688466 1088 13@spanconfig/spanconfigstore/store.go:364  [T1,Vsystem,n1,job=AUTO SPAN CONFIG RECONCILIATION id=1205416266018422785] 409  changing the spanconfig for span:/Table/2{7-8} from:{RangeMinBytes:134217728 RangeMaxBytes:536870912 GCPolicy:{TTLSeconds:600 ProtectionPolicies:[] IgnoreStrictEnforcement:true} GlobalReads:false NumReplicas:5 NumVoters:0 Constraints:[] VoterConstraints:[] LeasePreferences:[] RangefeedEnabled:true ExcludeDataFromBackup:true} to:{RangeMinBytes:134217728 RangeMaxBytes:536870912 GCPolicy:{TTLSeconds:600 ProtectionPolicies:[] IgnoreStrictEnforcement:true} GlobalReads:false NumReplicas:1 NumVoters:0 Constraints:[] VoterConstraints:[] LeasePreferences:[] RangefeedEnabled:true ExcludeDataFromBackup:true}
I260828 16:24:16.688503 1088 13@spanconfig/spanconfigstore/store.go:364  [T1,Vsystem,n1,job=AUTO SPAN CONFIG RECONCILIATION id=1205416266018422785] 410  changing the spanconfig for span:/Table/2{8-9} from:{RangeMinBytes:134217728 RangeMaxBytes:536870912 GCPolicy:{TTLSeconds:14400 ProtectionPolicies:[] IgnoreStrictEnforcement:true} GlobalReads:false NumReplicas:5 NumVoters:0 Constraints:[] VoterConstraints:[] LeasePreferences:[] RangefeedEnabled:true ExcludeDataFromBackup:false} to:{RangeMinBytes:134217728 RangeMaxBytes:536870912 GCPolicy:{TTLSeconds:14400 ProtectionPolicies:[] IgnoreStrictEnforcement:true} GlobalReads:false NumReplicas:1 NumVoters:0 Constraints:[] VoterConstraints:[] LeasePreferences:[] RangefeedEnabled:true ExcludeDataFromBackup:false}
I260828 16:24:16.688538 1088 13@spanconfig/spanconfigstore/store.go:364  [T1,Vsystem,n1,job=AUTO SPAN CONFIG RECONCILIATION id=1205416266018422785] 411  changing the spanconfig for span:/NamespaceTable/{30-Max} from:{RangeMinBytes:134217728 RangeMaxBytes:536870912 GCPolicy:{TTLSeconds:14400 ProtectionPolicies:[] IgnoreStrictEnforcement:true} GlobalReads:false NumReplicas:5 NumVoters:0 Constraints:[] VoterConstraints:[] LeasePreferences:[] RangefeedEnabled:true ExcludeDataFromBackup:false} to:{RangeMinBytes:134217728 RangeMaxBytes:536870912 GCPolicy:{TTLSeconds:14400 ProtectionPolicies:[] IgnoreStrictEnforcement:true} GlobalReads:false NumReplicas:1 NumVoters:0 Constraints:[] VoterConstraints:[] LeasePreferences:[] RangefeedEnabled:true ExcludeDataFromBackup:false}
I260828 16:24:16.688581 1088 13@spanconfig/spanconfigstore/store.go:364  [T1,Vsystem,n1,job=AUTO SPAN CONFIG RECONCILIATION id=1205416266018422785] 412  changing the spanconfig for span:/{NamespaceTable/Max-Table/32} from:{RangeMinBytes:134217728 RangeMaxBytes:536870912 GCPolicy:{TTLSeconds:14400 ProtectionPolicies:[] IgnoreStrictEnforcement:true} GlobalReads:false NumReplicas:5 NumVoters:0 Constraints:[] VoterConstraints:[] LeasePreferences:[] RangefeedEnabled:true ExcludeDataFromBackup:false} to:{RangeMinBytes:134217728 RangeMaxBytes:536870912 GCPolicy:{TTLSeconds:14400 ProtectionPolicies:[] IgnoreStrictEnforcement:true} GlobalReads:false NumReplicas:1 NumVoters:0 Constraints:[] VoterConstraints:[] LeasePreferences:[] RangefeedEnabled:true ExcludeDataFromBackup:false}
I260828 16:24:16.688628 1088 13@spanconfig/spanconfigstore/store.go:364  [T1,Vsystem,n1,job=AUTO SPAN CONFIG RECONCILIATION id=1205416266018422785] 413  changing the spanconfig for span:/Table/3{2-3} from:{RangeMinBytes:134217728 RangeMaxBytes:536870912 GCPolicy:{TTLSeconds:14400 ProtectionPolicies:[] IgnoreStrictEnforcement:true} GlobalReads:false NumReplicas:5 NumVoters:0 Constraints:[] VoterConstraints:[] LeasePreferences:[] RangefeedEnabled:true ExcludeDataFromBackup:false} to:{RangeMinBytes:134217728 RangeMaxBytes:536870912 GCPolicy:{TTLSeconds:14400 ProtectionPolicies:[] IgnoreStrictEnforcement:true} GlobalReads:false NumReplicas:1 NumVoters:0 Constraints:[] VoterConstraints:[] LeasePreferences:[] RangefeedEnabled:true ExcludeDataFromBackup:false}
I260828 16:24:16.688666 1088 13@spanconfig/spanconfigstore/store.go:364  [T1,Vsystem,n1,job=AUTO SPAN CONFIG RECONCILIATION id=1205416266018422785] 414  changing the spanconfig for span:/Table/3{3-4} from:{RangeMinBytes:134217728 RangeMaxBytes:536870912 GCPolicy:{TTLSeconds:14400 ProtectionPolicies:[] IgnoreStrictEnforcement:true} GlobalReads:false NumReplicas:5 NumVoters:0 Constraints:[] VoterConstraints:[] LeasePreferences:[] RangefeedEnabled:true ExcludeDataFromBackup:false} to:{RangeMinBytes:134217728 RangeMaxBytes:536870912 GCPolicy:{TTLSeconds:14400 ProtectionPolicies:[] IgnoreStrictEnforcement:true} GlobalReads:false NumReplicas:1 NumVoters:0 Constraints:[] VoterConstraints:[] LeasePreferences:[] RangefeedEnabled:true ExcludeDataFromBackup:false}
I260828 16:24:16.688711 1088 13@spanconfig/spanconfigstore/store.go:364  [T1,Vsystem,n1,job=AUTO SPAN CONFIG RECONCILIATION id=1205416266018422785] 415  changing the spanconfig for span:/Table/3{4-5} from:{RangeMinBytes:134217728 RangeMaxBytes:536870912 GCPolicy:{TTLSeconds:14400 ProtectionPolicies:[] IgnoreStrictEnforcement:true} GlobalReads:false NumReplicas:5 NumVoters:0 Constraints:[] VoterConstraints:[] LeasePreferences:[] RangefeedEnabled:true ExcludeDataFromBackup:false} to:{RangeMinBytes:134217728 RangeMaxBytes:536870912 GCPolicy:{TTLSeconds:14400 ProtectionPolicies:[] IgnoreStrictEnforcement:true} GlobalReads:false NumReplicas:1 NumVoters:0 Constraints:[] VoterConstraints:[] LeasePreferences:[] RangefeedEnabled:true ExcludeDataFromBackup:false}
I260828 16:24:16.688750 1088 13@spanconfig/spanconfigstore/store.go:364  [T1,Vsystem,n1,job=AUTO SPAN CONFIG RECONCILIATION id=1205416266018422785] 416  changing the spanconfig for span:/Table/3{5-6} from:{RangeMinBytes:134217728 RangeMaxBytes:536870912 GCPolicy:{TTLSeconds:14400 ProtectionPolicies:[] IgnoreStrictEnforcement:true} GlobalReads:false NumReplicas:5 NumVoters:0 Constraints:[] VoterConstraints:[] LeasePreferences:[] RangefeedEnabled:true ExcludeDataFromBackup:false} to:{RangeMinBytes:134217728 RangeMaxBytes:536870912 GCPolicy:{TTLSeconds:14400 ProtectionPolicies:[] IgnoreStrictEnforcement:true} GlobalReads:false NumReplicas:1 NumVoters:0 Constraints:[] VoterConstraints:[] LeasePreferences:[] RangefeedEnabled:true ExcludeDataFromBackup:false}
I260828 16:24:16.688796 1088 13@spanconfig/spanconfigstore/store.go:364  [T1,Vsystem,n1,job=AUTO SPAN CONFIG RECONCILIATION id=1205416266018422785] 417  changing the spanconfig for span:/Table/3{6-7} from:{RangeMinBytes:134217728 RangeMaxBytes:536870912 GCPolicy:{TTLSeconds:14400 ProtectionPolicies:[] IgnoreStrictEnforcement:true} GlobalReads:false NumReplicas:5 NumVoters:0 Constraints:[] VoterConstraints:[] LeasePreferences:[] RangefeedEnabled:true ExcludeDataFromBackup:false} to:{RangeMinBytes:134217728 RangeMaxBytes:536870912 GCPolicy:{TTLSeconds:14400 ProtectionPolicies:[] IgnoreStrictEnforcement:true} GlobalReads:false NumReplicas:1 NumVoters:0 Constraints:[] VoterConstraints:[] LeasePreferences:[] RangefeedEnabled:true ExcludeDataFromBackup:false}
I260828 16:24:16.688835 1088 13@spanconfig/spanconfigstore/store.go:364  [T1,Vsystem,n1,job=AUTO SPAN CONFIG RECONCILIATION id=1205416266018422785] 418  changing the spanconfig for span:/Table/3{7-8} from:{RangeMinBytes:134217728 RangeMaxBytes:536870912 GCPolicy:{TTLSeconds:14400 ProtectionPolicies:[] IgnoreStrictEnforcement:true} GlobalReads:false NumReplicas:5 NumVoters:0 Constraints:[] VoterConstraints:[] LeasePreferences:[] RangefeedEnabled:true ExcludeDataFromBackup:false} to:{RangeMinBytes:134217728 RangeMaxBytes:536870912 GCPolicy:{TTLSeconds:14400 ProtectionPolicies:[] IgnoreStrictEnforcement:true} GlobalReads:false NumReplicas:1 NumVoters:0 Constraints:[] VoterConstraints:[] LeasePreferences:[] RangefeedEnabled:true ExcludeDataFromBackup:false}
I260828 16:24:16.688877 1088 13@spanconfig/spanconfigstore/store.go:364  [T1,Vsystem,n1,job=AUTO SPAN CONFIG RECONCILIATION id=1205416266018422785] 419  changing the spanconfig for span:/Table/{39-40} from:{RangeMinBytes:134217728 RangeMaxBytes:536870912 GCPolicy:{TTLSeconds:14400 ProtectionPolicies:[] IgnoreStrictEnforcement:true} GlobalReads:false NumReplicas:5 NumVoters:0 Constraints:[] VoterConstraints:[] LeasePreferences:[] RangefeedEnabled:true ExcludeDataFromBackup:false} to:{RangeMinBytes:134217728 RangeMaxBytes:536870912 GCPolicy:{TTLSeconds:14400 ProtectionPolicies:[] IgnoreStrictEnforcement:true} GlobalReads:false NumReplicas:1 NumVoters:0 Constraints:[] VoterConstraints:[] LeasePreferences:[] RangefeedEnabled:true ExcludeDataFromBackup:false}
I260828 16:24:16.688918 1088 13@spanconfig/spanconfigstore/store.go:364  [T1,Vsystem,n1,job=AUTO SPAN CONFIG RECONCILIATION id=1205416266018422785] 420  changing the spanconfig for span:/Table/4{0-1} from:{RangeMinBytes:134217728 RangeMaxBytes:536870912 GCPolicy:{TTLSeconds:14400 ProtectionPolicies:[] IgnoreStrictEnforcement:true} GlobalReads:false NumReplicas:5 NumVoters:0 Constraints:[] VoterConstraints:[] LeasePreferences:[] RangefeedEnabled:true ExcludeDataFromBackup:false} to:{RangeMinBytes:134217728 RangeMaxBytes:536870912 GCPolicy:{TTLSeconds:14400 ProtectionPolicies:[] IgnoreStrictEnforcement:true} GlobalReads:false NumReplicas:1 NumVoters:0 Constraints:[] VoterConstraints:[] LeasePreferences:[] RangefeedEnabled:true ExcludeDataFromBackup:false}
I260828 16:24:16.688955 1088 13@spanconfig/spanconfigstore/store.go:364  [T1,Vsystem,n1,job=AUTO SPAN CONFIG RECONCILIATION id=1205416266018422785] 421  changing the spanconfig for span:/Table/4{1-2} from:{RangeMinBytes:134217728 RangeMaxBytes:536870912 GCPolicy:{TTLSeconds:14400 ProtectionPolicies:[] IgnoreStrictEnforcement:true} GlobalReads:false NumReplicas:5 NumVoters:0 Constraints:[] VoterConstraints:[] LeasePreferences:[] RangefeedEnabled:true ExcludeDataFromBackup:false} to:{RangeMinBytes:134217728 RangeMaxBytes:536870912 GCPolicy:{TTLSeconds:14400 ProtectionPolicies:[] IgnoreStrictEnforcement:true} GlobalReads:false NumReplicas:1 NumVoters:0 Constraints:[] VoterConstraints:[] LeasePreferences:[] RangefeedEnabled:true ExcludeDataFromBackup:false}
I260828 16:24:16.688996 1088 13@spanconfig/spanconfigstore/store.go:364  [T1,Vsystem,n1,job=AUTO SPAN CONFIG RECONCILIATION id=1205416266018422785] 422  changing the spanconfig for span:/Table/4{2-3} from:{RangeMinBytes:134217728 RangeMaxBytes:536870912 GCPolicy:{TTLSeconds:14400 ProtectionPolicies:[] IgnoreStrictEnforcement:true} GlobalReads:false NumReplicas:5 NumVoters:0 Constraints:[] VoterConstraints:[] LeasePreferences:[] RangefeedEnabled:true ExcludeDataFromBackup:false} to:{RangeMinBytes:134217728 RangeMaxBytes:536870912 GCPolicy:{TTLSeconds:3600 ProtectionPolicies:[] IgnoreStrictEnforcement:true} GlobalReads:false NumReplicas:1 NumVoters:0 Constraints:[] VoterConstraints:[] LeasePreferences:[] RangefeedEnabled:true ExcludeDataFromBackup:false}
I260828 16:24:16.689036 1088 13@spanconfig/spanconfigstore/store.go:364  [T1,Vsystem,n1,job=AUTO SPAN CONFIG RECONCILIATION id=1205416266018422785] 423  changing the spanconfig for span:/Table/4{3-4} from:{RangeMinBytes:134217728 RangeMaxBytes:536870912 GCPolicy:{TTLSeconds:14400 ProtectionPolicies:[] IgnoreStrictEnforcement:true} GlobalReads:false NumReplicas:5 NumVoters:0 Constraints:[] VoterConstraints:[] LeasePreferences:[] RangefeedEnabled:true ExcludeDataFromBackup:false} to:{RangeMinBytes:134217728 RangeMaxBytes:536870912 GCPolicy:{TTLSeconds:3600 ProtectionPolicies:[] IgnoreStrictEnforcement:true} GlobalReads:false NumReplicas:1 NumVoters:0 Constraints:[] VoterConstraints:[] LeasePreferences:[] RangefeedEnabled:true ExcludeDataFromBackup:false}
I260828 16:24:16.689104 1088 13@spanconfig/spanconfigstore/store.go:364  [T1,Vsystem,n1,job=AUTO SPAN CONFIG RECONCILIATION id=1205416266018422785] 424  changing the spanconfig for span:/Table/4{4-5} from:{RangeMinBytes:134217728 RangeMaxBytes:536870912 GCPolicy:{TTLSeconds:14400 ProtectionPolicies:[] IgnoreStrictEnforcement:true} GlobalReads:false NumReplicas:5 NumVoters:0 Constraints:[] VoterConstraints:[] LeasePreferences:[] RangefeedEnabled:true ExcludeDataFromBackup:false} to:{RangeMinBytes:134217728 RangeMaxBytes:536870912 GCPolicy:{TTLSeconds:14400 ProtectionPolicies:[] IgnoreStrictEnforcement:true} GlobalReads:false NumReplicas:1 NumVoters:0 Constraints:[] VoterConstraints:[] LeasePreferences:[] RangefeedEnabled:true ExcludeDataFromBackup:false}
I260828 16:24:16.689143 1088 13@spanconfig/spanconfigstore/store.go:364  [T1,Vsystem,n1,job=AUTO SPAN CONFIG RECONCILIATION id=1205416266018422785] 425  changing the spanconfig for span:/Table/4{5-6} from:{RangeMinBytes:134217728 RangeMaxBytes:536870912 GCPolicy:{TTLSeconds:7200 ProtectionPolicies:[] IgnoreStrictEnforcement:true} GlobalReads:false NumReplicas:5 NumVoters:0 Constraints:[] VoterConstraints:[] LeasePreferences:[] RangefeedEnabled:true ExcludeDataFromBackup:true} to:{RangeMinBytes:134217728 RangeMaxBytes:536870912 GCPolicy:{TTLSeconds:7200 ProtectionPolicies:[] IgnoreStrictEnforcement:true} GlobalReads:false NumReplicas:1 NumVoters:0 Constraints:[] VoterConstraints:[] LeasePreferences:[] RangefeedEnabled:true ExcludeDataFromBackup:true}
I260828 16:24:16.689184 1088 13@spanconfig/spanconfigstore/store.go:364  [T1,Vsystem,n1,job=AUTO SPAN CONFIG RECONCILIATION id=1205416266018422785] 426  changing the spanconfig for span:/Table/4{6-7} from:{RangeMinBytes:134217728 RangeMaxBytes:536870912 GCPolicy:{TTLSeconds:14400 ProtectionPolicies:[] IgnoreStrictEnforcement:true} GlobalReads:false NumReplicas:5 NumVoters:0 Constraints:[] VoterConstraints:[] LeasePreferences:[] RangefeedEnabled:true ExcludeDataFromBackup:false} to:{RangeMinBytes:134217728 RangeMaxBytes:536870912 GCPolicy:{TTLSeconds:14400 ProtectionPolicies:[] IgnoreStrictEnforcement:true} GlobalReads:false NumReplicas:1 NumVoters:0 Constraints:[] VoterConstraints:[] LeasePreferences:[] RangefeedEnabled:true ExcludeDataFromBackup:false}
I260828 16:24:16.689221 1088 13@spanconfig/spanconfigstore/store.go:364  [T1,Vsystem,n1,job=AUTO SPAN CONFIG RECONCILIATION id=1205416266018422785] 427  changing the spanconfig for span:/Table/4{7-8} from:{RangeMinBytes:134217728 RangeMaxBytes:536870912 GCPolicy:{TTLSeconds:14400 ProtectionPolicies:[] IgnoreStrictEnforcement:true} GlobalReads:false NumReplicas:5 NumVoters:0 Constraints:[] VoterConstraints:[] LeasePreferences:[] RangefeedEnabled:true ExcludeDataFromBackup:true} to:{RangeMinBytes:134217728 RangeMaxBytes:536870912 GCPolicy:{TTLSeconds:14400 ProtectionPolicies:[] IgnoreStrictEnforcement:true} GlobalReads:false NumReplicas:1 NumVoters:0 Constraints:[] VoterConstraints:[] LeasePreferences:[] RangefeedEnabled:true ExcludeDataFromBackup:true}
I260828 16:24:16.689261 1088 13@spanconfig/spanconfigstore/store.go:364  [T1,Vsystem,n1,job=AUTO SPAN CONFIG RECONCILIATION id=1205416266018422785] 428  changing the spanconfig for span:/Table/4{8-9} from:{RangeMinBytes:134217728 RangeMaxBytes:536870912 GCPolicy:{TTLSeconds:14400 ProtectionPolicies:[] IgnoreStrictEnforcement:true} GlobalReads:false NumReplicas:5 NumVoters:0 Constraints:[] VoterConstraints:[] LeasePreferences:[] RangefeedEnabled:true ExcludeDataFromBackup:false} to:{RangeMinBytes:134217728 RangeMaxBytes:536870912 GCPolicy:{TTLSeconds:14400 ProtectionPolicies:[] IgnoreStrictEnforcement:true} GlobalReads:false NumReplicas:1 NumVoters:0 Constraints:[] VoterConstraints:[] LeasePreferences:[] RangefeedEnabled:true ExcludeDataFromBackup:false}
I260828 16:24:16.689300 1088 13@spanconfig/spanconfigstore/store.go:364  [T1,Vsystem,n1,job=AUTO SPAN CONFIG RECONCILIATION id=1205416266018422785] 429  changing the spanconfig for span:/Table/5{0-1} from:{RangeMinBytes:134217728 RangeMaxBytes:536870912 GCPolicy:{TTLSeconds:14400 ProtectionPolicies:[] IgnoreStrictEnforcement:true} GlobalReads:false NumReplicas:5 NumVoters:0 Constraints:[] VoterConstraints:[] LeasePreferences:[] RangefeedEnabled:true ExcludeDataFromBackup:false} to:{RangeMinBytes:134217728 RangeMaxBytes:536870912 GCPolicy:{TTLSeconds:14400 ProtectionPolicies:[] IgnoreStrictEnforcement:true} GlobalReads:false NumReplicas:1 NumVoters:0 Constraints:[] VoterConstraints:[] LeasePreferences:[] RangefeedEnabled:true ExcludeDataFromBackup:false}
I260828 16:24:16.689342 1088 13@spanconfig/spanconfigstore/store.go:364  [T1,Vsystem,n1,job=AUTO SPAN CONFIG RECONCILIATION id=1205416266018422785] 430  changing the spanconfig for span:/Table/5{1-2} from:{RangeMinBytes:134217728 RangeMaxBytes:536870912 GCPolicy:{TTLSeconds:14400 ProtectionPolicies:[] IgnoreStrictEnforcement:true} GlobalReads:false NumReplicas:5 NumVoters:0 Constraints:[] VoterConstraints:[] LeasePreferences:[] RangefeedEnabled:true ExcludeDataFromBackup:false} to:{RangeMinBytes:134217728 RangeMaxBytes:536870912 GCPolicy:{TTLSeconds:14400 ProtectionPolicies:[] IgnoreStrictEnforcement:true} GlobalReads:false NumReplicas:1 NumVoters:0 Constraints:[] VoterConstraints:[] LeasePreferences:[] RangefeedEnabled:true ExcludeDataFromBackup:false}
I260828 16:24:16.689395 1088 13@spanconfig/spanconfigstore/store.go:364  [T1,Vsystem,n1,job=AUTO SPAN CONFIG RECONCILIATION id=1205416266018422785] 431  changing the spanconfig for span:/Table/5{2-3} from:{RangeMinBytes:134217728 RangeMaxBytes:536870912 GCPolicy:{TTLSeconds:14400 ProtectionPolicies:[] IgnoreStrictEnforcement:true} GlobalReads:false NumReplicas:5 NumVoters:0 Constraints:[] VoterConstraints:[] LeasePreferences:[] RangefeedEnabled:true ExcludeDataFromBackup:false} to:{RangeMinBytes:134217728 RangeMaxBytes:536870912 GCPolicy:{TTLSeconds:14400 ProtectionPolicies:[] IgnoreStrictEnforcement:true} GlobalReads:false NumReplicas:1 NumVoters:0 Constraints:[] VoterConstraints:[] LeasePreferences:[] RangefeedEnabled:true ExcludeDataFromBackup:false}
I260828 16:24:16.689436 1088 13@spanconfig/spanconfigstore/store.go:364  [T1,Vsystem,n1,job=AUTO SPAN CONFIG RECONCILIATION id=1205416266018422785] 432  changing the spanconfig for span:/Table/5{3-4} from:{RangeMinBytes:134217728 RangeMaxBytes:536870912 GCPolicy:{TTLSeconds:14400 ProtectionPolicies:[] IgnoreStrictEnforcement:true} GlobalReads:false NumReplicas:5 NumVoters:0 Constraints:[] VoterConstraints:[] LeasePreferences:[] RangefeedEnabled:true ExcludeDataFromBackup:false} to:{RangeMinBytes:134217728 RangeMaxBytes:536870912 GCPolicy:{TTLSeconds:14400 ProtectionPolicies:[] IgnoreStrictEnforcement:true} GlobalReads:false NumReplicas:1 NumVoters:0 Constraints:[] VoterConstraints:[] LeasePreferences:[] RangefeedEnabled:true ExcludeDataFromBackup:false}
I260828 16:24:16.689470 1088 13@spanconfig/spanconfigstore/store.go:364  [T1,Vsystem,n1,job=AUTO SPAN CONFIG RECONCILIATION id=1205416266018422785] 433  changing the spanconfig for span:/Table/5{4-5} from:{RangeMinBytes:134217728 RangeMaxBytes:536870912 GCPolicy:{TTLSeconds:14400 ProtectionPolicies:[] IgnoreStrictEnforcement:true} GlobalReads:false NumReplicas:5 NumVoters:0 Constraints:[] VoterConstraints:[] LeasePreferences:[] RangefeedEnabled:true ExcludeDataFromBackup:false} to:{RangeMinBytes:134217728 RangeMaxBytes:536870912 GCPolicy:{TTLSeconds:14400 ProtectionPolicies:[] IgnoreStrictEnforcement:true} GlobalReads:false NumReplicas:1 NumVoters:0 Constraints:[] VoterConstraints:[] LeasePreferences:[] RangefeedEnabled:true ExcludeDataFromBackup:false}
I260828 16:24:16.689502 1088 13@spanconfig/spanconfigstore/store.go:364  [T1,Vsystem,n1,job=AUTO SPAN CONFIG RECONCILIATION id=1205416266018422785] 434  changing the spanconfig for span:/Table/5{5-6} from:{RangeMinBytes:134217728 RangeMaxBytes:536870912 GCPolicy:{TTLSeconds:14400 ProtectionPolicies:[] IgnoreStrictEnforcement:true} GlobalReads:false NumReplicas:5 NumVoters:0 Constraints:[] VoterConstraints:[] LeasePreferences:[] RangefeedEnabled:true ExcludeDataFromBackup:false} to:{RangeMinBytes:134217728 RangeMaxBytes:536870912 GCPolicy:{TTLSeconds:14400 ProtectionPolicies:[] IgnoreStrictEnforcement:true} GlobalReads:false NumReplicas:1 NumVoters:0 Constraints:[] VoterConstraints:[] LeasePreferences:[] RangefeedEnabled:true ExcludeDataFromBackup:false}
I260828 16:24:16.689526 1088 13@spanconfig/spanconfigstore/store.go:364  [T1,Vsystem,n1,job=AUTO SPAN CONFIG RECONCILIATION id=1205416266018422785] 435  changing the spanconfig for span:/Table/5{6-7} from:{RangeMinBytes:134217728 RangeMaxBytes:536870912 GCPolicy:{TTLSeconds:14400 ProtectionPolicies:[] IgnoreStrictEnforcement:true} GlobalReads:false NumReplicas:5 NumVoters:0 Constraints:[] VoterConstraints:[] LeasePreferences:[] RangefeedEnabled:true ExcludeDataFromBackup:false} to:{RangeMinBytes:134217728 RangeMaxBytes:536870912 GCPolicy:{TTLSeconds:14400 ProtectionPolicies:[] IgnoreStrictEnforcement:true} GlobalReads:false NumReplicas:1 NumVoters:0 Constraints:[] VoterConstraints:[] LeasePreferences:[] RangefeedEnabled:true ExcludeDataFromBackup:false}
I260828 16:24:16.689549 1088 13@spanconfig/spanconfigstore/store.go:364  [T1,Vsystem,n1,job=AUTO SPAN CONFIG RECONCILIATION id=1205416266018422785] 436  changing the spanconfig for span:/Table/5{7-8} from:{RangeMinBytes:134217728 RangeMaxBytes:536870912 GCPolicy:{TTLSeconds:14400 ProtectionPolicies:[] IgnoreStrictEnforcement:true} GlobalReads:false NumReplicas:5 NumVoters:0 Constraints:[] VoterConstraints:[] LeasePreferences:[] RangefeedEnabled:true ExcludeDataFromBackup:false} to:{RangeMinBytes:134217728 RangeMaxBytes:536870912 GCPolicy:{TTLSeconds:14400 ProtectionPolicies:[] IgnoreStrictEnforcement:true} GlobalReads:false NumReplicas:1 NumVoters:0 Constraints:[] VoterConstraints:[] LeasePreferences:[] RangefeedEnabled:true ExcludeDataFromBackup:false}
I260828 16:24:16.689576 1088 13@spanconfig/spanconfigstore/store.go:364  [T1,Vsystem,n1,job=AUTO SPAN CONFIG RECONCILIATION id=1205416266018422785] 437  changing the spanconfig for span:/Table/5{8-9} from:{RangeMinBytes:134217728 RangeMaxBytes:536870912 GCPolicy:{TTLSeconds:3600 ProtectionPolicies:[] IgnoreStrictEnforcement:true} GlobalReads:false NumReplicas:5 NumVoters:0 Constraints:[] VoterConstraints:[] LeasePreferences:[] RangefeedEnabled:true ExcludeDataFromBackup:false} to:{RangeMinBytes:134217728 RangeMaxBytes:536870912 GCPolicy:{TTLSeconds:3600 ProtectionPolicies:[] IgnoreStrictEnforcement:true} GlobalReads:false NumReplicas:1 NumVoters:0 Constraints:[] VoterConstraints:[] LeasePreferences:[] RangefeedEnabled:true ExcludeDataFromBackup:false}
I260828 16:24:16.689601 1088 13@spanconfig/spanconfigstore/store.go:364  [T1,Vsystem,n1,job=AUTO SPAN CONFIG RECONCILIATION id=1205416266018422785] 438  changing the spanconfig for span:/Table/{59-60} from:{RangeMinBytes:134217728 RangeMaxBytes:536870912 GCPolicy:{TTLSeconds:14400 ProtectionPolicies:[] IgnoreStrictEnforcement:true} GlobalReads:false NumReplicas:5 NumVoters:0 Constraints:[] VoterConstraints:[] LeasePreferences:[] RangefeedEnabled:true ExcludeDataFromBackup:false} to:{RangeMinBytes:134217728 RangeMaxBytes:536870912 GCPolicy:{TTLSeconds:14400 ProtectionPolicies:[] IgnoreStrictEnforcement:true} GlobalReads:false NumReplicas:1 NumVoters:0 Constraints:[] VoterConstraints:[] LeasePreferences:[] RangefeedEnabled:true ExcludeDataFromBackup:false}
I260828 16:24:16.689624 1088 13@spanconfig/spanconfigstore/store.go:364  [T1,Vsystem,n1,job=AUTO SPAN CONFIG RECONCILIATION id=1205416266018422785] 439  changing the spanconfig for span:/Table/6{0-1} from:{RangeMinBytes:134217728 RangeMaxBytes:536870912 GCPolicy:{TTLSeconds:14400 ProtectionPolicies:[] IgnoreStrictEnforcement:true} GlobalReads:false NumReplicas:5 NumVoters:0 Constraints:[] VoterConstraints:[] LeasePreferences:[] RangefeedEnabled:true ExcludeDataFromBackup:false} to:{RangeMinBytes:134217728 RangeMaxBytes:536870912 GCPolicy:{TTLSeconds:14400 ProtectionPolicies:[] IgnoreStrictEnforcement:true} GlobalReads:false NumReplicas:1 NumVoters:0 Constraints:[] VoterConstraints:[] LeasePreferences:[] RangefeedEnabled:true ExcludeDataFromBackup:false}
I260828 16:24:16.689647 1088 13@spanconfig/spanconfigstore/store.go:364  [T1,Vsystem,n1,job=AUTO SPAN CONFIG RECONCILIATION id=1205416266018422785] 440  changing the spanconfig for span:/Table/6{1-2} from:{RangeMinBytes:134217728 RangeMaxBytes:536870912 GCPolicy:{TTLSeconds:14400 ProtectionPolicies:[] IgnoreStrictEnforcement:true} GlobalReads:false NumReplicas:5 NumVoters:0 Constraints:[] VoterConstraints:[] LeasePreferences:[] RangefeedEnabled:true ExcludeDataFromBackup:false} to:{RangeMinBytes:134217728 RangeMaxBytes:536870912 GCPolicy:{TTLSeconds:3600 ProtectionPolicies:[] IgnoreStrictEnforcement:true} GlobalReads:false NumReplicas:1 NumVoters:0 Constraints:[] VoterConstraints:[] LeasePreferences:[] RangefeedEnabled:true ExcludeDataFromBackup:false}
I260828 16:24:16.689671 1088 13@spanconfig/spanconfigstore/store.go:364  [T1,Vsystem,n1,job=AUTO SPAN CONFIG RECONCILIATION id=1205416266018422785] 441  changing the spanconfig for span:/Table/6{2-3} from:{RangeMinBytes:134217728 RangeMaxBytes:536870912 GCPolicy:{TTLSeconds:14400 ProtectionPolicies:[] IgnoreStrictEnforcement:true} GlobalReads:false NumReplicas:5 NumVoters:0 Constraints:[] VoterConstraints:[] LeasePreferences:[] RangefeedEnabled:true ExcludeDataFromBackup:false} to:{RangeMinBytes:134217728 RangeMaxBytes:536870912 GCPolicy:{TTLSeconds:3600 ProtectionPolicies:[] IgnoreStrictEnforcement:true} GlobalReads:false NumReplicas:1 NumVoters:0 Constraints:[] VoterConstraints:[] LeasePreferences:[] RangefeedEnabled:true ExcludeDataFromBackup:false}
I260828 16:24:16.689696 1088 13@spanconfig/spanconfigstore/store.go:364  [T1,Vsystem,n1,job=AUTO SPAN CONFIG RECONCILIATION id=1205416266018422785] 442  changing the spanconfig for span:/Table/6{3-4} from:{RangeMinBytes:134217728 RangeMaxBytes:536870912 GCPolicy:{TTLSeconds:14400 ProtectionPolicies:[] IgnoreStrictEnforcement:true} GlobalReads:false NumReplicas:5 NumVoters:0 Constraints:[] VoterConstraints:[] LeasePreferences:[] RangefeedEnabled:true ExcludeDataFromBackup:false} to:{RangeMinBytes:134217728 RangeMaxBytes:536870912 GCPolicy:{TTLSeconds:14400 ProtectionPolicies:[] IgnoreStrictEnforcement:true} GlobalReads:false NumReplicas:1 NumVoters:0 Constraints:[] VoterConstraints:[] LeasePreferences:[] RangefeedEnabled:true ExcludeDataFromBackup:false}
I260828 16:24:16.689719 1088 13@spanconfig/spanconfigstore/store.go:364  [T1,Vsystem,n1,job=AUTO SPAN CONFIG RECONCILIATION id=1205416266018422785] 443  changing the spanconfig for span:/Table/6{4-5} from:{RangeMinBytes:134217728 RangeMaxBytes:536870912 GCPolicy:{TTLSeconds:14400 ProtectionPolicies:[] IgnoreStrictEnforcement:true} GlobalReads:false NumReplicas:5 NumVoters:0 Constraints:[] VoterConstraints:[] LeasePreferences:[] RangefeedEnabled:true ExcludeDataFromBackup:false} to:{RangeMinBytes:134217728 RangeMaxBytes:536870912 GCPolicy:{TTLSeconds:14400 ProtectionPolicies:[] IgnoreStrictEnforcement:true} GlobalReads:false NumReplicas:1 NumVoters:0 Constraints:[] VoterConstraints:[] LeasePreferences:[] RangefeedEnabled:true ExcludeDataFromBackup:false}
I260828 16:24:16.689742 1088 13@spanconfig/spanconfigstore/store.go:364  [T1,Vsystem,n1,job=AUTO SPAN CONFIG RECONCILIATION id=1205416266018422785] 444  changing the spanconfig for span:/Table/6{5-6} from:{RangeMinBytes:134217728 RangeMaxBytes:536870912 GCPolicy:{TTLSeconds:14400 ProtectionPolicies:[] IgnoreStrictEnforcement:true} GlobalReads:false NumReplicas:5 NumVoters:0 Constraints:[] VoterConstraints:[] LeasePreferences:[] RangefeedEnabled:true ExcludeDataFromBackup:false} to:{RangeMinBytes:134217728 RangeMaxBytes:536870912 GCPolicy:{TTLSeconds:14400 ProtectionPolicies:[] IgnoreStrictEnforcement:true} GlobalReads:false NumReplicas:1 NumVoters:0 Constraints:[] VoterConstraints:[] LeasePreferences:[] RangefeedEnabled:true ExcludeDataFromBackup:false}
I260828 16:24:16.689765 1088 13@spanconfig/spanconfigstore/store.go:364  [T1,Vsystem,n1,job=AUTO SPAN CONFIG RECONCILIATION id=1205416266018422785] 445  changing the spanconfig for span:/Table/6{6-7} from:{RangeMinBytes:134217728 RangeMaxBytes:536870912 GCPolicy:{TTLSeconds:14400 ProtectionPolicies:[] IgnoreStrictEnforcement:true} GlobalReads:false NumReplicas:5 NumVoters:0 Constraints:[] VoterConstraints:[] LeasePreferences:[] RangefeedEnabled:true ExcludeDataFromBackup:false} to:{RangeMinBytes:134217728 RangeMaxBytes:536870912 GCPolicy:{TTLSeconds:14400 ProtectionPolicies:[] IgnoreStrictEnforcement:true} GlobalReads:false NumReplicas:1 NumVoters:0 Constraints:[] VoterConstraints:[] LeasePreferences:[] RangefeedEnabled:true ExcludeDataFromBackup:false}
I260828 16:24:16.689788 1088 13@spanconfig/spanconfigstore/store.go:364  [T1,Vsystem,n1,job=AUTO SPAN CONFIG RECONCILIATION id=1205416266018422785] 446  changing the spanconfig for span:/Table/6{7-8} from:{RangeMinBytes:134217728 RangeMaxBytes:536870912 GCPolicy:{TTLSeconds:14400 ProtectionPolicies:[] IgnoreStrictEnforcement:true} GlobalReads:false NumReplicas:5 NumVoters:0 Constraints:[] VoterConstraints:[] LeasePreferences:[] RangefeedEnabled:true ExcludeDataFromBackup:false} to:{RangeMinBytes:134217728 RangeMaxBytes:536870912 GCPolicy:{TTLSeconds:14400 ProtectionPolicies:[] IgnoreStrictEnforcement:true} GlobalReads:false NumReplicas:1 NumVoters:0 Constraints:[] VoterConstraints:[] LeasePreferences:[] RangefeedEnabled:true ExcludeDataFromBackup:false}
I260828 16:24:16.689812 1088 13@spanconfig/spanconfigstore/store.go:364  [T1,Vsystem,n1,job=AUTO SPAN CONFIG RECONCILIATION id=1205416266018422785] 447  changing the spanconfig for span:/Table/6{8-9} from:{RangeMinBytes:134217728 RangeMaxBytes:536870912 GCPolicy:{TTLSeconds:14400 ProtectionPolicies:[] IgnoreStrictEnforcement:true} GlobalReads:false NumReplicas:5 NumVoters:0 Constraints:[] VoterConstraints:[] LeasePreferences:[] RangefeedEnabled:true ExcludeDataFromBackup:false} to:{RangeMinBytes:134217728 RangeMaxBytes:536870912 GCPolicy:{TTLSeconds:14400 ProtectionPolicies:[] IgnoreStrictEnforcement:true} GlobalReads:false NumReplicas:1 NumVoters:0 Constraints:[] VoterConstraints:[] LeasePreferences:[] RangefeedEnabled:true ExcludeDataFromBackup:false}
I260828 16:24:16.689835 1088 13@spanconfig/spanconfigstore/store.go:364  [T1,Vsystem,n1,job=AUTO SPAN CONFIG RECONCILIATION id=1205416266018422785] 448  changing the spanconfig for span:/Table/{69-70} from:{RangeMinBytes:134217728 RangeMaxBytes:536870912 GCPolicy:{TTLSeconds:14400 ProtectionPolicies:[] IgnoreStrictEnforcement:true} GlobalReads:false NumReplicas:5 NumVoters:0 Constraints:[] VoterConstraints:[] LeasePreferences:[] RangefeedEnabled:true ExcludeDataFromBackup:false} to:{RangeMinBytes:134217728 RangeMaxBytes:536870912 GCPolicy:{TTLSeconds:14400 ProtectionPolicies:[] IgnoreStrictEnforcement:true} GlobalReads:false NumReplicas:1 NumVoters:0 Constraints:[] VoterConstraints:[] LeasePreferences:[] RangefeedEnabled:true ExcludeDataFromBackup:false}
I260828 16:24:16.689858 1088 13@spanconfig/spanconfigstore/store.go:364  [T1,Vsystem,n1,job=AUTO SPAN CONFIG RECONCILIATION id=1205416266018422785] 449  changing the spanconfig for span:/Table/7{0-1} from:{RangeMinBytes:134217728 RangeMaxBytes:536870912 GCPolicy:{TTLSeconds:14400 ProtectionPolicies:[] IgnoreStrictEnforcement:true} GlobalReads:false NumReplicas:5 NumVoters:0 Constraints:[] VoterConstraints:[] LeasePreferences:[] RangefeedEnabled:true ExcludeDataFromBackup:false} to:{RangeMinBytes:134217728 RangeMaxBytes:536870912 GCPolicy:{TTLSeconds:14400 ProtectionPolicies:[] IgnoreStrictEnforcement:true} GlobalReads:false NumReplicas:1 NumVoters:0 Constraints:[] VoterConstraints:[] LeasePreferences:[] RangefeedEnabled:true ExcludeDataFromBackup:false}
I260828 16:24:16.689881 1088 13@spanconfig/spanconfigstore/store.go:364  [T1,Vsystem,n1,job=AUTO SPAN CONFIG RECONCILIATION id=1205416266018422785] 450  changing the spanconfig for span:/Table/7{1-2} from:{RangeMinBytes:134217728 RangeMaxBytes:536870912 GCPolicy:{TTLSeconds:14400 ProtectionPolicies:[] IgnoreStrictEnforcement:true} GlobalReads:false NumReplicas:5 NumVoters:0 Constraints:[] VoterConstraints:[] LeasePreferences:[] RangefeedEnabled:true ExcludeDataFromBackup:false} to:{RangeMinBytes:134217728 RangeMaxBytes:536870912 GCPolicy:{TTLSeconds:14400 ProtectionPolicies:[] IgnoreStrictEnforcement:true} GlobalReads:false NumReplicas:1 NumVoters:0 Constraints:[] VoterConstraints:[] LeasePreferences:[] RangefeedEnabled:true ExcludeDataFromBackup:false}
I260828 16:24:16.689904 1088 13@spanconfig/spanconfigstore/store.go:364  [T1,Vsystem,n1,job=AUTO SPAN CONFIG RECONCILIATION id=1205416266018422785] 451  changing the spanconfig for span:/Table/7{2-3} from:{RangeMinBytes:134217728 RangeMaxBytes:536870912 GCPolicy:{TTLSeconds:14400 ProtectionPolicies:[] IgnoreStrictEnforcement:true} GlobalReads:false NumReplicas:5 NumVoters:0 Constraints:[] VoterConstraints:[] LeasePreferences:[] RangefeedEnabled:true ExcludeDataFromBackup:false} to:{RangeMinBytes:134217728 RangeMaxBytes:536870912 GCPolicy:{TTLSeconds:14400 ProtectionPolicies:[] IgnoreStrictEnforcement:true} GlobalReads:false NumReplicas:1 NumVoters:0 Constraints:[] VoterConstraints:[] LeasePreferences:[] RangefeedEnabled:true ExcludeDataFromBackup:false}
I260828 16:24:16.689928 1088 13@spanconfig/spanconfigstore/store.go:364  [T1,Vsystem,n1,job=AUTO SPAN CONFIG RECONCILIATION id=1205416266018422785] 452  changing the spanconfig for span:/System/NodeLiveness{-Max} from:{RangeMinBytes:134217728 RangeMaxBytes:536870912 GCPolicy:{TTLSeconds:600 ProtectionPolicies:[] IgnoreStrictEnforcement:false} GlobalReads:false NumReplicas:5 NumVoters:0 Constraints:[] VoterConstraints:[] LeasePreferences:[] RangefeedEnabled:false ExcludeDataFromBackup:false} to:{RangeMinBytes:134217728 RangeMaxBytes:536870912 GCPolicy:{TTLSeconds:600 ProtectionPolicies:[] IgnoreStrictEnforcement:false} GlobalReads:false NumReplicas:1 NumVoters:0 Constraints:[] VoterConstraints:[] LeasePreferences:[] RangefeedEnabled:false ExcludeDataFromBackup:false}
I260828 16:24:16.689962 1088 13@spanconfig/spanconfigstore/store.go:364  [T1,Vsystem,n1,job=AUTO SPAN CONFIG RECONCILIATION id=1205416266018422785] 453  changing the spanconfig for span:/{Min-System/NodeLiveness} from:{RangeMinBytes:134217728 RangeMaxBytes:536870912 GCPolicy:{TTLSeconds:3600 ProtectionPolicies:[] IgnoreStrictEnforcement:false} GlobalReads:false NumReplicas:5 NumVoters:0 Constraints:[] VoterConstraints:[] LeasePreferences:[] RangefeedEnabled:false ExcludeDataFromBackup:false} to:{RangeMinBytes:134217728 RangeMaxBytes:536870912 GCPolicy:{TTLSeconds:3600 ProtectionPolicies:[] IgnoreStrictEnforcement:false} GlobalReads:false NumReplicas:1 NumVoters:0 Constraints:[] VoterConstraints:[] LeasePreferences:[] RangefeedEnabled:false ExcludeDataFromBackup:false}
I260828 16:24:16.689987 1088 13@spanconfig/spanconfigstore/store.go:364  [T1,Vsystem,n1,job=AUTO SPAN CONFIG RECONCILIATION id=1205416266018422785] 454  changing the spanconfig for span:/System/{NodeLivenessMax-tsd} from:{RangeMinBytes:134217728 RangeMaxBytes:536870912 GCPolicy:{TTLSeconds:14400 ProtectionPolicies:[] IgnoreStrictEnforcement:false} GlobalReads:false NumReplicas:5 NumVoters:0 Constraints:[] VoterConstraints:[] LeasePreferences:[] RangefeedEnabled:false ExcludeDataFromBackup:false} to:{RangeMinBytes:134217728 RangeMaxBytes:536870912 GCPolicy:{TTLSeconds:14400 ProtectionPolicies:[] IgnoreStrictEnforcement:false} GlobalReads:false NumReplicas:1 NumVoters:0 Constraints:[] VoterConstraints:[] LeasePreferences:[] RangefeedEnabled:false ExcludeDataFromBackup:false}
I260828 16:24:16.690034 1088 13@spanconfig/spanconfigstore/store.go:364  [T1,Vsystem,n1,job=AUTO SPAN CONFIG RECONCILIATION id=1205416266018422785] 455  changing the spanconfig for span:/System{tse-/SystemSpanConfigKeys} from:{RangeMinBytes:134217728 RangeMaxBytes:536870912 GCPolicy:{TTLSeconds:14400 ProtectionPolicies:[] IgnoreStrictEnforcement:false} GlobalReads:false NumReplicas:5 NumVoters:0 Constraints:[] VoterConstraints:[] LeasePreferences:[] RangefeedEnabled:false ExcludeDataFromBackup:false} to:{RangeMinBytes:134217728 RangeMaxBytes:536870912 GCPolicy:{TTLSeconds:14400 ProtectionPolicies:[] IgnoreStrictEnforcement:false} GlobalReads:false NumReplicas:1 NumVoters:0 Constraints:[] VoterConstraints:[] LeasePreferences:[] RangefeedEnabled:false ExcludeDataFromBackup:false}
I260828 16:24:16.690064 1088 13@spanconfig/spanconfigstore/store.go:364  [T1,Vsystem,n1,job=AUTO SPAN CONFIG RECONCILIATION id=1205416266018422785] 456  changing the spanconfig for span:/System{/tsd-tse} from:{RangeMinBytes:134217728 RangeMaxBytes:536870912 GCPolicy:{TTLSeconds:14400 ProtectionPolicies:[] IgnoreStrictEnforcement:false} GlobalReads:false NumReplicas:3 NumVoters:0 Constraints:[] VoterConstraints:[] LeasePreferences:[] RangefeedEnabled:false ExcludeDataFromBackup:false} to:{RangeMinBytes:134217728 RangeMaxBytes:536870912 GCPolicy:{TTLSeconds:14400 ProtectionPolicies:[] IgnoreStrictEnforcement:false} GlobalReads:false NumReplicas:1 NumVoters:0 Constraints:[] VoterConstraints:[] LeasePreferences:[] RangefeedEnabled:false ExcludeDataFromBackup:false}
I260828 16:24:20.660167 656 kv/kvserver/queue.go:1341  [T1,Vsystem,n1,lease] 457  purgatory is now empty
I260828 16:24:20.666920 257 2@util/log/event_log.go:39  [T1,Vsystem,n1] 458 ={"Timestamp":1787934260666916364,"EventType":"runtime_stats","MemRSSBytes":435449856,"GoroutineCount":349,"MemStackSysBytes":5013504,"GoAllocBytes":165092112,"GoTotalBytes":287638856,"HeapFragmentBytes":11879664,"HeapReservedBytes":96370688,"HeapReleasedBytes":2621440,"CGoAllocBytes":4930400,"CGoTotalBytes":10543104,"CGoCallRate":0.00000006711656,"GCPausePercent":0.00000000003588141,"GCRunCount":7,"NetHostRecvBytes":32347,"NetHostSendBytes":22087}
I260828 16:24:20.667057 257 2@server/status/runtime_log.go:43  [T1,Vsystem,n1] 459  runtime stats: 415 MiB RSS, 349 goroutines (stacks: 4.8 MiB), 157 MiB/274 MiB Go alloc/total (heap fragmentation: 11 MiB, heap reserved: 92 MiB, heap released: 2.5 MiB), 4.7 MiB/10 MiB CGO alloc/total (0.0 CGO/sec), 0.0/0.0 %(u/s)time, 0.0 %gc (7x), 32 KiB/22 KiB (r/w)net
I260828 16:24:20.676898 196 3@pebble/event.go:1001  [n1,s1,pebble] 460  [JOB 6] WAL created 000007
I260828 16:24:21.141970 2886 4@util/log/event_log.go:39  [T1,Vsystem,n1,client=172.17.0.1:38894,hostnossl,user=root] 461 ={"Timestamp":1787934261141964321,"EventType":"client_authentication_ok","InstanceID":1,"Network":"tcp","RemoteAddress":"172.17.0.1:38894","SessionID":"18d004bcd51994ab0000000000000001","Transport":"hostnossl","User":"root","SystemIdentity":"root","Method":"insecure"}
I260828 16:24:21.146923 2886 5@util/log/event_log.go:39  [T1,Vsystem,n1,client=172.17.0.1:38894,hostnossl,user=root] 462 ={"Timestamp":1787934261143289231,"EventType":"create_table","Statement":"CREATE TABLE IF NOT EXISTS trnm.public.trnm_schema_migrations (profile STRING NOT NULL, version INT8 NOT NULL, contract_digest BYTES NOT NULL, applied_at TIMESTAMPTZ NOT NULL DEFAULT current_timestamp(), PRIMARY KEY (profile, version), CHECK (version > 0), CHECK (octet_length(contract_digest) = 32))","Tag":"CREATE TABLE","User":"root","DescriptorID":106,"TableName":"trnm.public.trnm_schema_migrations"}
I260828 16:24:21.153660 2886 5@util/log/event_log.go:39  [T1,Vsystem,n1,client=172.17.0.1:38894,hostnossl,user=root] 463 ={"Timestamp":1787934261151106985,"EventType":"create_table","Statement":"CREATE TABLE IF NOT EXISTS trnm.public.trnm_entity_heads (tenant_id UUID NOT NULL, entity_id UUID NOT NULL, revision INT8 NOT NULL, last_sequence INT8 NOT NULL, authority_generation INT8 NOT NULL, state_digest BYTES NOT NULL, updated_at TIMESTAMPTZ NOT NULL DEFAULT current_timestamp(), PRIMARY KEY (tenant_id, entity_id), CHECK (revision >= 0), CHECK (last_sequence >= 0), CHECK (authority_generation > 0), CHECK (octet_length(state_digest) = 32))","Tag":"CREATE TABLE","User":"root","DescriptorID":107,"TableName":"trnm.public.trnm_entity_heads"}
I260828 16:24:21.161222 2886 sql/table.go:205  [T1,Vsystem,n1,client=172.17.0.1:38894,hostnossl,user=root] 464  queued new schema-change job 1205416300253085697 for table 108, mutation 0
I260828 16:24:21.161278 2886 sql/table.go:205  [T1,Vsystem,n1,client=172.17.0.1:38894,hostnossl,user=root] 465  queued new schema-change job 1205416300253249537 for table 107, mutation 0
I260828 16:24:21.170154 2886 5@util/log/event_log.go:39  [T1,Vsystem,n1,client=172.17.0.1:38894,hostnossl,user=root] 466 ={"Timestamp":1787934261156012701,"EventType":"create_table","Statement":"CREATE TABLE IF NOT EXISTS trnm.public.trnm_command_receipts (tenant_id UUID NOT NULL, entity_id UUID NOT NULL, command_id UUID NOT NULL, fingerprint BYTES NOT NULL, committed_revision INT8 NOT NULL, committed_state_digest BYTES NOT NULL, first_sequence INT8, last_sequence INT8 NOT NULL, event_count INT4 NOT NULL, outbox_count INT4 NOT NULL, receipt_bytes BYTES NOT NULL, receipt_digest BYTES NOT NULL, committed_at TIMESTAMPTZ NOT NULL DEFAULT current_timestamp(), PRIMARY KEY (tenant_id, entity_id, command_id), CONSTRAINT trnm_receipt_entity_head_fk FOREIGN KEY (tenant_id, entity_id) REFERENCES trnm.public.trnm_entity_heads (tenant_id, entity_id) ON DELETE RESTRICT, CONSTRAINT trnm_receipt_sequence_shape_ck CHECK ((((event_count = 0) AND (first_sequence IS NULL)) AND (last_sequence >= 0)) OR ((((event_count > 0) AND (first_sequence IS NOT NULL)) AND (first_sequence > 0)) AND (last_sequence = ((first_sequence + event_count) - 1)))), CHECK (octet_length(fingerprint) = 32), CHECK (committed_revision > 0), CHECK (octet_length(committed_state_digest) = 32), CHECK (last_sequence >= 0), CHECK (event_count BETWEEN 0 AND 64), CHECK (outbox_count BETWEEN 0 AND 64), CHECK (octet_length(receipt_digest) = 32))","Tag":"CREATE TABLE","User":"root","DescriptorID":108,"TableName":"trnm.public.trnm_command_receipts"}
I260828 16:24:21.170246 2886 jobs/wait.go:56  [T1,Vsystem,n1,client=172.17.0.1:38894,hostnossl,user=root] 467  waiting for 2 [1205416300253085697 1205416300253249537] queued jobs to complete
I260828 16:24:21.170305 2951 jobs/adopt.go:224  [T1,Vsystem,n1,client=172.17.0.1:38894,hostnossl,user=root,job=1205416300253249537] 468  job 1205416300253249537: resuming execution
I260828 16:24:21.170406 2950 jobs/adopt.go:224  [T1,Vsystem,n1,client=172.17.0.1:38894,hostnossl,user=root,job=1205416300253085697] 469  job 1205416300253085697: resuming execution
I260828 16:24:21.177620 2979 jobs/registry.go:1679  [T1,Vsystem,n1,job=1205416300253085697] 470  SCHEMA CHANGE job 1205416300253085697: stepping through state running
I260828 16:24:21.177685 2909 jobs/registry.go:1679  [T1,Vsystem,n1,job=1205416300253249537] 471  SCHEMA CHANGE job 1205416300253249537: stepping through state running
I260828 16:24:21.183164 2979 1@jobs/structured_log.go:48  [T1,Vsystem,n1,job=1205416300253085697] 472 ={"Timestamp":1787934261183162588,"EventType":"status_change","JobID":1205416300253085697,"JobType":"SCHEMA CHANGE","Description":"status changed to: running","PreviousStatus":"running","NewStatus":"running","RunNum":0}
I260828 16:24:21.183235 2909 1@jobs/structured_log.go:48  [T1,Vsystem,n1,job=1205416300253249537] 473 ={"Timestamp":1787934261183233632,"EventType":"status_change","JobID":1205416300253249537,"JobType":"SCHEMA CHANGE","Description":"status changed to: running","PreviousStatus":"running","NewStatus":"running","RunNum":0}
I260828 16:24:21.184473 2909 sql/schema_changer.go:808  [T1,Vsystem,n1,job=SCHEMA CHANGE id=1205416300253249537,scExec,id=107] 474  schema change on "trnm_entity_heads" (v2) starting execution...
I260828 16:24:21.184748 2979 sql/schema_changer.go:808  [T1,Vsystem,n1,job=SCHEMA CHANGE id=1205416300253085697,scExec,id=108] 475  schema change on "trnm_command_receipts" (v1) starting execution...
I260828 16:24:21.185755 2909 sql/schema_changer.go:1465  [T1,Vsystem,n1,job=SCHEMA CHANGE id=1205416300253249537,scExec,id=107] 476  waiting for a single version...
I260828 16:24:21.186407 2979 sql/schema_changer.go:555  [T1,Vsystem,n1,job=SCHEMA CHANGE id=1205416300253085697,scExec,id=108] 477  making table public
I260828 16:24:21.187001 2909 sql/catalog/lease/lease.go:550  [T1,Vsystem,n1,job=SCHEMA CHANGE id=1205416300253249537,scExec,id=107] 478  all leases have expired at 1787934261.186047690,0: desc=[{trnm_entity_heads 107 1}]
I260828 16:24:21.187056 2909 sql/schema_changer.go:1470  [T1,Vsystem,n1,job=SCHEMA CHANGE id=1205416300253249537,scExec,id=107] 479  waiting for a single version... done (at v 2), took 1.301885ms
I260828 16:24:21.187072 2909 jobs/registry.go:1679  [T1,Vsystem,n1,job=1205416300253249537] 480  SCHEMA CHANGE job 1205416300253249537: stepping through state succeeded
I260828 16:24:21.191796 2979 sql/catalog/lease/lease.go:550  [T1,Vsystem,n1,job=SCHEMA CHANGE id=1205416300253085697,scExec,id=108] 481  all leases have expired at 1787934261.190948829,0: desc=[{trnm_command_receipts 108 1}]
I260828 16:24:21.191839 2979 sql/schema_changer.go:1465  [T1,Vsystem,n1,job=SCHEMA CHANGE id=1205416300253085697,scExec,id=108] 482  waiting for a single version...
I260828 16:24:21.192973 2979 sql/catalog/lease/lease.go:550  [T1,Vsystem,n1,job=SCHEMA CHANGE id=1205416300253085697,scExec,id=108] 483  all leases have expired at 1787934261.192156623,0: desc=[{trnm_command_receipts 108 1}]
I260828 16:24:21.193011 2979 sql/schema_changer.go:1470  [T1,Vsystem,n1,job=SCHEMA CHANGE id=1205416300253085697,scExec,id=108] 484  waiting for a single version... done (at v 2), took 1.171562ms
I260828 16:24:21.193025 2979 jobs/registry.go:1679  [T1,Vsystem,n1,job=1205416300253085697] 485  SCHEMA CHANGE job 1205416300253085697: stepping through state succeeded
I260828 16:24:21.197059 2909 1@jobs/structured_log.go:48  [T1,Vsystem,n1,job=1205416300253249537] 486 ={"Timestamp":1787934261197057116,"EventType":"status_change","JobID":1205416300253249537,"JobType":"SCHEMA CHANGE","Description":"status changed to: succeeded","PreviousStatus":"running","NewStatus":"succeeded","RunNum":0}
I260828 16:24:21.200734 2979 1@jobs/structured_log.go:48  [T1,Vsystem,n1,job=1205416300253085697] 487 ={"Timestamp":1787934261200732871,"EventType":"status_change","JobID":1205416300253085697,"JobType":"SCHEMA CHANGE","Description":"status changed to: succeeded","PreviousStatus":"running","NewStatus":"succeeded","RunNum":0}
I260828 16:24:21.208936 2886 jobs/wait.go:148  [T1,Vsystem,n1,client=172.17.0.1:38894,hostnossl,user=root] 488  waited for 2 [1205416300253085697 1205416300253249537] queued jobs to complete 38.653885ms
I260828 16:24:21.214148 2886 sql/table.go:205  [T1,Vsystem,n1,client=172.17.0.1:38894,hostnossl,user=root] 489  queued new schema-change job 1205416300426493953 for table 109, mutation 0
I260828 16:24:21.214191 2886 sql/table.go:205  [T1,Vsystem,n1,client=172.17.0.1:38894,hostnossl,user=root] 490  queued new schema-change job 1205416300426657793 for table 108, mutation 0
I260828 16:24:21.221822 2886 5@util/log/event_log.go:39  [T1,Vsystem,n1,client=172.17.0.1:38894,hostnossl,user=root] 491 ={"Timestamp":1787934261210783964,"EventType":"create_table","Statement":"CREATE TABLE IF NOT EXISTS trnm.public.trnm_events (tenant_id UUID NOT NULL, entity_id UUID NOT NULL, sequence INT8 NOT NULL, event_id UUID NOT NULL, command_id UUID NOT NULL, payload_digest BYTES NOT NULL, payload_bytes BYTES NOT NULL, recorded_at TIMESTAMPTZ NOT NULL DEFAULT current_timestamp(), PRIMARY KEY (tenant_id, entity_id, sequence), CONSTRAINT trnm_event_identity_uq UNIQUE (tenant_id, entity_id, event_id), CONSTRAINT trnm_event_command_receipt_fk FOREIGN KEY (tenant_id, entity_id, command_id) REFERENCES trnm.public.trnm_command_receipts (tenant_id, entity_id, command_id) ON DELETE RESTRICT, CHECK (sequence > 0), CHECK (octet_length(payload_digest) = 32))","Tag":"CREATE TABLE","User":"root","DescriptorID":109,"TableName":"trnm.public.trnm_events"}
I260828 16:24:21.221907 2886 jobs/wait.go:56  [T1,Vsystem,n1,client=172.17.0.1:38894,hostnossl,user=root] 492  waiting for 2 [1205416300426493953 1205416300426657793] queued jobs to complete
I260828 16:24:21.221960 3115 jobs/adopt.go:224  [T1,Vsystem,n1,client=172.17.0.1:38894,hostnossl,user=root,job=1205416300426657793] 493  job 1205416300426657793: resuming execution
I260828 16:24:21.221987 3114 jobs/adopt.go:224  [T1,Vsystem,n1,client=172.17.0.1:38894,hostnossl,user=root,job=1205416300426493953] 494  job 1205416300426493953: resuming execution
I260828 16:24:21.229812 3129 jobs/registry.go:1679  [T1,Vsystem,n1,job=1205416300426657793] 495  SCHEMA CHANGE job 1205416300426657793: stepping through state running
I260828 16:24:21.229812 3084 jobs/registry.go:1679  [T1,Vsystem,n1,job=1205416300426493953] 496  SCHEMA CHANGE job 1205416300426493953: stepping through state running
I260828 16:24:21.235064 3084 1@jobs/structured_log.go:48  [T1,Vsystem,n1,job=1205416300426493953] 497 ={"Timestamp":1787934261235062542,"EventType":"status_change","JobID":1205416300426493953,"JobType":"SCHEMA CHANGE","Description":"status changed to: running","PreviousStatus":"running","NewStatus":"running","RunNum":0}
I260828 16:24:21.235170 3129 1@jobs/structured_log.go:48  [T1,Vsystem,n1,job=1205416300426657793] 498 ={"Timestamp":1787934261235168765,"EventType":"status_change","JobID":1205416300426657793,"JobType":"SCHEMA CHANGE","Description":"status changed to: running","PreviousStatus":"running","NewStatus":"running","RunNum":0}
I260828 16:24:21.236464 3084 sql/schema_changer.go:808  [T1,Vsystem,n1,job=SCHEMA CHANGE id=1205416300426493953,scExec,id=109] 499  schema change on "trnm_events" (v1) starting execution...
I260828 16:24:21.236705 3129 sql/schema_changer.go:808  [T1,Vsystem,n1,job=SCHEMA CHANGE id=1205416300426657793,scExec,id=108] 500  schema change on "trnm_command_receipts" (v3) starting execution...
I260828 16:24:21.237636 3084 sql/schema_changer.go:555  [T1,Vsystem,n1,job=SCHEMA CHANGE id=1205416300426493953,scExec,id=109] 501  making table public
I260828 16:24:21.238461 3129 sql/schema_changer.go:1465  [T1,Vsystem,n1,job=SCHEMA CHANGE id=1205416300426657793,scExec,id=108] 502  waiting for a single version...
I260828 16:24:21.239867 3129 sql/catalog/lease/lease.go:550  [T1,Vsystem,n1,job=SCHEMA CHANGE id=1205416300426657793,scExec,id=108] 503  all leases have expired at 1787934261.238777919,0: desc=[{trnm_command_receipts 108 2}]
I260828 16:24:21.239909 3129 sql/schema_changer.go:1470  [T1,Vsystem,n1,job=SCHEMA CHANGE id=1205416300426657793,scExec,id=108] 504  waiting for a single version... done (at v 3), took 1.448928ms
I260828 16:24:21.239925 3129 jobs/registry.go:1679  [T1,Vsystem,n1,job=1205416300426657793] 505  SCHEMA CHANGE job 1205416300426657793: stepping through state succeeded
I260828 16:24:21.242452 3084 sql/catalog/lease/lease.go:550  [T1,Vsystem,n1,job=SCHEMA CHANGE id=1205416300426493953,scExec,id=109] 506  all leases have expired at 1787934261.241523268,0: desc=[{trnm_events 109 1}]
I260828 16:24:21.242496 3084 sql/schema_changer.go:1465  [T1,Vsystem,n1,job=SCHEMA CHANGE id=1205416300426493953,scExec,id=109] 507  waiting for a single version...
I260828 16:24:21.243594 3084 sql/catalog/lease/lease.go:550  [T1,Vsystem,n1,job=SCHEMA CHANGE id=1205416300426493953,scExec,id=109] 508  all leases have expired at 1787934261.242794436,0: desc=[{trnm_events 109 1}]
I260828 16:24:21.243627 3084 sql/schema_changer.go:1470  [T1,Vsystem,n1,job=SCHEMA CHANGE id=1205416300426493953,scExec,id=109] 509  waiting for a single version... done (at v 2), took 1.131345ms
I260828 16:24:21.243648 3084 jobs/registry.go:1679  [T1,Vsystem,n1,job=1205416300426493953] 510  SCHEMA CHANGE job 1205416300426493953: stepping through state succeeded
I260828 16:24:21.248199 3129 1@jobs/structured_log.go:48  [T1,Vsystem,n1,job=1205416300426657793] 511 ={"Timestamp":1787934261248197793,"EventType":"status_change","JobID":1205416300426657793,"JobType":"SCHEMA CHANGE","Description":"status changed to: succeeded","PreviousStatus":"running","NewStatus":"succeeded","RunNum":0}
I260828 16:24:21.251302 3084 1@jobs/structured_log.go:48  [T1,Vsystem,n1,job=1205416300426493953] 512 ={"Timestamp":1787934261251300312,"EventType":"status_change","JobID":1205416300426493953,"JobType":"SCHEMA CHANGE","Description":"status changed to: succeeded","PreviousStatus":"running","NewStatus":"succeeded","RunNum":0}
I260828 16:24:21.258780 2886 jobs/wait.go:148  [T1,Vsystem,n1,client=172.17.0.1:38894,hostnossl,user=root] 513  waited for 2 [1205416300426493953 1205416300426657793] queued jobs to complete 36.842492ms
I260828 16:24:21.265141 2886 sql/table.go:205  [T1,Vsystem,n1,client=172.17.0.1:38894,hostnossl,user=root] 514  queued new schema-change job 1205416300593610753 for table 110, mutation 0
I260828 16:24:21.265179 2886 sql/table.go:205  [T1,Vsystem,n1,client=172.17.0.1:38894,hostnossl,user=root] 515  queued new schema-change job 1205416300593709057 for table 108, mutation 0
I260828 16:24:21.274551 2886 5@util/log/event_log.go:39  [T1,Vsystem,n1,client=172.17.0.1:38894,hostnossl,user=root] 516 ={"Timestamp":1787934261260817785,"EventType":"create_table","Statement":"CREATE TABLE IF NOT EXISTS trnm.public.trnm_outbox (tenant_id UUID NOT NULL, intent_id UUID NOT NULL, entity_id UUID NOT NULL, command_id UUID NOT NULL, kind STRING NOT NULL, payload_digest BYTES NOT NULL, payload_bytes BYTES NOT NULL, attempt INT4 NOT NULL DEFAULT 0, lease_generation INT8 NOT NULL DEFAULT 0, state STRING NOT NULL DEFAULT 'pending', lease_owner UUID, lease_expires_at TIMESTAMPTZ, applied_receipt_digest BYTES, dead_letter_reason_digest BYTES, available_at TIMESTAMPTZ NOT NULL DEFAULT current_timestamp(), created_at TIMESTAMPTZ NOT NULL DEFAULT current_timestamp(), updated_at TIMESTAMPTZ NOT NULL DEFAULT current_timestamp(), PRIMARY KEY (tenant_id, intent_id), CONSTRAINT trnm_outbox_command_receipt_fk FOREIGN KEY (tenant_id, entity_id, command_id) REFERENCES trnm.public.trnm_command_receipts (tenant_id, entity_id, command_id) ON DELETE RESTRICT, CONSTRAINT trnm_outbox_applied_digest_ck CHECK ((applied_receipt_digest IS NULL) OR (octet_length(applied_receipt_digest) = 32)), CONSTRAINT trnm_outbox_dead_letter_digest_ck CHECK ((dead_letter_reason_digest IS NULL) OR (octet_length(dead_letter_reason_digest) = 32)), CONSTRAINT trnm_outbox_state_shape_ck CHECK ((((((((state = 'pending') AND (lease_owner IS NULL)) AND (lease_expires_at IS NULL)) AND (applied_receipt_digest IS NULL)) AND (dead_letter_reason_digest IS NULL)) OR ((((((state = 'leased') AND (lease_owner IS NOT NULL)) AND (lease_expires_at IS NOT NULL)) AND (lease_generation > 0)) AND (applied_receipt_digest IS NULL)) AND (dead_letter_reason_digest IS NULL))) OR (((((state = 'applied') AND (lease_owner IS NULL)) AND (lease_expires_at IS NULL)) AND (applied_receipt_digest IS NOT NULL)) AND (dead_letter_reason_digest IS NULL))) OR (((((state = 'dead_letter') AND (lease_owner IS NULL)) AND (lease_expires_at IS NULL)) AND (applied_receipt_digest IS NULL)) AND (dead_letter_reason_digest IS NOT NULL))), CHECK ((kind != '') AND (octet_length(kind) <= 128)), CHECK (octet_length(payload_digest) = 32), CHECK (attempt BETWEEN 0 AND 32), CHECK (lease_generation >= 0), CHECK (state IN ('pending', 'leased', 'applied', 'dead_letter')))","Tag":"CREATE TABLE","User":"root","DescriptorID":110,"TableName":"trnm.public.trnm_outbox"}
I260828 16:24:21.274666 2886 jobs/wait.go:56  [T1,Vsystem,n1,client=172.17.0.1:38894,hostnossl,user=root] 517  waiting for 2 [1205416300593610753 1205416300593709057] queued jobs to complete
I260828 16:24:21.274715 3302 jobs/adopt.go:224  [T1,Vsystem,n1,client=172.17.0.1:38894,hostnossl,user=root,job=1205416300593709057] 518  job 1205416300593709057: resuming execution
I260828 16:24:21.274729 3301 jobs/adopt.go:224  [T1,Vsystem,n1,client=172.17.0.1:38894,hostnossl,user=root,job=1205416300593610753] 519  job 1205416300593610753: resuming execution
I260828 16:24:21.282078 3215 jobs/registry.go:1679  [T1,Vsystem,n1,job=1205416300593610753] 520  SCHEMA CHANGE job 1205416300593610753: stepping through state running
I260828 16:24:21.282116 3287 jobs/registry.go:1679  [T1,Vsystem,n1,job=1205416300593709057] 521  SCHEMA CHANGE job 1205416300593709057: stepping through state running
I260828 16:24:21.286977 3287 1@jobs/structured_log.go:48  [T1,Vsystem,n1,job=1205416300593709057] 522 ={"Timestamp":1787934261286975762,"EventType":"status_change","JobID":1205416300593709057,"JobType":"SCHEMA CHANGE","Description":"status changed to: running","PreviousStatus":"running","NewStatus":"running","RunNum":0}
I260828 16:24:21.286977 3215 1@jobs/structured_log.go:48  [T1,Vsystem,n1,job=1205416300593610753] 523 ={"Timestamp":1787934261286975748,"EventType":"status_change","JobID":1205416300593610753,"JobType":"SCHEMA CHANGE","Description":"status changed to: running","PreviousStatus":"running","NewStatus":"running","RunNum":0}
I260828 16:24:21.289105 3287 sql/schema_changer.go:808  [T1,Vsystem,n1,job=SCHEMA CHANGE id=1205416300593709057,scExec,id=108] 524  schema change on "trnm_command_receipts" (v4) starting execution...
I260828 16:24:21.289353 3215 sql/schema_changer.go:808  [T1,Vsystem,n1,job=SCHEMA CHANGE id=1205416300593610753,scExec,id=110] 525  schema change on "trnm_outbox" (v1) starting execution...
I260828 16:24:21.291245 3287 sql/schema_changer.go:1465  [T1,Vsystem,n1,job=SCHEMA CHANGE id=1205416300593709057,scExec,id=108] 526  waiting for a single version...
I260828 16:24:21.291763 3215 sql/schema_changer.go:555  [T1,Vsystem,n1,job=SCHEMA CHANGE id=1205416300593610753,scExec,id=110] 527  making table public
I260828 16:24:21.292423 3287 sql/catalog/lease/lease.go:550  [T1,Vsystem,n1,job=SCHEMA CHANGE id=1205416300593709057,scExec,id=108] 528  all leases have expired at 1787934261.291553486,0: desc=[{trnm_command_receipts 108 3}]
I260828 16:24:21.292492 3287 sql/schema_changer.go:1470  [T1,Vsystem,n1,job=SCHEMA CHANGE id=1205416300593709057,scExec,id=108] 529  waiting for a single version... done (at v 4), took 1.247069ms
I260828 16:24:21.292517 3287 jobs/registry.go:1679  [T1,Vsystem,n1,job=1205416300593709057] 530  SCHEMA CHANGE job 1205416300593709057: stepping through state succeeded
I260828 16:24:21.299469 3215 sql/catalog/lease/lease.go:550  [T1,Vsystem,n1,job=SCHEMA CHANGE id=1205416300593610753,scExec,id=110] 531  all leases have expired at 1787934261.298610015,0: desc=[{trnm_outbox 110 1}]
I260828 16:24:21.299516 3215 sql/schema_changer.go:1465  [T1,Vsystem,n1,job=SCHEMA CHANGE id=1205416300593610753,scExec,id=110] 532  waiting for a single version...
I260828 16:24:21.300628 3215 sql/catalog/lease/lease.go:550  [T1,Vsystem,n1,job=SCHEMA CHANGE id=1205416300593610753,scExec,id=110] 533  all leases have expired at 1787934261.299799639,0: desc=[{trnm_outbox 110 1}]
I260828 16:24:21.300661 3215 sql/schema_changer.go:1470  [T1,Vsystem,n1,job=SCHEMA CHANGE id=1205416300593610753,scExec,id=110] 534  waiting for a single version... done (at v 2), took 1.144481ms
I260828 16:24:21.300673 3215 jobs/registry.go:1679  [T1,Vsystem,n1,job=1205416300593610753] 535  SCHEMA CHANGE job 1205416300593610753: stepping through state succeeded
I260828 16:24:21.301064 3287 1@jobs/structured_log.go:48  [T1,Vsystem,n1,job=1205416300593709057] 536 ={"Timestamp":1787934261301063275,"EventType":"status_change","JobID":1205416300593709057,"JobType":"SCHEMA CHANGE","Description":"status changed to: succeeded","PreviousStatus":"running","NewStatus":"succeeded","RunNum":0}
I260828 16:24:21.308517 3215 1@jobs/structured_log.go:48  [T1,Vsystem,n1,job=1205416300593610753] 537 ={"Timestamp":1787934261308515977,"EventType":"status_change","JobID":1205416300593610753,"JobType":"SCHEMA CHANGE","Description":"status changed to: succeeded","PreviousStatus":"running","NewStatus":"succeeded","RunNum":0}
I260828 16:24:21.316123 2886 jobs/wait.go:148  [T1,Vsystem,n1,client=172.17.0.1:38894,hostnossl,user=root] 538  waited for 2 [1205416300593610753 1205416300593709057] queued jobs to complete 41.427143ms
I260828 16:24:21.320274 2886 sql/schemachanger/scbuild/event_log.go:61  [T1,Vsystem,n1,client=172.17.0.1:38894,hostnossl,user=root] 539  event logging for declarative schema change targets built for CREATE INDEX
I260828 16:24:21.320400 2886 sql/schemachanger/scplan/plan.go:95  [T1,Vsystem,n1,client=172.17.0.1:38894,hostnossl,user=root] 540  building declarative schema changer plan in StatementPhase (rollback=false) for CREATE INDEX
I260828 16:24:21.322481 2886 sql/schemachanger/scrun/scrun.go:186  [T1,Vsystem,n1,client=172.17.0.1:38894,hostnossl,user=root] 541  executing declarative schema change StatementPhase stage 1 of 1 with 11 MutationType ops (rollback=false) for CREATE INDEX
I260828 16:24:21.323453 2886 sql/schemachanger/scplan/plan.go:95  [T1,Vsystem,n1,client=172.17.0.1:38894,hostnossl,user=root] 542  building declarative schema changer plan in PreCommitPhase (rollback=false) for CREATE INDEX
I260828 16:24:21.325344 2886 sql/schemachanger/scrun/scrun.go:186  [T1,Vsystem,n1,client=172.17.0.1:38894,hostnossl,user=root] 543  executing declarative schema change PreCommitPhase stage 1 of 2 with 1 MutationType op (rollback=false) for CREATE INDEX
I260828 16:24:21.325382 2886 sql/schemachanger/scrun/scrun.go:186  [T1,Vsystem,n1,client=172.17.0.1:38894,hostnossl,user=root] 544  executing declarative schema change PreCommitPhase stage 2 of 2 with 15 MutationType ops (rollback=false) for CREATE INDEX
I260828 16:24:21.326726 2886 sql/index_split_scatter.go:126  [T1,Vsystem,n1,client=172.17.0.1:38894,hostnossl,user=root] 545  making a single split point in tableId=109 index=3
I260828 16:24:21.327005 2886 13@kv/kvserver/replica_command.go:481  [T1,Vsystem,n1,s1,r74/1:/{Table/72-Max},*kvpb.AdminSplitRequest] 546  initiating a split of this range at key /Table/109/3 [r75] (manual)
I260828 16:24:21.327654 2886 13@kv/kvserver/batcheval/cmd_end_transaction.go:1289  [T1,Vsystem,n1,s1,r74/1:/{Table/72-Max}] 547  falling back to accurate stats computation because there are no pre-split LHS stats (or they're empty)
I260828 16:24:21.328166 208 2@kv/kvserver/replica_proposal.go:620  [T1,Vsystem,n1,s1,r74/1:/{Table/72-Max},raft] 548  new range lease repl=(n1,s1):1 seq=1 start=0,0 epo=1 min-exp=0,0 pro=1787934250.702409738,0 acq=Request following repl=(n1,s1):1 seq=1 start=0,0 epo=1 min-exp=0,0 pro=1787934250.702409738,0 acq=Request
I260828 16:24:21.328565 3458 13@kv/kvserver/replicate_queue.go:784  [T1,Vsystem,n1,replicate,s1,r75/1:/{Table/109/3-Max}] 549  error processing replica: 0 of 1 live stores are able to take a new replica for the range (1 already has a voter, 0 already have a non-voter); likely not enough nodes in cluster
I260828 16:24:21.334067 2886 sql/index_split_scatter.go:126  [T1,Vsystem,n1,client=172.17.0.1:38894,hostnossl,user=root] 550  making a single split point in tableId=109 index=4
I260828 16:24:21.334136 2886 13@kv/kvserver/replica_command.go:481  [T1,Vsystem,n1,s1,r75/1:/{Table/109/3-Max},*kvpb.AdminSplitRequest] 551  initiating a split of this range at key /Table/109/4 [r76] (manual)
I260828 16:24:21.334703 2886 13@kv/kvserver/batcheval/cmd_end_transaction.go:1289  [T1,Vsystem,n1,s1,r75/1:/{Table/109/3-Max}] 552  falling back to accurate stats computation because there are no pre-split LHS stats (or they're empty)
I260828 16:24:21.335592 3439 13@kv/kvserver/replicate_queue.go:784  [T1,Vsystem,n1,replicate,s1,r76/1:/{Table/109/4-Max}] 553  error processing replica: 0 of 1 live stores are able to take a new replica for the range (1 already has a voter, 0 already have a non-voter); likely not enough nodes in cluster
I260828 16:24:21.339554 2886 sql/conn_executor_ddl.go:121  [T1,Vsystem,n1,client=172.17.0.1:38894,hostnossl,user=root] 554  queued new schema change job 1205416300781240321 using the new schema changer
I260828 16:24:21.341145 2886 5@util/log/event_log.go:39  [T1,Vsystem,n1,client=172.17.0.1:38894,hostnossl,user=root] 555 ={"Timestamp":1787934261317942972,"EventType":"create_index","Statement":"CREATE INDEX IF NOT EXISTS trnm_events_by_command_idx ON trnm.public.trnm_events (tenant_id, entity_id, command_id, sequence)","Tag":"CREATE INDEX","User":"root","DescriptorID":109,"TableName":"trnm.public.trnm_events","IndexName":"trnm_events_by_command_idx","MutationID":1}
I260828 16:24:21.341279 2886 jobs/wait.go:56  [T1,Vsystem,n1,client=172.17.0.1:38894,hostnossl,user=root] 556  waiting for 1 [1205416300781240321] queued jobs to complete
I260828 16:24:21.341328 3494 jobs/adopt.go:224  [T1,Vsystem,n1,client=172.17.0.1:38894,hostnossl,user=root,job=1205416300781240321] 557  job 1205416300781240321: resuming execution
I260828 16:24:21.348427 3498 jobs/registry.go:1679  [T1,Vsystem,n1,job=1205416300781240321] 558  NEW SCHEMA CHANGE job 1205416300781240321: stepping through state running
I260828 16:24:21.355666 3498 1@jobs/structured_log.go:48  [T1,Vsystem,n1,job=1205416300781240321] 559 ={"Timestamp":1787934261355664598,"EventType":"status_change","JobID":1205416300781240321,"JobType":"NEW SCHEMA CHANGE","Description":"status changed to: running","PreviousStatus":"running","NewStatus":"running","RunNum":0}
I260828 16:24:21.363537 3498 sql/schemachanger/scrun/scrun.go:315  [T1,Vsystem,n1,job=NEW SCHEMA CHANGE id=1205416300781240321] 560  rebuilding declarative schema change state from descriptors [109]
I260828 16:24:21.363790 3498 sql/schemachanger/scplan/plan.go:95  [T1,Vsystem,n1,job=NEW SCHEMA CHANGE id=1205416300781240321] 561  building declarative schema changer plan in PostCommitPhase (rollback=false) for CREATE INDEX
I260828 16:24:21.375467 3498 sql/schemachanger/scrun/scrun.go:186  [T1,Vsystem,n1,job=NEW SCHEMA CHANGE id=1205416300781240321] 562  executing declarative schema change PostCommitPhase stage 1 of 7 with 3 MutationType ops (rollback=false) for CREATE INDEX
I260828 16:24:21.388374 3498 sql/catalog/lease/lease.go:550  [T1,Vsystem,n1,job=NEW SCHEMA CHANGE id=1205416300781240321] 563  all leases have expired at 1787934261.387539515,0: desc=[{trnm_events 109 3}]
I260828 16:24:21.388522 3498 sql/schemachanger/scrun/scrun.go:186  [T1,Vsystem,n1,job=NEW SCHEMA CHANGE id=1205416300781240321] 564  executing declarative schema change PostCommitPhase stage 2 of 7 with 1 BackfillType op (rollback=false) for CREATE INDEX
I260828 16:24:21.389783 3498 sql/schemachanger/scexec/backfiller/tracker.go:258  [T1,Vsystem,n1,job=NEW SCHEMA CHANGE id=1205416300781240321] 565  writing 1 backfill checkpoints and 0 merge checkpoints
I260828 16:24:21.397424 3498 sql/schemachanger/scexec/backfiller/tracker.go:227  [T1,Vsystem,n1,job=NEW SCHEMA CHANGE id=1205416300781240321] 566  backfill fraction completed is 1.000 / 1.000
I260828 16:24:21.404432 3498 sql/schemachanger/scexec/backfiller/tracker.go:258  [T1,Vsystem,n1,job=NEW SCHEMA CHANGE id=1205416300781240321] 567  writing 1 backfill checkpoints and 0 merge checkpoints
I260828 16:24:21.413089 3498 sql/schemachanger/scrun/scrun.go:186  [T1,Vsystem,n1,job=NEW SCHEMA CHANGE id=1205416300781240321] 568  executing declarative schema change PostCommitPhase stage 3 of 7 with 3 MutationType ops (rollback=false) for CREATE INDEX
I260828 16:24:21.426032 3498 sql/catalog/lease/lease.go:550  [T1,Vsystem,n1,job=NEW SCHEMA CHANGE id=1205416300781240321] 569  all leases have expired at 1787934261.425169074,0: desc=[{trnm_events 109 4}]
I260828 16:24:21.426145 3498 sql/schemachanger/scrun/scrun.go:186  [T1,Vsystem,n1,job=NEW SCHEMA CHANGE id=1205416300781240321] 570  executing declarative schema change PostCommitPhase stage 4 of 7 with 3 MutationType ops (rollback=false) for CREATE INDEX
I260828 16:24:21.439248 3498 sql/catalog/lease/lease.go:550  [T1,Vsystem,n1,job=NEW SCHEMA CHANGE id=1205416300781240321] 571  all leases have expired at 1787934261.438408878,0: desc=[{trnm_events 109 5}]
I260828 16:24:21.439345 3498 sql/schemachanger/scrun/scrun.go:186  [T1,Vsystem,n1,job=NEW SCHEMA CHANGE id=1205416300781240321] 572  executing declarative schema change PostCommitPhase stage 5 of 7 with 1 BackfillType op (rollback=false) for CREATE INDEX
I260828 16:24:21.440502 3669 sql/backfill.go:2994  [T1,Vsystem,n1,job=NEW SCHEMA CHANGE id=1205416300781240321] 573  merging all keys in temporary index before time 1787934261.940495138,0
I260828 16:24:21.941749 3498 sql/schemachanger/scrun/scrun.go:186  [T1,Vsystem,n1,job=NEW SCHEMA CHANGE id=1205416300781240321] 574  executing declarative schema change PostCommitPhase stage 6 of 7 with 4 MutationType ops (rollback=false) for CREATE INDEX
I260828 16:24:21.955464 3498 sql/catalog/lease/lease.go:550  [T1,Vsystem,n1,job=NEW SCHEMA CHANGE id=1205416300781240321] 575  all leases have expired at 1787934261.954529409,0: desc=[{trnm_events 109 6}]
I260828 16:24:21.955578 3498 sql/schemachanger/scrun/scrun.go:186  [T1,Vsystem,n1,job=NEW SCHEMA CHANGE id=1205416300781240321] 576  executing declarative schema change PostCommitPhase stage 7 of 7 with 1 ValidationType op (rollback=false) for CREATE INDEX
I260828 16:24:21.958674 3724 sql/backfill.go:1892  [T1,Vsystem,n1,job=NEW SCHEMA CHANGE id=1205416300781240321] 577  validation: index trnm_events/trnm_events_by_command_idx row count = 0, time so far 1.937281ms
I260828 16:24:21.958763 3725 sql/backfill.go:1947  [T1,Vsystem,n1,job=NEW SCHEMA CHANGE id=1205416300781240321] 578  validation: table trnm_events row count = 0, took 2.043219ms
I260828 16:24:21.958918 3498 sql/schemachanger/scrun/scrun.go:186  [T1,Vsystem,n1,job=NEW SCHEMA CHANGE id=1205416300781240321] 579  executing declarative schema change PostCommitNonRevertiblePhase stage 1 of 1 with 10 MutationType ops (rollback=false) for CREATE INDEX
I260828 16:24:21.974968 3498 5@util/log/event_log.go:39  [T1,Vsystem,n1,job=NEW SCHEMA CHANGE id=1205416300781240321] 580 ={"Timestamp":1787934261958844017,"EventType":"finish_schema_change","InstanceID":1,"DescriptorID":109,"LatencyNanos":623926848}
I260828 16:24:21.976424 3498 sql/catalog/lease/lease.go:550  [T1,Vsystem,n1,job=NEW SCHEMA CHANGE id=1205416300781240321] 581  all leases have expired at 1787934261.975490955,0: desc=[{trnm_events 109 7}]
I260828 16:24:21.976582 3782 jobs/adopt.go:224  [T1,Vsystem,n1,job=1205416302873149441] 582  job 1205416302873149441: resuming execution
I260828 16:24:21.977555 3498 jobs/registry.go:1679  [T1,Vsystem,n1,job=1205416300781240321] 583  NEW SCHEMA CHANGE job 1205416300781240321: stepping through state succeeded
I260828 16:24:21.982749 3712 jobs/registry.go:1679  [T1,Vsystem,n1,job=1205416302873149441] 584  SCHEMA CHANGE GC job 1205416302873149441: stepping through state running
I260828 16:24:21.987919 3712 1@jobs/structured_log.go:48  [T1,Vsystem,n1,job=1205416302873149441] 585 ={"Timestamp":1787934261987917481,"EventType":"status_change","JobID":1205416302873149441,"JobType":"SCHEMA CHANGE GC","Description":"status changed to: running","PreviousStatus":"running","NewStatus":"running","RunNum":0}
I260828 16:24:21.989010 3498 1@jobs/structured_log.go:48  [T1,Vsystem,n1,job=1205416300781240321] 586 ={"Timestamp":1787934261989008925,"EventType":"status_change","JobID":1205416300781240321,"JobType":"NEW SCHEMA CHANGE","Description":"status changed to: succeeded","PreviousStatus":"running","NewStatus":"succeeded","RunNum":0}
I260828 16:24:21.995373 2886 jobs/wait.go:148  [T1,Vsystem,n1,client=172.17.0.1:38894,hostnossl,user=root] 587  waited for 1 [1205416300781240321] queued jobs to complete 654.063525ms
I260828 16:24:21.999922 2886 sql/schemachanger/scbuild/event_log.go:61  [T1,Vsystem,n1,client=172.17.0.1:38894,hostnossl,user=root] 588  event logging for declarative schema change targets built for CREATE INDEX
I260828 16:24:22.000046 2886 sql/schemachanger/scplan/plan.go:95  [T1,Vsystem,n1,client=172.17.0.1:38894,hostnossl,user=root] 589  building declarative schema changer plan in StatementPhase (rollback=false) for CREATE INDEX
I260828 16:24:22.002030 2886 sql/schemachanger/scrun/scrun.go:186  [T1,Vsystem,n1,client=172.17.0.1:38894,hostnossl,user=root] 590  executing declarative schema change StatementPhase stage 1 of 1 with 11 MutationType ops (rollback=false) for CREATE INDEX
I260828 16:24:22.005027 2886 sql/schemachanger/scplan/plan.go:95  [T1,Vsystem,n1,client=172.17.0.1:38894,hostnossl,user=root] 591  building declarative schema changer plan in PreCommitPhase (rollback=false) for CREATE INDEX
I260828 16:24:22.007080 2886 sql/schemachanger/scrun/scrun.go:186  [T1,Vsystem,n1,client=172.17.0.1:38894,hostnossl,user=root] 592  executing declarative schema change PreCommitPhase stage 1 of 2 with 1 MutationType op (rollback=false) for CREATE INDEX
I260828 16:24:22.007117 2886 sql/schemachanger/scrun/scrun.go:186  [T1,Vsystem,n1,client=172.17.0.1:38894,hostnossl,user=root] 593  executing declarative schema change PreCommitPhase stage 2 of 2 with 15 MutationType ops (rollback=false) for CREATE INDEX
I260828 16:24:22.007999 3712 sql/gcjob/gc_job_utils.go:273  [T1,Vsystem,n1,job=SCHEMA CHANGE GC id=1205416302873149441] 594  updated progress status: waiting for GC TTL, payload: indexes:<index_id:4 > ranges_unsplit_done:true 
I260828 16:24:22.010471 2886 sql/index_split_scatter.go:126  [T1,Vsystem,n1,client=172.17.0.1:38894,hostnossl,user=root] 595  making a single split point in tableId=110 index=2
I260828 16:24:22.010558 2886 13@kv/kvserver/replica_command.go:481  [T1,Vsystem,n1,s1,r76/1:/{Table/109/4-Max},*kvpb.AdminSplitRequest] 596  initiating a split of this range at key /Table/110/2 [r77] (manual)
I260828 16:24:22.011174 2886 13@kv/kvserver/batcheval/cmd_end_transaction.go:1289  [T1,Vsystem,n1,s1,r76/1:/{Table/109/4-Max}] 597  falling back to accurate stats computation because there are no pre-split LHS stats (or they're empty)
I260828 16:24:22.011943 3925 13@kv/kvserver/replicate_queue.go:784  [T1,Vsystem,n1,replicate,s1,r77/1:/{Table/110/2-Max}] 598  error processing replica: 0 of 1 live stores are able to take a new replica for the range (1 already has a voter, 0 already have a non-voter); likely not enough nodes in cluster
I260828 16:24:22.017465 2886 sql/index_split_scatter.go:126  [T1,Vsystem,n1,client=172.17.0.1:38894,hostnossl,user=root] 599  making a single split point in tableId=110 index=3
I260828 16:24:22.017542 2886 13@kv/kvserver/replica_command.go:481  [T1,Vsystem,n1,s1,r77/1:/{Table/110/2-Max},*kvpb.AdminSplitRequest] 601  initiating a split of this range at key /Table/110/3 [r78] (manual)
I260828 16:24:22.017537 3712 sql/gcjob/gc_job_utils.go:273  [T1,Vsystem,n1,job=SCHEMA CHANGE GC id=1205416302873149441] 600  updated progress status: deleting data, payload: indexes:<index_id:4 > ranges_unsplit_done:true 
I260828 16:24:22.017657 3712 sql/schema_changer.go:1465  [T1,Vsystem,n1,job=SCHEMA CHANGE GC id=1205416302873149441] 602  waiting for a single version...
I260828 16:24:22.018099 2886 13@kv/kvserver/batcheval/cmd_end_transaction.go:1289  [T1,Vsystem,n1,s1,r77/1:/{Table/110/2-Max}] 603  falling back to accurate stats computation because there are no pre-split LHS stats (or they're empty)
I260828 16:24:22.018963 3941 13@kv/kvserver/replicate_queue.go:784  [T1,Vsystem,n1,replicate,s1,r78/1:/{Table/110/3-Max}] 604  error processing replica: 0 of 1 live stores are able to take a new replica for the range (1 already has a voter, 0 already have a non-voter); likely not enough nodes in cluster
I260828 16:24:22.019004 3712 sql/catalog/lease/lease.go:550  [T1,Vsystem,n1,job=SCHEMA CHANGE GC id=1205416302873149441] 605  all leases have expired at 1787934262.018070854,0: desc=[{trnm_events 109 7}]
I260828 16:24:22.019042 3712 sql/schema_changer.go:1470  [T1,Vsystem,n1,job=SCHEMA CHANGE GC id=1205416302873149441] 606  waiting for a single version... done (at v 8), took 1.385196ms
I260828 16:24:22.019057 3712 sql/gcjob/index_garbage_collection.go:165  [T1,Vsystem,n1,job=SCHEMA CHANGE GC id=1205416302873149441] 607  clearing index 4 from table 109
I260828 16:24:22.019261 3712 sql/gcjob/gc_job_utils.go:53  [T1,Vsystem,n1,job=SCHEMA CHANGE GC id=1205416302873149441] 608  marked index 4 as GC'd
I260828 16:24:22.023125 2886 sql/conn_executor_ddl.go:121  [T1,Vsystem,n1,client=172.17.0.1:38894,hostnossl,user=root] 609  queued new schema change job 1205416303007989761 using the new schema changer
I260828 16:24:22.025827 2886 5@util/log/event_log.go:39  [T1,Vsystem,n1,client=172.17.0.1:38894,hostnossl,user=root] 610 ={"Timestamp":1787934261995933964,"EventType":"create_index","Statement":"CREATE INDEX IF NOT EXISTS trnm_outbox_by_command_idx ON trnm.public.trnm_outbox (tenant_id, entity_id, command_id, intent_id)","Tag":"CREATE INDEX","User":"root","DescriptorID":110,"TableName":"trnm.public.trnm_outbox","IndexName":"trnm_outbox_by_command_idx","MutationID":1}
I260828 16:24:22.025994 2886 jobs/wait.go:56  [T1,Vsystem,n1,client=172.17.0.1:38894,hostnossl,user=root] 611  waiting for 1 [1205416303007989761] queued jobs to complete
I260828 16:24:22.026071 3949 jobs/adopt.go:224  [T1,Vsystem,n1,client=172.17.0.1:38894,hostnossl,user=root,job=1205416303007989761] 612  job 1205416303007989761: resuming execution
I260828 16:24:22.027648 3712 sql/gcjob/gc_job_utils.go:273  [T1,Vsystem,n1,job=SCHEMA CHANGE GC id=1205416302873149441] 613  updated progress status: waiting for MVCC GC, payload: indexes:<index_id:4 status:WAITING_FOR_MVCC_GC > ranges_unsplit_done:true 
I260828 16:24:22.033575 3968 jobs/registry.go:1679  [T1,Vsystem,n1,job=1205416303007989761] 614  NEW SCHEMA CHANGE job 1205416303007989761: stepping through state running
I260828 16:24:22.040509 3968 1@jobs/structured_log.go:48  [T1,Vsystem,n1,job=1205416303007989761] 615 ={"Timestamp":1787934262040507876,"EventType":"status_change","JobID":1205416303007989761,"JobType":"NEW SCHEMA CHANGE","Description":"status changed to: running","PreviousStatus":"running","NewStatus":"running","RunNum":0}
I260828 16:24:22.048454 3968 sql/schemachanger/scrun/scrun.go:315  [T1,Vsystem,n1,job=NEW SCHEMA CHANGE id=1205416303007989761] 616  rebuilding declarative schema change state from descriptors [110]
I260828 16:24:22.048597 3968 sql/schemachanger/scplan/plan.go:95  [T1,Vsystem,n1,job=NEW SCHEMA CHANGE id=1205416303007989761] 617  building declarative schema changer plan in PostCommitPhase (rollback=false) for CREATE INDEX
I260828 16:24:22.050713 3968 sql/schemachanger/scrun/scrun.go:186  [T1,Vsystem,n1,job=NEW SCHEMA CHANGE id=1205416303007989761] 618  executing declarative schema change PostCommitPhase stage 1 of 7 with 3 MutationType ops (rollback=false) for CREATE INDEX
I260828 16:24:22.066090 3968 sql/catalog/lease/lease.go:550  [T1,Vsystem,n1,job=NEW SCHEMA CHANGE id=1205416303007989761] 619  all leases have expired at 1787934262.065223308,0: desc=[{trnm_outbox 110 3}]
I260828 16:24:22.066214 3968 sql/schemachanger/scrun/scrun.go:186  [T1,Vsystem,n1,job=NEW SCHEMA CHANGE id=1205416303007989761] 620  executing declarative schema change PostCommitPhase stage 2 of 7 with 1 BackfillType op (rollback=false) for CREATE INDEX
I260828 16:24:22.068258 3968 sql/schemachanger/scexec/backfiller/tracker.go:258  [T1,Vsystem,n1,job=NEW SCHEMA CHANGE id=1205416303007989761] 621  writing 1 backfill checkpoints and 0 merge checkpoints
I260828 16:24:22.074542 3968 sql/schemachanger/scexec/backfiller/tracker.go:227  [T1,Vsystem,n1,job=NEW SCHEMA CHANGE id=1205416303007989761] 622  backfill fraction completed is 1.000 / 1.000
I260828 16:24:22.081564 3968 sql/schemachanger/scexec/backfiller/tracker.go:258  [T1,Vsystem,n1,job=NEW SCHEMA CHANGE id=1205416303007989761] 623  writing 1 backfill checkpoints and 0 merge checkpoints
I260828 16:24:22.089801 3968 sql/schemachanger/scrun/scrun.go:186  [T1,Vsystem,n1,job=NEW SCHEMA CHANGE id=1205416303007989761] 624  executing declarative schema change PostCommitPhase stage 3 of 7 with 3 MutationType ops (rollback=false) for CREATE INDEX
I260828 16:24:22.105996 3968 sql/catalog/lease/lease.go:550  [T1,Vsystem,n1,job=NEW SCHEMA CHANGE id=1205416303007989761] 625  all leases have expired at 1787934262.105109086,0: desc=[{trnm_outbox 110 4}]
I260828 16:24:22.106101 3968 sql/schemachanger/scrun/scrun.go:186  [T1,Vsystem,n1,job=NEW SCHEMA CHANGE id=1205416303007989761] 626  executing declarative schema change PostCommitPhase stage 4 of 7 with 3 MutationType ops (rollback=false) for CREATE INDEX
I260828 16:24:22.121370 3968 sql/catalog/lease/lease.go:550  [T1,Vsystem,n1,job=NEW SCHEMA CHANGE id=1205416303007989761] 627  all leases have expired at 1787934262.120495059,0: desc=[{trnm_outbox 110 5}]
I260828 16:24:22.121506 3968 sql/schemachanger/scrun/scrun.go:186  [T1,Vsystem,n1,job=NEW SCHEMA CHANGE id=1205416303007989761] 628  executing declarative schema change PostCommitPhase stage 5 of 7 with 1 BackfillType op (rollback=false) for CREATE INDEX
I260828 16:24:22.123299 4182 sql/backfill.go:2994  [T1,Vsystem,n1,job=NEW SCHEMA CHANGE id=1205416303007989761] 629  merging all keys in temporary index before time 1787934262.623289808,0
I260828 16:24:22.624176 3968 sql/schemachanger/scrun/scrun.go:186  [T1,Vsystem,n1,job=NEW SCHEMA CHANGE id=1205416303007989761] 630  executing declarative schema change PostCommitPhase stage 6 of 7 with 4 MutationType ops (rollback=false) for CREATE INDEX
I260828 16:24:22.641226 3968 sql/catalog/lease/lease.go:550  [T1,Vsystem,n1,job=NEW SCHEMA CHANGE id=1205416303007989761] 631  all leases have expired at 1787934262.640289966,0: desc=[{trnm_outbox 110 6}]
I260828 16:24:22.641364 3968 sql/schemachanger/scrun/scrun.go:186  [T1,Vsystem,n1,job=NEW SCHEMA CHANGE id=1205416303007989761] 632  executing declarative schema change PostCommitPhase stage 7 of 7 with 1 ValidationType op (rollback=false) for CREATE INDEX
I260828 16:24:22.645241 4229 sql/backfill.go:1947  [T1,Vsystem,n1,job=NEW SCHEMA CHANGE id=1205416303007989761] 633  validation: table trnm_outbox row count = 0, took 1.90135ms
I260828 16:24:22.645448 4228 sql/backfill.go:1892  [T1,Vsystem,n1,job=NEW SCHEMA CHANGE id=1205416303007989761] 634  validation: index trnm_outbox/trnm_outbox_by_command_idx row count = 0, time so far 2.083384ms
I260828 16:24:22.645711 3968 sql/schemachanger/scrun/scrun.go:186  [T1,Vsystem,n1,job=NEW SCHEMA CHANGE id=1205416303007989761] 635  executing declarative schema change PostCommitNonRevertiblePhase stage 1 of 1 with 10 MutationType ops (rollback=false) for CREATE INDEX
I260828 16:24:22.664575 3968 5@util/log/event_log.go:39  [T1,Vsystem,n1,job=NEW SCHEMA CHANGE id=1205416303007989761] 636 ={"Timestamp":1787934262645638394,"EventType":"finish_schema_change","InstanceID":1,"DescriptorID":110,"LatencyNanos":627556235}
I260828 16:24:22.666175 3968 sql/catalog/lease/lease.go:550  [T1,Vsystem,n1,job=NEW SCHEMA CHANGE id=1205416303007989761] 637  all leases have expired at 1787934262.665207680,0: desc=[{trnm_outbox 110 7}]
I260828 16:24:22.666343 4295 jobs/adopt.go:224  [T1,Vsystem,n1,job=1205416305128996865] 638  job 1205416305128996865: resuming execution
I260828 16:24:22.667560 3968 jobs/registry.go:1679  [T1,Vsystem,n1,job=1205416303007989761] 639  NEW SCHEMA CHANGE job 1205416303007989761: stepping through state succeeded
I260828 16:24:22.672731 4324 jobs/registry.go:1679  [T1,Vsystem,n1,job=1205416305128996865] 640  SCHEMA CHANGE GC job 1205416305128996865: stepping through state running
I260828 16:24:22.675060 161 13@spanconfig/spanconfigstore/store.go:364  [T1,Vsystem,n1] 641  changing the spanconfig for span:/{Min-System/NodeLiveness} from:{RangeMinBytes:134217728 RangeMaxBytes:536870912 GCPolicy:{TTLSeconds:3600 ProtectionPolicies:[] IgnoreStrictEnforcement:false} GlobalReads:false NumReplicas:5 NumVoters:0 Constraints:[] VoterConstraints:[] LeasePreferences:[] RangefeedEnabled:false ExcludeDataFromBackup:false} to:{RangeMinBytes:134217728 RangeMaxBytes:536870912 GCPolicy:{TTLSeconds:3600 ProtectionPolicies:[] IgnoreStrictEnforcement:false} GlobalReads:false NumReplicas:1 NumVoters:0 Constraints:[] VoterConstraints:[] LeasePreferences:[] RangefeedEnabled:false ExcludeDataFromBackup:false}
I260828 16:24:22.675180 161 13@spanconfig/spanconfigstore/store.go:364  [T1,Vsystem,n1] 642  changing the spanconfig for span:/System/NodeLiveness{-Max} from:{RangeMinBytes:134217728 RangeMaxBytes:536870912 GCPolicy:{TTLSeconds:600 ProtectionPolicies:[] IgnoreStrictEnforcement:false} GlobalReads:false NumReplicas:5 NumVoters:0 Constraints:[] VoterConstraints:[] LeasePreferences:[] RangefeedEnabled:false ExcludeDataFromBackup:false} to:{RangeMinBytes:134217728 RangeMaxBytes:536870912 GCPolicy:{TTLSeconds:600 ProtectionPolicies:[] IgnoreStrictEnforcement:false} GlobalReads:false NumReplicas:1 NumVoters:0 Constraints:[] VoterConstraints:[] LeasePreferences:[] RangefeedEnabled:false ExcludeDataFromBackup:false}
I260828 16:24:22.675237 161 13@spanconfig/spanconfigstore/store.go:364  [T1,Vsystem,n1] 643  changing the spanconfig for span:/System/{NodeLivenessMax-tsd} from:{RangeMinBytes:134217728 RangeMaxBytes:536870912 GCPolicy:{TTLSeconds:14400 ProtectionPolicies:[] IgnoreStrictEnforcement:false} GlobalReads:false NumReplicas:5 NumVoters:0 Constraints:[] VoterConstraints:[] LeasePreferences:[] RangefeedEnabled:false ExcludeDataFromBackup:false} to:{RangeMinBytes:134217728 RangeMaxBytes:536870912 GCPolicy:{TTLSeconds:14400 ProtectionPolicies:[] IgnoreStrictEnforcement:false} GlobalReads:false NumReplicas:1 NumVoters:0 Constraints:[] VoterConstraints:[] LeasePreferences:[] RangefeedEnabled:false ExcludeDataFromBackup:false}
I260828 16:24:22.675303 161 13@spanconfig/spanconfigstore/store.go:364  [T1,Vsystem,n1] 644  changing the spanconfig for span:/System{/tsd-tse} from:{RangeMinBytes:134217728 RangeMaxBytes:536870912 GCPolicy:{TTLSeconds:14400 ProtectionPolicies:[] IgnoreStrictEnforcement:false} GlobalReads:false NumReplicas:3 NumVoters:0 Constraints:[] VoterConstraints:[] LeasePreferences:[] RangefeedEnabled:false ExcludeDataFromBackup:false} to:{RangeMinBytes:134217728 RangeMaxBytes:536870912 GCPolicy:{TTLSeconds:14400 ProtectionPolicies:[] IgnoreStrictEnforcement:false} GlobalReads:false NumReplicas:1 NumVoters:0 Constraints:[] VoterConstraints:[] LeasePreferences:[] RangefeedEnabled:false ExcludeDataFromBackup:false}
I260828 16:24:22.675361 161 13@spanconfig/spanconfigstore/store.go:364  [T1,Vsystem,n1] 645  changing the spanconfig for span:/System{tse-/SystemSpanConfigKeys} from:{RangeMinBytes:134217728 RangeMaxBytes:536870912 GCPolicy:{TTLSeconds:14400 ProtectionPolicies:[] IgnoreStrictEnforcement:false} GlobalReads:false NumReplicas:5 NumVoters:0 Constraints:[] VoterConstraints:[] LeasePreferences:[] RangefeedEnabled:false ExcludeDataFromBackup:false} to:{RangeMinBytes:134217728 RangeMaxBytes:536870912 GCPolicy:{TTLSeconds:14400 ProtectionPolicies:[] IgnoreStrictEnforcement:false} GlobalReads:false NumReplicas:1 NumVoters:0 Constraints:[] VoterConstraints:[] LeasePreferences:[] RangefeedEnabled:false ExcludeDataFromBackup:false}
I260828 16:24:22.675422 161 13@spanconfig/spanconfigstore/store.go:364  [T1,Vsystem,n1] 646  changing the spanconfig for span:/Table/{0-4} from:{RangeMinBytes:134217728 RangeMaxBytes:536870912 GCPolicy:{TTLSeconds:14400 ProtectionPolicies:[] IgnoreStrictEnforcement:true} GlobalReads:false NumReplicas:5 NumVoters:0 Constraints:[] VoterConstraints:[] LeasePreferences:[] RangefeedEnabled:true ExcludeDataFromBackup:false} to:{RangeMinBytes:134217728 RangeMaxBytes:536870912 GCPolicy:{TTLSeconds:14400 ProtectionPolicies:[] IgnoreStrictEnforcement:true} GlobalReads:false NumReplicas:1 NumVoters:0 Constraints:[] VoterConstraints:[] LeasePreferences:[] RangefeedEnabled:true ExcludeDataFromBackup:false}
I260828 16:24:22.675462 161 13@spanconfig/spanconfigstore/store.go:364  [T1,Vsystem,n1] 647  changing the spanconfig for span:/Table/{4-5} from:{RangeMinBytes:134217728 RangeMaxBytes:536870912 GCPolicy:{TTLSeconds:14400 ProtectionPolicies:[] IgnoreStrictEnforcement:true} GlobalReads:false NumReplicas:5 NumVoters:0 Constraints:[] VoterConstraints:[] LeasePreferences:[] RangefeedEnabled:true ExcludeDataFromBackup:false} to:{RangeMinBytes:134217728 RangeMaxBytes:536870912 GCPolicy:{TTLSeconds:14400 ProtectionPolicies:[] IgnoreStrictEnforcement:true} GlobalReads:false NumReplicas:1 NumVoters:0 Constraints:[] VoterConstraints:[] LeasePreferences:[] RangefeedEnabled:true ExcludeDataFromBackup:false}
I260828 16:24:22.675504 161 13@spanconfig/spanconfigstore/store.go:364  [T1,Vsystem,n1] 648  changing the spanconfig for span:/Table/{5-6} from:{RangeMinBytes:134217728 RangeMaxBytes:536870912 GCPolicy:{TTLSeconds:14400 ProtectionPolicies:[] IgnoreStrictEnforcement:true} GlobalReads:false NumReplicas:5 NumVoters:0 Constraints:[] VoterConstraints:[] LeasePreferences:[] RangefeedEnabled:true ExcludeDataFromBackup:false} to:{RangeMinBytes:134217728 RangeMaxBytes:536870912 GCPolicy:{TTLSeconds:14400 ProtectionPolicies:[] IgnoreStrictEnforcement:true} GlobalReads:false NumReplicas:1 NumVoters:0 Constraints:[] VoterConstraints:[] LeasePreferences:[] RangefeedEnabled:true ExcludeDataFromBackup:false}
I260828 16:24:22.675540 161 13@spanconfig/spanconfigstore/store.go:364  [T1,Vsystem,n1] 649  changing the spanconfig for span:/Table/{6-7} from:{RangeMinBytes:134217728 RangeMaxBytes:536870912 GCPolicy:{TTLSeconds:14400 ProtectionPolicies:[] IgnoreStrictEnforcement:true} GlobalReads:false NumReplicas:5 NumVoters:0 Constraints:[] VoterConstraints:[] LeasePreferences:[] RangefeedEnabled:true ExcludeDataFromBackup:false} to:{RangeMinBytes:134217728 RangeMaxBytes:536870912 GCPolicy:{TTLSeconds:14400 ProtectionPolicies:[] IgnoreStrictEnforcement:true} GlobalReads:false NumReplicas:1 NumVoters:0 Constraints:[] VoterConstraints:[] LeasePreferences:[] RangefeedEnabled:true ExcludeDataFromBackup:false}
I260828 16:24:22.675578 161 13@spanconfig/spanconfigstore/store.go:364  [T1,Vsystem,n1] 650  changing the spanconfig for span:/Table/{7-8} from:{RangeMinBytes:134217728 RangeMaxBytes:536870912 GCPolicy:{TTLSeconds:14400 ProtectionPolicies:[] IgnoreStrictEnforcement:true} GlobalReads:false NumReplicas:5 NumVoters:0 Constraints:[] VoterConstraints:[] LeasePreferences:[] RangefeedEnabled:true ExcludeDataFromBackup:false} to:{RangeMinBytes:134217728 RangeMaxBytes:536870912 GCPolicy:{TTLSeconds:14400 ProtectionPolicies:[] IgnoreStrictEnforcement:true} GlobalReads:false NumReplicas:1 NumVoters:0 Constraints:[] VoterConstraints:[] LeasePreferences:[] RangefeedEnabled:true ExcludeDataFromBackup:false}
I260828 16:24:22.675615 161 13@spanconfig/spanconfigstore/store.go:364  [T1,Vsystem,n1] 651  changing the spanconfig for span:/Table/{8-9} from:{RangeMinBytes:134217728 RangeMaxBytes:536870912 GCPolicy:{TTLSeconds:14400 ProtectionPolicies:[] IgnoreStrictEnforcement:true} GlobalReads:false NumReplicas:5 NumVoters:0 Constraints:[] VoterConstraints:[] LeasePreferences:[] RangefeedEnabled:true ExcludeDataFromBackup:false} to:{RangeMinBytes:134217728 RangeMaxBytes:536870912 GCPolicy:{TTLSeconds:14400 ProtectionPolicies:[] IgnoreStrictEnforcement:true} GlobalReads:false NumReplicas:1 NumVoters:0 Constraints:[] VoterConstraints:[] LeasePreferences:[] RangefeedEnabled:true ExcludeDataFromBackup:false}
I260828 16:24:22.675660 161 13@spanconfig/spanconfigstore/store.go:364  [T1,Vsystem,n1] 652  changing the spanconfig for span:/Table/{9-10} from:{RangeMinBytes:134217728 RangeMaxBytes:536870912 GCPolicy:{TTLSeconds:14400 ProtectionPolicies:[] IgnoreStrictEnforcement:true} GlobalReads:false NumReplicas:5 NumVoters:0 Constraints:[] VoterConstraints:[] LeasePreferences:[] RangefeedEnabled:true ExcludeDataFromBackup:false} to:{RangeMinBytes:134217728 RangeMaxBytes:536870912 GCPolicy:{TTLSeconds:14400 ProtectionPolicies:[] IgnoreStrictEnforcement:true} GlobalReads:false NumReplicas:1 NumVoters:0 Constraints:[] VoterConstraints:[] LeasePreferences:[] RangefeedEnabled:true ExcludeDataFromBackup:false}
I260828 16:24:22.675745 161 13@spanconfig/spanconfigstore/store.go:364  [T1,Vsystem,n1] 653  changing the spanconfig for span:/Table/1{1-2} from:{RangeMinBytes:134217728 RangeMaxBytes:536870912 GCPolicy:{TTLSeconds:600 ProtectionPolicies:[] IgnoreStrictEnforcement:true} GlobalReads:false NumReplicas:5 NumVoters:0 Constraints:[] VoterConstraints:[] LeasePreferences:[] RangefeedEnabled:true ExcludeDataFromBackup:true} to:{RangeMinBytes:134217728 RangeMaxBytes:536870912 GCPolicy:{TTLSeconds:600 ProtectionPolicies:[] IgnoreStrictEnforcement:true} GlobalReads:false NumReplicas:1 NumVoters:0 Constraints:[] VoterConstraints:[] LeasePreferences:[] RangefeedEnabled:true ExcludeDataFromBackup:true}
I260828 16:24:22.675827 161 13@spanconfig/spanconfigstore/store.go:364  [T1,Vsystem,n1] 654  changing the spanconfig for span:/Table/1{2-3} from:{RangeMinBytes:134217728 RangeMaxBytes:536870912 GCPolicy:{TTLSeconds:14400 ProtectionPolicies:[] IgnoreStrictEnforcement:true} GlobalReads:false NumReplicas:5 NumVoters:0 Constraints:[] VoterConstraints:[] LeasePreferences:[] RangefeedEnabled:true ExcludeDataFromBackup:false} to:{RangeMinBytes:134217728 RangeMaxBytes:536870912 GCPolicy:{TTLSeconds:14400 ProtectionPolicies:[] IgnoreStrictEnforcement:true} GlobalReads:false NumReplicas:1 NumVoters:0 Constraints:[] VoterConstraints:[] LeasePreferences:[] RangefeedEnabled:true ExcludeDataFromBackup:false}
I260828 16:24:22.675888 161 13@spanconfig/spanconfigstore/store.go:364  [T1,Vsystem,n1] 655  changing the spanconfig for span:/Table/1{3-4} from:{RangeMinBytes:134217728 RangeMaxBytes:536870912 GCPolicy:{TTLSeconds:14400 ProtectionPolicies:[] IgnoreStrictEnforcement:true} GlobalReads:false NumReplicas:5 NumVoters:0 Constraints:[] VoterConstraints:[] LeasePreferences:[] RangefeedEnabled:true ExcludeDataFromBackup:false} to:{RangeMinBytes:134217728 RangeMaxBytes:536870912 GCPolicy:{TTLSeconds:14400 ProtectionPolicies:[] IgnoreStrictEnforcement:true} GlobalReads:false NumReplicas:1 NumVoters:0 Constraints:[] VoterConstraints:[] LeasePreferences:[] RangefeedEnabled:true ExcludeDataFromBackup:false}
I260828 16:24:22.675931 161 13@spanconfig/spanconfigstore/store.go:364  [T1,Vsystem,n1] 656  changing the spanconfig for span:/Table/1{4-5} from:{RangeMinBytes:134217728 RangeMaxBytes:536870912 GCPolicy:{TTLSeconds:14400 ProtectionPolicies:[] IgnoreStrictEnforcement:true} GlobalReads:false NumReplicas:5 NumVoters:0 Constraints:[] VoterConstraints:[] LeasePreferences:[] RangefeedEnabled:true ExcludeDataFromBackup:false} to:{RangeMinBytes:134217728 RangeMaxBytes:536870912 GCPolicy:{TTLSeconds:14400 ProtectionPolicies:[] IgnoreStrictEnforcement:true} GlobalReads:false NumReplicas:1 NumVoters:0 Constraints:[] VoterConstraints:[] LeasePreferences:[] RangefeedEnabled:true ExcludeDataFromBackup:false}
I260828 16:24:22.675990 161 13@spanconfig/spanconfigstore/store.go:364  [T1,Vsystem,n1] 657  changing the spanconfig for span:/Table/1{5-6} from:{RangeMinBytes:134217728 RangeMaxBytes:536870912 GCPolicy:{TTLSeconds:14400 ProtectionPolicies:[] IgnoreStrictEnforcement:true} GlobalReads:false NumReplicas:5 NumVoters:0 Constraints:[] VoterConstraints:[] LeasePreferences:[] RangefeedEnabled:true ExcludeDataFromBackup:false} to:{RangeMinBytes:134217728 RangeMaxBytes:536870912 GCPolicy:{TTLSeconds:14400 ProtectionPolicies:[] IgnoreStrictEnforcement:true} GlobalReads:false NumReplicas:1 NumVoters:0 Constraints:[] VoterConstraints:[] LeasePreferences:[] RangefeedEnabled:true ExcludeDataFromBackup:false}
I260828 16:24:22.676040 161 13@spanconfig/spanconfigstore/store.go:364  [T1,Vsystem,n1] 658  changing the spanconfig for span:/Table/1{6-7} from:{RangeMinBytes:134217728 RangeMaxBytes:536870912 GCPolicy:{TTLSeconds:14400 ProtectionPolicies:[] IgnoreStrictEnforcement:false} GlobalReads:false NumReplicas:5 NumVoters:0 Constraints:[] VoterConstraints:[] LeasePreferences:[] RangefeedEnabled:false ExcludeDataFromBackup:false} to:{RangeMinBytes:134217728 RangeMaxBytes:536870912 GCPolicy:{TTLSeconds:14400 ProtectionPolicies:[] IgnoreStrictEnforcement:false} GlobalReads:false NumReplicas:1 NumVoters:0 Constraints:[] VoterConstraints:[] LeasePreferences:[] RangefeedEnabled:false ExcludeDataFromBackup:false}
I260828 16:24:22.676080 161 13@spanconfig/spanconfigstore/store.go:364  [T1,Vsystem,n1] 659  changing the spanconfig for span:/Table/1{7-8} from:{RangeMinBytes:134217728 RangeMaxBytes:536870912 GCPolicy:{TTLSeconds:14400 ProtectionPolicies:[] IgnoreStrictEnforcement:false} GlobalReads:false NumReplicas:5 NumVoters:0 Constraints:[] VoterConstraints:[] LeasePreferences:[] RangefeedEnabled:false ExcludeDataFromBackup:false} to:{RangeMinBytes:134217728 RangeMaxBytes:536870912 GCPolicy:{TTLSeconds:14400 ProtectionPolicies:[] IgnoreStrictEnforcement:false} GlobalReads:false NumReplicas:1 NumVoters:0 Constraints:[] VoterConstraints:[] LeasePreferences:[] RangefeedEnabled:false ExcludeDataFromBackup:false}
I260828 16:24:22.676120 161 13@spanconfig/spanconfigstore/store.go:364  [T1,Vsystem,n1] 660  changing the spanconfig for span:/Table/1{8-9} from:{RangeMinBytes:134217728 RangeMaxBytes:536870912 GCPolicy:{TTLSeconds:14400 ProtectionPolicies:[] IgnoreStrictEnforcement:false} GlobalReads:false NumReplicas:5 NumVoters:0 Constraints:[] VoterConstraints:[] LeasePreferences:[] RangefeedEnabled:false ExcludeDataFromBackup:false} to:{RangeMinBytes:134217728 RangeMaxBytes:536870912 GCPolicy:{TTLSeconds:14400 ProtectionPolicies:[] IgnoreStrictEnforcement:false} GlobalReads:false NumReplicas:1 NumVoters:0 Constraints:[] VoterConstraints:[] LeasePreferences:[] RangefeedEnabled:false ExcludeDataFromBackup:false}
I260828 16:24:22.676157 161 13@spanconfig/spanconfigstore/store.go:364  [T1,Vsystem,n1] 661  changing the spanconfig for span:/Table/{19-20} from:{RangeMinBytes:134217728 RangeMaxBytes:536870912 GCPolicy:{TTLSeconds:14400 ProtectionPolicies:[] IgnoreStrictEnforcement:true} GlobalReads:false NumReplicas:5 NumVoters:0 Constraints:[] VoterConstraints:[] LeasePreferences:[] RangefeedEnabled:true ExcludeDataFromBackup:false} to:{RangeMinBytes:134217728 RangeMaxBytes:536870912 GCPolicy:{TTLSeconds:14400 ProtectionPolicies:[] IgnoreStrictEnforcement:true} GlobalReads:false NumReplicas:1 NumVoters:0 Constraints:[] VoterConstraints:[] LeasePreferences:[] RangefeedEnabled:true ExcludeDataFromBackup:false}
I260828 16:24:22.676192 161 13@spanconfig/spanconfigstore/store.go:364  [T1,Vsystem,n1] 662  changing the spanconfig for span:/Table/2{0-1} from:{RangeMinBytes:134217728 RangeMaxBytes:536870912 GCPolicy:{TTLSeconds:14400 ProtectionPolicies:[] IgnoreStrictEnforcement:true} GlobalReads:false NumReplicas:5 NumVoters:0 Constraints:[] VoterConstraints:[] LeasePreferences:[] RangefeedEnabled:true ExcludeDataFromBackup:false} to:{RangeMinBytes:134217728 RangeMaxBytes:536870912 GCPolicy:{TTLSeconds:14400 ProtectionPolicies:[] IgnoreStrictEnforcement:true} GlobalReads:false NumReplicas:1 NumVoters:0 Constraints:[] VoterConstraints:[] LeasePreferences:[] RangefeedEnabled:true ExcludeDataFromBackup:false}
I260828 16:24:22.676229 161 13@spanconfig/spanconfigstore/store.go:364  [T1,Vsystem,n1] 663  changing the spanconfig for span:/Table/2{1-2} from:{RangeMinBytes:134217728 RangeMaxBytes:536870912 GCPolicy:{TTLSeconds:14400 ProtectionPolicies:[] IgnoreStrictEnforcement:true} GlobalReads:false NumReplicas:5 NumVoters:0 Constraints:[] VoterConstraints:[] LeasePreferences:[] RangefeedEnabled:true ExcludeDataFromBackup:false} to:{RangeMinBytes:134217728 RangeMaxBytes:536870912 GCPolicy:{TTLSeconds:14400 ProtectionPolicies:[] IgnoreStrictEnforcement:true} GlobalReads:false NumReplicas:1 NumVoters:0 Constraints:[] VoterConstraints:[] LeasePreferences:[] RangefeedEnabled:true ExcludeDataFromBackup:false}
I260828 16:24:22.676285 161 13@spanconfig/spanconfigstore/store.go:364  [T1,Vsystem,n1] 664  changing the spanconfig for span:/Table/2{2-3} from:{RangeMinBytes:134217728 RangeMaxBytes:536870912 GCPolicy:{TTLSeconds:14400 ProtectionPolicies:[] IgnoreStrictEnforcement:false} GlobalReads:false NumReplicas:5 NumVoters:0 Constraints:[] VoterConstraints:[] LeasePreferences:[] RangefeedEnabled:false ExcludeDataFromBackup:false} to:{RangeMinBytes:134217728 RangeMaxBytes:536870912 GCPolicy:{TTLSeconds:14400 ProtectionPolicies:[] IgnoreStrictEnforcement:false} GlobalReads:false NumReplicas:1 NumVoters:0 Constraints:[] VoterConstraints:[] LeasePreferences:[] RangefeedEnabled:false ExcludeDataFromBackup:false}
I260828 16:24:22.676330 161 13@spanconfig/spanconfigstore/store.go:364  [T1,Vsystem,n1] 665  changing the spanconfig for span:/Table/2{3-4} from:{RangeMinBytes:134217728 RangeMaxBytes:536870912 GCPolicy:{TTLSeconds:14400 ProtectionPolicies:[] IgnoreStrictEnforcement:true} GlobalReads:false NumReplicas:5 NumVoters:0 Constraints:[] VoterConstraints:[] LeasePreferences:[] RangefeedEnabled:true ExcludeDataFromBackup:false} to:{RangeMinBytes:134217728 RangeMaxBytes:536870912 GCPolicy:{TTLSeconds:14400 ProtectionPolicies:[] IgnoreStrictEnforcement:true} GlobalReads:false NumReplicas:1 NumVoters:0 Constraints:[] VoterConstraints:[] LeasePreferences:[] RangefeedEnabled:true ExcludeDataFromBackup:false}
I260828 16:24:22.676366 161 13@spanconfig/spanconfigstore/store.go:364  [T1,Vsystem,n1] 666  changing the spanconfig for span:/Table/2{4-5} from:{RangeMinBytes:134217728 RangeMaxBytes:536870912 GCPolicy:{TTLSeconds:14400 ProtectionPolicies:[] IgnoreStrictEnforcement:true} GlobalReads:false NumReplicas:5 NumVoters:0 Constraints:[] VoterConstraints:[] LeasePreferences:[] RangefeedEnabled:true ExcludeDataFromBackup:false} to:{RangeMinBytes:134217728 RangeMaxBytes:536870912 GCPolicy:{TTLSeconds:14400 ProtectionPolicies:[] IgnoreStrictEnforcement:true} GlobalReads:false NumReplicas:1 NumVoters:0 Constraints:[] VoterConstraints:[] LeasePreferences:[] RangefeedEnabled:true ExcludeDataFromBackup:false}
I260828 16:24:22.676424 161 13@spanconfig/spanconfigstore/store.go:364  [T1,Vsystem,n1] 667  changing the spanconfig for span:/Table/2{5-6} from:{RangeMinBytes:134217728 RangeMaxBytes:536870912 GCPolicy:{TTLSeconds:600 ProtectionPolicies:[] IgnoreStrictEnforcement:true} GlobalReads:false NumReplicas:5 NumVoters:0 Constraints:[] VoterConstraints:[] LeasePreferences:[] RangefeedEnabled:true ExcludeDataFromBackup:true} to:{RangeMinBytes:134217728 RangeMaxBytes:536870912 GCPolicy:{TTLSeconds:600 ProtectionPolicies:[] IgnoreStrictEnforcement:true} GlobalReads:false NumReplicas:1 NumVoters:0 Constraints:[] VoterConstraints:[] LeasePreferences:[] RangefeedEnabled:true ExcludeDataFromBackup:true}
I260828 16:24:22.676470 161 13@spanconfig/spanconfigstore/store.go:364  [T1,Vsystem,n1] 668  changing the spanconfig for span:/Table/2{6-7} from:{RangeMinBytes:134217728 RangeMaxBytes:536870912 GCPolicy:{TTLSeconds:14400 ProtectionPolicies:[] IgnoreStrictEnforcement:true} GlobalReads:false NumReplicas:5 NumVoters:0 Constraints:[] VoterConstraints:[] LeasePreferences:[] RangefeedEnabled:true ExcludeDataFromBackup:false} to:{RangeMinBytes:134217728 RangeMaxBytes:536870912 GCPolicy:{TTLSeconds:14400 ProtectionPolicies:[] IgnoreStrictEnforcement:true} GlobalReads:false NumReplicas:1 NumVoters:0 Constraints:[] VoterConstraints:[] LeasePreferences:[] RangefeedEnabled:true ExcludeDataFromBackup:false}
I260828 16:24:22.676513 161 13@spanconfig/spanconfigstore/store.go:364  [T1,Vsystem,n1] 669  changing the spanconfig for span:/Table/2{7-8} from:{RangeMinBytes:134217728 RangeMaxBytes:536870912 GCPolicy:{TTLSeconds:600 ProtectionPolicies:[] IgnoreStrictEnforcement:true} GlobalReads:false NumReplicas:5 NumVoters:0 Constraints:[] VoterConstraints:[] LeasePreferences:[] RangefeedEnabled:true ExcludeDataFromBackup:true} to:{RangeMinBytes:134217728 RangeMaxBytes:536870912 GCPolicy:{TTLSeconds:600 ProtectionPolicies:[] IgnoreStrictEnforcement:true} GlobalReads:false NumReplicas:1 NumVoters:0 Constraints:[] VoterConstraints:[] LeasePreferences:[] RangefeedEnabled:true ExcludeDataFromBackup:true}
I260828 16:24:22.676557 161 13@spanconfig/spanconfigstore/store.go:364  [T1,Vsystem,n1] 670  changing the spanconfig for span:/Table/2{8-9} from:{RangeMinBytes:134217728 RangeMaxBytes:536870912 GCPolicy:{TTLSeconds:14400 ProtectionPolicies:[] IgnoreStrictEnforcement:true} GlobalReads:false NumReplicas:5 NumVoters:0 Constraints:[] VoterConstraints:[] LeasePreferences:[] RangefeedEnabled:true ExcludeDataFromBackup:false} to:{RangeMinBytes:134217728 RangeMaxBytes:536870912 GCPolicy:{TTLSeconds:14400 ProtectionPolicies:[] IgnoreStrictEnforcement:true} GlobalReads:false NumReplicas:1 NumVoters:0 Constraints:[] VoterConstraints:[] LeasePreferences:[] RangefeedEnabled:true ExcludeDataFromBackup:false}
I260828 16:24:22.676599 161 13@spanconfig/spanconfigstore/store.go:364  [T1,Vsystem,n1] 671  changing the spanconfig for span:/{Table/29-NamespaceTable/30} from:{RangeMinBytes:134217728 RangeMaxBytes:536870912 GCPolicy:{TTLSeconds:14400 ProtectionPolicies:[] IgnoreStrictEnforcement:false} GlobalReads:false NumReplicas:5 NumVoters:0 Constraints:[] VoterConstraints:[] LeasePreferences:[] RangefeedEnabled:false ExcludeDataFromBackup:false} to:{RangeMinBytes:134217728 RangeMaxBytes:536870912 GCPolicy:{TTLSeconds:14400 ProtectionPolicies:[] IgnoreStrictEnforcement:false} GlobalReads:false NumReplicas:1 NumVoters:0 Constraints:[] VoterConstraints:[] LeasePreferences:[] RangefeedEnabled:false ExcludeDataFromBackup:false}
I260828 16:24:22.676645 161 13@spanconfig/spanconfigstore/store.go:364  [T1,Vsystem,n1] 672  changing the spanconfig for span:/NamespaceTable/{30-Max} from:{RangeMinBytes:134217728 RangeMaxBytes:536870912 GCPolicy:{TTLSeconds:14400 ProtectionPolicies:[] IgnoreStrictEnforcement:true} GlobalReads:false NumReplicas:5 NumVoters:0 Constraints:[] VoterConstraints:[] LeasePreferences:[] RangefeedEnabled:true ExcludeDataFromBackup:false} to:{RangeMinBytes:134217728 RangeMaxBytes:536870912 GCPolicy:{TTLSeconds:14400 ProtectionPolicies:[] IgnoreStrictEnforcement:true} GlobalReads:false NumReplicas:1 NumVoters:0 Constraints:[] VoterConstraints:[] LeasePreferences:[] RangefeedEnabled:true ExcludeDataFromBackup:false}
I260828 16:24:22.676690 161 13@spanconfig/spanconfigstore/store.go:364  [T1,Vsystem,n1] 673  changing the spanconfig for span:/{NamespaceTable/Max-Table/32} from:{RangeMinBytes:134217728 RangeMaxBytes:536870912 GCPolicy:{TTLSeconds:14400 ProtectionPolicies:[] IgnoreStrictEnforcement:true} GlobalReads:false NumReplicas:5 NumVoters:0 Constraints:[] VoterConstraints:[] LeasePreferences:[] RangefeedEnabled:true ExcludeDataFromBackup:false} to:{RangeMinBytes:134217728 RangeMaxBytes:536870912 GCPolicy:{TTLSeconds:14400 ProtectionPolicies:[] IgnoreStrictEnforcement:true} GlobalReads:false NumReplicas:1 NumVoters:0 Constraints:[] VoterConstraints:[] LeasePreferences:[] RangefeedEnabled:true ExcludeDataFromBackup:false}
I260828 16:24:22.676729 161 13@spanconfig/spanconfigstore/store.go:364  [T1,Vsystem,n1] 674  changing the spanconfig for span:/Table/3{2-3} from:{RangeMinBytes:134217728 RangeMaxBytes:536870912 GCPolicy:{TTLSeconds:14400 ProtectionPolicies:[] IgnoreStrictEnforcement:true} GlobalReads:false NumReplicas:5 NumVoters:0 Constraints:[] VoterConstraints:[] LeasePreferences:[] RangefeedEnabled:true ExcludeDataFromBackup:false} to:{RangeMinBytes:134217728 RangeMaxBytes:536870912 GCPolicy:{TTLSeconds:14400 ProtectionPolicies:[] IgnoreStrictEnforcement:true} GlobalReads:false NumReplicas:1 NumVoters:0 Constraints:[] VoterConstraints:[] LeasePreferences:[] RangefeedEnabled:true ExcludeDataFromBackup:false}
I260828 16:24:22.676770 161 13@spanconfig/spanconfigstore/store.go:364  [T1,Vsystem,n1] 675  changing the spanconfig for span:/Table/3{3-4} from:{RangeMinBytes:134217728 RangeMaxBytes:536870912 GCPolicy:{TTLSeconds:14400 ProtectionPolicies:[] IgnoreStrictEnforcement:true} GlobalReads:false NumReplicas:5 NumVoters:0 Constraints:[] VoterConstraints:[] LeasePreferences:[] RangefeedEnabled:true ExcludeDataFromBackup:false} to:{RangeMinBytes:134217728 RangeMaxBytes:536870912 GCPolicy:{TTLSeconds:14400 ProtectionPolicies:[] IgnoreStrictEnforcement:true} GlobalReads:false NumReplicas:1 NumVoters:0 Constraints:[] VoterConstraints:[] LeasePreferences:[] RangefeedEnabled:true ExcludeDataFromBackup:false}
I260828 16:24:22.676842 161 13@spanconfig/spanconfigstore/store.go:364  [T1,Vsystem,n1] 676  changing the spanconfig for span:/Table/3{4-5} from:{RangeMinBytes:134217728 RangeMaxBytes:536870912 GCPolicy:{TTLSeconds:14400 ProtectionPolicies:[] IgnoreStrictEnforcement:true} GlobalReads:false NumReplicas:5 NumVoters:0 Constraints:[] VoterConstraints:[] LeasePreferences:[] RangefeedEnabled:true ExcludeDataFromBackup:false} to:{RangeMinBytes:134217728 RangeMaxBytes:536870912 GCPolicy:{TTLSeconds:14400 ProtectionPolicies:[] IgnoreStrictEnforcement:true} GlobalReads:false NumReplicas:1 NumVoters:0 Constraints:[] VoterConstraints:[] LeasePreferences:[] RangefeedEnabled:true ExcludeDataFromBackup:false}
I260828 16:24:22.676893 161 13@spanconfig/spanconfigstore/store.go:364  [T1,Vsystem,n1] 677  changing the spanconfig for span:/Table/3{5-6} from:{RangeMinBytes:134217728 RangeMaxBytes:536870912 GCPolicy:{TTLSeconds:14400 ProtectionPolicies:[] IgnoreStrictEnforcement:true} GlobalReads:false NumReplicas:5 NumVoters:0 Constraints:[] VoterConstraints:[] LeasePreferences:[] RangefeedEnabled:true ExcludeDataFromBackup:false} to:{RangeMinBytes:134217728 RangeMaxBytes:536870912 GCPolicy:{TTLSeconds:14400 ProtectionPolicies:[] IgnoreStrictEnforcement:true} GlobalReads:false NumReplicas:1 NumVoters:0 Constraints:[] VoterConstraints:[] LeasePreferences:[] RangefeedEnabled:true ExcludeDataFromBackup:false}
I260828 16:24:22.676954 161 13@spanconfig/spanconfigstore/store.go:364  [T1,Vsystem,n1] 678  changing the spanconfig for span:/Table/3{6-7} from:{RangeMinBytes:134217728 RangeMaxBytes:536870912 GCPolicy:{TTLSeconds:14400 ProtectionPolicies:[] IgnoreStrictEnforcement:true} GlobalReads:false NumReplicas:5 NumVoters:0 Constraints:[] VoterConstraints:[] LeasePreferences:[] RangefeedEnabled:true ExcludeDataFromBackup:false} to:{RangeMinBytes:134217728 RangeMaxBytes:536870912 GCPolicy:{TTLSeconds:14400 ProtectionPolicies:[] IgnoreStrictEnforcement:true} GlobalReads:false NumReplicas:1 NumVoters:0 Constraints:[] VoterConstraints:[] LeasePreferences:[] RangefeedEnabled:true ExcludeDataFromBackup:false}
I260828 16:24:22.676997 161 13@spanconfig/spanconfigstore/store.go:364  [T1,Vsystem,n1] 679  changing the spanconfig for span:/Table/3{7-8} from:{RangeMinBytes:134217728 RangeMaxBytes:536870912 GCPolicy:{TTLSeconds:14400 ProtectionPolicies:[] IgnoreStrictEnforcement:true} GlobalReads:false NumReplicas:5 NumVoters:0 Constraints:[] VoterConstraints:[] LeasePreferences:[] RangefeedEnabled:true ExcludeDataFromBackup:false} to:{RangeMinBytes:134217728 RangeMaxBytes:536870912 GCPolicy:{TTLSeconds:14400 ProtectionPolicies:[] IgnoreStrictEnforcement:true} GlobalReads:false NumReplicas:1 NumVoters:0 Constraints:[] VoterConstraints:[] LeasePreferences:[] RangefeedEnabled:true ExcludeDataFromBackup:false}
I260828 16:24:22.677044 161 13@spanconfig/spanconfigstore/store.go:364  [T1,Vsystem,n1] 680  changing the spanconfig for span:/Table/3{8-9} from:{RangeMinBytes:134217728 RangeMaxBytes:536870912 GCPolicy:{TTLSeconds:14400 ProtectionPolicies:[] IgnoreStrictEnforcement:false} GlobalReads:false NumReplicas:5 NumVoters:0 Constraints:[] VoterConstraints:[] LeasePreferences:[] RangefeedEnabled:false ExcludeDataFromBackup:false} to:{RangeMinBytes:134217728 RangeMaxBytes:536870912 GCPolicy:{TTLSeconds:14400 ProtectionPolicies:[] IgnoreStrictEnforcement:false} GlobalReads:false NumReplicas:1 NumVoters:0 Constraints:[] VoterConstraints:[] LeasePreferences:[] RangefeedEnabled:false ExcludeDataFromBackup:false}
I260828 16:24:22.677111 161 13@spanconfig/spanconfigstore/store.go:364  [T1,Vsystem,n1] 681  changing the spanconfig for span:/Table/{39-40} from:{RangeMinBytes:134217728 RangeMaxBytes:536870912 GCPolicy:{TTLSeconds:14400 ProtectionPolicies:[] IgnoreStrictEnforcement:true} GlobalReads:false NumReplicas:5 NumVoters:0 Constraints:[] VoterConstraints:[] LeasePreferences:[] RangefeedEnabled:true ExcludeDataFromBackup:false} to:{RangeMinBytes:134217728 RangeMaxBytes:536870912 GCPolicy:{TTLSeconds:14400 ProtectionPolicies:[] IgnoreStrictEnforcement:true} GlobalReads:false NumReplicas:1 NumVoters:0 Constraints:[] VoterConstraints:[] LeasePreferences:[] RangefeedEnabled:true ExcludeDataFromBackup:false}
I260828 16:24:22.677161 161 13@spanconfig/spanconfigstore/store.go:364  [T1,Vsystem,n1] 682  changing the spanconfig for span:/Table/4{0-1} from:{RangeMinBytes:134217728 RangeMaxBytes:536870912 GCPolicy:{TTLSeconds:14400 ProtectionPolicies:[] IgnoreStrictEnforcement:true} GlobalReads:false NumReplicas:5 NumVoters:0 Constraints:[] VoterConstraints:[] LeasePreferences:[] RangefeedEnabled:true ExcludeDataFromBackup:false} to:{RangeMinBytes:134217728 RangeMaxBytes:536870912 GCPolicy:{TTLSeconds:14400 ProtectionPolicies:[] IgnoreStrictEnforcement:true} GlobalReads:false NumReplicas:1 NumVoters:0 Constraints:[] VoterConstraints:[] LeasePreferences:[] RangefeedEnabled:true ExcludeDataFromBackup:false}
I260828 16:24:22.677207 161 13@spanconfig/spanconfigstore/store.go:364  [T1,Vsystem,n1] 683  changing the spanconfig for span:/Table/4{1-2} from:{RangeMinBytes:134217728 RangeMaxBytes:536870912 GCPolicy:{TTLSeconds:14400 ProtectionPolicies:[] IgnoreStrictEnforcement:true} GlobalReads:false NumReplicas:5 NumVoters:0 Constraints:[] VoterConstraints:[] LeasePreferences:[] RangefeedEnabled:true ExcludeDataFromBackup:false} to:{RangeMinBytes:134217728 RangeMaxBytes:536870912 GCPolicy:{TTLSeconds:14400 ProtectionPolicies:[] IgnoreStrictEnforcement:true} GlobalReads:false NumReplicas:1 NumVoters:0 Constraints:[] VoterConstraints:[] LeasePreferences:[] RangefeedEnabled:true ExcludeDataFromBackup:false}
I260828 16:24:22.677255 161 13@spanconfig/spanconfigstore/store.go:364  [T1,Vsystem,n1] 684  changing the spanconfig for span:/Table/4{2-3} from:{RangeMinBytes:134217728 RangeMaxBytes:536870912 GCPolicy:{TTLSeconds:14400 ProtectionPolicies:[] IgnoreStrictEnforcement:true} GlobalReads:false NumReplicas:5 NumVoters:0 Constraints:[] VoterConstraints:[] LeasePreferences:[] RangefeedEnabled:true ExcludeDataFromBackup:false} to:{RangeMinBytes:134217728 RangeMaxBytes:536870912 GCPolicy:{TTLSeconds:3600 ProtectionPolicies:[] IgnoreStrictEnforcement:true} GlobalReads:false NumReplicas:1 NumVoters:0 Constraints:[] VoterConstraints:[] LeasePreferences:[] RangefeedEnabled:true ExcludeDataFromBackup:false}
I260828 16:24:22.677314 161 13@spanconfig/spanconfigstore/store.go:364  [T1,Vsystem,n1] 685  changing the spanconfig for span:/Table/4{3-4} from:{RangeMinBytes:134217728 RangeMaxBytes:536870912 GCPolicy:{TTLSeconds:14400 ProtectionPolicies:[] IgnoreStrictEnforcement:true} GlobalReads:false NumReplicas:5 NumVoters:0 Constraints:[] VoterConstraints:[] LeasePreferences:[] RangefeedEnabled:true ExcludeDataFromBackup:false} to:{RangeMinBytes:134217728 RangeMaxBytes:536870912 GCPolicy:{TTLSeconds:3600 ProtectionPolicies:[] IgnoreStrictEnforcement:true} GlobalReads:false NumReplicas:1 NumVoters:0 Constraints:[] VoterConstraints:[] LeasePreferences:[] RangefeedEnabled:true ExcludeDataFromBackup:false}
I260828 16:24:22.677359 161 13@spanconfig/spanconfigstore/store.go:364  [T1,Vsystem,n1] 686  changing the spanconfig for span:/Table/4{4-5} from:{RangeMinBytes:134217728 RangeMaxBytes:536870912 GCPolicy:{TTLSeconds:14400 ProtectionPolicies:[] IgnoreStrictEnforcement:true} GlobalReads:false NumReplicas:5 NumVoters:0 Constraints:[] VoterConstraints:[] LeasePreferences:[] RangefeedEnabled:true ExcludeDataFromBackup:false} to:{RangeMinBytes:134217728 RangeMaxBytes:536870912 GCPolicy:{TTLSeconds:14400 ProtectionPolicies:[] IgnoreStrictEnforcement:true} GlobalReads:false NumReplicas:1 NumVoters:0 Constraints:[] VoterConstraints:[] LeasePreferences:[] RangefeedEnabled:true ExcludeDataFromBackup:false}
I260828 16:24:22.677417 161 13@spanconfig/spanconfigstore/store.go:364  [T1,Vsystem,n1] 687  changing the spanconfig for span:/Table/4{5-6} from:{RangeMinBytes:134217728 RangeMaxBytes:536870912 GCPolicy:{TTLSeconds:7200 ProtectionPolicies:[] IgnoreStrictEnforcement:true} GlobalReads:false NumReplicas:5 NumVoters:0 Constraints:[] VoterConstraints:[] LeasePreferences:[] RangefeedEnabled:true ExcludeDataFromBackup:true} to:{RangeMinBytes:134217728 RangeMaxBytes:536870912 GCPolicy:{TTLSeconds:7200 ProtectionPolicies:[] IgnoreStrictEnforcement:true} GlobalReads:false NumReplicas:1 NumVoters:0 Constraints:[] VoterConstraints:[] LeasePreferences:[] RangefeedEnabled:true ExcludeDataFromBackup:true}
I260828 16:24:22.677466 161 13@spanconfig/spanconfigstore/store.go:364  [T1,Vsystem,n1] 688  changing the spanconfig for span:/Table/4{6-7} from:{RangeMinBytes:134217728 RangeMaxBytes:536870912 GCPolicy:{TTLSeconds:14400 ProtectionPolicies:[] IgnoreStrictEnforcement:true} GlobalReads:false NumReplicas:5 NumVoters:0 Constraints:[] VoterConstraints:[] LeasePreferences:[] RangefeedEnabled:true ExcludeDataFromBackup:false} to:{RangeMinBytes:134217728 RangeMaxBytes:536870912 GCPolicy:{TTLSeconds:14400 ProtectionPolicies:[] IgnoreStrictEnforcement:true} GlobalReads:false NumReplicas:1 NumVoters:0 Constraints:[] VoterConstraints:[] LeasePreferences:[] RangefeedEnabled:true ExcludeDataFromBackup:false}
I260828 16:24:22.677532 161 13@spanconfig/spanconfigstore/store.go:364  [T1,Vsystem,n1] 689  changing the spanconfig for span:/Table/4{7-8} from:{RangeMinBytes:134217728 RangeMaxBytes:536870912 GCPolicy:{TTLSeconds:14400 ProtectionPolicies:[] IgnoreStrictEnforcement:true} GlobalReads:false NumReplicas:5 NumVoters:0 Constraints:[] VoterConstraints:[] LeasePreferences:[] RangefeedEnabled:true ExcludeDataFromBackup:true} to:{RangeMinBytes:134217728 RangeMaxBytes:536870912 GCPolicy:{TTLSeconds:14400 ProtectionPolicies:[] IgnoreStrictEnforcement:true} GlobalReads:false NumReplicas:1 NumVoters:0 Constraints:[] VoterConstraints:[] LeasePreferences:[] RangefeedEnabled:true ExcludeDataFromBackup:true}
I260828 16:24:22.677579 161 13@spanconfig/spanconfigstore/store.go:364  [T1,Vsystem,n1] 690  changing the spanconfig for span:/Table/4{8-9} from:{RangeMinBytes:134217728 RangeMaxBytes:536870912 GCPolicy:{TTLSeconds:14400 ProtectionPolicies:[] IgnoreStrictEnforcement:true} GlobalReads:false NumReplicas:5 NumVoters:0 Constraints:[] VoterConstraints:[] LeasePreferences:[] RangefeedEnabled:true ExcludeDataFromBackup:false} to:{RangeMinBytes:134217728 RangeMaxBytes:536870912 GCPolicy:{TTLSeconds:14400 ProtectionPolicies:[] IgnoreStrictEnforcement:true} GlobalReads:false NumReplicas:1 NumVoters:0 Constraints:[] VoterConstraints:[] LeasePreferences:[] RangefeedEnabled:true ExcludeDataFromBackup:false}
I260828 16:24:22.677625 161 13@spanconfig/spanconfigstore/store.go:364  [T1,Vsystem,n1] 691  changing the spanconfig for span:/Table/5{0-1} from:{RangeMinBytes:134217728 RangeMaxBytes:536870912 GCPolicy:{TTLSeconds:14400 ProtectionPolicies:[] IgnoreStrictEnforcement:true} GlobalReads:false NumReplicas:5 NumVoters:0 Constraints:[] VoterConstraints:[] LeasePreferences:[] RangefeedEnabled:true ExcludeDataFromBackup:false} to:{RangeMinBytes:134217728 RangeMaxBytes:536870912 GCPolicy:{TTLSeconds:14400 ProtectionPolicies:[] IgnoreStrictEnforcement:true} GlobalReads:false NumReplicas:1 NumVoters:0 Constraints:[] VoterConstraints:[] LeasePreferences:[] RangefeedEnabled:true ExcludeDataFromBackup:false}
I260828 16:24:22.677669 161 13@spanconfig/spanconfigstore/store.go:364  [T1,Vsystem,n1] 692  changing the spanconfig for span:/Table/5{1-2} from:{RangeMinBytes:134217728 RangeMaxBytes:536870912 GCPolicy:{TTLSeconds:14400 ProtectionPolicies:[] IgnoreStrictEnforcement:true} GlobalReads:false NumReplicas:5 NumVoters:0 Constraints:[] VoterConstraints:[] LeasePreferences:[] RangefeedEnabled:true ExcludeDataFromBackup:false} to:{RangeMinBytes:134217728 RangeMaxBytes:536870912 GCPolicy:{TTLSeconds:14400 ProtectionPolicies:[] IgnoreStrictEnforcement:true} GlobalReads:false NumReplicas:1 NumVoters:0 Constraints:[] VoterConstraints:[] LeasePreferences:[] RangefeedEnabled:true ExcludeDataFromBackup:false}
I260828 16:24:22.677731 161 13@spanconfig/spanconfigstore/store.go:364  [T1,Vsystem,n1] 693  changing the spanconfig for span:/Table/5{2-3} from:{RangeMinBytes:134217728 RangeMaxBytes:536870912 GCPolicy:{TTLSeconds:14400 ProtectionPolicies:[] IgnoreStrictEnforcement:true} GlobalReads:false NumReplicas:5 NumVoters:0 Constraints:[] VoterConstraints:[] LeasePreferences:[] RangefeedEnabled:true ExcludeDataFromBackup:false} to:{RangeMinBytes:134217728 RangeMaxBytes:536870912 GCPolicy:{TTLSeconds:14400 ProtectionPolicies:[] IgnoreStrictEnforcement:true} GlobalReads:false NumReplicas:1 NumVoters:0 Constraints:[] VoterConstraints:[] LeasePreferences:[] RangefeedEnabled:true ExcludeDataFromBackup:false}
I260828 16:24:22.677776 161 13@spanconfig/spanconfigstore/store.go:364  [T1,Vsystem,n1] 694  changing the spanconfig for span:/Table/5{3-4} from:{RangeMinBytes:134217728 RangeMaxBytes:536870912 GCPolicy:{TTLSeconds:14400 ProtectionPolicies:[] IgnoreStrictEnforcement:true} GlobalReads:false NumReplicas:5 NumVoters:0 Constraints:[] VoterConstraints:[] LeasePreferences:[] RangefeedEnabled:true ExcludeDataFromBackup:false} to:{RangeMinBytes:134217728 RangeMaxBytes:536870912 GCPolicy:{TTLSeconds:14400 ProtectionPolicies:[] IgnoreStrictEnforcement:true} GlobalReads:false NumReplicas:1 NumVoters:0 Constraints:[] VoterConstraints:[] LeasePreferences:[] RangefeedEnabled:true ExcludeDataFromBackup:false}
I260828 16:24:22.677831 161 13@spanconfig/spanconfigstore/store.go:364  [T1,Vsystem,n1] 695  changing the spanconfig for span:/Table/5{4-5} from:{RangeMinBytes:134217728 RangeMaxBytes:536870912 GCPolicy:{TTLSeconds:14400 ProtectionPolicies:[] IgnoreStrictEnforcement:true} GlobalReads:false NumReplicas:5 NumVoters:0 Constraints:[] VoterConstraints:[] LeasePreferences:[] RangefeedEnabled:true ExcludeDataFromBackup:false} to:{RangeMinBytes:134217728 RangeMaxBytes:536870912 GCPolicy:{TTLSeconds:14400 ProtectionPolicies:[] IgnoreStrictEnforcement:true} GlobalReads:false NumReplicas:1 NumVoters:0 Constraints:[] VoterConstraints:[] LeasePreferences:[] RangefeedEnabled:true ExcludeDataFromBackup:false}
I260828 16:24:22.677896 161 13@spanconfig/spanconfigstore/store.go:364  [T1,Vsystem,n1] 696  changing the spanconfig for span:/Table/5{5-6} from:{RangeMinBytes:134217728 RangeMaxBytes:536870912 GCPolicy:{TTLSeconds:14400 ProtectionPolicies:[] IgnoreStrictEnforcement:true} GlobalReads:false NumReplicas:5 NumVoters:0 Constraints:[] VoterConstraints:[] LeasePreferences:[] RangefeedEnabled:true ExcludeDataFromBackup:false} to:{RangeMinBytes:134217728 RangeMaxBytes:536870912 GCPolicy:{TTLSeconds:14400 ProtectionPolicies:[] IgnoreStrictEnforcement:true} GlobalReads:false NumReplicas:1 NumVoters:0 Constraints:[] VoterConstraints:[] LeasePreferences:[] RangefeedEnabled:true ExcludeDataFromBackup:false}
I260828 16:24:22.677955 161 13@spanconfig/spanconfigstore/store.go:364  [T1,Vsystem,n1] 697  changing the spanconfig for span:/Table/5{6-7} from:{RangeMinBytes:134217728 RangeMaxBytes:536870912 GCPolicy:{TTLSeconds:14400 ProtectionPolicies:[] IgnoreStrictEnforcement:true} GlobalReads:false NumReplicas:5 NumVoters:0 Constraints:[] VoterConstraints:[] LeasePreferences:[] RangefeedEnabled:true ExcludeDataFromBackup:false} to:{RangeMinBytes:134217728 RangeMaxBytes:536870912 GCPolicy:{TTLSeconds:14400 ProtectionPolicies:[] IgnoreStrictEnforcement:true} GlobalReads:false NumReplicas:1 NumVoters:0 Constraints:[] VoterConstraints:[] LeasePreferences:[] RangefeedEnabled:true ExcludeDataFromBackup:false}
I260828 16:24:22.678001 161 13@spanconfig/spanconfigstore/store.go:364  [T1,Vsystem,n1] 698  changing the spanconfig for span:/Table/5{7-8} from:{RangeMinBytes:134217728 RangeMaxBytes:536870912 GCPolicy:{TTLSeconds:14400 ProtectionPolicies:[] IgnoreStrictEnforcement:true} GlobalReads:false NumReplicas:5 NumVoters:0 Constraints:[] VoterConstraints:[] LeasePreferences:[] RangefeedEnabled:true ExcludeDataFromBackup:false} to:{RangeMinBytes:134217728 RangeMaxBytes:536870912 GCPolicy:{TTLSeconds:14400 ProtectionPolicies:[] IgnoreStrictEnforcement:true} GlobalReads:false NumReplicas:1 NumVoters:0 Constraints:[] VoterConstraints:[] LeasePreferences:[] RangefeedEnabled:true ExcludeDataFromBackup:false}
I260828 16:24:22.678068 161 13@spanconfig/spanconfigstore/store.go:364  [T1,Vsystem,n1] 699  changing the spanconfig for span:/Table/5{8-9} from:{RangeMinBytes:134217728 RangeMaxBytes:536870912 GCPolicy:{TTLSeconds:3600 ProtectionPolicies:[] IgnoreStrictEnforcement:true} GlobalReads:false NumReplicas:5 NumVoters:0 Constraints:[] VoterConstraints:[] LeasePreferences:[] RangefeedEnabled:true ExcludeDataFromBackup:false} to:{RangeMinBytes:134217728 RangeMaxBytes:536870912 GCPolicy:{TTLSeconds:3600 ProtectionPolicies:[] IgnoreStrictEnforcement:true} GlobalReads:false NumReplicas:1 NumVoters:0 Constraints:[] VoterConstraints:[] LeasePreferences:[] RangefeedEnabled:true ExcludeDataFromBackup:false}
I260828 16:24:22.678118 161 13@spanconfig/spanconfigstore/store.go:364  [T1,Vsystem,n1] 700  changing the spanconfig for span:/Table/{59-60} from:{RangeMinBytes:134217728 RangeMaxBytes:536870912 GCPolicy:{TTLSeconds:14400 ProtectionPolicies:[] IgnoreStrictEnforcement:true} GlobalReads:false NumReplicas:5 NumVoters:0 Constraints:[] VoterConstraints:[] LeasePreferences:[] RangefeedEnabled:true ExcludeDataFromBackup:false} to:{RangeMinBytes:134217728 RangeMaxBytes:536870912 GCPolicy:{TTLSeconds:14400 ProtectionPolicies:[] IgnoreStrictEnforcement:true} GlobalReads:false NumReplicas:1 NumVoters:0 Constraints:[] VoterConstraints:[] LeasePreferences:[] RangefeedEnabled:true ExcludeDataFromBackup:false}
I260828 16:24:22.678182 161 13@spanconfig/spanconfigstore/store.go:364  [T1,Vsystem,n1] 701  changing the spanconfig for span:/Table/6{0-1} from:{RangeMinBytes:134217728 RangeMaxBytes:536870912 GCPolicy:{TTLSeconds:14400 ProtectionPolicies:[] IgnoreStrictEnforcement:true} GlobalReads:false NumReplicas:5 NumVoters:0 Constraints:[] VoterConstraints:[] LeasePreferences:[] RangefeedEnabled:true ExcludeDataFromBackup:false} to:{RangeMinBytes:134217728 RangeMaxBytes:536870912 GCPolicy:{TTLSeconds:14400 ProtectionPolicies:[] IgnoreStrictEnforcement:true} GlobalReads:false NumReplicas:1 NumVoters:0 Constraints:[] VoterConstraints:[] LeasePreferences:[] RangefeedEnabled:true ExcludeDataFromBackup:false}
I260828 16:24:22.678234 161 13@spanconfig/spanconfigstore/store.go:364  [T1,Vsystem,n1] 702  changing the spanconfig for span:/Table/6{1-2} from:{RangeMinBytes:134217728 RangeMaxBytes:536870912 GCPolicy:{TTLSeconds:14400 ProtectionPolicies:[] IgnoreStrictEnforcement:true} GlobalReads:false NumReplicas:5 NumVoters:0 Constraints:[] VoterConstraints:[] LeasePreferences:[] RangefeedEnabled:true ExcludeDataFromBackup:false} to:{RangeMinBytes:134217728 RangeMaxBytes:536870912 GCPolicy:{TTLSeconds:3600 ProtectionPolicies:[] IgnoreStrictEnforcement:true} GlobalReads:false NumReplicas:1 NumVoters:0 Constraints:[] VoterConstraints:[] LeasePreferences:[] RangefeedEnabled:true ExcludeDataFromBackup:false}
I260828 16:24:22.678296 4324 1@jobs/structured_log.go:48  [T1,Vsystem,n1,job=1205416305128996865] 703 ={"Timestamp":1787934262678294467,"EventType":"status_change","JobID":1205416305128996865,"JobType":"SCHEMA CHANGE GC","Description":"status changed to: running","PreviousStatus":"running","NewStatus":"running","RunNum":0}
I260828 16:24:22.678285 161 13@spanconfig/spanconfigstore/store.go:364  [T1,Vsystem,n1] 704  changing the spanconfig for span:/Table/6{2-3} from:{RangeMinBytes:134217728 RangeMaxBytes:536870912 GCPolicy:{TTLSeconds:14400 ProtectionPolicies:[] IgnoreStrictEnforcement:true} GlobalReads:false NumReplicas:5 NumVoters:0 Constraints:[] VoterConstraints:[] LeasePreferences:[] RangefeedEnabled:true ExcludeDataFromBackup:false} to:{RangeMinBytes:134217728 RangeMaxBytes:536870912 GCPolicy:{TTLSeconds:3600 ProtectionPolicies:[] IgnoreStrictEnforcement:true} GlobalReads:false NumReplicas:1 NumVoters:0 Constraints:[] VoterConstraints:[] LeasePreferences:[] RangefeedEnabled:true ExcludeDataFromBackup:false}
I260828 16:24:22.678325 161 13@spanconfig/spanconfigstore/store.go:364  [T1,Vsystem,n1] 705  changing the spanconfig for span:/Table/6{3-4} from:{RangeMinBytes:134217728 RangeMaxBytes:536870912 GCPolicy:{TTLSeconds:14400 ProtectionPolicies:[] IgnoreStrictEnforcement:true} GlobalReads:false NumReplicas:5 NumVoters:0 Constraints:[] VoterConstraints:[] LeasePreferences:[] RangefeedEnabled:true ExcludeDataFromBackup:false} to:{RangeMinBytes:134217728 RangeMaxBytes:536870912 GCPolicy:{TTLSeconds:14400 ProtectionPolicies:[] IgnoreStrictEnforcement:true} GlobalReads:false NumReplicas:1 NumVoters:0 Constraints:[] VoterConstraints:[] LeasePreferences:[] RangefeedEnabled:true ExcludeDataFromBackup:false}
I260828 16:24:22.678373 161 13@spanconfig/spanconfigstore/store.go:364  [T1,Vsystem,n1] 706  changing the spanconfig for span:/Table/6{4-5} from:{RangeMinBytes:134217728 RangeMaxBytes:536870912 GCPolicy:{TTLSeconds:14400 ProtectionPolicies:[] IgnoreStrictEnforcement:true} GlobalReads:false NumReplicas:5 NumVoters:0 Constraints:[] VoterConstraints:[] LeasePreferences:[] RangefeedEnabled:true ExcludeDataFromBackup:false} to:{RangeMinBytes:134217728 RangeMaxBytes:536870912 GCPolicy:{TTLSeconds:14400 ProtectionPolicies:[] IgnoreStrictEnforcement:true} GlobalReads:false NumReplicas:1 NumVoters:0 Constraints:[] VoterConstraints:[] LeasePreferences:[] RangefeedEnabled:true ExcludeDataFromBackup:false}
I260828 16:24:22.678435 161 13@spanconfig/spanconfigstore/store.go:364  [T1,Vsystem,n1] 707  changing the spanconfig for span:/Table/6{5-6} from:{RangeMinBytes:134217728 RangeMaxBytes:536870912 GCPolicy:{TTLSeconds:14400 ProtectionPolicies:[] IgnoreStrictEnforcement:true} GlobalReads:false NumReplicas:5 NumVoters:0 Constraints:[] VoterConstraints:[] LeasePreferences:[] RangefeedEnabled:true ExcludeDataFromBackup:false} to:{RangeMinBytes:134217728 RangeMaxBytes:536870912 GCPolicy:{TTLSeconds:14400 ProtectionPolicies:[] IgnoreStrictEnforcement:true} GlobalReads:false NumReplicas:1 NumVoters:0 Constraints:[] VoterConstraints:[] LeasePreferences:[] RangefeedEnabled:true ExcludeDataFromBackup:false}
I260828 16:24:22.678478 161 13@spanconfig/spanconfigstore/store.go:364  [T1,Vsystem,n1] 708  changing the spanconfig for span:/Table/6{6-7} from:{RangeMinBytes:134217728 RangeMaxBytes:536870912 GCPolicy:{TTLSeconds:14400 ProtectionPolicies:[] IgnoreStrictEnforcement:true} GlobalReads:false NumReplicas:5 NumVoters:0 Constraints:[] VoterConstraints:[] LeasePreferences:[] RangefeedEnabled:true ExcludeDataFromBackup:false} to:{RangeMinBytes:134217728 RangeMaxBytes:536870912 GCPolicy:{TTLSeconds:14400 ProtectionPolicies:[] IgnoreStrictEnforcement:true} GlobalReads:false NumReplicas:1 NumVoters:0 Constraints:[] VoterConstraints:[] LeasePreferences:[] RangefeedEnabled:true ExcludeDataFromBackup:false}
I260828 16:24:22.678519 161 13@spanconfig/spanconfigstore/store.go:364  [T1,Vsystem,n1] 709  changing the spanconfig for span:/Table/6{7-8} from:{RangeMinBytes:134217728 RangeMaxBytes:536870912 GCPolicy:{TTLSeconds:14400 ProtectionPolicies:[] IgnoreStrictEnforcement:true} GlobalReads:false NumReplicas:5 NumVoters:0 Constraints:[] VoterConstraints:[] LeasePreferences:[] RangefeedEnabled:true ExcludeDataFromBackup:false} to:{RangeMinBytes:134217728 RangeMaxBytes:536870912 GCPolicy:{TTLSeconds:14400 ProtectionPolicies:[] IgnoreStrictEnforcement:true} GlobalReads:false NumReplicas:1 NumVoters:0 Constraints:[] VoterConstraints:[] LeasePreferences:[] RangefeedEnabled:true ExcludeDataFromBackup:false}
I260828 16:24:22.678562 161 13@spanconfig/spanconfigstore/store.go:364  [T1,Vsystem,n1] 710  changing the spanconfig for span:/Table/6{8-9} from:{RangeMinBytes:134217728 RangeMaxBytes:536870912 GCPolicy:{TTLSeconds:14400 ProtectionPolicies:[] IgnoreStrictEnforcement:true} GlobalReads:false NumReplicas:5 NumVoters:0 Constraints:[] VoterConstraints:[] LeasePreferences:[] RangefeedEnabled:true ExcludeDataFromBackup:false} to:{RangeMinBytes:134217728 RangeMaxBytes:536870912 GCPolicy:{TTLSeconds:14400 ProtectionPolicies:[] IgnoreStrictEnforcement:true} GlobalReads:false NumReplicas:1 NumVoters:0 Constraints:[] VoterConstraints:[] LeasePreferences:[] RangefeedEnabled:true ExcludeDataFromBackup:false}
I260828 16:24:22.678598 161 13@spanconfig/spanconfigstore/store.go:364  [T1,Vsystem,n1] 711  changing the spanconfig for span:/Table/{69-70} from:{RangeMinBytes:134217728 RangeMaxBytes:536870912 GCPolicy:{TTLSeconds:14400 ProtectionPolicies:[] IgnoreStrictEnforcement:true} GlobalReads:false NumReplicas:5 NumVoters:0 Constraints:[] VoterConstraints:[] LeasePreferences:[] RangefeedEnabled:true ExcludeDataFromBackup:false} to:{RangeMinBytes:134217728 RangeMaxBytes:536870912 GCPolicy:{TTLSeconds:14400 ProtectionPolicies:[] IgnoreStrictEnforcement:true} GlobalReads:false NumReplicas:1 NumVoters:0 Constraints:[] VoterConstraints:[] LeasePreferences:[] RangefeedEnabled:true ExcludeDataFromBackup:false}
I260828 16:24:22.678641 161 13@spanconfig/spanconfigstore/store.go:364  [T1,Vsystem,n1] 712  changing the spanconfig for span:/Table/7{0-1} from:{RangeMinBytes:134217728 RangeMaxBytes:536870912 GCPolicy:{TTLSeconds:14400 ProtectionPolicies:[] IgnoreStrictEnforcement:true} GlobalReads:false NumReplicas:5 NumVoters:0 Constraints:[] VoterConstraints:[] LeasePreferences:[] RangefeedEnabled:true ExcludeDataFromBackup:false} to:{RangeMinBytes:134217728 RangeMaxBytes:536870912 GCPolicy:{TTLSeconds:14400 ProtectionPolicies:[] IgnoreStrictEnforcement:true} GlobalReads:false NumReplicas:1 NumVoters:0 Constraints:[] VoterConstraints:[] LeasePreferences:[] RangefeedEnabled:true ExcludeDataFromBackup:false}
I260828 16:24:22.678682 161 13@spanconfig/spanconfigstore/store.go:364  [T1,Vsystem,n1] 713  changing the spanconfig for span:/Table/7{1-2} from:{RangeMinBytes:134217728 RangeMaxBytes:536870912 GCPolicy:{TTLSeconds:14400 ProtectionPolicies:[] IgnoreStrictEnforcement:true} GlobalReads:false NumReplicas:5 NumVoters:0 Constraints:[] VoterConstraints:[] LeasePreferences:[] RangefeedEnabled:true ExcludeDataFromBackup:false} to:{RangeMinBytes:134217728 RangeMaxBytes:536870912 GCPolicy:{TTLSeconds:14400 ProtectionPolicies:[] IgnoreStrictEnforcement:true} GlobalReads:false NumReplicas:1 NumVoters:0 Constraints:[] VoterConstraints:[] LeasePreferences:[] RangefeedEnabled:true ExcludeDataFromBackup:false}
I260828 16:24:22.678726 161 13@spanconfig/spanconfigstore/store.go:364  [T1,Vsystem,n1] 714  changing the spanconfig for span:/Table/7{2-3} from:{RangeMinBytes:134217728 RangeMaxBytes:536870912 GCPolicy:{TTLSeconds:14400 ProtectionPolicies:[] IgnoreStrictEnforcement:true} GlobalReads:false NumReplicas:5 NumVoters:0 Constraints:[] VoterConstraints:[] LeasePreferences:[] RangefeedEnabled:true ExcludeDataFromBackup:false} to:{RangeMinBytes:134217728 RangeMaxBytes:536870912 GCPolicy:{TTLSeconds:14400 ProtectionPolicies:[] IgnoreStrictEnforcement:true} GlobalReads:false NumReplicas:1 NumVoters:0 Constraints:[] VoterConstraints:[] LeasePreferences:[] RangefeedEnabled:true ExcludeDataFromBackup:false}
I260828 16:24:22.679731 3968 1@jobs/structured_log.go:48  [T1,Vsystem,n1,job=1205416303007989761] 715 ={"Timestamp":1787934262679729184,"EventType":"status_change","JobID":1205416303007989761,"JobType":"NEW SCHEMA CHANGE","Description":"status changed to: succeeded","PreviousStatus":"running","NewStatus":"succeeded","RunNum":0}
I260828 16:24:22.686913 2886 jobs/wait.go:148  [T1,Vsystem,n1,client=172.17.0.1:38894,hostnossl,user=root] 716  waited for 1 [1205416303007989761] queued jobs to complete 660.864987ms
I260828 16:24:22.692326 2886 sql/schemachanger/scbuild/event_log.go:61  [T1,Vsystem,n1,client=172.17.0.1:38894,hostnossl,user=root] 717  event logging for declarative schema change targets built for CREATE INDEX
I260828 16:24:22.692463 2886 sql/schemachanger/scplan/plan.go:95  [T1,Vsystem,n1,client=172.17.0.1:38894,hostnossl,user=root] 718  building declarative schema changer plan in StatementPhase (rollback=false) for CREATE INDEX
I260828 16:24:22.694633 2886 sql/schemachanger/scrun/scrun.go:186  [T1,Vsystem,n1,client=172.17.0.1:38894,hostnossl,user=root] 719  executing declarative schema change StatementPhase stage 1 of 1 with 11 MutationType ops (rollback=false) for CREATE INDEX
I260828 16:24:22.697649 2886 sql/schemachanger/scplan/plan.go:95  [T1,Vsystem,n1,client=172.17.0.1:38894,hostnossl,user=root] 720  building declarative schema changer plan in PreCommitPhase (rollback=false) for CREATE INDEX
I260828 16:24:22.699501 2886 sql/schemachanger/scrun/scrun.go:186  [T1,Vsystem,n1,client=172.17.0.1:38894,hostnossl,user=root] 721  executing declarative schema change PreCommitPhase stage 1 of 2 with 1 MutationType op (rollback=false) for CREATE INDEX
I260828 16:24:22.699541 2886 sql/schemachanger/scrun/scrun.go:186  [T1,Vsystem,n1,client=172.17.0.1:38894,hostnossl,user=root] 722  executing declarative schema change PreCommitPhase stage 2 of 2 with 15 MutationType ops (rollback=false) for CREATE INDEX
I260828 16:24:22.699897 4324 sql/gcjob/gc_job_utils.go:273  [T1,Vsystem,n1,job=SCHEMA CHANGE GC id=1205416305128996865] 723  updated progress status: waiting for GC TTL, payload: indexes:<index_id:3 > ranges_unsplit_done:true 
I260828 16:24:22.703834 2886 sql/index_split_scatter.go:126  [T1,Vsystem,n1,client=172.17.0.1:38894,hostnossl,user=root] 724  making a single split point in tableId=110 index=4
I260828 16:24:22.703915 2886 13@kv/kvserver/replica_command.go:481  [T1,Vsystem,n1,s1,r78/1:/{Table/110/3-Max},*kvpb.AdminSplitRequest] 725  initiating a split of this range at key /Table/110/4 [r79] (manual)
I260828 16:24:22.704495 2886 13@kv/kvserver/batcheval/cmd_end_transaction.go:1289  [T1,Vsystem,n1,s1,r78/1:/{Table/110/3-Max}] 726  falling back to accurate stats computation because there are no pre-split LHS stats (or they're empty)
I260828 16:24:22.704896 226 2@kv/kvserver/replica_proposal.go:620  [T1,Vsystem,n1,s1,r78/1:/{Table/110/3-Max},raft] 727  new range lease repl=(n1,s1):1 seq=1 start=0,0 epo=1 min-exp=0,0 pro=1787934250.702409738,0 acq=Request following repl=(n1,s1):1 seq=1 start=0,0 epo=1 min-exp=0,0 pro=1787934250.702409738,0 acq=Request
I260828 16:24:22.705345 4688 13@kv/kvserver/replicate_queue.go:784  [T1,Vsystem,n1,replicate,s1,r79/1:/{Table/110/4-Max}] 728  error processing replica: 0 of 1 live stores are able to take a new replica for the range (1 already has a voter, 0 already have a non-voter); likely not enough nodes in cluster
I260828 16:24:22.709200 4324 sql/gcjob/gc_job_utils.go:273  [T1,Vsystem,n1,job=SCHEMA CHANGE GC id=1205416305128996865] 729  updated progress status: deleting data, payload: indexes:<index_id:3 > ranges_unsplit_done:true 
I260828 16:24:22.709242 4324 sql/schema_changer.go:1465  [T1,Vsystem,n1,job=SCHEMA CHANGE GC id=1205416305128996865] 730  waiting for a single version...
I260828 16:24:22.711029 2886 sql/index_split_scatter.go:126  [T1,Vsystem,n1,client=172.17.0.1:38894,hostnossl,user=root] 731  making a single split point in tableId=110 index=5
I260828 16:24:22.711097 2886 13@kv/kvserver/replica_command.go:481  [T1,Vsystem,n1,s1,r79/1:/{Table/110/4-Max},*kvpb.AdminSplitRequest] 732  initiating a split of this range at key /Table/110/5 [r80] (manual)
I260828 16:24:22.711650 2886 13@kv/kvserver/batcheval/cmd_end_transaction.go:1289  [T1,Vsystem,n1,s1,r79/1:/{Table/110/4-Max}] 733  falling back to accurate stats computation because there are no pre-split LHS stats (or they're empty)
I260828 16:24:22.712441 4714 13@kv/kvserver/replicate_queue.go:784  [T1,Vsystem,n1,replicate,s1,r80/1:/{Table/110/5-Max}] 734  error processing replica: 0 of 1 live stores are able to take a new replica for the range (1 already has a voter, 0 already have a non-voter); likely not enough nodes in cluster
I260828 16:24:22.716441 2886 sql/conn_executor_ddl.go:121  [T1,Vsystem,n1,client=172.17.0.1:38894,hostnossl,user=root] 735  queued new schema change job 1205416305277501441 using the new schema changer
I260828 16:24:22.718809 2886 5@util/log/event_log.go:39  [T1,Vsystem,n1,client=172.17.0.1:38894,hostnossl,user=root] 736 ={"Timestamp":1787934262687538473,"EventType":"create_index","Statement":"CREATE INDEX IF NOT EXISTS trnm_outbox_pending_idx ON trnm.public.trnm_outbox (tenant_id, available_at, intent_id) WHERE state = 'pending'","Tag":"CREATE INDEX","User":"root","DescriptorID":110,"TableName":"trnm.public.trnm_outbox","IndexName":"trnm_outbox_pending_idx","MutationID":1}
I260828 16:24:22.718944 2886 jobs/wait.go:56  [T1,Vsystem,n1,client=172.17.0.1:38894,hostnossl,user=root] 737  waiting for 1 [1205416305277501441] queued jobs to complete
I260828 16:24:22.718999 4806 jobs/adopt.go:224  [T1,Vsystem,n1,client=172.17.0.1:38894,hostnossl,user=root,job=1205416305277501441] 738  job 1205416305277501441: resuming execution
I260828 16:24:22.720556 4324 sql/catalog/lease/lease.go:556  [T1,Vsystem,n1,job=SCHEMA CHANGE GC id=1205416305128996865] 739  waiting for 1 leases to expire: desc=[{trnm_outbox 110 8}]
I260828 16:24:22.720866 4793 sql/catalog/lease/descriptor_state.go:142  [n1] 740  new lease: tabledesc.immutable: {ID: 110, Version: 9, ModificationTime: "1787934262.687538473,0", ParentID: 104, ParentSchemaID: 105, State: PUBLIC, NextColumnID: 18, Columns: [{ID: 1, TypeID: 2950, Null: false}, {ID: 2, TypeID: 2950, Null: false}, {ID: 3, TypeID: 2950, Null: false}, {ID: 4, TypeID: 2950, Null: false}, {ID: 5, TypeID: 25, Null: false}, {ID: 6, TypeID: 17, Null: false}, {ID: 7, TypeID: 17, Null: false}, {ID: 8, TypeID: 23, Null: false, HasDefault: true}, {ID: 9, TypeID: 20, Null: false, HasDefault: true}, {ID: 10, TypeID: 25, Null: false, HasDefault: true}, {ID: 11, TypeID: 2950, Null: true}, {ID: 12, TypeID: 1184, Null: true}, {ID: 13, TypeID: 17, Null: true}, {ID: 14, TypeID: 17, Null: true}, {ID: 15, TypeID: 1184, Null: false, HasDefault: true}, {ID: 16, TypeID: 1184, Null: false, HasDefault: true}, {ID: 17, TypeID: 1184, Null: false, HasDefault: true}], NextFamilyID: 1, Families: [{ID: 0, Columns: [1, 2, 3, 4, 5, 6, 7, 8, 9, 10, 11, 12, 13, 14, 15, 16, 17]}], Mutations: [{MutationID: 1, Direction: ADD, State: BACKFILLING, Index: {ID: 4, Unique: false, Partial: true, KeyColumns: [{ID: 1, Dir: ASC}, {ID: 15, Dir: ASC}, {ID: 2, Dir: ASC}], State: ADD, MutationID: 1}}, {MutationID: 1, Direction: ADD, State: DELETE_ONLY, Index: {ID: 5, Unique: false, Partial: true, KeyColumns: [{ID: 1, Dir: ASC}, {ID: 15, Dir: ASC}, {ID: 2, Dir: ASC}], State: ADD, MutationID: 1}}], PrimaryIndex: 1, NextIndexID: 6, Indexes: [{ID: 1, Unique: true, KeyColumns: [{ID: 1, Dir: ASC}, {ID: 2, Dir: ASC}], StoreColumns: [3, 4, 5, 6, 7, 8, 9, 10, 11, 12, 13, 14, 15, 16, 17]}, {ID: 2, Unique: false, KeyColumns: [{ID: 1, Dir: ASC}, {ID: 3, Dir: ASC}, {ID: 4, Dir: ASC}, {ID: 2, Dir: ASC}]}], Checks: [{Columns: [13], Validity: Validated}, {Columns: [14], Validity: Validated}, {Columns: [9, 10, 11, 12, 13, 14], Validity: Validated}, {Columns: [5], Validity: Validated}, {Columns: [6], Validity: Validated}, {Columns: [8], Validity: Validated}, {Columns: [9], Validity: Validated}, {Columns: [10], Validity: Validated}], OutboundFKs: [{OriginTableID: 110, OriginColumns: [1, 3, 4], ReferencedTableID: 108, ReferencedColumnIDs: [1, 2, 3], Validity: Validated}]}
I260828 16:24:22.722953 4324 sql/catalog/lease/lease.go:550  [T1,Vsystem,n1,job=SCHEMA CHANGE GC id=1205416305128996865] 741  all leases have expired at 1787934262.722109895,0: desc=[{trnm_outbox 110 8}]
I260828 16:24:22.722985 4324 sql/schema_changer.go:1470  [T1,Vsystem,n1,job=SCHEMA CHANGE GC id=1205416305128996865] 742  waiting for a single version... done (at v 9), took 13.743382ms
I260828 16:24:22.722996 4324 sql/gcjob/index_garbage_collection.go:165  [T1,Vsystem,n1,job=SCHEMA CHANGE GC id=1205416305128996865] 743  clearing index 3 from table 110
I260828 16:24:22.723198 4324 sql/gcjob/gc_job_utils.go:53  [T1,Vsystem,n1,job=SCHEMA CHANGE GC id=1205416305128996865] 744  marked index 3 as GC'd
I260828 16:24:22.725827 4784 jobs/registry.go:1679  [T1,Vsystem,n1,job=1205416305277501441] 745  NEW SCHEMA CHANGE job 1205416305277501441: stepping through state running
I260828 16:24:22.729566 4324 sql/gcjob/gc_job_utils.go:273  [T1,Vsystem,n1,job=SCHEMA CHANGE GC id=1205416305128996865] 746  updated progress status: waiting for MVCC GC, payload: indexes:<index_id:3 status:WAITING_FOR_MVCC_GC > ranges_unsplit_done:true 
I260828 16:24:22.732780 4784 1@jobs/structured_log.go:48  [T1,Vsystem,n1,job=1205416305277501441] 747 ={"Timestamp":1787934262732778437,"EventType":"status_change","JobID":1205416305277501441,"JobType":"NEW SCHEMA CHANGE","Description":"status changed to: running","PreviousStatus":"running","NewStatus":"running","RunNum":0}
I260828 16:24:22.740566 4784 sql/schemachanger/scrun/scrun.go:315  [T1,Vsystem,n1,job=NEW SCHEMA CHANGE id=1205416305277501441] 748  rebuilding declarative schema change state from descriptors [110]
I260828 16:24:22.740728 4784 sql/schemachanger/scplan/plan.go:95  [T1,Vsystem,n1,job=NEW SCHEMA CHANGE id=1205416305277501441] 749  building declarative schema changer plan in PostCommitPhase (rollback=false) for CREATE INDEX
I260828 16:24:22.742754 4784 sql/schemachanger/scrun/scrun.go:186  [T1,Vsystem,n1,job=NEW SCHEMA CHANGE id=1205416305277501441] 750  executing declarative schema change PostCommitPhase stage 1 of 7 with 3 MutationType ops (rollback=false) for CREATE INDEX
I260828 16:24:22.757993 4784 sql/catalog/lease/lease.go:556  [T1,Vsystem,n1,job=NEW SCHEMA CHANGE id=1205416305277501441] 751  waiting for 1 leases to expire: desc=[{trnm_outbox 110 9}]
I260828 16:24:22.758218 4891 sql/catalog/lease/descriptor_state.go:142  [n1] 752  new lease: tabledesc.immutable: {ID: 110, Version: 10, ModificationTime: "1787934262.742698223,0", ParentID: 104, ParentSchemaID: 105, State: PUBLIC, NextColumnID: 18, Columns: [{ID: 1, TypeID: 2950, Null: false}, {ID: 2, TypeID: 2950, Null: false}, {ID: 3, TypeID: 2950, Null: false}, {ID: 4, TypeID: 2950, Null: false}, {ID: 5, TypeID: 25, Null: false}, {ID: 6, TypeID: 17, Null: false}, {ID: 7, TypeID: 17, Null: false}, {ID: 8, TypeID: 23, Null: false, HasDefault: true}, {ID: 9, TypeID: 20, Null: false, HasDefault: true}, {ID: 10, TypeID: 25, Null: false, HasDefault: true}, {ID: 11, TypeID: 2950, Null: true}, {ID: 12, TypeID: 1184, Null: true}, {ID: 13, TypeID: 17, Null: true}, {ID: 14, TypeID: 17, Null: true}, {ID: 15, TypeID: 1184, Null: false, HasDefault: true}, {ID: 16, TypeID: 1184, Null: false, HasDefault: true}, {ID: 17, TypeID: 1184, Null: false, HasDefault: true}], NextFamilyID: 1, Families: [{ID: 0, Columns: [1, 2, 3, 4, 5, 6, 7, 8, 9, 10, 11, 12, 13, 14, 15, 16, 17]}], Mutations: [{MutationID: 1, Direction: ADD, State: BACKFILLING, Index: {ID: 4, Unique: false, Partial: true, KeyColumns: [{ID: 1, Dir: ASC}, {ID: 15, Dir: ASC}, {ID: 2, Dir: ASC}], State: ADD, MutationID: 1}}, {MutationID: 1, Direction: ADD, State: WRITE_ONLY, Index: {ID: 5, Unique: false, Partial: true, KeyColumns: [{ID: 1, Dir: ASC}, {ID: 15, Dir: ASC}, {ID: 2, Dir: ASC}], State: ADD, MutationID: 1}}], PrimaryIndex: 1, NextIndexID: 6, Indexes: [{ID: 1, Unique: true, KeyColumns: [{ID: 1, Dir: ASC}, {ID: 2, Dir: ASC}], StoreColumns: [3, 4, 5, 6, 7, 8, 9, 10, 11, 12, 13, 14, 15, 16, 17]}, {ID: 2, Unique: false, KeyColumns: [{ID: 1, Dir: ASC}, {ID: 3, Dir: ASC}, {ID: 4, Dir: ASC}, {ID: 2, Dir: ASC}]}], Checks: [{Columns: [13], Validity: Validated}, {Columns: [14], Validity: Validated}, {Columns: [9, 10, 11, 12, 13, 14], Validity: Validated}, {Columns: [5], Validity: Validated}, {Columns: [6], Validity: Validated}, {Columns: [8], Validity: Validated}, {Columns: [9], Validity: Validated}, {Columns: [10], Validity: Validated}], OutboundFKs: [{OriginTableID: 110, OriginColumns: [1, 3, 4], ReferencedTableID: 108, ReferencedColumnIDs: [1, 2, 3], Validity: Validated}]}
I260828 16:24:22.761180 4784 sql/catalog/lease/lease.go:550  [T1,Vsystem,n1,job=NEW SCHEMA CHANGE id=1205416305277501441] 753  all leases have expired at 1787934262.760285876,0: desc=[{trnm_outbox 110 9}]
I260828 16:24:22.761286 4784 sql/schemachanger/scrun/scrun.go:186  [T1,Vsystem,n1,job=NEW SCHEMA CHANGE id=1205416305277501441] 754  executing declarative schema change PostCommitPhase stage 2 of 7 with 1 BackfillType op (rollback=false) for CREATE INDEX
I260828 16:24:22.763332 4784 sql/schemachanger/scexec/backfiller/tracker.go:258  [T1,Vsystem,n1,job=NEW SCHEMA CHANGE id=1205416305277501441] 755  writing 1 backfill checkpoints and 0 merge checkpoints
I260828 16:24:22.768575 4784 sql/schemachanger/scexec/backfiller/tracker.go:227  [T1,Vsystem,n1,job=NEW SCHEMA CHANGE id=1205416305277501441] 756  backfill fraction completed is 1.000 / 1.000
I260828 16:24:22.775765 4784 sql/schemachanger/scexec/backfiller/tracker.go:258  [T1,Vsystem,n1,job=NEW SCHEMA CHANGE id=1205416305277501441] 757  writing 1 backfill checkpoints and 0 merge checkpoints
I260828 16:24:22.783601 4784 sql/schemachanger/scrun/scrun.go:186  [T1,Vsystem,n1,job=NEW SCHEMA CHANGE id=1205416305277501441] 758  executing declarative schema change PostCommitPhase stage 3 of 7 with 3 MutationType ops (rollback=false) for CREATE INDEX
I260828 16:24:22.799071 4784 sql/catalog/lease/lease.go:556  [T1,Vsystem,n1,job=NEW SCHEMA CHANGE id=1205416305277501441] 759  waiting for 1 leases to expire: desc=[{trnm_outbox 110 10}]
I260828 16:24:22.799286 4881 sql/catalog/lease/descriptor_state.go:142  [n1] 760  new lease: tabledesc.immutable: {ID: 110, Version: 11, ModificationTime: "1787934262.783527879,0", ParentID: 104, ParentSchemaID: 105, State: PUBLIC, NextColumnID: 18, Columns: [{ID: 1, TypeID: 2950, Null: false}, {ID: 2, TypeID: 2950, Null: false}, {ID: 3, TypeID: 2950, Null: false}, {ID: 4, TypeID: 2950, Null: false}, {ID: 5, TypeID: 25, Null: false}, {ID: 6, TypeID: 17, Null: false}, {ID: 7, TypeID: 17, Null: false}, {ID: 8, TypeID: 23, Null: false, HasDefault: true}, {ID: 9, TypeID: 20, Null: false, HasDefault: true}, {ID: 10, TypeID: 25, Null: false, HasDefault: true}, {ID: 11, TypeID: 2950, Null: true}, {ID: 12, TypeID: 1184, Null: true}, {ID: 13, TypeID: 17, Null: true}, {ID: 14, TypeID: 17, Null: true}, {ID: 15, TypeID: 1184, Null: false, HasDefault: true}, {ID: 16, TypeID: 1184, Null: false, HasDefault: true}, {ID: 17, TypeID: 1184, Null: false, HasDefault: true}], NextFamilyID: 1, Families: [{ID: 0, Columns: [1, 2, 3, 4, 5, 6, 7, 8, 9, 10, 11, 12, 13, 14, 15, 16, 17]}], Mutations: [{MutationID: 1, Direction: ADD, State: DELETE_ONLY, Index: {ID: 4, Unique: false, Partial: true, KeyColumns: [{ID: 1, Dir: ASC}, {ID: 15, Dir: ASC}, {ID: 2, Dir: ASC}], State: ADD, MutationID: 1}}, {MutationID: 1, Direction: ADD, State: WRITE_ONLY, Index: {ID: 5, Unique: false, Partial: true, KeyColumns: [{ID: 1, Dir: ASC}, {ID: 15, Dir: ASC}, {ID: 2, Dir: ASC}], State: ADD, MutationID: 1}}], PrimaryIndex: 1, NextIndexID: 6, Indexes: [{ID: 1, Unique: true, KeyColumns: [{ID: 1, Dir: ASC}, {ID: 2, Dir: ASC}], StoreColumns: [3, 4, 5, 6, 7, 8, 9, 10, 11, 12, 13, 14, 15, 16, 17]}, {ID: 2, Unique: false, KeyColumns: [{ID: 1, Dir: ASC}, {ID: 3, Dir: ASC}, {ID: 4, Dir: ASC}, {ID: 2, Dir: ASC}]}], Checks: [{Columns: [13], Validity: Validated}, {Columns: [14], Validity: Validated}, {Columns: [9, 10, 11, 12, 13, 14], Validity: Validated}, {Columns: [5], Validity: Validated}, {Columns: [6], Validity: Validated}, {Columns: [8], Validity: Validated}, {Columns: [9], Validity: Validated}, {Columns: [10], Validity: Validated}], OutboundFKs: [{OriginTableID: 110, OriginColumns: [1, 3, 4], ReferencedTableID: 108, ReferencedColumnIDs: [1, 2, 3], Validity: Validated}]}
I260828 16:24:22.801940 4784 sql/catalog/lease/lease.go:550  [T1,Vsystem,n1,job=NEW SCHEMA CHANGE id=1205416305277501441] 761  all leases have expired at 1787934262.801110488,0: desc=[{trnm_outbox 110 10}]
I260828 16:24:22.802052 4784 sql/schemachanger/scrun/scrun.go:186  [T1,Vsystem,n1,job=NEW SCHEMA CHANGE id=1205416305277501441] 762  executing declarative schema change PostCommitPhase stage 4 of 7 with 3 MutationType ops (rollback=false) for CREATE INDEX
I260828 16:24:22.817499 4784 sql/catalog/lease/lease.go:556  [T1,Vsystem,n1,job=NEW SCHEMA CHANGE id=1205416305277501441] 763  waiting for 1 leases to expire: desc=[{trnm_outbox 110 11}]
I260828 16:24:22.817652 5016 sql/catalog/lease/descriptor_state.go:142  [n1] 764  new lease: tabledesc.immutable: {ID: 110, Version: 12, ModificationTime: "1787934262.801982703,0", ParentID: 104, ParentSchemaID: 105, State: PUBLIC, NextColumnID: 18, Columns: [{ID: 1, TypeID: 2950, Null: false}, {ID: 2, TypeID: 2950, Null: false}, {ID: 3, TypeID: 2950, Null: false}, {ID: 4, TypeID: 2950, Null: false}, {ID: 5, TypeID: 25, Null: false}, {ID: 6, TypeID: 17, Null: false}, {ID: 7, TypeID: 17, Null: false}, {ID: 8, TypeID: 23, Null: false, HasDefault: true}, {ID: 9, TypeID: 20, Null: false, HasDefault: true}, {ID: 10, TypeID: 25, Null: false, HasDefault: true}, {ID: 11, TypeID: 2950, Null: true}, {ID: 12, TypeID: 1184, Null: true}, {ID: 13, TypeID: 17, Null: true}, {ID: 14, TypeID: 17, Null: true}, {ID: 15, TypeID: 1184, Null: false, HasDefault: true}, {ID: 16, TypeID: 1184, Null: false, HasDefault: true}, {ID: 17, TypeID: 1184, Null: false, HasDefault: true}], NextFamilyID: 1, Families: [{ID: 0, Columns: [1, 2, 3, 4, 5, 6, 7, 8, 9, 10, 11, 12, 13, 14, 15, 16, 17]}], Mutations: [{MutationID: 1, Direction: ADD, State: MERGING, Index: {ID: 4, Unique: false, Partial: true, KeyColumns: [{ID: 1, Dir: ASC}, {ID: 15, Dir: ASC}, {ID: 2, Dir: ASC}], State: ADD, MutationID: 1}}, {MutationID: 1, Direction: ADD, State: WRITE_ONLY, Index: {ID: 5, Unique: false, Partial: true, KeyColumns: [{ID: 1, Dir: ASC}, {ID: 15, Dir: ASC}, {ID: 2, Dir: ASC}], State: ADD, MutationID: 1}}], PrimaryIndex: 1, NextIndexID: 6, Indexes: [{ID: 1, Unique: true, KeyColumns: [{ID: 1, Dir: ASC}, {ID: 2, Dir: ASC}], StoreColumns: [3, 4, 5, 6, 7, 8, 9, 10, 11, 12, 13, 14, 15, 16, 17]}, {ID: 2, Unique: false, KeyColumns: [{ID: 1, Dir: ASC}, {ID: 3, Dir: ASC}, {ID: 4, Dir: ASC}, {ID: 2, Dir: ASC}]}], Checks: [{Columns: [13], Validity: Validated}, {Columns: [14], Validity: Validated}, {Columns: [9, 10, 11, 12, 13, 14], Validity: Validated}, {Columns: [5], Validity: Validated}, {Columns: [6], Validity: Validated}, {Columns: [8], Validity: Validated}, {Columns: [9], Validity: Validated}, {Columns: [10], Validity: Validated}], OutboundFKs: [{OriginTableID: 110, OriginColumns: [1, 3, 4], ReferencedTableID: 108, ReferencedColumnIDs: [1, 2, 3], Validity: Validated}]}
I260828 16:24:22.820085 4784 sql/catalog/lease/lease.go:550  [T1,Vsystem,n1,job=NEW SCHEMA CHANGE id=1205416305277501441] 765  all leases have expired at 1787934262.819237675,0: desc=[{trnm_outbox 110 11}]
I260828 16:24:22.820182 4784 sql/schemachanger/scrun/scrun.go:186  [T1,Vsystem,n1,job=NEW SCHEMA CHANGE id=1205416305277501441] 766  executing declarative schema change PostCommitPhase stage 5 of 7 with 1 BackfillType op (rollback=false) for CREATE INDEX
I260828 16:24:22.822203 5043 sql/backfill.go:2994  [T1,Vsystem,n1,job=NEW SCHEMA CHANGE id=1205416305277501441] 767  merging all keys in temporary index before time 1787934263.322194820,0
I260828 16:24:23.323307 4784 sql/schemachanger/scrun/scrun.go:186  [T1,Vsystem,n1,job=NEW SCHEMA CHANGE id=1205416305277501441] 768  executing declarative schema change PostCommitPhase stage 6 of 7 with 4 MutationType ops (rollback=false) for CREATE INDEX
I260828 16:24:23.340972 4784 sql/catalog/lease/lease.go:556  [T1,Vsystem,n1,job=NEW SCHEMA CHANGE id=1205416305277501441] 769  waiting for 1 leases to expire: desc=[{trnm_outbox 110 12}]
I260828 16:24:23.341075 5070 sql/catalog/lease/descriptor_state.go:142  [n1] 770  new lease: tabledesc.immutable: {ID: 110, Version: 13, ModificationTime: "1787934263.323205020,0", ParentID: 104, ParentSchemaID: 105, State: PUBLIC, NextColumnID: 18, Columns: [{ID: 1, TypeID: 2950, Null: false}, {ID: 2, TypeID: 2950, Null: false}, {ID: 3, TypeID: 2950, Null: false}, {ID: 4, TypeID: 2950, Null: false}, {ID: 5, TypeID: 25, Null: false}, {ID: 6, TypeID: 17, Null: false}, {ID: 7, TypeID: 17, Null: false}, {ID: 8, TypeID: 23, Null: false, HasDefault: true}, {ID: 9, TypeID: 20, Null: false, HasDefault: true}, {ID: 10, TypeID: 25, Null: false, HasDefault: true}, {ID: 11, TypeID: 2950, Null: true}, {ID: 12, TypeID: 1184, Null: true}, {ID: 13, TypeID: 17, Null: true}, {ID: 14, TypeID: 17, Null: true}, {ID: 15, TypeID: 1184, Null: false, HasDefault: true}, {ID: 16, TypeID: 1184, Null: false, HasDefault: true}, {ID: 17, TypeID: 1184, Null: false, HasDefault: true}], NextFamilyID: 1, Families: [{ID: 0, Columns: [1, 2, 3, 4, 5, 6, 7, 8, 9, 10, 11, 12, 13, 14, 15, 16, 17]}], Mutations: [{MutationID: 1, Direction: ADD, State: WRITE_ONLY, Index: {ID: 4, Unique: false, Partial: true, KeyColumns: [{ID: 1, Dir: ASC}, {ID: 15, Dir: ASC}, {ID: 2, Dir: ASC}], State: ADD, MutationID: 1}}, {MutationID: 1, Direction: DROP, State: DELETE_ONLY, Index: {ID: 5, Unique: false, Partial: true, KeyColumns: [{ID: 1, Dir: ASC}, {ID: 15, Dir: ASC}, {ID: 2, Dir: ASC}], State: DROP, MutationID: 1}}], PrimaryIndex: 1, NextIndexID: 6, Indexes: [{ID: 1, Unique: true, KeyColumns: [{ID: 1, Dir: ASC}, {ID: 2, Dir: ASC}], StoreColumns: [3, 4, 5, 6, 7, 8, 9, 10, 11, 12, 13, 14, 15, 16, 17]}, {ID: 2, Unique: false, KeyColumns: [{ID: 1, Dir: ASC}, {ID: 3, Dir: ASC}, {ID: 4, Dir: ASC}, {ID: 2, Dir: ASC}]}], Checks: [{Columns: [13], Validity: Validated}, {Columns: [14], Validity: Validated}, {Columns: [9, 10, 11, 12, 13, 14], Validity: Validated}, {Columns: [5], Validity: Validated}, {Columns: [6], Validity: Validated}, {Columns: [8], Validity: Validated}, {Columns: [9], Validity: Validated}, {Columns: [10], Validity: Validated}], OutboundFKs: [{OriginTableID: 110, OriginColumns: [1, 3, 4], ReferencedTableID: 108, ReferencedColumnIDs: [1, 2, 3], Validity: Validated}]}
I260828 16:24:23.344059 4784 sql/catalog/lease/lease.go:550  [T1,Vsystem,n1,job=NEW SCHEMA CHANGE id=1205416305277501441] 771  all leases have expired at 1787934263.343157299,0: desc=[{trnm_outbox 110 12}]
I260828 16:24:23.344173 4784 sql/schemachanger/scrun/scrun.go:186  [T1,Vsystem,n1,job=NEW SCHEMA CHANGE id=1205416305277501441] 772  executing declarative schema change PostCommitPhase stage 7 of 7 with 1 ValidationType op (rollback=false) for CREATE INDEX
I260828 16:24:23.347524 5108 sql/backfill.go:1947  [T1,Vsystem,n1,job=NEW SCHEMA CHANGE id=1205416305277501441] 773  validation: table trnm_outbox row count = 0, took 1.342203ms
I260828 16:24:23.347601 5107 sql/backfill.go:1892  [T1,Vsystem,n1,job=NEW SCHEMA CHANGE id=1205416305277501441] 774  validation: index trnm_outbox/trnm_outbox_pending_idx row count = 0, time so far 1.395099ms
I260828 16:24:23.347778 4784 sql/schemachanger/scrun/scrun.go:186  [T1,Vsystem,n1,job=NEW SCHEMA CHANGE id=1205416305277501441] 775  executing declarative schema change PostCommitNonRevertiblePhase stage 1 of 1 with 9 MutationType ops (rollback=false) for CREATE INDEX
I260828 16:24:23.366451 4784 5@util/log/event_log.go:39  [T1,Vsystem,n1,job=NEW SCHEMA CHANGE id=1205416305277501441] 776 ={"Timestamp":1787934263347710556,"EventType":"finish_schema_change","InstanceID":1,"DescriptorID":110,"LatencyNanos":637206349}
I260828 16:24:23.368109 4784 sql/catalog/lease/lease.go:556  [T1,Vsystem,n1,job=NEW SCHEMA CHANGE id=1205416305277501441] 777  waiting for 1 leases to expire: desc=[{trnm_outbox 110 13}]
I260828 16:24:23.368166 5143 sql/catalog/lease/descriptor_state.go:142  [n1] 778  new lease: tabledesc.immutable: {ID: 110, Version: 14, ModificationTime: "1787934263.347710556,0", ParentID: 104, ParentSchemaID: 105, State: PUBLIC, NextColumnID: 18, Columns: [{ID: 1, TypeID: 2950, Null: false}, {ID: 2, TypeID: 2950, Null: false}, {ID: 3, TypeID: 2950, Null: false}, {ID: 4, TypeID: 2950, Null: false}, {ID: 5, TypeID: 25, Null: false}, {ID: 6, TypeID: 17, Null: false}, {ID: 7, TypeID: 17, Null: false}, {ID: 8, TypeID: 23, Null: false, HasDefault: true}, {ID: 9, TypeID: 20, Null: false, HasDefault: true}, {ID: 10, TypeID: 25, Null: false, HasDefault: true}, {ID: 11, TypeID: 2950, Null: true}, {ID: 12, TypeID: 1184, Null: true}, {ID: 13, TypeID: 17, Null: true}, {ID: 14, TypeID: 17, Null: true}, {ID: 15, TypeID: 1184, Null: false, HasDefault: true}, {ID: 16, TypeID: 1184, Null: false, HasDefault: true}, {ID: 17, TypeID: 1184, Null: false, HasDefault: true}], NextFamilyID: 1, Families: [{ID: 0, Columns: [1, 2, 3, 4, 5, 6, 7, 8, 9, 10, 11, 12, 13, 14, 15, 16, 17]}], PrimaryIndex: 1, NextIndexID: 6, Indexes: [{ID: 1, Unique: true, KeyColumns: [{ID: 1, Dir: ASC}, {ID: 2, Dir: ASC}], StoreColumns: [3, 4, 5, 6, 7, 8, 9, 10, 11, 12, 13, 14, 15, 16, 17]}, {ID: 2, Unique: false, KeyColumns: [{ID: 1, Dir: ASC}, {ID: 3, Dir: ASC}, {ID: 4, Dir: ASC}, {ID: 2, Dir: ASC}]}, {ID: 4, Unique: false, Partial: true, KeyColumns: [{ID: 1, Dir: ASC}, {ID: 15, Dir: ASC}, {ID: 2, Dir: ASC}]}], Checks: [{Columns: [13], Validity: Validated}, {Columns: [14], Validity: Validated}, {Columns: [9, 10, 11, 12, 13, 14], Validity: Validated}, {Columns: [5], Validity: Validated}, {Columns: [6], Validity: Validated}, {Columns: [8], Validity: Validated}, {Columns: [9], Validity: Validated}, {Columns: [10], Validity: Validated}], OutboundFKs: [{OriginTableID: 110, OriginColumns: [1, 3, 4], ReferencedTableID: 108, ReferencedColumnIDs: [1, 2, 3], Validity: Validated}]}
I260828 16:24:23.370557 4784 sql/catalog/lease/lease.go:550  [T1,Vsystem,n1,job=NEW SCHEMA CHANGE id=1205416305277501441] 779  all leases have expired at 1787934263.369705812,0: desc=[{trnm_outbox 110 13}]
I260828 16:24:23.370697 4784 jobs/registry.go:1679  [T1,Vsystem,n1,job=1205416305277501441] 780  NEW SCHEMA CHANGE job 1205416305277501441: stepping through state succeeded
I260828 16:24:23.370726 5147 jobs/adopt.go:224  [T1,Vsystem,n1,job=1205416307430129665] 781  job 1205416307430129665: resuming execution
I260828 16:24:23.374377 5151 jobs/registry.go:1679  [T1,Vsystem,n1,job=1205416307430129665] 782  SCHEMA CHANGE GC job 1205416307430129665: stepping through state running
I260828 16:24:23.379254 5151 1@jobs/structured_log.go:48  [T1,Vsystem,n1,job=1205416307430129665] 783 ={"Timestamp":1787934263379252748,"EventType":"status_change","JobID":1205416307430129665,"JobType":"SCHEMA CHANGE GC","Description":"status changed to: running","PreviousStatus":"running","NewStatus":"running","RunNum":0}
I260828 16:24:23.380517 4784 1@jobs/structured_log.go:48  [T1,Vsystem,n1,job=1205416305277501441] 784 ={"Timestamp":1787934263380515872,"EventType":"status_change","JobID":1205416305277501441,"JobType":"NEW SCHEMA CHANGE","Description":"status changed to: succeeded","PreviousStatus":"running","NewStatus":"succeeded","RunNum":0}
I260828 16:24:23.387840 2886 jobs/wait.go:148  [T1,Vsystem,n1,client=172.17.0.1:38894,hostnossl,user=root] 785  waited for 1 [1205416305277501441] queued jobs to complete 668.863556ms
I260828 16:24:23.392979 2886 sql/schemachanger/scbuild/event_log.go:61  [T1,Vsystem,n1,client=172.17.0.1:38894,hostnossl,user=root] 786  event logging for declarative schema change targets built for CREATE INDEX
I260828 16:24:23.393099 2886 sql/schemachanger/scplan/plan.go:95  [T1,Vsystem,n1,client=172.17.0.1:38894,hostnossl,user=root] 787  building declarative schema changer plan in StatementPhase (rollback=false) for CREATE INDEX
I260828 16:24:23.395302 2886 sql/schemachanger/scrun/scrun.go:186  [T1,Vsystem,n1,client=172.17.0.1:38894,hostnossl,user=root] 788  executing declarative schema change StatementPhase stage 1 of 1 with 11 MutationType ops (rollback=false) for CREATE INDEX
I260828 16:24:23.398399 2886 sql/schemachanger/scplan/plan.go:95  [T1,Vsystem,n1,client=172.17.0.1:38894,hostnossl,user=root] 789  building declarative schema changer plan in PreCommitPhase (rollback=false) for CREATE INDEX
I260828 16:24:23.400337 2886 sql/schemachanger/scrun/scrun.go:186  [T1,Vsystem,n1,client=172.17.0.1:38894,hostnossl,user=root] 790  executing declarative schema change PreCommitPhase stage 1 of 2 with 1 MutationType op (rollback=false) for CREATE INDEX
I260828 16:24:23.401459 2886 sql/schemachanger/scrun/scrun.go:186  [T1,Vsystem,n1,client=172.17.0.1:38894,hostnossl,user=root] 791  executing declarative schema change PreCommitPhase stage 2 of 2 with 15 MutationType ops (rollback=false) for CREATE INDEX
I260828 16:24:23.402551 5151 sql/gcjob/gc_job_utils.go:273  [T1,Vsystem,n1,job=SCHEMA CHANGE GC id=1205416307430129665] 792  updated progress status: waiting for GC TTL, payload: indexes:<index_id:5 > ranges_unsplit_done:true 
I260828 16:24:23.410592 2886 sql/index_split_scatter.go:126  [T1,Vsystem,n1,client=172.17.0.1:38894,hostnossl,user=root] 793  making a single split point in tableId=110 index=6
I260828 16:24:23.410761 2886 13@kv/kvserver/replica_command.go:481  [T1,Vsystem,n1,s1,r80/1:/{Table/110/5-Max},*kvpb.AdminSplitRequest] 794  initiating a split of this range at key /Table/110/6 [r81] (manual)
I260828 16:24:23.412763 2886 13@kv/kvserver/batcheval/cmd_end_transaction.go:1289  [T1,Vsystem,n1,s1,r80/1:/{Table/110/5-Max}] 795  falling back to accurate stats computation because there are no pre-split LHS stats (or they're empty)
I260828 16:24:23.417419 5245 13@kv/kvserver/replicate_queue.go:784  [T1,Vsystem,n1,replicate,s1,r81/1:/{Table/110/6-Max}] 796  error processing replica: 0 of 1 live stores are able to take a new replica for the range (1 already has a voter, 0 already have a non-voter); likely not enough nodes in cluster
I260828 16:24:23.419821 5151 sql/gcjob/gc_job_utils.go:273  [T1,Vsystem,n1,job=SCHEMA CHANGE GC id=1205416307430129665] 797  updated progress status: deleting data, payload: indexes:<index_id:5 > ranges_unsplit_done:true 
I260828 16:24:23.419876 5151 sql/schema_changer.go:1465  [T1,Vsystem,n1,job=SCHEMA CHANGE GC id=1205416307430129665] 798  waiting for a single version...
I260828 16:24:23.422947 2886 sql/index_split_scatter.go:126  [T1,Vsystem,n1,client=172.17.0.1:38894,hostnossl,user=root] 799  making a single split point in tableId=110 index=7
I260828 16:24:23.423015 2886 13@kv/kvserver/replica_command.go:481  [T1,Vsystem,n1,s1,r81/1:/{Table/110/6-Max},*kvpb.AdminSplitRequest] 800  initiating a split of this range at key /Table/110/7 [r82] (manual)
I260828 16:24:23.423631 2886 13@kv/kvserver/batcheval/cmd_end_transaction.go:1289  [T1,Vsystem,n1,s1,r81/1:/{Table/110/6-Max}] 801  falling back to accurate stats computation because there are no pre-split LHS stats (or they're empty)
I260828 16:24:23.424433 5299 13@kv/kvserver/replicate_queue.go:784  [T1,Vsystem,n1,replicate,s1,r82/1:/{Table/110/7-Max}] 802  error processing replica: 0 of 1 live stores are able to take a new replica for the range (1 already has a voter, 0 already have a non-voter); likely not enough nodes in cluster
I260828 16:24:23.428902 2886 sql/conn_executor_ddl.go:121  [T1,Vsystem,n1,client=172.17.0.1:38894,hostnossl,user=root] 803  queued new schema change job 1205416307573456897 using the new schema changer
I260828 16:24:23.431453 2886 5@util/log/event_log.go:39  [T1,Vsystem,n1,client=172.17.0.1:38894,hostnossl,user=root] 804 ={"Timestamp":1787934263388352395,"EventType":"create_index","Statement":"CREATE INDEX IF NOT EXISTS trnm_outbox_expired_lease_idx ON trnm.public.trnm_outbox (tenant_id, lease_expires_at, intent_id) WHERE state = 'leased'","Tag":"CREATE INDEX","User":"root","DescriptorID":110,"TableName":"trnm.public.trnm_outbox","IndexName":"trnm_outbox_expired_lease_idx","MutationID":1}
I260828 16:24:23.431573 2886 jobs/wait.go:56  [T1,Vsystem,n1,client=172.17.0.1:38894,hostnossl,user=root] 805  waiting for 1 [1205416307573456897] queued jobs to complete
I260828 16:24:23.431621 5340 jobs/adopt.go:224  [T1,Vsystem,n1,client=172.17.0.1:38894,hostnossl,user=root,job=1205416307573456897] 806  job 1205416307573456897: resuming execution
I260828 16:24:23.433241 5151 sql/catalog/lease/lease.go:556  [T1,Vsystem,n1,job=SCHEMA CHANGE GC id=1205416307430129665] 807  waiting for 1 leases to expire: desc=[{trnm_outbox 110 14}]
I260828 16:24:23.433925 5305 sql/catalog/lease/descriptor_state.go:142  [n1] 808  new lease: tabledesc.immutable: {ID: 110, Version: 15, ModificationTime: "1787934263.388352395,0", ParentID: 104, ParentSchemaID: 105, State: PUBLIC, NextColumnID: 18, Columns: [{ID: 1, TypeID: 2950, Null: false}, {ID: 2, TypeID: 2950, Null: false}, {ID: 3, TypeID: 2950, Null: false}, {ID: 4, TypeID: 2950, Null: false}, {ID: 5, TypeID: 25, Null: false}, {ID: 6, TypeID: 17, Null: false}, {ID: 7, TypeID: 17, Null: false}, {ID: 8, TypeID: 23, Null: false, HasDefault: true}, {ID: 9, TypeID: 20, Null: false, HasDefault: true}, {ID: 10, TypeID: 25, Null: false, HasDefault: true}, {ID: 11, TypeID: 2950, Null: true}, {ID: 12, TypeID: 1184, Null: true}, {ID: 13, TypeID: 17, Null: true}, {ID: 14, TypeID: 17, Null: true}, {ID: 15, TypeID: 1184, Null: false, HasDefault: true}, {ID: 16, TypeID: 1184, Null: false, HasDefault: true}, {ID: 17, TypeID: 1184, Null: false, HasDefault: true}], NextFamilyID: 1, Families: [{ID: 0, Columns: [1, 2, 3, 4, 5, 6, 7, 8, 9, 10, 11, 12, 13, 14, 15, 16, 17]}], Mutations: [{MutationID: 1, Direction: ADD, State: BACKFILLING, Index: {ID: 6, Unique: false, Partial: true, KeyColumns: [{ID: 1, Dir: ASC}, {ID: 12, Dir: ASC}, {ID: 2, Dir: ASC}], State: ADD, MutationID: 1}}, {MutationID: 1, Direction: ADD, State: DELETE_ONLY, Index: {ID: 7, Unique: false, Partial: true, KeyColumns: [{ID: 1, Dir: ASC}, {ID: 12, Dir: ASC}, {ID: 2, Dir: ASC}], State: ADD, MutationID: 1}}], PrimaryIndex: 1, NextIndexID: 8, Indexes: [{ID: 1, Unique: true, KeyColumns: [{ID: 1, Dir: ASC}, {ID: 2, Dir: ASC}], StoreColumns: [3, 4, 5, 6, 7, 8, 9, 10, 11, 12, 13, 14, 15, 16, 17]}, {ID: 2, Unique: false, KeyColumns: [{ID: 1, Dir: ASC}, {ID: 3, Dir: ASC}, {ID: 4, Dir: ASC}, {ID: 2, Dir: ASC}]}, {ID: 4, Unique: false, Partial: true, KeyColumns: [{ID: 1, Dir: ASC}, {ID: 15, Dir: ASC}, {ID: 2, Dir: ASC}]}], Checks: [{Columns: [13], Validity: Validated}, {Columns: [14], Validity: Validated}, {Columns: [9, 10, 11, 12, 13, 14], Validity: Validated}, {Columns: [5], Validity: Validated}, {Columns: [6], Validity: Validated}, {Columns: [8], Validity: Validated}, {Columns: [9], Validity: Validated}, {Columns: [10], Validity: Validated}], OutboundFKs: [{OriginTableID: 110, OriginColumns: [1, 3, 4], ReferencedTableID: 108, ReferencedColumnIDs: [1, 2, 3], Validity: Validated}]}
I260828 16:24:23.435440 5151 sql/catalog/lease/lease.go:550  [T1,Vsystem,n1,job=SCHEMA CHANGE GC id=1205416307430129665] 809  all leases have expired at 1787934263.434599409,0: desc=[{trnm_outbox 110 14}]
I260828 16:24:23.435473 5151 sql/schema_changer.go:1470  [T1,Vsystem,n1,job=SCHEMA CHANGE GC id=1205416307430129665] 810  waiting for a single version... done (at v 15), took 15.59704ms
I260828 16:24:23.435485 5151 sql/gcjob/index_garbage_collection.go:165  [T1,Vsystem,n1,job=SCHEMA CHANGE GC id=1205416307430129665] 811  clearing index 5 from table 110
I260828 16:24:23.435684 5151 sql/gcjob/gc_job_utils.go:53  [T1,Vsystem,n1,job=SCHEMA CHANGE GC id=1205416307430129665] 812  marked index 5 as GC'd
I260828 16:24:23.438544 5362 jobs/registry.go:1679  [T1,Vsystem,n1,job=1205416307573456897] 813  NEW SCHEMA CHANGE job 1205416307573456897: stepping through state running
I260828 16:24:23.442906 5151 sql/gcjob/gc_job_utils.go:273  [T1,Vsystem,n1,job=SCHEMA CHANGE GC id=1205416307430129665] 814  updated progress status: waiting for MVCC GC, payload: indexes:<index_id:5 status:WAITING_FOR_MVCC_GC > ranges_unsplit_done:true 
I260828 16:24:23.446334 5362 1@jobs/structured_log.go:48  [T1,Vsystem,n1,job=1205416307573456897] 815 ={"Timestamp":1787934263446332495,"EventType":"status_change","JobID":1205416307573456897,"JobType":"NEW SCHEMA CHANGE","Description":"status changed to: running","PreviousStatus":"running","NewStatus":"running","RunNum":0}
I260828 16:24:23.454535 5362 sql/schemachanger/scrun/scrun.go:315  [T1,Vsystem,n1,job=NEW SCHEMA CHANGE id=1205416307573456897] 816  rebuilding declarative schema change state from descriptors [110]
I260828 16:24:23.454680 5362 sql/schemachanger/scplan/plan.go:95  [T1,Vsystem,n1,job=NEW SCHEMA CHANGE id=1205416307573456897] 817  building declarative schema changer plan in PostCommitPhase (rollback=false) for CREATE INDEX
I260828 16:24:23.456819 5362 sql/schemachanger/scrun/scrun.go:186  [T1,Vsystem,n1,job=NEW SCHEMA CHANGE id=1205416307573456897] 818  executing declarative schema change PostCommitPhase stage 1 of 7 with 3 MutationType ops (rollback=false) for CREATE INDEX
I260828 16:24:23.473100 5362 sql/catalog/lease/lease.go:556  [T1,Vsystem,n1,job=NEW SCHEMA CHANGE id=1205416307573456897] 819  waiting for 1 leases to expire: desc=[{trnm_outbox 110 15}]
I260828 16:24:23.473283 5395 sql/catalog/lease/descriptor_state.go:142  [n1] 820  new lease: tabledesc.immutable: {ID: 110, Version: 16, ModificationTime: "1787934263.456761258,0", ParentID: 104, ParentSchemaID: 105, State: PUBLIC, NextColumnID: 18, Columns: [{ID: 1, TypeID: 2950, Null: false}, {ID: 2, TypeID: 2950, Null: false}, {ID: 3, TypeID: 2950, Null: false}, {ID: 4, TypeID: 2950, Null: false}, {ID: 5, TypeID: 25, Null: false}, {ID: 6, TypeID: 17, Null: false}, {ID: 7, TypeID: 17, Null: false}, {ID: 8, TypeID: 23, Null: false, HasDefault: true}, {ID: 9, TypeID: 20, Null: false, HasDefault: true}, {ID: 10, TypeID: 25, Null: false, HasDefault: true}, {ID: 11, TypeID: 2950, Null: true}, {ID: 12, TypeID: 1184, Null: true}, {ID: 13, TypeID: 17, Null: true}, {ID: 14, TypeID: 17, Null: true}, {ID: 15, TypeID: 1184, Null: false, HasDefault: true}, {ID: 16, TypeID: 1184, Null: false, HasDefault: true}, {ID: 17, TypeID: 1184, Null: false, HasDefault: true}], NextFamilyID: 1, Families: [{ID: 0, Columns: [1, 2, 3, 4, 5, 6, 7, 8, 9, 10, 11, 12, 13, 14, 15, 16, 17]}], Mutations: [{MutationID: 1, Direction: ADD, State: BACKFILLING, Index: {ID: 6, Unique: false, Partial: true, KeyColumns: [{ID: 1, Dir: ASC}, {ID: 12, Dir: ASC}, {ID: 2, Dir: ASC}], State: ADD, MutationID: 1}}, {MutationID: 1, Direction: ADD, State: WRITE_ONLY, Index: {ID: 7, Unique: false, Partial: true, KeyColumns: [{ID: 1, Dir: ASC}, {ID: 12, Dir: ASC}, {ID: 2, Dir: ASC}], State: ADD, MutationID: 1}}], PrimaryIndex: 1, NextIndexID: 8, Indexes: [{ID: 1, Unique: true, KeyColumns: [{ID: 1, Dir: ASC}, {ID: 2, Dir: ASC}], StoreColumns: [3, 4, 5, 6, 7, 8, 9, 10, 11, 12, 13, 14, 15, 16, 17]}, {ID: 2, Unique: false, KeyColumns: [{ID: 1, Dir: ASC}, {ID: 3, Dir: ASC}, {ID: 4, Dir: ASC}, {ID: 2, Dir: ASC}]}, {ID: 4, Unique: false, Partial: true, KeyColumns: [{ID: 1, Dir: ASC}, {ID: 15, Dir: ASC}, {ID: 2, Dir: ASC}]}], Checks: [{Columns: [13], Validity: Validated}, {Columns: [14], Validity: Validated}, {Columns: [9, 10, 11, 12, 13, 14], Validity: Validated}, {Columns: [5], Validity: Validated}, {Columns: [6], Validity: Validated}, {Columns: [8], Validity: Validated}, {Columns: [9], Validity: Validated}, {Columns: [10], Validity: Validated}], OutboundFKs: [{OriginTableID: 110, OriginColumns: [1, 3, 4], ReferencedTableID: 108, ReferencedColumnIDs: [1, 2, 3], Validity: Validated}]}
I260828 16:24:23.476309 5362 sql/catalog/lease/lease.go:550  [T1,Vsystem,n1,job=NEW SCHEMA CHANGE id=1205416307573456897] 821  all leases have expired at 1787934263.475413557,0: desc=[{trnm_outbox 110 15}]
I260828 16:24:23.476443 5362 sql/schemachanger/scrun/scrun.go:186  [T1,Vsystem,n1,job=NEW SCHEMA CHANGE id=1205416307573456897] 822  executing declarative schema change PostCommitPhase stage 2 of 7 with 1 BackfillType op (rollback=false) for CREATE INDEX
I260828 16:24:23.478926 5362 sql/schemachanger/scexec/backfiller/tracker.go:258  [T1,Vsystem,n1,job=NEW SCHEMA CHANGE id=1205416307573456897] 823  writing 1 backfill checkpoints and 0 merge checkpoints
I260828 16:24:23.484290 5362 sql/schemachanger/scexec/backfiller/tracker.go:227  [T1,Vsystem,n1,job=NEW SCHEMA CHANGE id=1205416307573456897] 824  backfill fraction completed is 1.000 / 1.000
I260828 16:24:23.491466 5362 sql/schemachanger/scexec/backfiller/tracker.go:258  [T1,Vsystem,n1,job=NEW SCHEMA CHANGE id=1205416307573456897] 825  writing 1 backfill checkpoints and 0 merge checkpoints
I260828 16:24:23.500472 5362 sql/schemachanger/scrun/scrun.go:186  [T1,Vsystem,n1,job=NEW SCHEMA CHANGE id=1205416307573456897] 826  executing declarative schema change PostCommitPhase stage 3 of 7 with 3 MutationType ops (rollback=false) for CREATE INDEX
I260828 16:24:23.517248 5362 sql/catalog/lease/lease.go:556  [T1,Vsystem,n1,job=NEW SCHEMA CHANGE id=1205416307573456897] 827  waiting for 1 leases to expire: desc=[{trnm_outbox 110 16}]
I260828 16:24:23.517377 5471 sql/catalog/lease/descriptor_state.go:142  [n1] 828  new lease: tabledesc.immutable: {ID: 110, Version: 17, ModificationTime: "1787934263.500378968,0", ParentID: 104, ParentSchemaID: 105, State: PUBLIC, NextColumnID: 18, Columns: [{ID: 1, TypeID: 2950, Null: false}, {ID: 2, TypeID: 2950, Null: false}, {ID: 3, TypeID: 2950, Null: false}, {ID: 4, TypeID: 2950, Null: false}, {ID: 5, TypeID: 25, Null: false}, {ID: 6, TypeID: 17, Null: false}, {ID: 7, TypeID: 17, Null: false}, {ID: 8, TypeID: 23, Null: false, HasDefault: true}, {ID: 9, TypeID: 20, Null: false, HasDefault: true}, {ID: 10, TypeID: 25, Null: false, HasDefault: true}, {ID: 11, TypeID: 2950, Null: true}, {ID: 12, TypeID: 1184, Null: true}, {ID: 13, TypeID: 17, Null: true}, {ID: 14, TypeID: 17, Null: true}, {ID: 15, TypeID: 1184, Null: false, HasDefault: true}, {ID: 16, TypeID: 1184, Null: false, HasDefault: true}, {ID: 17, TypeID: 1184, Null: false, HasDefault: true}], NextFamilyID: 1, Families: [{ID: 0, Columns: [1, 2, 3, 4, 5, 6, 7, 8, 9, 10, 11, 12, 13, 14, 15, 16, 17]}], Mutations: [{MutationID: 1, Direction: ADD, State: DELETE_ONLY, Index: {ID: 6, Unique: false, Partial: true, KeyColumns: [{ID: 1, Dir: ASC}, {ID: 12, Dir: ASC}, {ID: 2, Dir: ASC}], State: ADD, MutationID: 1}}, {MutationID: 1, Direction: ADD, State: WRITE_ONLY, Index: {ID: 7, Unique: false, Partial: true, KeyColumns: [{ID: 1, Dir: ASC}, {ID: 12, Dir: ASC}, {ID: 2, Dir: ASC}], State: ADD, MutationID: 1}}], PrimaryIndex: 1, NextIndexID: 8, Indexes: [{ID: 1, Unique: true, KeyColumns: [{ID: 1, Dir: ASC}, {ID: 2, Dir: ASC}], StoreColumns: [3, 4, 5, 6, 7, 8, 9, 10, 11, 12, 13, 14, 15, 16, 17]}, {ID: 2, Unique: false, KeyColumns: [{ID: 1, Dir: ASC}, {ID: 3, Dir: ASC}, {ID: 4, Dir: ASC}, {ID: 2, Dir: ASC}]}, {ID: 4, Unique: false, Partial: true, KeyColumns: [{ID: 1, Dir: ASC}, {ID: 15, Dir: ASC}, {ID: 2, Dir: ASC}]}], Checks: [{Columns: [13], Validity: Validated}, {Columns: [14], Validity: Validated}, {Columns: [9, 10, 11, 12, 13, 14], Validity: Validated}, {Columns: [5], Validity: Validated}, {Columns: [6], Validity: Validated}, {Columns: [8], Validity: Validated}, {Columns: [9], Validity: Validated}, {Columns: [10], Validity: Validated}], OutboundFKs: [{OriginTableID: 110, OriginColumns: [1, 3, 4], ReferencedTableID: 108, ReferencedColumnIDs: [1, 2, 3], Validity: Validated}]}
I260828 16:24:23.520677 5362 sql/catalog/lease/lease.go:550  [T1,Vsystem,n1,job=NEW SCHEMA CHANGE id=1205416307573456897] 829  all leases have expired at 1787934263.519784915,0: desc=[{trnm_outbox 110 16}]
I260828 16:24:23.520799 5362 sql/schemachanger/scrun/scrun.go:186  [T1,Vsystem,n1,job=NEW SCHEMA CHANGE id=1205416307573456897] 830  executing declarative schema change PostCommitPhase stage 4 of 7 with 3 MutationType ops (rollback=false) for CREATE INDEX
I260828 16:24:23.538409 5362 sql/catalog/lease/lease.go:556  [T1,Vsystem,n1,job=NEW SCHEMA CHANGE id=1205416307573456897] 831  waiting for 1 leases to expire: desc=[{trnm_outbox 110 17}]
I260828 16:24:23.538517 5543 sql/catalog/lease/descriptor_state.go:142  [n1] 832  new lease: tabledesc.immutable: {ID: 110, Version: 18, ModificationTime: "1787934263.520722480,0", ParentID: 104, ParentSchemaID: 105, State: PUBLIC, NextColumnID: 18, Columns: [{ID: 1, TypeID: 2950, Null: false}, {ID: 2, TypeID: 2950, Null: false}, {ID: 3, TypeID: 2950, Null: false}, {ID: 4, TypeID: 2950, Null: false}, {ID: 5, TypeID: 25, Null: false}, {ID: 6, TypeID: 17, Null: false}, {ID: 7, TypeID: 17, Null: false}, {ID: 8, TypeID: 23, Null: false, HasDefault: true}, {ID: 9, TypeID: 20, Null: false, HasDefault: true}, {ID: 10, TypeID: 25, Null: false, HasDefault: true}, {ID: 11, TypeID: 2950, Null: true}, {ID: 12, TypeID: 1184, Null: true}, {ID: 13, TypeID: 17, Null: true}, {ID: 14, TypeID: 17, Null: true}, {ID: 15, TypeID: 1184, Null: false, HasDefault: true}, {ID: 16, TypeID: 1184, Null: false, HasDefault: true}, {ID: 17, TypeID: 1184, Null: false, HasDefault: true}], NextFamilyID: 1, Families: [{ID: 0, Columns: [1, 2, 3, 4, 5, 6, 7, 8, 9, 10, 11, 12, 13, 14, 15, 16, 17]}], Mutations: [{MutationID: 1, Direction: ADD, State: MERGING, Index: {ID: 6, Unique: false, Partial: true, KeyColumns: [{ID: 1, Dir: ASC}, {ID: 12, Dir: ASC}, {ID: 2, Dir: ASC}], State: ADD, MutationID: 1}}, {MutationID: 1, Direction: ADD, State: WRITE_ONLY, Index: {ID: 7, Unique: false, Partial: true, KeyColumns: [{ID: 1, Dir: ASC}, {ID: 12, Dir: ASC}, {ID: 2, Dir: ASC}], State: ADD, MutationID: 1}}], PrimaryIndex: 1, NextIndexID: 8, Indexes: [{ID: 1, Unique: true, KeyColumns: [{ID: 1, Dir: ASC}, {ID: 2, Dir: ASC}], StoreColumns: [3, 4, 5, 6, 7, 8, 9, 10, 11, 12, 13, 14, 15, 16, 17]}, {ID: 2, Unique: false, KeyColumns: [{ID: 1, Dir: ASC}, {ID: 3, Dir: ASC}, {ID: 4, Dir: ASC}, {ID: 2, Dir: ASC}]}, {ID: 4, Unique: false, Partial: true, KeyColumns: [{ID: 1, Dir: ASC}, {ID: 15, Dir: ASC}, {ID: 2, Dir: ASC}]}], Checks: [{Columns: [13], Validity: Validated}, {Columns: [14], Validity: Validated}, {Columns: [9, 10, 11, 12, 13, 14], Validity: Validated}, {Columns: [5], Validity: Validated}, {Columns: [6], Validity: Validated}, {Columns: [8], Validity: Validated}, {Columns: [9], Validity: Validated}, {Columns: [10], Validity: Validated}], OutboundFKs: [{OriginTableID: 110, OriginColumns: [1, 3, 4], ReferencedTableID: 108, ReferencedColumnIDs: [1, 2, 3], Validity: Validated}]}
I260828 16:24:23.541244 5362 sql/catalog/lease/lease.go:550  [T1,Vsystem,n1,job=NEW SCHEMA CHANGE id=1205416307573456897] 833  all leases have expired at 1787934263.540308650,0: desc=[{trnm_outbox 110 17}]
I260828 16:24:23.541355 5362 sql/schemachanger/scrun/scrun.go:186  [T1,Vsystem,n1,job=NEW SCHEMA CHANGE id=1205416307573456897] 834  executing declarative schema change PostCommitPhase stage 5 of 7 with 1 BackfillType op (rollback=false) for CREATE INDEX
I260828 16:24:23.543675 5560 sql/backfill.go:2994  [T1,Vsystem,n1,job=NEW SCHEMA CHANGE id=1205416307573456897] 835  merging all keys in temporary index before time 1787934264.043660875,0
I260828 16:24:24.044525 5362 sql/schemachanger/scrun/scrun.go:186  [T1,Vsystem,n1,job=NEW SCHEMA CHANGE id=1205416307573456897] 836  executing declarative schema change PostCommitPhase stage 6 of 7 with 4 MutationType ops (rollback=false) for CREATE INDEX
I260828 16:24:24.063818 5362 sql/catalog/lease/lease.go:556  [T1,Vsystem,n1,job=NEW SCHEMA CHANGE id=1205416307573456897] 837  waiting for 1 leases to expire: desc=[{trnm_outbox 110 18}]
I260828 16:24:24.064241 5601 sql/catalog/lease/descriptor_state.go:142  [n1] 838  new lease: tabledesc.immutable: {ID: 110, Version: 19, ModificationTime: "1787934264.044413110,0", ParentID: 104, ParentSchemaID: 105, State: PUBLIC, NextColumnID: 18, Columns: [{ID: 1, TypeID: 2950, Null: false}, {ID: 2, TypeID: 2950, Null: false}, {ID: 3, TypeID: 2950, Null: false}, {ID: 4, TypeID: 2950, Null: false}, {ID: 5, TypeID: 25, Null: false}, {ID: 6, TypeID: 17, Null: false}, {ID: 7, TypeID: 17, Null: false}, {ID: 8, TypeID: 23, Null: false, HasDefault: true}, {ID: 9, TypeID: 20, Null: false, HasDefault: true}, {ID: 10, TypeID: 25, Null: false, HasDefault: true}, {ID: 11, TypeID: 2950, Null: true}, {ID: 12, TypeID: 1184, Null: true}, {ID: 13, TypeID: 17, Null: true}, {ID: 14, TypeID: 17, Null: true}, {ID: 15, TypeID: 1184, Null: false, HasDefault: true}, {ID: 16, TypeID: 1184, Null: false, HasDefault: true}, {ID: 17, TypeID: 1184, Null: false, HasDefault: true}], NextFamilyID: 1, Families: [{ID: 0, Columns: [1, 2, 3, 4, 5, 6, 7, 8, 9, 10, 11, 12, 13, 14, 15, 16, 17]}], Mutations: [{MutationID: 1, Direction: ADD, State: WRITE_ONLY, Index: {ID: 6, Unique: false, Partial: true, KeyColumns: [{ID: 1, Dir: ASC}, {ID: 12, Dir: ASC}, {ID: 2, Dir: ASC}], State: ADD, MutationID: 1}}, {MutationID: 1, Direction: DROP, State: DELETE_ONLY, Index: {ID: 7, Unique: false, Partial: true, KeyColumns: [{ID: 1, Dir: ASC}, {ID: 12, Dir: ASC}, {ID: 2, Dir: ASC}], State: DROP, MutationID: 1}}], PrimaryIndex: 1, NextIndexID: 8, Indexes: [{ID: 1, Unique: true, KeyColumns: [{ID: 1, Dir: ASC}, {ID: 2, Dir: ASC}], StoreColumns: [3, 4, 5, 6, 7, 8, 9, 10, 11, 12, 13, 14, 15, 16, 17]}, {ID: 2, Unique: false, KeyColumns: [{ID: 1, Dir: ASC}, {ID: 3, Dir: ASC}, {ID: 4, Dir: ASC}, {ID: 2, Dir: ASC}]}, {ID: 4, Unique: false, Partial: true, KeyColumns: [{ID: 1, Dir: ASC}, {ID: 15, Dir: ASC}, {ID: 2, Dir: ASC}]}], Checks: [{Columns: [13], Validity: Validated}, {Columns: [14], Validity: Validated}, {Columns: [9, 10, 11, 12, 13, 14], Validity: Validated}, {Columns: [5], Validity: Validated}, {Columns: [6], Validity: Validated}, {Columns: [8], Validity: Validated}, {Columns: [9], Validity: Validated}, {Columns: [10], Validity: Validated}], OutboundFKs: [{OriginTableID: 110, OriginColumns: [1, 3, 4], ReferencedTableID: 108, ReferencedColumnIDs: [1, 2, 3], Validity: Validated}]}
I260828 16:24:24.066510 5362 sql/catalog/lease/lease.go:550  [T1,Vsystem,n1,job=NEW SCHEMA CHANGE id=1205416307573456897] 839  all leases have expired at 1787934264.065535630,0: desc=[{trnm_outbox 110 18}]
I260828 16:24:24.066642 5362 sql/schemachanger/scrun/scrun.go:186  [T1,Vsystem,n1,job=NEW SCHEMA CHANGE id=1205416307573456897] 840  executing declarative schema change PostCommitPhase stage 7 of 7 with 1 ValidationType op (rollback=false) for CREATE INDEX
I260828 16:24:24.070258 5654 sql/backfill.go:1947  [T1,Vsystem,n1,job=NEW SCHEMA CHANGE id=1205416307573456897] 841  validation: table trnm_outbox row count = 0, took 1.338077ms
I260828 16:24:24.070498 5653 sql/backfill.go:1892  [T1,Vsystem,n1,job=NEW SCHEMA CHANGE id=1205416307573456897] 842  validation: index trnm_outbox/trnm_outbox_expired_lease_idx row count = 0, time so far 1.550339ms
I260828 16:24:24.070668 5362 sql/schemachanger/scrun/scrun.go:186  [T1,Vsystem,n1,job=NEW SCHEMA CHANGE id=1205416307573456897] 843  executing declarative schema change PostCommitNonRevertiblePhase stage 1 of 1 with 9 MutationType ops (rollback=false) for CREATE INDEX
I260828 16:24:24.090440 5362 5@util/log/event_log.go:39  [T1,Vsystem,n1,job=NEW SCHEMA CHANGE id=1205416307573456897] 844 ={"Timestamp":1787934264070597685,"EventType":"finish_schema_change","InstanceID":1,"DescriptorID":110,"LatencyNanos":647843043}
I260828 16:24:24.092146 5362 sql/catalog/lease/lease.go:556  [T1,Vsystem,n1,job=NEW SCHEMA CHANGE id=1205416307573456897] 845  waiting for 1 leases to expire: desc=[{trnm_outbox 110 19}]
I260828 16:24:24.092424 5699 sql/catalog/lease/descriptor_state.go:142  [n1] 846  new lease: tabledesc.immutable: {ID: 110, Version: 20, ModificationTime: "1787934264.070597685,0", ParentID: 104, ParentSchemaID: 105, State: PUBLIC, NextColumnID: 18, Columns: [{ID: 1, TypeID: 2950, Null: false}, {ID: 2, TypeID: 2950, Null: false}, {ID: 3, TypeID: 2950, Null: false}, {ID: 4, TypeID: 2950, Null: false}, {ID: 5, TypeID: 25, Null: false}, {ID: 6, TypeID: 17, Null: false}, {ID: 7, TypeID: 17, Null: false}, {ID: 8, TypeID: 23, Null: false, HasDefault: true}, {ID: 9, TypeID: 20, Null: false, HasDefault: true}, {ID: 10, TypeID: 25, Null: false, HasDefault: true}, {ID: 11, TypeID: 2950, Null: true}, {ID: 12, TypeID: 1184, Null: true}, {ID: 13, TypeID: 17, Null: true}, {ID: 14, TypeID: 17, Null: true}, {ID: 15, TypeID: 1184, Null: false, HasDefault: true}, {ID: 16, TypeID: 1184, Null: false, HasDefault: true}, {ID: 17, TypeID: 1184, Null: false, HasDefault: true}], NextFamilyID: 1, Families: [{ID: 0, Columns: [1, 2, 3, 4, 5, 6, 7, 8, 9, 10, 11, 12, 13, 14, 15, 16, 17]}], PrimaryIndex: 1, NextIndexID: 8, Indexes: [{ID: 1, Unique: true, KeyColumns: [{ID: 1, Dir: ASC}, {ID: 2, Dir: ASC}], StoreColumns: [3, 4, 5, 6, 7, 8, 9, 10, 11, 12, 13, 14, 15, 16, 17]}, {ID: 2, Unique: false, KeyColumns: [{ID: 1, Dir: ASC}, {ID: 3, Dir: ASC}, {ID: 4, Dir: ASC}, {ID: 2, Dir: ASC}]}, {ID: 4, Unique: false, Partial: true, KeyColumns: [{ID: 1, Dir: ASC}, {ID: 15, Dir: ASC}, {ID: 2, Dir: ASC}]}, {ID: 6, Unique: false, Partial: true, KeyColumns: [{ID: 1, Dir: ASC}, {ID: 12, Dir: ASC}, {ID: 2, Dir: ASC}]}], Checks: [{Columns: [13], Validity: Validated}, {Columns: [14], Validity: Validated}, {Columns: [9, 10, 11, 12, 13, 14], Validity: Validated}, {Columns: [5], Validity: Validated}, {Columns: [6], Validity: Validated}, {Columns: [8], Validity: Validated}, {Columns: [9], Validity: Validated}, {Columns: [10], Validity: Validated}], OutboundFKs: [{OriginTableID: 110, OriginColumns: [1, 3, 4], ReferencedTableID: 108, ReferencedColumnIDs: [1, 2, 3], Validity: Validated}]}
I260828 16:24:24.094637 5362 sql/catalog/lease/lease.go:550  [T1,Vsystem,n1,job=NEW SCHEMA CHANGE id=1205416307573456897] 847  all leases have expired at 1787934264.093741611,0: desc=[{trnm_outbox 110 19}]
I260828 16:24:24.094775 5705 jobs/adopt.go:224  [T1,Vsystem,n1,job=1205416309799845889] 848  job 1205416309799845889: resuming execution
I260828 16:24:24.094793 5362 jobs/registry.go:1679  [T1,Vsystem,n1,job=1205416307573456897] 849  NEW SCHEMA CHANGE job 1205416307573456897: stepping through state succeeded
I260828 16:24:24.097924 5648 jobs/registry.go:1679  [T1,Vsystem,n1,job=1205416309799845889] 850  SCHEMA CHANGE GC job 1205416309799845889: stepping through state running
I260828 16:24:24.103459 5648 1@jobs/structured_log.go:48  [T1,Vsystem,n1,job=1205416309799845889] 851 ={"Timestamp":1787934264103456561,"EventType":"status_change","JobID":1205416309799845889,"JobType":"SCHEMA CHANGE GC","Description":"status changed to: running","PreviousStatus":"running","NewStatus":"running","RunNum":0}
I260828 16:24:24.104723 5362 1@jobs/structured_log.go:48  [T1,Vsystem,n1,job=1205416307573456897] 852 ={"Timestamp":1787934264104720988,"EventType":"status_change","JobID":1205416307573456897,"JobType":"NEW SCHEMA CHANGE","Description":"status changed to: succeeded","PreviousStatus":"running","NewStatus":"succeeded","RunNum":0}
I260828 16:24:24.111875 2886 jobs/wait.go:148  [T1,Vsystem,n1,client=172.17.0.1:38894,hostnossl,user=root] 853  waited for 1 [1205416307573456897] queued jobs to complete 680.265111ms
I260828 16:24:24.125290 5648 sql/gcjob/gc_job_utils.go:273  [T1,Vsystem,n1,job=SCHEMA CHANGE GC id=1205416309799845889] 854  updated progress status: waiting for GC TTL, payload: indexes:<index_id:7 > ranges_unsplit_done:true 
I260828 16:24:24.126826 2884 4@util/log/event_log.go:39  [T1,Vsystem,n1,client=172.17.0.1:38894,hostnossl,user=root] 855 ={"Timestamp":1787934264126821616,"EventType":"client_session_end","InstanceID":1,"Network":"tcp","RemoteAddress":"172.17.0.1:38894","SessionID":"18d004bcd51994ab0000000000000001","Duration":2985146442}
I260828 16:24:24.128611 5822 4@util/log/event_log.go:39  [T1,Vsystem,n1,client=172.17.0.1:54514,hostnossl,user=root] 856 ={"Timestamp":1787934264128609108,"EventType":"client_authentication_ok","InstanceID":1,"Network":"tcp","RemoteAddress":"172.17.0.1:54514","SessionID":"18d004bd87204ae60000000000000001","Transport":"hostnossl","User":"root","SystemIdentity":"root","Method":"insecure"}
I260828 16:24:24.129486 5847 4@util/log/event_log.go:39  [T1,Vsystem,n1,client=172.17.0.1:54530,hostnossl,user=root] 857 ={"Timestamp":1787934264129483867,"EventType":"client_authentication_ok","InstanceID":1,"Network":"tcp","RemoteAddress":"172.17.0.1:54530","SessionID":"18d004bd872d02be0000000000000001","Transport":"hostnossl","User":"root","SystemIdentity":"root","Method":"insecure"}
I260828 16:24:24.130008 5831 4@util/log/event_log.go:39  [T1,Vsystem,n1,client=172.17.0.1:54518,hostnossl,user=root] 858 ={"Timestamp":1787934264129973977,"EventType":"client_authentication_ok","InstanceID":1,"Network":"tcp","RemoteAddress":"172.17.0.1:54518","SessionID":"18d004bd8734e09f0000000000000001","Transport":"hostnossl","User":"root","SystemIdentity":"root","Method":"insecure"}
I260828 16:24:24.131665 5834 4@util/log/event_log.go:39  [T1,Vsystem,n1,client=172.17.0.1:54536,hostnossl,user=root] 859 ={"Timestamp":1787934264131663559,"EventType":"client_authentication_ok","InstanceID":1,"Network":"tcp","RemoteAddress":"172.17.0.1:54536","SessionID":"18d004bd874eb62f0000000000000001","Transport":"hostnossl","User":"root","SystemIdentity":"root","Method":"insecure"}
I260828 16:24:24.132065 5787 4@util/log/event_log.go:39  [T1,Vsystem,n1,client=172.17.0.1:54550,hostnossl,user=root] 860 ={"Timestamp":1787934264132062859,"EventType":"client_authentication_ok","InstanceID":1,"Network":"tcp","RemoteAddress":"172.17.0.1:54550","SessionID":"18d004bd8752dcf30000000000000001","Transport":"hostnossl","User":"root","SystemIdentity":"root","Method":"insecure"}
I260828 16:24:24.134442 5838 4@util/log/event_log.go:39  [T1,Vsystem,n1,client=172.17.0.1:54576,hostnossl,user=root] 861 ={"Timestamp":1787934264134426199,"EventType":"client_authentication_ok","InstanceID":1,"Network":"tcp","RemoteAddress":"172.17.0.1:54576","SessionID":"18d004bd8777a36a0000000000000001","Transport":"hostnossl","User":"root","SystemIdentity":"root","Method":"insecure"}
I260828 16:24:24.137248 5648 sql/gcjob/gc_job_utils.go:273  [T1,Vsystem,n1,job=SCHEMA CHANGE GC id=1205416309799845889] 862  updated progress status: deleting data, payload: indexes:<index_id:7 > ranges_unsplit_done:true 
I260828 16:24:24.137298 5648 sql/schema_changer.go:1465  [T1,Vsystem,n1,job=SCHEMA CHANGE GC id=1205416309799845889] 863  waiting for a single version...
I260828 16:24:24.137453 5874 4@util/log/event_log.go:39  [T1,Vsystem,n1,client=172.17.0.1:54592,hostnossl,user=root] 864 ={"Timestamp":1787934264137452178,"EventType":"client_authentication_ok","InstanceID":1,"Network":"tcp","RemoteAddress":"172.17.0.1:54592","SessionID":"18d004bd879e5bad0000000000000001","Transport":"hostnossl","User":"root","SystemIdentity":"root","Method":"insecure"}
I260828 16:24:24.139241 5890 4@util/log/event_log.go:39  [T1,Vsystem,n1,client=172.17.0.1:54566,hostnossl,user=root] 865 ={"Timestamp":1787934264139230961,"EventType":"client_authentication_ok","InstanceID":1,"Network":"tcp","RemoteAddress":"172.17.0.1:54566","SessionID":"18d004bd87c1a7440000000000000001","Transport":"hostnossl","User":"root","SystemIdentity":"root","Method":"insecure"}
I260828 16:24:24.140631 5648 sql/catalog/lease/lease.go:550  [T1,Vsystem,n1,job=SCHEMA CHANGE GC id=1205416309799845889] 866  all leases have expired at 1787934264.139195790,0: desc=[{trnm_outbox 110 19}]
I260828 16:24:24.140681 5648 sql/schema_changer.go:1470  [T1,Vsystem,n1,job=SCHEMA CHANGE GC id=1205416309799845889] 867  waiting for a single version... done (at v 20), took 3.382515ms
I260828 16:24:24.140850 5648 sql/gcjob/index_garbage_collection.go:165  [T1,Vsystem,n1,job=SCHEMA CHANGE GC id=1205416309799845889] 868  clearing index 7 from table 110
I260828 16:24:24.141321 5648 sql/gcjob/gc_job_utils.go:53  [T1,Vsystem,n1,job=SCHEMA CHANGE GC id=1205416309799845889] 869  marked index 7 as GC'd
I260828 16:24:24.149322 5648 sql/gcjob/gc_job_utils.go:273  [T1,Vsystem,n1,job=SCHEMA CHANGE GC id=1205416309799845889] 870  updated progress status: waiting for MVCC GC, payload: indexes:<index_id:7 status:WAITING_FOR_MVCC_GC > ranges_unsplit_done:true 
I260828 16:24:24.154291 5840 4@util/log/event_log.go:39  [T1,Vsystem,n1,client=172.17.0.1:54566,hostnossl,user=root] 871 ={"Timestamp":1787934264154288160,"EventType":"client_session_end","InstanceID":1,"Network":"tcp","RemoteAddress":"172.17.0.1:54566","SessionID":"18d004bd87c1a7440000000000000001","Duration":15254558}
I260828 16:24:24.157464 5829 4@util/log/event_log.go:39  [T1,Vsystem,n1,client=172.17.0.1:54518,hostnossl,user=root] 872 ={"Timestamp":1787934264157461636,"EventType":"client_session_end","InstanceID":1,"Network":"tcp","RemoteAddress":"172.17.0.1:54518","SessionID":"18d004bd8734e09f0000000000000001","Duration":27649026}
I260828 16:24:24.158105 5845 4@util/log/event_log.go:39  [T1,Vsystem,n1,client=172.17.0.1:54530,hostnossl,user=root] 873 ={"Timestamp":1787934264158103115,"EventType":"client_session_end","InstanceID":1,"Network":"tcp","RemoteAddress":"172.17.0.1:54530","SessionID":"18d004bd872d02be0000000000000001","Duration":28811012}
I260828 16:24:24.158555 5832 4@util/log/event_log.go:39  [T1,Vsystem,n1,client=172.17.0.1:54536,hostnossl,user=root] 874 ={"Timestamp":1787934264158553082,"EventType":"client_session_end","InstanceID":1,"Network":"tcp","RemoteAddress":"172.17.0.1:54536","SessionID":"18d004bd874eb62f0000000000000001","Duration":27051707}
I260828 16:24:24.158662 5856 4@util/log/event_log.go:39  [T1,Vsystem,n1,client=172.17.0.1:54592,hostnossl,user=root] 875 ={"Timestamp":1787934264158660673,"EventType":"client_session_end","InstanceID":1,"Network":"tcp","RemoteAddress":"172.17.0.1:54592","SessionID":"18d004bd879e5bad0000000000000001","Duration":21940169}
I260828 16:24:24.159102 5820 4@util/log/event_log.go:39  [T1,Vsystem,n1,client=172.17.0.1:54514,hostnossl,user=root] 876 ={"Timestamp":1787934264159099064,"EventType":"client_session_end","InstanceID":1,"Network":"tcp","RemoteAddress":"172.17.0.1:54514","SessionID":"18d004bd87204ae60000000000000001","Duration":30640745}
I260828 16:24:24.160284 5785 4@util/log/event_log.go:39  [T1,Vsystem,n1,client=172.17.0.1:54550,hostnossl,user=root] 877 ={"Timestamp":1787934264160281661,"EventType":"client_session_end","InstanceID":1,"Network":"tcp","RemoteAddress":"172.17.0.1:54550","SessionID":"18d004bd8752dcf30000000000000001","Duration":28508735}
I260828 16:24:24.160448 5836 4@util/log/event_log.go:39  [T1,Vsystem,n1,client=172.17.0.1:54576,hostnossl,user=root] 878 ={"Timestamp":1787934264160446704,"EventType":"client_session_end","InstanceID":1,"Network":"tcp","RemoteAddress":"172.17.0.1:54576","SessionID":"18d004bd8777a36a0000000000000001","Duration":26263819}
I260828 16:24:24.161429 5941 4@util/log/event_log.go:39  [T1,Vsystem,n1,client=172.17.0.1:54600,hostnossl,user=root] 879 ={"Timestamp":1787934264161427111,"EventType":"client_authentication_ok","InstanceID":1,"Network":"tcp","RemoteAddress":"172.17.0.1:54600","SessionID":"18d004bd8914ace50000000000000001","Transport":"hostnossl","User":"root","SystemIdentity":"root","Method":"insecure"}
I260828 16:24:24.165766 5939 4@util/log/event_log.go:39  [T1,Vsystem,n1,client=172.17.0.1:54600,hostnossl,user=root] 880 ={"Timestamp":1787934264165763814,"EventType":"client_session_end","InstanceID":1,"Network":"tcp","RemoteAddress":"172.17.0.1:54600","SessionID":"18d004bd8914ace50000000000000001","Duration":4512349}
I260828 16:24:24.166314 5945 4@util/log/event_log.go:39  [T1,Vsystem,n1,client=172.17.0.1:54608,hostnossl,user=root] 881 ={"Timestamp":1787934264166312688,"EventType":"client_authentication_ok","InstanceID":1,"Network":"tcp","RemoteAddress":"172.17.0.1:54608","SessionID":"18d004bd895f78450000000000000001","Transport":"hostnossl","User":"root","SystemIdentity":"root","Method":"insecure"}
I260828 16:24:24.177215 5943 4@util/log/event_log.go:39  [T1,Vsystem,n1,client=172.17.0.1:54608,hostnossl,user=root] 882 ={"Timestamp":1787934264177213074,"EventType":"client_session_end","InstanceID":1,"Network":"tcp","RemoteAddress":"172.17.0.1:54608","SessionID":"18d004bd895f78450000000000000001","Duration":11059935}
I260828 16:24:24.177985 5973 4@util/log/event_log.go:39  [T1,Vsystem,n1,client=172.17.0.1:54620,hostnossl,user=root] 883 ={"Timestamp":1787934264177982817,"EventType":"client_authentication_ok","InstanceID":1,"Network":"tcp","RemoteAddress":"172.17.0.1:54620","SessionID":"18d004bd8a1199360000000000000001","Transport":"hostnossl","User":"root","SystemIdentity":"root","Method":"insecure"}
I260828 16:24:24.178560 5921 4@util/log/event_log.go:39  [T1,Vsystem,n1,client=172.17.0.1:54626,hostnossl,user=root] 884 ={"Timestamp":1787934264178557673,"EventType":"client_authentication_ok","InstanceID":1,"Network":"tcp","RemoteAddress":"172.17.0.1:54626","SessionID":"18d004bd8a19be240000000000000001","Transport":"hostnossl","User":"root","SystemIdentity":"root","Method":"insecure"}
I260828 16:24:24.184880 5971 4@util/log/event_log.go:39  [T1,Vsystem,n1,client=172.17.0.1:54620,hostnossl,user=root] 885 ={"Timestamp":1787934264184877981,"EventType":"client_session_end","InstanceID":1,"Network":"tcp","RemoteAddress":"172.17.0.1:54620","SessionID":"18d004bd8a1199360000000000000001","Duration":7051057}
I260828 16:24:24.187719 5919 4@util/log/event_log.go:39  [T1,Vsystem,n1,client=172.17.0.1:54626,hostnossl,user=root] 886 ={"Timestamp":1787934264187716370,"EventType":"client_session_end","InstanceID":1,"Network":"tcp","RemoteAddress":"172.17.0.1:54626","SessionID":"18d004bd8a19be240000000000000001","Duration":9354631}
I260828 16:24:24.188471 5978 4@util/log/event_log.go:39  [T1,Vsystem,n1,client=172.17.0.1:54636,hostnossl,user=root] 887 ={"Timestamp":1787934264188468958,"EventType":"client_authentication_ok","InstanceID":1,"Network":"tcp","RemoteAddress":"172.17.0.1:54636","SessionID":"18d004bd8ab1a2470000000000000001","Transport":"hostnossl","User":"root","SystemIdentity":"root","Method":"insecure"}
I260828 16:24:24.191377 5976 4@util/log/event_log.go:39  [T1,Vsystem,n1,client=172.17.0.1:54636,hostnossl,user=root] 888 ={"Timestamp":1787934264191374481,"EventType":"client_session_end","InstanceID":1,"Network":"tcp","RemoteAddress":"172.17.0.1:54636","SessionID":"18d004bd8ab1a2470000000000000001","Duration":3059524}
I260828 16:24:24.191918 5936 4@util/log/event_log.go:39  [T1,Vsystem,n1,client=172.17.0.1:54648,hostnossl,user=root] 889 ={"Timestamp":1787934264191915941,"EventType":"client_authentication_ok","InstanceID":1,"Network":"tcp","RemoteAddress":"172.17.0.1:54648","SessionID":"18d004bd8ae674290000000000000001","Transport":"hostnossl","User":"root","SystemIdentity":"root","Method":"insecure"}
I260828 16:24:24.202709 5934 4@util/log/event_log.go:39  [T1,Vsystem,n1,client=172.17.0.1:54648,hostnossl,user=root] 890 ={"Timestamp":1787934264202706643,"EventType":"client_session_end","InstanceID":1,"Network":"tcp","RemoteAddress":"172.17.0.1:54648","SessionID":"18d004bd8ae674290000000000000001","Duration":10930036}
I260828 16:24:24.203279 6027 4@util/log/event_log.go:39  [T1,Vsystem,n1,client=172.17.0.1:54664,hostnossl,user=root] 891 ={"Timestamp":1787934264203277080,"EventType":"client_authentication_ok","InstanceID":1,"Network":"tcp","RemoteAddress":"172.17.0.1:54664","SessionID":"18d004bd8b93cf3d0000000000000001","Transport":"hostnossl","User":"root","SystemIdentity":"root","Method":"insecure"}
I260828 16:24:24.209217 6025 4@util/log/event_log.go:39  [T1,Vsystem,n1,client=172.17.0.1:54664,hostnossl,user=root] 892 ={"Timestamp":1787934264209214933,"EventType":"client_session_end","InstanceID":1,"Network":"tcp","RemoteAddress":"172.17.0.1:54664","SessionID":"18d004bd8b93cf3d0000000000000001","Duration":6077228}
I260828 16:24:24.209978 6051 4@util/log/event_log.go:39  [T1,Vsystem,n1,client=172.17.0.1:54670,hostnossl,user=root] 893 ={"Timestamp":1787934264209976004,"EventType":"client_authentication_ok","InstanceID":1,"Network":"tcp","RemoteAddress":"172.17.0.1:54670","SessionID":"18d004bd8bf9b0620000000000000001","Transport":"hostnossl","User":"root","SystemIdentity":"root","Method":"insecure"}
I260828 16:24:24.210498 6055 4@util/log/event_log.go:39  [T1,Vsystem,n1,client=172.17.0.1:54678,hostnossl,user=root] 894 ={"Timestamp":1787934264210496110,"EventType":"client_authentication_ok","InstanceID":1,"Network":"tcp","RemoteAddress":"172.17.0.1:54678","SessionID":"18d004bd8c01839a0000000000000001","Transport":"hostnossl","User":"root","SystemIdentity":"root","Method":"insecure"}
I260828 16:24:24.211207 6040 4@util/log/event_log.go:39  [T1,Vsystem,n1,client=172.17.0.1:54682,hostnossl,user=root] 895 ={"Timestamp":1787934264211204875,"EventType":"client_authentication_ok","InstanceID":1,"Network":"tcp","RemoteAddress":"172.17.0.1:54682","SessionID":"18d004bd8c0c30f90000000000000001","Transport":"hostnossl","User":"root","SystemIdentity":"root","Method":"insecure"}
I260828 16:24:24.212903 6032 4@util/log/event_log.go:39  [T1,Vsystem,n1,client=172.17.0.1:54700,hostnossl,user=root] 896 ={"Timestamp":1787934264212900927,"EventType":"client_authentication_ok","InstanceID":1,"Network":"tcp","RemoteAddress":"172.17.0.1:54700","SessionID":"18d004bd8c262c1b0000000000000001","Transport":"hostnossl","User":"root","SystemIdentity":"root","Method":"insecure"}
I260828 16:24:24.213666 6007 4@util/log/event_log.go:39  [T1,Vsystem,n1,client=172.17.0.1:54712,hostnossl,user=root] 897 ={"Timestamp":1787934264213664133,"EventType":"client_authentication_ok","InstanceID":1,"Network":"tcp","RemoteAddress":"172.17.0.1:54712","SessionID":"18d004bd8c30ba8e0000000000000001","Transport":"hostnossl","User":"root","SystemIdentity":"root","Method":"insecure"}
I260828 16:24:24.213789 6068 4@util/log/event_log.go:39  [T1,Vsystem,n1,client=172.17.0.1:54694,hostnossl,user=root] 898 ={"Timestamp":1787934264213787205,"EventType":"client_authentication_ok","InstanceID":1,"Network":"tcp","RemoteAddress":"172.17.0.1:54694","SessionID":"18d004bd8c3370ff0000000000000001","Transport":"hostnossl","User":"root","SystemIdentity":"root","Method":"insecure"}
I260828 16:24:24.214903 6059 4@util/log/event_log.go:39  [T1,Vsystem,n1,client=172.17.0.1:54734,hostnossl,user=root] 899 ={"Timestamp":1787934264214901446,"EventType":"client_authentication_ok","InstanceID":1,"Network":"tcp","RemoteAddress":"172.17.0.1:54734","SessionID":"18d004bd8c44ec030000000000000001","Transport":"hostnossl","User":"root","SystemIdentity":"root","Method":"insecure"}
I260828 16:24:24.215573 6049 4@util/log/event_log.go:39  [T1,Vsystem,n1,client=172.17.0.1:54724,hostnossl,user=root] 900 ={"Timestamp":1787934264215570977,"EventType":"client_authentication_ok","InstanceID":1,"Network":"tcp","RemoteAddress":"172.17.0.1:54724","SessionID":"18d004bd8c4c94dd0000000000000001","Transport":"hostnossl","User":"root","SystemIdentity":"root","Method":"insecure"}
I260828 16:24:24.225620 6047 4@util/log/event_log.go:39  [T1,Vsystem,n1,client=172.17.0.1:54724,hostnossl,user=root] 901 ={"Timestamp":1787934264225617865,"EventType":"client_session_end","InstanceID":1,"Network":"tcp","RemoteAddress":"172.17.0.1:54724","SessionID":"18d004bd8c4c94dd0000000000000001","Duration":10370960}
I260828 16:24:24.236801 6057 4@util/log/event_log.go:39  [T1,Vsystem,n1,client=172.17.0.1:54734,hostnossl,user=root] 902 ={"Timestamp":1787934264236798864,"EventType":"client_session_end","InstanceID":1,"Network":"tcp","RemoteAddress":"172.17.0.1:54734","SessionID":"18d004bd8c44ec030000000000000001","Duration":22053797}
I260828 16:24:24.237755 6030 4@util/log/event_log.go:39  [T1,Vsystem,n1,client=172.17.0.1:54700,hostnossl,user=root] 903 ={"Timestamp":1787934264237753095,"EventType":"client_session_end","InstanceID":1,"Network":"tcp","RemoteAddress":"172.17.0.1:54700","SessionID":"18d004bd8c262c1b0000000000000001","Duration":25022628}
I260828 16:24:24.237863 5969 4@util/log/event_log.go:39  [T1,Vsystem,n1,client=172.17.0.1:54670,hostnossl,user=root] 904 ={"Timestamp":1787934264237860287,"EventType":"client_session_end","InstanceID":1,"Network":"tcp","RemoteAddress":"172.17.0.1:54670","SessionID":"18d004bd8bf9b0620000000000000001","Duration":28045507}
I260828 16:24:24.238288 6038 4@util/log/event_log.go:39  [T1,Vsystem,n1,client=172.17.0.1:54682,hostnossl,user=root] 905 ={"Timestamp":1787934264238286141,"EventType":"client_session_end","InstanceID":1,"Network":"tcp","RemoteAddress":"172.17.0.1:54682","SessionID":"18d004bd8c0c30f90000000000000001","Duration":27258296}
I260828 16:24:24.238485 6066 4@util/log/event_log.go:39  [T1,Vsystem,n1,client=172.17.0.1:54694,hostnossl,user=root] 906 ={"Timestamp":1787934264238483815,"EventType":"client_session_end","InstanceID":1,"Network":"tcp","RemoteAddress":"172.17.0.1:54694","SessionID":"18d004bd8c3370ff0000000000000001","Duration":24883836}
I260828 16:24:24.238873 6053 4@util/log/event_log.go:39  [T1,Vsystem,n1,client=172.17.0.1:54678,hostnossl,user=root] 907 ={"Timestamp":1787934264238870714,"EventType":"client_session_end","InstanceID":1,"Network":"tcp","RemoteAddress":"172.17.0.1:54678","SessionID":"18d004bd8c01839a0000000000000001","Duration":28541114}
I260828 16:24:24.239180 6005 4@util/log/event_log.go:39  [T1,Vsystem,n1,client=172.17.0.1:54712,hostnossl,user=root] 908 ={"Timestamp":1787934264239177650,"EventType":"client_session_end","InstanceID":1,"Network":"tcp","RemoteAddress":"172.17.0.1:54712","SessionID":"18d004bd8c30ba8e0000000000000001","Duration":25755521}
I260828 16:24:24.240104 6141 4@util/log/event_log.go:39  [T1,Vsystem,n1,client=172.17.0.1:54736,hostnossl,user=root] 909 ={"Timestamp":1787934264240102006,"EventType":"client_authentication_ok","InstanceID":1,"Network":"tcp","RemoteAddress":"172.17.0.1:54736","SessionID":"18d004bd8dc577670000000000000001","Transport":"hostnossl","User":"root","SystemIdentity":"root","Method":"insecure"}
I260828 16:24:24.248071 6139 4@util/log/event_log.go:39  [T1,Vsystem,n1,client=172.17.0.1:54736,hostnossl,user=root] 910 ={"Timestamp":1787934264248069164,"EventType":"client_session_end","InstanceID":1,"Network":"tcp","RemoteAddress":"172.17.0.1:54736","SessionID":"18d004bd8dc577670000000000000001","Duration":8122726}
I260828 16:24:24.248541 6155 4@util/log/event_log.go:39  [T1,Vsystem,n1,client=172.17.0.1:54738,hostnossl,user=root] 911 ={"Timestamp":1787934264248539408,"EventType":"client_authentication_ok","InstanceID":1,"Network":"tcp","RemoteAddress":"172.17.0.1:54738","SessionID":"18d004bd8e4624e60000000000000001","Transport":"hostnossl","User":"root","SystemIdentity":"root","Method":"insecure"}
I260828 16:24:24.255001 6153 4@util/log/event_log.go:39  [T1,Vsystem,n1,client=172.17.0.1:54738,hostnossl,user=root] 912 ={"Timestamp":1787934264254998825,"EventType":"client_session_end","InstanceID":1,"Network":"tcp","RemoteAddress":"172.17.0.1:54738","SessionID":"18d004bd8e4624e60000000000000001","Duration":6619537}
I260828 16:24:24.255611 6128 4@util/log/event_log.go:39  [T1,Vsystem,n1,client=172.17.0.1:54744,hostnossl,user=root] 913 ={"Timestamp":1787934264255608849,"EventType":"client_authentication_ok","InstanceID":1,"Network":"tcp","RemoteAddress":"172.17.0.1:54744","SessionID":"18d004bd8eb24c680000000000000001","Transport":"hostnossl","User":"root","SystemIdentity":"root","Method":"insecure"}
I260828 16:24:24.261963 6126 4@util/log/event_log.go:39  [T1,Vsystem,n1,client=172.17.0.1:54744,hostnossl,user=root] 914 ={"Timestamp":1787934264261960830,"EventType":"client_session_end","InstanceID":1,"Network":"tcp","RemoteAddress":"172.17.0.1:54744","SessionID":"18d004bd8eb24c680000000000000001","Duration":6493375}
I260828 16:24:24.262555 6210 4@util/log/event_log.go:39  [T1,Vsystem,n1,client=172.17.0.1:54760,hostnossl,user=root] 915 ={"Timestamp":1787934264262553386,"EventType":"client_authentication_ok","InstanceID":1,"Network":"tcp","RemoteAddress":"172.17.0.1:54760","SessionID":"18d004bd8f1c2bd00000000000000001","Transport":"hostnossl","User":"root","SystemIdentity":"root","Method":"insecure"}
I260828 16:24:24.273465 6160 4@util/log/event_log.go:39  [T1,Vsystem,n1,client=172.17.0.1:54760,hostnossl,user=root] 916 ={"Timestamp":1787934264273462575,"EventType":"client_session_end","InstanceID":1,"Network":"tcp","RemoteAddress":"172.17.0.1:54760","SessionID":"18d004bd8f1c2bd00000000000000001","Duration":11056377}
I260828 16:24:24.274000 6176 4@util/log/event_log.go:39  [T1,Vsystem,n1,client=172.17.0.1:54764,hostnossl,user=root] 917 ={"Timestamp":1787934264273998634,"EventType":"client_authentication_ok","InstanceID":1,"Network":"tcp","RemoteAddress":"172.17.0.1:54764","SessionID":"18d004bd8fcb0c820000000000000001","Transport":"hostnossl","User":"root","SystemIdentity":"root","Method":"insecure"}
I260828 16:24:24.279908 6174 4@util/log/event_log.go:39  [T1,Vsystem,n1,client=172.17.0.1:54764,hostnossl,user=root] 918 ={"Timestamp":1787934264279906335,"EventType":"client_session_end","InstanceID":1,"Network":"tcp","RemoteAddress":"172.17.0.1:54764","SessionID":"18d004bd8fcb0c820000000000000001","Duration":6039535}
I260828 16:24:24.280467 6219 4@util/log/event_log.go:39  [T1,Vsystem,n1,client=172.17.0.1:54772,hostnossl,user=root] 919 ={"Timestamp":1787934264280465289,"EventType":"client_authentication_ok","InstanceID":1,"Network":"tcp","RemoteAddress":"172.17.0.1:54772","SessionID":"18d004bd902d65f30000000000000001","Transport":"hostnossl","User":"root","SystemIdentity":"root","Method":"insecure"}
I260828 16:24:24.281187 6217 4@util/log/event_log.go:39  [T1,Vsystem,n1,client=172.17.0.1:54772,hostnossl,user=root] 920 ={"Timestamp":1787934264281185453,"EventType":"client_session_end","InstanceID":1,"Network":"tcp","RemoteAddress":"172.17.0.1:54772","SessionID":"18d004bd902d65f30000000000000001","Duration":873071}
I260828 16:24:24.281700 6187 4@util/log/event_log.go:39  [T1,Vsystem,n1,client=172.17.0.1:54780,hostnossl,user=root] 921 ={"Timestamp":1787934264281698913,"EventType":"client_authentication_ok","InstanceID":1,"Network":"tcp","RemoteAddress":"172.17.0.1:54780","SessionID":"18d004bd904095220000000000000001","Transport":"hostnossl","User":"root","SystemIdentity":"root","Method":"insecure"}
I260828 16:24:24.286516 6185 4@util/log/event_log.go:39  [T1,Vsystem,n1,client=172.17.0.1:54780,hostnossl,user=root] 922 ={"Timestamp":1787934264286514270,"EventType":"client_session_end","InstanceID":1,"Network":"tcp","RemoteAddress":"172.17.0.1:54780","SessionID":"18d004bd904095220000000000000001","Duration":4944043}
I260828 16:24:24.524700 6204 4@util/log/event_log.go:39  [T1,Vsystem,n1,client=[::1]:45152,hostnossl,user=root] 923 ={"Timestamp":1787934264524696536,"EventType":"client_authentication_ok","InstanceID":1,"Network":"tcp","RemoteAddress":"[::1]:45152","SessionID":"18d004bd9ebb65a90000000000000001","Transport":"hostnossl","User":"root","SystemIdentity":"root","Method":"insecure"}
I260828 16:24:24.990816 6202 4@util/log/event_log.go:39  [T1,Vsystem,n1,client=[::1]:45152,hostnossl,user=root] 924 ={"Timestamp":1787934264990810647,"EventType":"client_session_end","InstanceID":1,"Network":"tcp","RemoteAddress":"[::1]:45152","SessionID":"18d004bd9ebb65a90000000000000001","Duration":466310833}
