ls: cannot access 'cockroach-data': No such file or directory
certificate dir "certs" is successfully set up
starting node for the initialization process. This could take a couple seconds...
I260828 12:09:24.760306 1 1@cli/log_flags.go:212  [n?] 1  using explicit logging configuration:
I260828 12:09:24.760306 1 1@cli/log_flags.go:212  [n?] 1 +file-defaults: {dir: ./cockroach-data/logs}
W260828 12:09:24.760673 1 1@cli/start.go:1446  [n?] 2  ALL SECURITY CONTROLS HAVE BEEN DISABLED!
W260828 12:09:24.760673 1 1@cli/start.go:1446  [n?] 2 +
W260828 12:09:24.760673 1 1@cli/start.go:1446  [n?] 2 +This mode is intended for non-production testing only.
W260828 12:09:24.760673 1 1@cli/start.go:1446  [n?] 2 +
W260828 12:09:24.760673 1 1@cli/start.go:1446  [n?] 2 +In this mode:
W260828 12:09:24.760673 1 1@cli/start.go:1446  [n?] 2 +- Your cluster is open to any client that can access any of your IP addresses.
W260828 12:09:24.760673 1 1@cli/start.go:1446  [n?] 2 +- Intruders with access to your machine or network can observe client-server traffic.
W260828 12:09:24.760673 1 1@cli/start.go:1446  [n?] 2 +- Intruders can log in without password and read or write any data in the cluster.
W260828 12:09:24.760673 1 1@cli/start.go:1446  [n?] 2 +- Intruders can consume all your server's resources and cause unavailability.
I260828 12:09:24.760727 1 1@cli/start.go:1456  [n?] 3  To start a secure server without mandating TLS for clients,
I260828 12:09:24.760727 1 1@cli/start.go:1456  [n?] 3 +consider --accept-sql-without-tls instead. For other options, see:
I260828 12:09:24.760727 1 1@cli/start.go:1456  [n?] 3 +
I260828 12:09:24.760727 1 1@cli/start.go:1456  [n?] 3 +- https://go.crdb.dev/issue-v/53404/v25.1
I260828 12:09:24.760727 1 1@cli/start.go:1456  [n?] 3 +- https://www.cockroachlabs.com/docs/v25.1/secure-a-cluster.html
I260828 12:09:24.761044 1 server/status/recorder.go:856  [n?] 4  available memory from cgroups (8.0 EiB) is unsupported, using system memory 16 GiB instead: 
I260828 12:09:24.761080 1 1@cli/start.go:1485  [n?] 5  CockroachDB CCL v25.1.6 (x86_64-pc-linux-gnu, built 2025/05/09 15:48:03, go1.22.8 X:nocoverageredesign)
I260828 12:09:24.761779 1 server/status/recorder.go:856  [n?] 6  available memory from cgroups (8.0 EiB) is unsupported, using system memory 16 GiB instead: 
I260828 12:09:24.761808 1 1@cli/start.go:556  [n?] 7  soft memory limit of Go runtime is set to 288 MiB
I260828 12:09:24.761826 1 1@cli/start.go:593  [n?] 8  GC target percentage of Go runtime is set to 300%
I260828 12:09:24.762748 1 server/status/recorder.go:856  [T1,Vsystem,n?] 9  available memory from cgroups (8.0 EiB) is unsupported, using system memory 16 GiB instead: 
I260828 12:09:24.762776 1 server/config.go:669  [T1,Vsystem,n?] 10  system total memory: 16 GiB
I260828 12:09:24.762794 1 server/config.go:671  [T1,Vsystem,n?] 11  server configuration:
I260828 12:09:24.762794 1 server/config.go:671  [T1,Vsystem,n?] 11 +max offset             500000000
I260828 12:09:24.762794 1 server/config.go:671  [T1,Vsystem,n?] 11 +cache size             128 MiB
I260828 12:09:24.762794 1 server/config.go:671  [T1,Vsystem,n?] 11 +SQL memory pool size   128 MiB
I260828 12:09:24.762794 1 server/config.go:671  [T1,Vsystem,n?] 11 +scan interval          10m0s
I260828 12:09:24.762794 1 server/config.go:671  [T1,Vsystem,n?] 11 +scan min idle time     10ms
I260828 12:09:24.762794 1 server/config.go:671  [T1,Vsystem,n?] 11 +scan max idle time     1s
I260828 12:09:24.762794 1 server/config.go:671  [T1,Vsystem,n?] 11 +event log enabled      true
I260828 12:09:24.762888 1 1@cli/start.go:1346  [T1,Vsystem,n?] 12  using local environment variables:
I260828 12:09:24.762888 1 1@cli/start.go:1346  [T1,Vsystem,n?] 12 +COCKROACH_CHANNEL=official-docker
I260828 12:09:24.762888 1 1@cli/start.go:1346  [T1,Vsystem,n?] 12 +COCKROACH_DATABASE=defaultdb
I260828 12:09:24.762888 1 1@cli/start.go:1346  [T1,Vsystem,n?] 12 +COCKROACH_USER=
I260828 12:09:24.762916 1 1@cli/start.go:1353  [T1,Vsystem,n?] 13  process identity: uid 0 euid 0 gid 0 egid 0
I260828 12:09:24.765570 1 1@cli/start.go:1508  [T1,Vsystem,n?] 14  GEOS loaded from directory /usr/local/lib/cockroach
I260828 12:09:24.765602 1 1@cli/start.go:785  [T1,Vsystem,n?] 15  starting cockroach node
I260828 12:09:24.765937 67 3@pebble/objstorage/objstorageprovider/remote.go:105  [n?,s?,pebble] 16  remote storage configured; no creatorID yet
I260828 12:09:24.766289 67 3@pebble/event.go:973  [n?,s?,pebble] 17  [JOB 1] MANIFEST created 000001
I260828 12:09:24.766417 67 3@pebble/event.go:1001  [n?,s?,pebble] 18  [JOB 1] WAL created 000002
I260828 12:09:24.766472 67 3@pebble/event.go:969  [n?,s?,pebble] 19  upgraded to format version: 014
I260828 12:09:24.766493 67 3@pebble/event.go:969  [n?,s?,pebble] 20  upgraded to format version: 015
I260828 12:09:24.766581 67 3@pebble/event.go:969  [n?,s?,pebble] 21  upgraded to format version: 016
I260828 12:09:24.766602 67 3@pebble/event.go:969  [n?,s?,pebble] 22  upgraded to format version: 017
I260828 12:09:24.766616 67 3@pebble/event.go:969  [n?,s?,pebble] 23  upgraded to format version: 018
I260828 12:09:24.766638 67 3@pebble/event.go:969  [n?,s?,pebble] 24  upgraded to format version: 019
I260828 12:09:24.766771 67 server/config.go:878  [T1,Vsystem,n?] 25  1 storage engine initialized
I260828 12:09:24.766800 67 server/config.go:881  [T1,Vsystem,n?] 26  Pebble cache size: 128 MiB
I260828 12:09:24.766827 67 server/config.go:881  [T1,Vsystem,n?] 27  store 0: in-memory, size 1.0 GiB
I260828 12:09:24.766841 67 server/config.go:881  [T1,Vsystem,n?] 28  store 0: : rw encrypted=false
I260828 12:09:24.766823 85 3@pebble/event.go:993  [n?,s?,pebble] 29  [JOB 2] all initial table stats loaded
I260828 12:09:24.768746 102 util/cidr/cidr.go:299  [T1,Vsystem,n?] 30  CIDR lookup updated with 0 destinations
I260828 12:09:24.770456 67 3@pebble/event.go:973  [n?,s?,pebble] 31  [JOB 1] MANIFEST created 000001
I260828 12:09:24.770570 67 3@pebble/event.go:1001  [n?,s?,pebble] 32  [JOB 1] WAL created 000002
I260828 12:09:24.770612 67 3@pebble/event.go:969  [n?,s?,pebble] 33  upgraded to format version: 014
I260828 12:09:24.770667 67 3@pebble/event.go:969  [n?,s?,pebble] 34  upgraded to format version: 015
I260828 12:09:24.770705 67 3@pebble/event.go:969  [n?,s?,pebble] 35  upgraded to format version: 016
I260828 12:09:24.770728 67 3@pebble/event.go:969  [n?,s?,pebble] 36  upgraded to format version: 017
I260828 12:09:24.770758 67 3@pebble/event.go:969  [n?,s?,pebble] 37  upgraded to format version: 018
I260828 12:09:24.770781 67 3@pebble/event.go:969  [n?,s?,pebble] 38  upgraded to format version: 019
I260828 12:09:24.770991 121 3@pebble/event.go:993  [n?,stemp,pebble] 39  [JOB 2] all initial table stats loaded
I260828 12:09:24.803970 67 1@server/clock_monotonicity.go:61  [T1,Vsystem,n?] 40  monitoring forward clock jumps based on server.clock.forward_jump_check.enabled
I260828 12:09:24.804865 67 3@pebble/objstorage/objstorageprovider/remote.go:193  [n?,s1,pebble] 41  remote storage creatorID set to 1
I260828 12:09:24.814566 67 server/init.go:224  [T1,Vsystem,n?] 42  no stores initialized
I260828 12:09:24.814642 67 server/init.go:225  [T1,Vsystem,n?] 43  awaiting `cockroach init` or join with an already initialized node
I260828 12:09:24.814681 67 server/init.go:289  [T1,Vsystem,n?] 44  cluster bafa198f-d37b-4a93-a42a-17f35516f580 has been created
I260828 12:09:24.814711 67 server/init.go:290  [T1,Vsystem,n?] 45  allocated node ID: n1 (for self)
I260828 12:09:24.814928 67 server/init.go:291  [T1,Vsystem,n?] 46  active cluster version: 25.1
W260828 12:09:24.815522 67 1@cli/start.go:1307  [T1,Vsystem,n1] 47  Running a server without --sql-addr, with a combined RPC/SQL listener, is deprecated.
W260828 12:09:24.815522 67 1@cli/start.go:1307  [T1,Vsystem,n1] 47 +This feature will be removed in a later version of CockroachDB.
I260828 12:09:24.815557 67 1@cli/start.go:1525  [T1,Vsystem,n1] 49  PID file: server_pid
I260828 12:09:24.815513 160 1@server/server.go:1778  [T1,Vsystem,n1] 48  connecting to gossip network to verify cluster ID "bafa198f-d37b-4a93-a42a-17f35516f580"
I260828 12:09:24.815752 67 1@cli/start.go:1541  [T1,Vsystem,n1] 50  listening URL file: server_fifo
W260828 12:09:24.815830 67 1@gossip/gossip.go:1460  [T1,Vsystem,n1] 51  no addresses found; use --join to specify a connected node
init node successfully started
I260828 12:09:24.817509 165 kv/kvserver/kvstorage/init.go:250  [T1,Vsystem,n1,s1] 52  beginning range descriptor iteration
I260828 12:09:24.817933 165 kv/kvserver/kvstorage/init.go:374  [T1,Vsystem,n1,s1] 53  range descriptor iteration done: 74 range descriptors, 0 intents, 0 tombstones; stats: seeked 150 times (76 internal); stepped 0 times (0 internal); blocks: 0B cached; points: 74 (1.5KB keys, 2.1KB values)
I260828 12:09:24.818613 165 kv/kvserver/kvstorage/init.go:501  [T1,Vsystem,n1,s1] 54  loaded replica ID for 74/74 replicas
I260828 12:09:24.819163 165 kv/kvserver/kvstorage/init.go:518  [T1,Vsystem,n1,s1] 55  loaded Raft state for 74/74 replicas
I260828 12:09:24.819207 165 kv/kvserver/kvstorage/init.go:545  [T1,Vsystem,n1,s1] 56  loaded 74 replicas
I260828 12:09:24.819259 165 kv/kvserver/kvstorage/init.go:576  [T1,Vsystem,n1,s1] 57  verified 74/74 replicas
I260828 12:09:24.836290 165 kv/kvserver/store.go:2360  [T1,Vsystem,n1,s1] 58  initialized 74/74 replicas
I260828 12:09:24.836625 165 server/node.go:719  [T1,Vsystem,n1] 59  initialized store s1 in 20ms (74 replicas)
I260828 12:09:24.836761 67 kv/kvserver/stores.go:261  [T1,Vsystem,n1] 60  read 0 node addresses from persistent storage
I260828 12:09:24.836930 67 server/node.go:834  [T1,Vsystem,n1] 61  started with engine type pebble
I260828 12:09:24.836970 67 server/node.go:836  [T1,Vsystem,n1] 62  started with attributes []
I260828 12:09:24.837158 160 1@server/server.go:1781  [T1,Vsystem,n1] 63  node connected via gossip
I260828 12:09:24.837914 196 2@kv/kvserver/replica_proposal.go:620  [T1,Vsystem,n1,s1,r1/1:/{Min-System/NodeL…},raft] 64  new range lease repl=(n1,s1):1 seq=1 start=0,0 exp=1787918970.836546581,0 pro=1787918964.836546581,0 acq=Request following <empty>
I260828 12:09:24.838386 67 server/goroutinedumper/goroutinedumper.go:117  [T1,Vsystem,n1] 66  writing goroutine dumps to /cockroach/cockroach-data/logs/goroutine_dump
I260828 12:09:24.838747 67 server/profiler/heapprofiler.go:72  [T1,Vsystem,n1] 67  writing go heap profiles to /cockroach/cockroach-data/logs/heap_profiler at least every 1h0m0s
I260828 12:09:24.838837 67 server/profiler/memory_monitoring_profiler.go:66  [T1,Vsystem,n1] 68  writing memory monitoring dumps to /cockroach/cockroach-data/logs/heap_profiler at least every 1h0m0s
I260828 12:09:24.838892 67 server/profiler/cgoprofiler.go:66  [T1,Vsystem,n1] 69  to enable jmalloc profiling: "export MALLOC_CONF=prof:true" or "ln -s prof:true /etc/malloc.conf"
I260828 12:09:24.838975 67 server/profiler/statsprofiler.go:68  [T1,Vsystem,n1] 70  writing memory stats to /cockroach/cockroach-data/logs/heap_profiler at last every 1h0m0s
I260828 12:09:24.839268 67 server/profiler/activequeryprofiler.go:88  [T1,Vsystem,n1] 71  writing go query profiles to /cockroach/cockroach-data/logs/heap_profiler
I260828 12:09:24.839521 67 server/profiler/cpuprofiler.go:87  [T1,Vsystem,n1] 72  writing cpu profile dumps to /cockroach/cockroach-data/logs/pprof_dump
I260828 12:09:24.840494 196 2@kv/kvserver/replica_proposal.go:637  [T1,Vsystem,n1,s1,r1/1:/{Min-System/NodeL…},raft] 73  acquired system range lease: repl=(n1,s1):1 seq=1 start=0,0 exp=1787918970.836546581,0 pro=1787918964.836546581,0 acq=Request [acquisition-type=Request]
I260828 12:09:24.838212 195 2@kv/kvserver/replica_proposal.go:637  [T1,Vsystem,n1,s1,r2/1:/System/NodeLiveness{-Max},raft] 65  acquired system range lease: repl=(n1,s1):1 seq=1 start=0,0 exp=1787918970.836852713,0 pro=1787918964.836852713,0 acq=Request [acquisition-type=Request]
I260828 12:09:24.841040 67 1@server/server.go:1979  [T1,Vsystem,n1] 74  starting http server at [::]:8080 (use: 127.0.0.1:8080)
I260828 12:09:24.841118 67 1@server/server.go:1987  [T1,Vsystem,n1] 75  starting grpc/postgres server at [::]:26257
I260828 12:09:24.841170 67 1@server/server.go:1988  [T1,Vsystem,n1] 76  advertising CockroachDB node at 127.0.0.1:26257
I260828 12:09:24.852674 216 3@pebble/event.go:1001  [n1,s1,pebble] 77  [JOB 3] WAL created 000004
I260828 12:09:24.854865 291 kv/kvclient/rangefeed/rangefeedcache/watcher.go:340  [T1,Vsystem,n1] 78  spanconfig-subscriber: established range feed cache
I260828 12:09:24.858270 225 kv/kvserver/queue.go:616  [T1,Vsystem,n1,s1,r21/1:/Table/1{8-9},raft] 79  rate limited in MaybeAdd (replicate): throttled on async limiting semaphore
I260828 12:09:24.858480 437 13@kv/kvserver/replicate_queue.go:784  [T1,Vsystem,n1,replicate,s1,r1/1:/{Min-System/NodeL…}] 80  error processing replica: 0 of 1 live stores are able to take a new replica for the range (1 already has a voter, 0 already have a non-voter); likely not enough nodes in cluster
I260828 12:09:24.859088 439 13@kv/kvserver/replicate_queue.go:784  [T1,Vsystem,n1,replicate,s1,r2/1:/System/NodeLiveness{-Max}] 81  error processing replica: 0 of 1 live stores are able to take a new replica for the range (1 already has a voter, 0 already have a non-voter); likely not enough nodes in cluster
I260828 12:09:24.859263 440 13@kv/kvserver/replicate_queue.go:784  [T1,Vsystem,n1,replicate,s1,r3/1:/System/{NodeLive…-tsd}] 82  error processing replica: 0 of 1 live stores are able to take a new replica for the range (1 already has a voter, 0 already have a non-voter); likely not enough nodes in cluster
I260828 12:09:24.863442 441 13@kv/kvserver/replicate_queue.go:784  [T1,Vsystem,n1,replicate,s1,r4/1:/System{/tsd-tse}] 83  error processing replica: 0 of 1 live stores are able to take a new replica for the range (1 already has a voter, 0 already have a non-voter); likely not enough nodes in cluster
I260828 12:09:24.864999 592 13@kv/kvserver/replicate_queue.go:784  [T1,Vsystem,n1,replicate,s1,r5/1:/{Systemtse-Table/0}] 84  error processing replica: 0 of 1 live stores are able to take a new replica for the range (1 already has a voter, 0 already have a non-voter); likely not enough nodes in cluster
I260828 12:09:24.865204 438 13@kv/kvserver/replicate_queue.go:784  [T1,Vsystem,n1,replicate,s1,r2/1:/System/NodeLiveness{-Max}] 85  error processing replica: 0 of 1 live stores are able to take a new replica for the range (1 already has a voter, 0 already have a non-voter); likely not enough nodes in cluster
I260828 12:09:24.865299 438 13@kv/kvserver/replicate_queue.go:784  [T1,Vsystem,n1,replicate,s1,r3/1:/System/{NodeLive…-tsd}] 86  error processing replica: 0 of 1 live stores are able to take a new replica for the range (1 already has a voter, 0 already have a non-voter); likely not enough nodes in cluster
I260828 12:09:24.865377 438 13@kv/kvserver/replicate_queue.go:784  [T1,Vsystem,n1,replicate,s1,r4/1:/System{/tsd-tse}] 87  error processing replica: 0 of 1 live stores are able to take a new replica for the range (1 already has a voter, 0 already have a non-voter); likely not enough nodes in cluster
I260828 12:09:24.865454 438 13@kv/kvserver/replicate_queue.go:784  [T1,Vsystem,n1,replicate,s1,r5/1:/{Systemtse-Table/0}] 88  error processing replica: 0 of 1 live stores are able to take a new replica for the range (1 already has a voter, 0 already have a non-voter); likely not enough nodes in cluster
I260828 12:09:24.865561 438 13@kv/kvserver/replicate_queue.go:784  [T1,Vsystem,n1,replicate,s1,r1/1:/{Min-System/NodeL…}] 89  error processing replica: 0 of 1 live stores are able to take a new replica for the range (1 already has a voter, 0 already have a non-voter); likely not enough nodes in cluster
I260828 12:09:24.866408 615 13@kv/kvserver/replicate_queue.go:784  [T1,Vsystem,n1,replicate,s1,r6/1:/Table/{0-3}] 90  error processing replica: 0 of 1 live stores are able to take a new replica for the range (1 already has a voter, 0 already have a non-voter); likely not enough nodes in cluster
I260828 12:09:24.867550 636 13@kv/kvserver/replicate_queue.go:784  [T1,Vsystem,n1,replicate,s1,r7/1:/Table/{3-4}] 91  error processing replica: 0 of 1 live stores are able to take a new replica for the range (1 already has a voter, 0 already have a non-voter); likely not enough nodes in cluster
I260828 12:09:24.868200 622 13@kv/kvserver/replicate_queue.go:784  [T1,Vsystem,n1,replicate,s1,r17/1:/Table/1{4-5}] 92  error processing replica: 0 of 1 live stores are able to take a new replica for the range (1 already has a voter, 0 already have a non-voter); likely not enough nodes in cluster
I260828 12:09:24.870991 658 13@kv/kvserver/replicate_queue.go:784  [T1,Vsystem,n1,replicate,s1,r18/1:/Table/1{5-6}] 93  error processing replica: 0 of 1 live stores are able to take a new replica for the range (1 already has a voter, 0 already have a non-voter); likely not enough nodes in cluster
I260828 12:09:24.872090 659 13@kv/kvserver/replicate_queue.go:784  [T1,Vsystem,n1,replicate,s1,r19/1:/Table/1{6-7}] 94  error processing replica: 0 of 1 live stores are able to take a new replica for the range (1 already has a voter, 0 already have a non-voter); likely not enough nodes in cluster
I260828 12:09:24.872370 201 3@pebble/event.go:1001  [n1,s1,pebble] 95  [JOB 4] WAL created 000005
I260828 12:09:24.874087 666 13@kv/kvserver/replicate_queue.go:784  [T1,Vsystem,n1,replicate,s1,r8/1:/Table/{4-5}] 96  error processing replica: 0 of 1 live stores are able to take a new replica for the range (1 already has a voter, 0 already have a non-voter); likely not enough nodes in cluster
I260828 12:09:24.874766 676 13@kv/kvserver/replicate_queue.go:784  [T1,Vsystem,n1,replicate,s1,r9/1:/Table/{5-6}] 97  error processing replica: 0 of 1 live stores are able to take a new replica for the range (1 already has a voter, 0 already have a non-voter); likely not enough nodes in cluster
I260828 12:09:24.875307 692 13@kv/kvserver/replicate_queue.go:784  [T1,Vsystem,n1,replicate,s1,r10/1:/Table/{6-7}] 98  error processing replica: 0 of 1 live stores are able to take a new replica for the range (1 already has a voter, 0 already have a non-voter); likely not enough nodes in cluster
I260828 12:09:24.876436 696 13@kv/kvserver/replicate_queue.go:784  [T1,Vsystem,n1,replicate,s1,r20/1:/Table/1{7-8}] 99  error processing replica: 0 of 1 live stores are able to take a new replica for the range (1 already has a voter, 0 already have a non-voter); likely not enough nodes in cluster
I260828 12:09:24.876748 709 13@kv/kvserver/replicate_queue.go:784  [T1,Vsystem,n1,replicate,s1,r11/1:/Table/{7-8}] 100  error processing replica: 0 of 1 live stores are able to take a new replica for the range (1 already has a voter, 0 already have a non-voter); likely not enough nodes in cluster
I260828 12:09:24.877623 710 13@kv/kvserver/replicate_queue.go:784  [T1,Vsystem,n1,replicate,s1,r12/1:/Table/{8-9}] 101  error processing replica: 0 of 1 live stores are able to take a new replica for the range (1 already has a voter, 0 already have a non-voter); likely not enough nodes in cluster
I260828 12:09:24.878666 199 3@pebble/event.go:1001  [n1,s1,pebble] 102  [JOB 5] WAL created 000006
I260828 12:09:24.878887 714 13@kv/kvserver/replicate_queue.go:784  [T1,Vsystem,n1,replicate,s1,r13/1:/Table/{9-11}] 103  error processing replica: 0 of 1 live stores are able to take a new replica for the range (1 already has a voter, 0 already have a non-voter); likely not enough nodes in cluster
I260828 12:09:24.879209 718 13@kv/kvserver/replicate_queue.go:784  [T1,Vsystem,n1,replicate,s1,r21/1:/Table/1{8-9}] 104  error processing replica: 0 of 1 live stores are able to take a new replica for the range (1 already has a voter, 0 already have a non-voter); likely not enough nodes in cluster
I260828 12:09:24.880716 719 13@kv/kvserver/replicate_queue.go:784  [T1,Vsystem,n1,replicate,s1,r22/1:/Table/{19-20}] 105  error processing replica: 0 of 1 live stores are able to take a new replica for the range (1 already has a voter, 0 already have a non-voter); likely not enough nodes in cluster
I260828 12:09:24.880928 720 13@kv/kvserver/replicate_queue.go:784  [T1,Vsystem,n1,replicate,s1,r23/1:/Table/2{0-1}] 106  error processing replica: 0 of 1 live stores are able to take a new replica for the range (1 already has a voter, 0 already have a non-voter); likely not enough nodes in cluster
I260828 12:09:24.881095 721 13@kv/kvserver/replicate_queue.go:784  [T1,Vsystem,n1,replicate,s1,r24/1:/Table/2{1-2}] 107  error processing replica: 0 of 1 live stores are able to take a new replica for the range (1 already has a voter, 0 already have a non-voter); likely not enough nodes in cluster
I260828 12:09:24.881350 738 13@kv/kvserver/replicate_queue.go:784  [T1,Vsystem,n1,replicate,s1,r25/1:/Table/2{2-3}] 108  error processing replica: 0 of 1 live stores are able to take a new replica for the range (1 already has a voter, 0 already have a non-voter); likely not enough nodes in cluster
I260828 12:09:24.881765 739 13@kv/kvserver/replicate_queue.go:784  [T1,Vsystem,n1,replicate,s1,r26/1:/Table/2{3-4}] 109  error processing replica: 0 of 1 live stores are able to take a new replica for the range (1 already has a voter, 0 already have a non-voter); likely not enough nodes in cluster
I260828 12:09:24.882064 740 13@kv/kvserver/replicate_queue.go:784  [T1,Vsystem,n1,replicate,s1,r27/1:/Table/2{4-5}] 110  error processing replica: 0 of 1 live stores are able to take a new replica for the range (1 already has a voter, 0 already have a non-voter); likely not enough nodes in cluster
I260828 12:09:24.882295 741 13@kv/kvserver/replicate_queue.go:784  [T1,Vsystem,n1,replicate,s1,r30/1:/Table/2{7-8}] 111  error processing replica: 0 of 1 live stores are able to take a new replica for the range (1 already has a voter, 0 already have a non-voter); likely not enough nodes in cluster
I260828 12:09:24.883041 742 13@kv/kvserver/replicate_queue.go:784  [T1,Vsystem,n1,replicate,s1,r34/1:/{NamespaceTab…-Table/32}] 112  error processing replica: 0 of 1 live stores are able to take a new replica for the range (1 already has a voter, 0 already have a non-voter); likely not enough nodes in cluster
I260828 12:09:24.886774 743 13@kv/kvserver/replicate_queue.go:784  [T1,Vsystem,n1,replicate,s1,r38/1:/Table/3{5-6}] 113  error processing replica: 0 of 1 live stores are able to take a new replica for the range (1 already has a voter, 0 already have a non-voter); likely not enough nodes in cluster
I260828 12:09:24.888892 755 13@kv/kvserver/replicate_queue.go:784  [T1,Vsystem,n1,replicate,s1,r39/1:/Table/3{6-7}] 114  error processing replica: 0 of 1 live stores are able to take a new replica for the range (1 already has a voter, 0 already have a non-voter); likely not enough nodes in cluster
I260828 12:09:24.889693 762 13@kv/kvserver/replicate_queue.go:784  [T1,Vsystem,n1,replicate,s1,r40/1:/Table/3{7-8}] 115  error processing replica: 0 of 1 live stores are able to take a new replica for the range (1 already has a voter, 0 already have a non-voter); likely not enough nodes in cluster
I260828 12:09:24.890577 767 13@kv/kvserver/replicate_queue.go:784  [T1,Vsystem,n1,replicate,s1,r41/1:/Table/3{8-9}] 116  error processing replica: 0 of 1 live stores are able to take a new replica for the range (1 already has a voter, 0 already have a non-voter); likely not enough nodes in cluster
I260828 12:09:24.893591 673 13@kv/kvserver/replicate_queue.go:784  [T1,Vsystem,n1,replicate,s1,r42/1:/Table/{39-40}] 117  error processing replica: 0 of 1 live stores are able to take a new replica for the range (1 already has a voter, 0 already have a non-voter); likely not enough nodes in cluster
I260828 12:09:24.893831 775 13@kv/kvserver/replicate_queue.go:784  [T1,Vsystem,n1,replicate,s1,r43/1:/Table/4{0-1}] 118  error processing replica: 0 of 1 live stores are able to take a new replica for the range (1 already has a voter, 0 already have a non-voter); likely not enough nodes in cluster
I260828 12:09:24.894057 776 13@kv/kvserver/replicate_queue.go:784  [T1,Vsystem,n1,replicate,s1,r44/1:/Table/4{1-2}] 119  error processing replica: 0 of 1 live stores are able to take a new replica for the range (1 already has a voter, 0 already have a non-voter); likely not enough nodes in cluster
I260828 12:09:24.894524 777 13@kv/kvserver/replicate_queue.go:784  [T1,Vsystem,n1,replicate,s1,r45/1:/Table/4{2-3}] 120  error processing replica: 0 of 1 live stores are able to take a new replica for the range (1 already has a voter, 0 already have a non-voter); likely not enough nodes in cluster
I260828 12:09:24.895380 778 13@kv/kvserver/replicate_queue.go:784  [T1,Vsystem,n1,replicate,s1,r14/1:/Table/1{1-2}] 121  error processing replica: 0 of 1 live stores are able to take a new replica for the range (1 already has a voter, 0 already have a non-voter); likely not enough nodes in cluster
I260828 12:09:24.895610 821 13@kv/kvserver/replicate_queue.go:784  [T1,Vsystem,n1,replicate,s1,r46/1:/Table/4{3-4}] 122  error processing replica: 0 of 1 live stores are able to take a new replica for the range (1 already has a voter, 0 already have a non-voter); likely not enough nodes in cluster
I260828 12:09:24.896292 822 13@kv/kvserver/replicate_queue.go:784  [T1,Vsystem,n1,replicate,s1,r15/1:/Table/1{2-3}] 123  error processing replica: 0 of 1 live stores are able to take a new replica for the range (1 already has a voter, 0 already have a non-voter); likely not enough nodes in cluster
I260828 12:09:24.897369 835 13@kv/kvserver/replicate_queue.go:784  [T1,Vsystem,n1,replicate,s1,r16/1:/Table/1{3-4}] 124  error processing replica: 0 of 1 live stores are able to take a new replica for the range (1 already has a voter, 0 already have a non-voter); likely not enough nodes in cluster
I260828 12:09:24.897678 851 13@kv/kvserver/replicate_queue.go:784  [T1,Vsystem,n1,replicate,s1,r28/1:/Table/2{5-6}] 125  error processing replica: 0 of 1 live stores are able to take a new replica for the range (1 already has a voter, 0 already have a non-voter); likely not enough nodes in cluster
I260828 12:09:24.897975 852 13@kv/kvserver/replicate_queue.go:784  [T1,Vsystem,n1,replicate,s1,r29/1:/Table/2{6-7}] 126  error processing replica: 0 of 1 live stores are able to take a new replica for the range (1 already has a voter, 0 already have a non-voter); likely not enough nodes in cluster
I260828 12:09:24.898286 853 13@kv/kvserver/replicate_queue.go:784  [T1,Vsystem,n1,replicate,s1,r31/1:/Table/2{8-9}] 127  error processing replica: 0 of 1 live stores are able to take a new replica for the range (1 already has a voter, 0 already have a non-voter); likely not enough nodes in cluster
I260828 12:09:24.899130 854 13@kv/kvserver/replicate_queue.go:784  [T1,Vsystem,n1,replicate,s1,r32/1:/{Table/29-NamespaceTab…}] 128  error processing replica: 0 of 1 live stores are able to take a new replica for the range (1 already has a voter, 0 already have a non-voter); likely not enough nodes in cluster
I260828 12:09:24.899660 869 13@kv/kvserver/replicate_queue.go:784  [T1,Vsystem,n1,replicate,s1,r33/1:/NamespaceTable/{30-Max}] 129  error processing replica: 0 of 1 live stores are able to take a new replica for the range (1 already has a voter, 0 already have a non-voter); likely not enough nodes in cluster
I260828 12:09:24.899862 870 13@kv/kvserver/replicate_queue.go:784  [T1,Vsystem,n1,replicate,s1,r35/1:/Table/3{2-3}] 130  error processing replica: 0 of 1 live stores are able to take a new replica for the range (1 already has a voter, 0 already have a non-voter); likely not enough nodes in cluster
I260828 12:09:24.900107 871 13@kv/kvserver/replicate_queue.go:784  [T1,Vsystem,n1,replicate,s1,r47/1:/Table/4{4-5}] 131  error processing replica: 0 of 1 live stores are able to take a new replica for the range (1 already has a voter, 0 already have a non-voter); likely not enough nodes in cluster
I260828 12:09:24.900276 863 13@kv/kvserver/replicate_queue.go:784  [T1,Vsystem,n1,replicate,s1,r36/1:/Table/3{3-4}] 132  error processing replica: 0 of 1 live stores are able to take a new replica for the range (1 already has a voter, 0 already have a non-voter); likely not enough nodes in cluster
I260828 12:09:24.900506 864 13@kv/kvserver/replicate_queue.go:784  [T1,Vsystem,n1,replicate,s1,r48/1:/Table/4{5-6}] 133  error processing replica: 0 of 1 live stores are able to take a new replica for the range (1 already has a voter, 0 already have a non-voter); likely not enough nodes in cluster
I260828 12:09:24.900756 865 13@kv/kvserver/replicate_queue.go:784  [T1,Vsystem,n1,replicate,s1,r37/1:/Table/3{4-5}] 134  error processing replica: 0 of 1 live stores are able to take a new replica for the range (1 already has a voter, 0 already have a non-voter); likely not enough nodes in cluster
I260828 12:09:24.900900 882 13@kv/kvserver/replicate_queue.go:784  [T1,Vsystem,n1,replicate,s1,r55/1:/Table/5{3-4}] 135  error processing replica: 0 of 1 live stores are able to take a new replica for the range (1 already has a voter, 0 already have a non-voter); likely not enough nodes in cluster
I260828 12:09:24.901055 883 13@kv/kvserver/replicate_queue.go:784  [T1,Vsystem,n1,replicate,s1,r49/1:/Table/4{6-7}] 136  error processing replica: 0 of 1 live stores are able to take a new replica for the range (1 already has a voter, 0 already have a non-voter); likely not enough nodes in cluster
I260828 12:09:24.901202 884 13@kv/kvserver/replicate_queue.go:784  [T1,Vsystem,n1,replicate,s1,r57/1:/Table/5{5-6}] 137  error processing replica: 0 of 1 live stores are able to take a new replica for the range (1 already has a voter, 0 already have a non-voter); likely not enough nodes in cluster
I260828 12:09:24.901353 885 13@kv/kvserver/replicate_queue.go:784  [T1,Vsystem,n1,replicate,s1,r50/1:/Table/4{7-8}] 138  error processing replica: 0 of 1 live stores are able to take a new replica for the range (1 already has a voter, 0 already have a non-voter); likely not enough nodes in cluster
I260828 12:09:24.901529 886 13@kv/kvserver/replicate_queue.go:784  [T1,Vsystem,n1,replicate,s1,r58/1:/Table/5{6-7}] 139  error processing replica: 0 of 1 live stores are able to take a new replica for the range (1 already has a voter, 0 already have a non-voter); likely not enough nodes in cluster
I260828 12:09:24.901692 887 13@kv/kvserver/replicate_queue.go:784  [T1,Vsystem,n1,replicate,s1,r51/1:/Table/{48-50}] 140  error processing replica: 0 of 1 live stores are able to take a new replica for the range (1 already has a voter, 0 already have a non-voter); likely not enough nodes in cluster
I260828 12:09:24.902457 888 13@kv/kvserver/replicate_queue.go:784  [T1,Vsystem,n1,replicate,s1,r59/1:/Table/5{7-8}] 141  error processing replica: 0 of 1 live stores are able to take a new replica for the range (1 already has a voter, 0 already have a non-voter); likely not enough nodes in cluster
I260828 12:09:24.903006 902 13@kv/kvserver/replicate_queue.go:784  [T1,Vsystem,n1,replicate,s1,r74/1:/{Table/72-Max}] 142  error processing replica: 0 of 1 live stores are able to take a new replica for the range (1 already has a voter, 0 already have a non-voter); likely not enough nodes in cluster
I260828 12:09:24.903174 876 13@kv/kvserver/replicate_queue.go:784  [T1,Vsystem,n1,replicate,s1,r60/1:/Table/5{8-9}] 143  error processing replica: 0 of 1 live stores are able to take a new replica for the range (1 already has a voter, 0 already have a non-voter); likely not enough nodes in cluster
I260828 12:09:24.903341 877 13@kv/kvserver/replicate_queue.go:784  [T1,Vsystem,n1,replicate,s1,r52/1:/Table/5{0-1}] 144  error processing replica: 0 of 1 live stores are able to take a new replica for the range (1 already has a voter, 0 already have a non-voter); likely not enough nodes in cluster
I260828 12:09:24.903528 878 13@kv/kvserver/replicate_queue.go:784  [T1,Vsystem,n1,replicate,s1,r61/1:/Table/{59-60}] 145  error processing replica: 0 of 1 live stores are able to take a new replica for the range (1 already has a voter, 0 already have a non-voter); likely not enough nodes in cluster
I260828 12:09:24.904542 879 13@kv/kvserver/replicate_queue.go:784  [T1,Vsystem,n1,replicate,s1,r53/1:/Table/5{1-2}] 146  error processing replica: 0 of 1 live stores are able to take a new replica for the range (1 already has a voter, 0 already have a non-voter); likely not enough nodes in cluster
I260828 12:09:24.904837 880 13@kv/kvserver/replicate_queue.go:784  [T1,Vsystem,n1,replicate,s1,r62/1:/Table/6{0-1}] 147  error processing replica: 0 of 1 live stores are able to take a new replica for the range (1 already has a voter, 0 already have a non-voter); likely not enough nodes in cluster
I260828 12:09:24.905152 881 13@kv/kvserver/replicate_queue.go:784  [T1,Vsystem,n1,replicate,s1,r63/1:/Table/6{1-2}] 148  error processing replica: 0 of 1 live stores are able to take a new replica for the range (1 already has a voter, 0 already have a non-voter); likely not enough nodes in cluster
I260828 12:09:24.905412 930 13@kv/kvserver/replicate_queue.go:784  [T1,Vsystem,n1,replicate,s1,r54/1:/Table/5{2-3}] 149  error processing replica: 0 of 1 live stores are able to take a new replica for the range (1 already has a voter, 0 already have a non-voter); likely not enough nodes in cluster
I260828 12:09:24.905728 931 13@kv/kvserver/replicate_queue.go:784  [T1,Vsystem,n1,replicate,s1,r64/1:/Table/6{2-3}] 150  error processing replica: 0 of 1 live stores are able to take a new replica for the range (1 already has a voter, 0 already have a non-voter); likely not enough nodes in cluster
I260828 12:09:24.906039 932 13@kv/kvserver/replicate_queue.go:784  [T1,Vsystem,n1,replicate,s1,r56/1:/Table/5{4-5}] 151  error processing replica: 0 of 1 live stores are able to take a new replica for the range (1 already has a voter, 0 already have a non-voter); likely not enough nodes in cluster
I260828 12:09:24.906322 933 13@kv/kvserver/replicate_queue.go:784  [T1,Vsystem,n1,replicate,s1,r65/1:/Table/6{3-4}] 152  error processing replica: 0 of 1 live stores are able to take a new replica for the range (1 already has a voter, 0 already have a non-voter); likely not enough nodes in cluster
I260828 12:09:24.906812 909 kv/kvserver/replica_rangefeed.go:880  [T1,Vsystem,n1,rangefeed=spanconfig-subscriber,mux_n=1,gen=2,r50/1:/Table/4{7-8},sm=1,sid=1,s1] 153  RangeFeed closed timestamp is empty
I260828 12:09:24.906993 934 13@kv/kvserver/replicate_queue.go:784  [T1,Vsystem,n1,replicate,s1,r69/1:/Table/6{7-8}] 154  error processing replica: 0 of 1 live stores are able to take a new replica for the range (1 already has a voter, 0 already have a non-voter); likely not enough nodes in cluster
I260828 12:09:24.907344 935 13@kv/kvserver/replicate_queue.go:784  [T1,Vsystem,n1,replicate,s1,r70/1:/Table/6{8-9}] 155  error processing replica: 0 of 1 live stores are able to take a new replica for the range (1 already has a voter, 0 already have a non-voter); likely not enough nodes in cluster
I260828 12:09:24.907546 936 13@kv/kvserver/replicate_queue.go:784  [T1,Vsystem,n1,replicate,s1,r71/1:/Table/{69-70}] 156  error processing replica: 0 of 1 live stores are able to take a new replica for the range (1 already has a voter, 0 already have a non-voter); likely not enough nodes in cluster
I260828 12:09:24.907717 937 13@kv/kvserver/replicate_queue.go:784  [T1,Vsystem,n1,replicate,s1,r73/1:/Table/7{1-2}] 157  error processing replica: 0 of 1 live stores are able to take a new replica for the range (1 already has a voter, 0 already have a non-voter); likely not enough nodes in cluster
I260828 12:09:24.907876 938 13@kv/kvserver/replicate_queue.go:784  [T1,Vsystem,n1,replicate,s1,r68/1:/Table/6{6-7}] 158  error processing replica: 0 of 1 live stores are able to take a new replica for the range (1 already has a voter, 0 already have a non-voter); likely not enough nodes in cluster
I260828 12:09:24.908110 939 13@kv/kvserver/replicate_queue.go:784  [T1,Vsystem,n1,replicate,s1,r72/1:/Table/7{0-1}] 159  error processing replica: 0 of 1 live stores are able to take a new replica for the range (1 already has a voter, 0 already have a non-voter); likely not enough nodes in cluster
I260828 12:09:24.908281 940 13@kv/kvserver/replicate_queue.go:784  [T1,Vsystem,n1,replicate,s1,r66/1:/Table/6{4-5}] 160  error processing replica: 0 of 1 live stores are able to take a new replica for the range (1 already has a voter, 0 already have a non-voter); likely not enough nodes in cluster
I260828 12:09:24.908608 941 13@kv/kvserver/replicate_queue.go:784  [T1,Vsystem,n1,replicate,s1,r67/1:/Table/6{5-6}] 161  error processing replica: 0 of 1 live stores are able to take a new replica for the range (1 already has a voter, 0 already have a non-voter); likely not enough nodes in cluster
I260828 12:09:24.913156 67 1@util/log/event_log.go:39  [T1,Vsystem,n1] 162 ={"Timestamp":1787918964913153864,"EventType":"node_join","NodeID":1,"StartedAt":1787918964815877478,"LastUp":1787918964815877478}
I260828 12:09:24.913433 293 kv/kvclient/rangefeed/rangefeedcache/watcher.go:340  [T1,Vsystem,n1] 163  settings-watcher: established range feed cache
I260828 12:09:24.914941 67 sql/sqlliveness/slinstance/slinstance.go:441  [T1,Vsystem,n1] 164  starting SQL liveness instance
I260828 12:09:24.916224 301 sql/sqlliveness/slstorage/slstorage.go:539  [T1,Vsystem,n1] 165  inserted sqlliveness session 0101803d6579acbf7a4aecb98c9d3035f296c2 with expiry 1787919004.914991217,0
I260828 12:09:24.916270 301 sql/sqlliveness/slinstance/slinstance.go:253  [T1,Vsystem,n1] 166  created new SQL liveness session 0101803d6579acbf7a4aecb98c9d3035f296c2
I260828 12:09:24.916362 67 sql/sqlinstance/instancestorage/instancestorage.go:338  [T1,Vsystem,n1] 167  assigning instance id to rpc addr 127.0.0.1:26257 and sql addr 127.0.0.1:26257
I260828 12:09:24.916752 67 server/server_sql.go:1609  [T1,Vsystem,n1] 168  bound sqlinstance: Instance{RegionPrefix: gA==, InstanceID: 1, SQLAddr: 127.0.0.1:26257, RPCAddr: 127.0.0.1:26257, SessionID: 0101803d6579acbf7a4aecb98c9d3035f296c2, Locality: , BinaryVersion: 25.1}
I260828 12:09:24.916992 67 upgrade/upgrademanager/manager.go:171  [T1,Vsystem,n1] 169  running permanent upgrades up to version: 25.1
I260828 12:09:24.917715 979 sql/sqlstats/persistedsqlstats/provider.go:163  [T1,Vsystem,n1] 170  starting sql-stats-worker with initial delay: 8m54.387868057s
I260828 12:09:24.922795 992 kv/kvclient/rangefeed/rangefeedcache/watcher.go:340  [T1,Vsystem,n1] 171  system-config-cache: established range feed cache
I260828 12:09:24.939206 944 sql/temporary_schema.go:506  [T1,Vsystem,n1] 172  running temporary object cleanup background job
I260828 12:09:24.950672 944 sql/temporary_schema.go:556  [T1,Vsystem,n1] 173  found 0 temporary schemas
I260828 12:09:24.953535 944 sql/temporary_schema.go:559  [T1,Vsystem,n1] 174  early exiting temporary schema cleaner as no temporary schemas were found
I260828 12:09:24.953613 944 sql/temporary_schema.go:560  [T1,Vsystem,n1] 175  completed temporary object cleanup job
I260828 12:09:24.953673 944 sql/temporary_schema.go:641  [T1,Vsystem,n1] 176  temporary object cleaner next scheduled to run at 2026-08-28 12:39:24.917669261 +0000 UTC m=+1800.313048627
I260828 12:09:24.962021 67 upgrade/upgrademanager/manager.go:239  [T1,Vsystem,n1] 177  the last permanent upgrade (v0.0-upgrading-step-004) does not appear to have completed; attempting to run all upgrades
I260828 12:09:24.962119 67 upgrade/upgrademanager/manager.go:245  [T1,Vsystem,n1] 178  running permanent upgrade for version 0.0-upgrading-step-002
I260828 12:09:24.985023 991 spanconfig/spanconfigmanager/manager.go:136  [T1,Vsystem,n1] 179  started auto span config reconciliation job
I260828 12:09:24.985166 1260 jobs/adopt.go:224  [T1,Vsystem,n1,job=1205366177534312449] 180  job 1205366177534312449: resuming execution
I260828 12:09:24.989307 67 upgrade/upgrademanager/manager.go:723  [T1,Vsystem,n1] 181  running intitialize the system cluster
I260828 12:09:24.989448 1265 jobs/adopt.go:224  [T1,Vsystem,n1,job=1205366177668104193] 182  job 1205366177668104193: resuming execution
I260828 12:09:24.996997 1217 jobs/registry.go:1679  [T1,Vsystem,n1,job=1205366177534312449] 183  AUTO SPAN CONFIG RECONCILIATION job 1205366177534312449: stepping through state running
I260828 12:09:24.997736 1248 jobs/registry.go:1679  [T1,Vsystem,n1,job=1205366177668104193] 184  MIGRATION job 1205366177668104193: stepping through state running
I260828 12:09:25.014776 1248 1@jobs/structured_log.go:48  [T1,Vsystem,n1,job=1205366177668104193] 185 ={"Timestamp":1787918965014773542,"EventType":"status_change","JobID":1205366177668104193,"JobType":"MIGRATION","Description":"status changed to: running","PreviousStatus":"running","NewStatus":"running","RunNum":0}
I260828 12:09:25.016207 1248 upgrade/upgrades/permanent_upgrades.go:45  [T1,Vsystem,n1,job=MIGRATION id=1205366177668104193,upgrade=0.0-upgrading-step-002] 186  executing system bootstrap step "initialize cluster version"
I260828 12:09:25.020455 1248 upgrade/upgrades/permanent_upgrades.go:45  [T1,Vsystem,n1,job=MIGRATION id=1205366177668104193,upgrade=0.0-upgrading-step-002] 187  executing system bootstrap step "configure key visualizer"
I260828 12:09:25.020877 1217 1@jobs/structured_log.go:48  [T1,Vsystem,n1,job=1205366177534312449] 188 ={"Timestamp":1787918965020875353,"EventType":"status_change","JobID":1205366177534312449,"JobType":"AUTO SPAN CONFIG RECONCILIATION","Description":"status changed to: running","PreviousStatus":"running","NewStatus":"running","RunNum":0}
I260828 12:09:25.031708 1380 1@util/log/event_log.go:39  [T1,Vsystem,n1,job=MIGRATION id=1205366177668104193,upgrade=0.0-upgrading-step-002,intExec=set-SpanStatsTenantBoundariesTable-TTL] 189 ={"Timestamp":1787918965027548434,"EventType":"set_zone_config","Statement":"ALTER TABLE \"\".system.span_stats_tenant_boundaries CONFIGURE ZONE USING \"gc.ttlseconds\" = $1","Tag":"CONFIGURE ZONE","User":"node","DescriptorID":58,"ApplicationName":"$ internal-set-SpanStatsTenantBoundariesTable-TTL","PlaceholderValues":["3600"],"Target":"TABLE system.public.span_stats_tenant_boundaries","Options":["\"gc.ttlseconds\" = 3600"],"ResolvedOldConfig":"range_min_bytes:134217728 range_max_bytes:536870912 gc:<ttl_seconds:14400 > num_replicas:5 inherited_constraints:false null_voter_constraints_is_empty:true inherited_lease_preferences:false "}
I260828 12:09:25.044281 1248 upgrade/upgrades/permanent_upgrades.go:45  [T1,Vsystem,n1,job=MIGRATION id=1205366177668104193,upgrade=0.0-upgrading-step-002] 190  executing system bootstrap step "configure sql activity table TTLs"
I260828 12:09:25.050816 1392 1@util/log/event_log.go:39  [T1,Vsystem,n1,job=MIGRATION id=1205366177668104193,upgrade=0.0-upgrading-step-002,intExec=set-SQLStatsTables-TTL] 191 ={"Timestamp":1787918965045285006,"EventType":"set_zone_config","Statement":"ALTER TABLE \"\".system.statement_statistics CONFIGURE ZONE USING \"gc.ttlseconds\" = $1","Tag":"CONFIGURE ZONE","User":"node","DescriptorID":42,"ApplicationName":"$ internal-set-SQLStatsTables-TTL","PlaceholderValues":["3600"],"Target":"TABLE system.public.statement_statistics","Options":["\"gc.ttlseconds\" = 3600"],"ResolvedOldConfig":"range_min_bytes:134217728 range_max_bytes:536870912 gc:<ttl_seconds:14400 > num_replicas:5 inherited_constraints:false null_voter_constraints_is_empty:true inherited_lease_preferences:false "}
I260828 12:09:25.057188 1400 1@util/log/event_log.go:39  [T1,Vsystem,n1,job=MIGRATION id=1205366177668104193,upgrade=0.0-upgrading-step-002,intExec=set-SQLStatsTables-TTL] 192 ={"Timestamp":1787918965053005382,"EventType":"set_zone_config","Statement":"ALTER TABLE \"\".system.transaction_statistics CONFIGURE ZONE USING \"gc.ttlseconds\" = $1","Tag":"CONFIGURE ZONE","User":"node","DescriptorID":43,"ApplicationName":"$ internal-set-SQLStatsTables-TTL","PlaceholderValues":["3600"],"Target":"TABLE system.public.transaction_statistics","Options":["\"gc.ttlseconds\" = 3600"],"ResolvedOldConfig":"range_min_bytes:134217728 range_max_bytes:536870912 gc:<ttl_seconds:14400 > num_replicas:5 inherited_constraints:false null_voter_constraints_is_empty:true inherited_lease_preferences:false "}
I260828 12:09:25.064134 1408 1@util/log/event_log.go:39  [T1,Vsystem,n1,job=MIGRATION id=1205366177668104193,upgrade=0.0-upgrading-step-002,intExec=set-SQLStatsTables-TTL] 193 ={"Timestamp":1787918965060114225,"EventType":"set_zone_config","Statement":"ALTER TABLE \"\".system.statement_activity CONFIGURE ZONE USING \"gc.ttlseconds\" = $1","Tag":"CONFIGURE ZONE","User":"node","DescriptorID":61,"ApplicationName":"$ internal-set-SQLStatsTables-TTL","PlaceholderValues":["3600"],"Target":"TABLE system.public.statement_activity","Options":["\"gc.ttlseconds\" = 3600"],"ResolvedOldConfig":"range_min_bytes:134217728 range_max_bytes:536870912 gc:<ttl_seconds:14400 > num_replicas:5 inherited_constraints:false null_voter_constraints_is_empty:true inherited_lease_preferences:false "}
I260828 12:09:25.067412 1217 13@spanconfig/spanconfigstore/store.go:364  [T1,Vsystem,n1,job=AUTO SPAN CONFIG RECONCILIATION id=1205366177534312449] 194  changing the spanconfig for span:/Table/1{6-7} from:{RangeMinBytes:134217728 RangeMaxBytes:536870912 GCPolicy:{TTLSeconds:14400 ProtectionPolicies:[] IgnoreStrictEnforcement:false} GlobalReads:false NumReplicas:5 NumVoters:0 Constraints:[] VoterConstraints:[] LeasePreferences:[] RangefeedEnabled:false ExcludeDataFromBackup:false} to:{RangeMinBytes:0 RangeMaxBytes:0 GCPolicy:{TTLSeconds:0 ProtectionPolicies:[] IgnoreStrictEnforcement:false} GlobalReads:false NumReplicas:0 NumVoters:0 Constraints:[] VoterConstraints:[] LeasePreferences:[] RangefeedEnabled:false ExcludeDataFromBackup:false}
I260828 12:09:25.067904 1217 13@spanconfig/spanconfigstore/store.go:364  [T1,Vsystem,n1,job=AUTO SPAN CONFIG RECONCILIATION id=1205366177534312449] 195  changing the spanconfig for span:/Table/1{7-8} from:{RangeMinBytes:134217728 RangeMaxBytes:536870912 GCPolicy:{TTLSeconds:14400 ProtectionPolicies:[] IgnoreStrictEnforcement:false} GlobalReads:false NumReplicas:5 NumVoters:0 Constraints:[] VoterConstraints:[] LeasePreferences:[] RangefeedEnabled:false ExcludeDataFromBackup:false} to:{RangeMinBytes:0 RangeMaxBytes:0 GCPolicy:{TTLSeconds:0 ProtectionPolicies:[] IgnoreStrictEnforcement:false} GlobalReads:false NumReplicas:0 NumVoters:0 Constraints:[] VoterConstraints:[] LeasePreferences:[] RangefeedEnabled:false ExcludeDataFromBackup:false}
I260828 12:09:25.068159 1217 13@spanconfig/spanconfigstore/store.go:364  [T1,Vsystem,n1,job=AUTO SPAN CONFIG RECONCILIATION id=1205366177534312449] 196  changing the spanconfig for span:/Table/1{8-9} from:{RangeMinBytes:134217728 RangeMaxBytes:536870912 GCPolicy:{TTLSeconds:14400 ProtectionPolicies:[] IgnoreStrictEnforcement:false} GlobalReads:false NumReplicas:5 NumVoters:0 Constraints:[] VoterConstraints:[] LeasePreferences:[] RangefeedEnabled:false ExcludeDataFromBackup:false} to:{RangeMinBytes:0 RangeMaxBytes:0 GCPolicy:{TTLSeconds:0 ProtectionPolicies:[] IgnoreStrictEnforcement:false} GlobalReads:false NumReplicas:0 NumVoters:0 Constraints:[] VoterConstraints:[] LeasePreferences:[] RangefeedEnabled:false ExcludeDataFromBackup:false}
I260828 12:09:25.068410 1217 13@spanconfig/spanconfigstore/store.go:364  [T1,Vsystem,n1,job=AUTO SPAN CONFIG RECONCILIATION id=1205366177534312449] 197  changing the spanconfig for span:/Table/2{2-3} from:{RangeMinBytes:134217728 RangeMaxBytes:536870912 GCPolicy:{TTLSeconds:14400 ProtectionPolicies:[] IgnoreStrictEnforcement:false} GlobalReads:false NumReplicas:5 NumVoters:0 Constraints:[] VoterConstraints:[] LeasePreferences:[] RangefeedEnabled:false ExcludeDataFromBackup:false} to:{RangeMinBytes:0 RangeMaxBytes:0 GCPolicy:{TTLSeconds:0 ProtectionPolicies:[] IgnoreStrictEnforcement:false} GlobalReads:false NumReplicas:0 NumVoters:0 Constraints:[] VoterConstraints:[] LeasePreferences:[] RangefeedEnabled:false ExcludeDataFromBackup:false}
I260828 12:09:25.068716 1217 13@spanconfig/spanconfigstore/store.go:364  [T1,Vsystem,n1,job=AUTO SPAN CONFIG RECONCILIATION id=1205366177534312449] 198  changing the spanconfig for span:/{Table/29-NamespaceTable/30} from:{RangeMinBytes:134217728 RangeMaxBytes:536870912 GCPolicy:{TTLSeconds:14400 ProtectionPolicies:[] IgnoreStrictEnforcement:false} GlobalReads:false NumReplicas:5 NumVoters:0 Constraints:[] VoterConstraints:[] LeasePreferences:[] RangefeedEnabled:false ExcludeDataFromBackup:false} to:{RangeMinBytes:0 RangeMaxBytes:0 GCPolicy:{TTLSeconds:0 ProtectionPolicies:[] IgnoreStrictEnforcement:false} GlobalReads:false NumReplicas:0 NumVoters:0 Constraints:[] VoterConstraints:[] LeasePreferences:[] RangefeedEnabled:false ExcludeDataFromBackup:false}
I260828 12:09:25.068947 1217 13@spanconfig/spanconfigstore/store.go:364  [T1,Vsystem,n1,job=AUTO SPAN CONFIG RECONCILIATION id=1205366177534312449] 199  changing the spanconfig for span:/Table/3{8-9} from:{RangeMinBytes:134217728 RangeMaxBytes:536870912 GCPolicy:{TTLSeconds:14400 ProtectionPolicies:[] IgnoreStrictEnforcement:false} GlobalReads:false NumReplicas:5 NumVoters:0 Constraints:[] VoterConstraints:[] LeasePreferences:[] RangefeedEnabled:false ExcludeDataFromBackup:false} to:{RangeMinBytes:0 RangeMaxBytes:0 GCPolicy:{TTLSeconds:0 ProtectionPolicies:[] IgnoreStrictEnforcement:false} GlobalReads:false NumReplicas:0 NumVoters:0 Constraints:[] VoterConstraints:[] LeasePreferences:[] RangefeedEnabled:false ExcludeDataFromBackup:false}
I260828 12:09:25.069210 1217 13@spanconfig/spanconfigstore/store.go:364  [T1,Vsystem,n1,job=AUTO SPAN CONFIG RECONCILIATION id=1205366177534312449] 200  changing the spanconfig for span:/Table/{0-4} from:{RangeMinBytes:134217728 RangeMaxBytes:536870912 GCPolicy:{TTLSeconds:14400 ProtectionPolicies:[] IgnoreStrictEnforcement:true} GlobalReads:false NumReplicas:5 NumVoters:0 Constraints:[] VoterConstraints:[] LeasePreferences:[] RangefeedEnabled:true ExcludeDataFromBackup:false} to:{RangeMinBytes:0 RangeMaxBytes:0 GCPolicy:{TTLSeconds:0 ProtectionPolicies:[] IgnoreStrictEnforcement:false} GlobalReads:false NumReplicas:0 NumVoters:0 Constraints:[] VoterConstraints:[] LeasePreferences:[] RangefeedEnabled:false ExcludeDataFromBackup:false}
I260828 12:09:25.069473 1217 13@spanconfig/spanconfigstore/store.go:364  [T1,Vsystem,n1,job=AUTO SPAN CONFIG RECONCILIATION id=1205366177534312449] 201  changing the spanconfig for span:/Table/{4-5} from:{RangeMinBytes:134217728 RangeMaxBytes:536870912 GCPolicy:{TTLSeconds:14400 ProtectionPolicies:[] IgnoreStrictEnforcement:true} GlobalReads:false NumReplicas:5 NumVoters:0 Constraints:[] VoterConstraints:[] LeasePreferences:[] RangefeedEnabled:true ExcludeDataFromBackup:false} to:{RangeMinBytes:0 RangeMaxBytes:0 GCPolicy:{TTLSeconds:0 ProtectionPolicies:[] IgnoreStrictEnforcement:false} GlobalReads:false NumReplicas:0 NumVoters:0 Constraints:[] VoterConstraints:[] LeasePreferences:[] RangefeedEnabled:false ExcludeDataFromBackup:false}
I260828 12:09:25.069712 1217 13@spanconfig/spanconfigstore/store.go:364  [T1,Vsystem,n1,job=AUTO SPAN CONFIG RECONCILIATION id=1205366177534312449] 202  changing the spanconfig for span:/Table/{5-6} from:{RangeMinBytes:134217728 RangeMaxBytes:536870912 GCPolicy:{TTLSeconds:14400 ProtectionPolicies:[] IgnoreStrictEnforcement:true} GlobalReads:false NumReplicas:5 NumVoters:0 Constraints:[] VoterConstraints:[] LeasePreferences:[] RangefeedEnabled:true ExcludeDataFromBackup:false} to:{RangeMinBytes:0 RangeMaxBytes:0 GCPolicy:{TTLSeconds:0 ProtectionPolicies:[] IgnoreStrictEnforcement:false} GlobalReads:false NumReplicas:0 NumVoters:0 Constraints:[] VoterConstraints:[] LeasePreferences:[] RangefeedEnabled:false ExcludeDataFromBackup:false}
I260828 12:09:25.069965 1217 13@spanconfig/spanconfigstore/store.go:364  [T1,Vsystem,n1,job=AUTO SPAN CONFIG RECONCILIATION id=1205366177534312449] 203  changing the spanconfig for span:/Table/{6-7} from:{RangeMinBytes:134217728 RangeMaxBytes:536870912 GCPolicy:{TTLSeconds:14400 ProtectionPolicies:[] IgnoreStrictEnforcement:true} GlobalReads:false NumReplicas:5 NumVoters:0 Constraints:[] VoterConstraints:[] LeasePreferences:[] RangefeedEnabled:true ExcludeDataFromBackup:false} to:{RangeMinBytes:0 RangeMaxBytes:0 GCPolicy:{TTLSeconds:0 ProtectionPolicies:[] IgnoreStrictEnforcement:false} GlobalReads:false NumReplicas:0 NumVoters:0 Constraints:[] VoterConstraints:[] LeasePreferences:[] RangefeedEnabled:false ExcludeDataFromBackup:false}
I260828 12:09:25.070217 1217 13@spanconfig/spanconfigstore/store.go:364  [T1,Vsystem,n1,job=AUTO SPAN CONFIG RECONCILIATION id=1205366177534312449] 204  changing the spanconfig for span:/Table/{7-8} from:{RangeMinBytes:134217728 RangeMaxBytes:536870912 GCPolicy:{TTLSeconds:14400 ProtectionPolicies:[] IgnoreStrictEnforcement:true} GlobalReads:false NumReplicas:5 NumVoters:0 Constraints:[] VoterConstraints:[] LeasePreferences:[] RangefeedEnabled:true ExcludeDataFromBackup:false} to:{RangeMinBytes:0 RangeMaxBytes:0 GCPolicy:{TTLSeconds:0 ProtectionPolicies:[] IgnoreStrictEnforcement:false} GlobalReads:false NumReplicas:0 NumVoters:0 Constraints:[] VoterConstraints:[] LeasePreferences:[] RangefeedEnabled:false ExcludeDataFromBackup:false}
I260828 12:09:25.070452 1217 13@spanconfig/spanconfigstore/store.go:364  [T1,Vsystem,n1,job=AUTO SPAN CONFIG RECONCILIATION id=1205366177534312449] 205  changing the spanconfig for span:/Table/{8-9} from:{RangeMinBytes:134217728 RangeMaxBytes:536870912 GCPolicy:{TTLSeconds:14400 ProtectionPolicies:[] IgnoreStrictEnforcement:true} GlobalReads:false NumReplicas:5 NumVoters:0 Constraints:[] VoterConstraints:[] LeasePreferences:[] RangefeedEnabled:true ExcludeDataFromBackup:false} to:{RangeMinBytes:0 RangeMaxBytes:0 GCPolicy:{TTLSeconds:0 ProtectionPolicies:[] IgnoreStrictEnforcement:false} GlobalReads:false NumReplicas:0 NumVoters:0 Constraints:[] VoterConstraints:[] LeasePreferences:[] RangefeedEnabled:false ExcludeDataFromBackup:false}
I260828 12:09:25.070688 1217 13@spanconfig/spanconfigstore/store.go:364  [T1,Vsystem,n1,job=AUTO SPAN CONFIG RECONCILIATION id=1205366177534312449] 206  changing the spanconfig for span:/Table/{9-10} from:{RangeMinBytes:134217728 RangeMaxBytes:536870912 GCPolicy:{TTLSeconds:14400 ProtectionPolicies:[] IgnoreStrictEnforcement:true} GlobalReads:false NumReplicas:5 NumVoters:0 Constraints:[] VoterConstraints:[] LeasePreferences:[] RangefeedEnabled:true ExcludeDataFromBackup:false} to:{RangeMinBytes:0 RangeMaxBytes:0 GCPolicy:{TTLSeconds:0 ProtectionPolicies:[] IgnoreStrictEnforcement:false} GlobalReads:false NumReplicas:0 NumVoters:0 Constraints:[] VoterConstraints:[] LeasePreferences:[] RangefeedEnabled:false ExcludeDataFromBackup:false}
I260828 12:09:25.070941 1217 13@spanconfig/spanconfigstore/store.go:364  [T1,Vsystem,n1,job=AUTO SPAN CONFIG RECONCILIATION id=1205366177534312449] 207  changing the spanconfig for span:/Table/1{1-2} from:{RangeMinBytes:134217728 RangeMaxBytes:536870912 GCPolicy:{TTLSeconds:600 ProtectionPolicies:[] IgnoreStrictEnforcement:true} GlobalReads:false NumReplicas:5 NumVoters:0 Constraints:[] VoterConstraints:[] LeasePreferences:[] RangefeedEnabled:true ExcludeDataFromBackup:true} to:{RangeMinBytes:0 RangeMaxBytes:0 GCPolicy:{TTLSeconds:0 ProtectionPolicies:[] IgnoreStrictEnforcement:false} GlobalReads:false NumReplicas:0 NumVoters:0 Constraints:[] VoterConstraints:[] LeasePreferences:[] RangefeedEnabled:false ExcludeDataFromBackup:false}
I260828 12:09:25.071196 1217 13@spanconfig/spanconfigstore/store.go:364  [T1,Vsystem,n1,job=AUTO SPAN CONFIG RECONCILIATION id=1205366177534312449] 208  changing the spanconfig for span:/Table/1{2-3} from:{RangeMinBytes:134217728 RangeMaxBytes:536870912 GCPolicy:{TTLSeconds:14400 ProtectionPolicies:[] IgnoreStrictEnforcement:true} GlobalReads:false NumReplicas:5 NumVoters:0 Constraints:[] VoterConstraints:[] LeasePreferences:[] RangefeedEnabled:true ExcludeDataFromBackup:false} to:{RangeMinBytes:0 RangeMaxBytes:0 GCPolicy:{TTLSeconds:0 ProtectionPolicies:[] IgnoreStrictEnforcement:false} GlobalReads:false NumReplicas:0 NumVoters:0 Constraints:[] VoterConstraints:[] LeasePreferences:[] RangefeedEnabled:false ExcludeDataFromBackup:false}
I260828 12:09:25.071412 1217 13@spanconfig/spanconfigstore/store.go:364  [T1,Vsystem,n1,job=AUTO SPAN CONFIG RECONCILIATION id=1205366177534312449] 209  changing the spanconfig for span:/Table/1{3-4} from:{RangeMinBytes:134217728 RangeMaxBytes:536870912 GCPolicy:{TTLSeconds:14400 ProtectionPolicies:[] IgnoreStrictEnforcement:true} GlobalReads:false NumReplicas:5 NumVoters:0 Constraints:[] VoterConstraints:[] LeasePreferences:[] RangefeedEnabled:true ExcludeDataFromBackup:false} to:{RangeMinBytes:0 RangeMaxBytes:0 GCPolicy:{TTLSeconds:0 ProtectionPolicies:[] IgnoreStrictEnforcement:false} GlobalReads:false NumReplicas:0 NumVoters:0 Constraints:[] VoterConstraints:[] LeasePreferences:[] RangefeedEnabled:false ExcludeDataFromBackup:false}
I260828 12:09:25.071685 1217 13@spanconfig/spanconfigstore/store.go:364  [T1,Vsystem,n1,job=AUTO SPAN CONFIG RECONCILIATION id=1205366177534312449] 210  changing the spanconfig for span:/Table/1{4-5} from:{RangeMinBytes:134217728 RangeMaxBytes:536870912 GCPolicy:{TTLSeconds:14400 ProtectionPolicies:[] IgnoreStrictEnforcement:true} GlobalReads:false NumReplicas:5 NumVoters:0 Constraints:[] VoterConstraints:[] LeasePreferences:[] RangefeedEnabled:true ExcludeDataFromBackup:false} to:{RangeMinBytes:0 RangeMaxBytes:0 GCPolicy:{TTLSeconds:0 ProtectionPolicies:[] IgnoreStrictEnforcement:false} GlobalReads:false NumReplicas:0 NumVoters:0 Constraints:[] VoterConstraints:[] LeasePreferences:[] RangefeedEnabled:false ExcludeDataFromBackup:false}
I260828 12:09:25.071946 1217 13@spanconfig/spanconfigstore/store.go:364  [T1,Vsystem,n1,job=AUTO SPAN CONFIG RECONCILIATION id=1205366177534312449] 211  changing the spanconfig for span:/Table/1{5-6} from:{RangeMinBytes:134217728 RangeMaxBytes:536870912 GCPolicy:{TTLSeconds:14400 ProtectionPolicies:[] IgnoreStrictEnforcement:true} GlobalReads:false NumReplicas:5 NumVoters:0 Constraints:[] VoterConstraints:[] LeasePreferences:[] RangefeedEnabled:true ExcludeDataFromBackup:false} to:{RangeMinBytes:0 RangeMaxBytes:0 GCPolicy:{TTLSeconds:0 ProtectionPolicies:[] IgnoreStrictEnforcement:false} GlobalReads:false NumReplicas:0 NumVoters:0 Constraints:[] VoterConstraints:[] LeasePreferences:[] RangefeedEnabled:false ExcludeDataFromBackup:false}
I260828 12:09:25.072170 1217 13@spanconfig/spanconfigstore/store.go:364  [T1,Vsystem,n1,job=AUTO SPAN CONFIG RECONCILIATION id=1205366177534312449] 212  changing the spanconfig for span:/Table/{19-20} from:{RangeMinBytes:134217728 RangeMaxBytes:536870912 GCPolicy:{TTLSeconds:14400 ProtectionPolicies:[] IgnoreStrictEnforcement:true} GlobalReads:false NumReplicas:5 NumVoters:0 Constraints:[] VoterConstraints:[] LeasePreferences:[] RangefeedEnabled:true ExcludeDataFromBackup:false} to:{RangeMinBytes:0 RangeMaxBytes:0 GCPolicy:{TTLSeconds:0 ProtectionPolicies:[] IgnoreStrictEnforcement:false} GlobalReads:false NumReplicas:0 NumVoters:0 Constraints:[] VoterConstraints:[] LeasePreferences:[] RangefeedEnabled:false ExcludeDataFromBackup:false}
I260828 12:09:25.072437 1217 13@spanconfig/spanconfigstore/store.go:364  [T1,Vsystem,n1,job=AUTO SPAN CONFIG RECONCILIATION id=1205366177534312449] 213  changing the spanconfig for span:/Table/2{0-1} from:{RangeMinBytes:134217728 RangeMaxBytes:536870912 GCPolicy:{TTLSeconds:14400 ProtectionPolicies:[] IgnoreStrictEnforcement:true} GlobalReads:false NumReplicas:5 NumVoters:0 Constraints:[] VoterConstraints:[] LeasePreferences:[] RangefeedEnabled:true ExcludeDataFromBackup:false} to:{RangeMinBytes:0 RangeMaxBytes:0 GCPolicy:{TTLSeconds:0 ProtectionPolicies:[] IgnoreStrictEnforcement:false} GlobalReads:false NumReplicas:0 NumVoters:0 Constraints:[] VoterConstraints:[] LeasePreferences:[] RangefeedEnabled:false ExcludeDataFromBackup:false}
I260828 12:09:25.072685 1217 13@spanconfig/spanconfigstore/store.go:364  [T1,Vsystem,n1,job=AUTO SPAN CONFIG RECONCILIATION id=1205366177534312449] 214  changing the spanconfig for span:/Table/2{1-2} from:{RangeMinBytes:134217728 RangeMaxBytes:536870912 GCPolicy:{TTLSeconds:14400 ProtectionPolicies:[] IgnoreStrictEnforcement:true} GlobalReads:false NumReplicas:5 NumVoters:0 Constraints:[] VoterConstraints:[] LeasePreferences:[] RangefeedEnabled:true ExcludeDataFromBackup:false} to:{RangeMinBytes:0 RangeMaxBytes:0 GCPolicy:{TTLSeconds:0 ProtectionPolicies:[] IgnoreStrictEnforcement:false} GlobalReads:false NumReplicas:0 NumVoters:0 Constraints:[] VoterConstraints:[] LeasePreferences:[] RangefeedEnabled:false ExcludeDataFromBackup:false}
I260828 12:09:25.073081 1217 13@spanconfig/spanconfigstore/store.go:364  [T1,Vsystem,n1,job=AUTO SPAN CONFIG RECONCILIATION id=1205366177534312449] 215  changing the spanconfig for span:/Table/2{3-4} from:{RangeMinBytes:134217728 RangeMaxBytes:536870912 GCPolicy:{TTLSeconds:14400 ProtectionPolicies:[] IgnoreStrictEnforcement:true} GlobalReads:false NumReplicas:5 NumVoters:0 Constraints:[] VoterConstraints:[] LeasePreferences:[] RangefeedEnabled:true ExcludeDataFromBackup:false} to:{RangeMinBytes:0 RangeMaxBytes:0 GCPolicy:{TTLSeconds:0 ProtectionPolicies:[] IgnoreStrictEnforcement:false} GlobalReads:false NumReplicas:0 NumVoters:0 Constraints:[] VoterConstraints:[] LeasePreferences:[] RangefeedEnabled:false ExcludeDataFromBackup:false}
I260828 12:09:25.073368 1217 13@spanconfig/spanconfigstore/store.go:364  [T1,Vsystem,n1,job=AUTO SPAN CONFIG RECONCILIATION id=1205366177534312449] 217  changing the spanconfig for span:/Table/2{4-5} from:{RangeMinBytes:134217728 RangeMaxBytes:536870912 GCPolicy:{TTLSeconds:14400 ProtectionPolicies:[] IgnoreStrictEnforcement:true} GlobalReads:false NumReplicas:5 NumVoters:0 Constraints:[] VoterConstraints:[] LeasePreferences:[] RangefeedEnabled:true ExcludeDataFromBackup:false} to:{RangeMinBytes:0 RangeMaxBytes:0 GCPolicy:{TTLSeconds:0 ProtectionPolicies:[] IgnoreStrictEnforcement:false} GlobalReads:false NumReplicas:0 NumVoters:0 Constraints:[] VoterConstraints:[] LeasePreferences:[] RangefeedEnabled:false ExcludeDataFromBackup:false}
I260828 12:09:25.073644 1217 13@spanconfig/spanconfigstore/store.go:364  [T1,Vsystem,n1,job=AUTO SPAN CONFIG RECONCILIATION id=1205366177534312449] 218  changing the spanconfig for span:/Table/2{5-6} from:{RangeMinBytes:134217728 RangeMaxBytes:536870912 GCPolicy:{TTLSeconds:600 ProtectionPolicies:[] IgnoreStrictEnforcement:true} GlobalReads:false NumReplicas:5 NumVoters:0 Constraints:[] VoterConstraints:[] LeasePreferences:[] RangefeedEnabled:true ExcludeDataFromBackup:true} to:{RangeMinBytes:0 RangeMaxBytes:0 GCPolicy:{TTLSeconds:0 ProtectionPolicies:[] IgnoreStrictEnforcement:false} GlobalReads:false NumReplicas:0 NumVoters:0 Constraints:[] VoterConstraints:[] LeasePreferences:[] RangefeedEnabled:false ExcludeDataFromBackup:false}
I260828 12:09:25.073194 1416 1@util/log/event_log.go:39  [T1,Vsystem,n1,job=MIGRATION id=1205366177668104193,upgrade=0.0-upgrading-step-002,intExec=set-SQLStatsTables-TTL] 216 ={"Timestamp":1787918965066182223,"EventType":"set_zone_config","Statement":"ALTER TABLE \"\".system.transaction_activity CONFIGURE ZONE USING \"gc.ttlseconds\" = $1","Tag":"CONFIGURE ZONE","User":"node","DescriptorID":62,"ApplicationName":"$ internal-set-SQLStatsTables-TTL","PlaceholderValues":["3600"],"Target":"TABLE system.public.transaction_activity","Options":["\"gc.ttlseconds\" = 3600"],"ResolvedOldConfig":"range_min_bytes:134217728 range_max_bytes:536870912 gc:<ttl_seconds:14400 > num_replicas:5 inherited_constraints:false null_voter_constraints_is_empty:true inherited_lease_preferences:false "}
I260828 12:09:25.073883 1217 13@spanconfig/spanconfigstore/store.go:364  [T1,Vsystem,n1,job=AUTO SPAN CONFIG RECONCILIATION id=1205366177534312449] 219  changing the spanconfig for span:/Table/2{6-7} from:{RangeMinBytes:134217728 RangeMaxBytes:536870912 GCPolicy:{TTLSeconds:14400 ProtectionPolicies:[] IgnoreStrictEnforcement:true} GlobalReads:false NumReplicas:5 NumVoters:0 Constraints:[] VoterConstraints:[] LeasePreferences:[] RangefeedEnabled:true ExcludeDataFromBackup:false} to:{RangeMinBytes:0 RangeMaxBytes:0 GCPolicy:{TTLSeconds:0 ProtectionPolicies:[] IgnoreStrictEnforcement:false} GlobalReads:false NumReplicas:0 NumVoters:0 Constraints:[] VoterConstraints:[] LeasePreferences:[] RangefeedEnabled:false ExcludeDataFromBackup:false}
I260828 12:09:25.074226 1217 13@spanconfig/spanconfigstore/store.go:364  [T1,Vsystem,n1,job=AUTO SPAN CONFIG RECONCILIATION id=1205366177534312449] 220  changing the spanconfig for span:/Table/2{7-8} from:{RangeMinBytes:134217728 RangeMaxBytes:536870912 GCPolicy:{TTLSeconds:600 ProtectionPolicies:[] IgnoreStrictEnforcement:true} GlobalReads:false NumReplicas:5 NumVoters:0 Constraints:[] VoterConstraints:[] LeasePreferences:[] RangefeedEnabled:true ExcludeDataFromBackup:true} to:{RangeMinBytes:0 RangeMaxBytes:0 GCPolicy:{TTLSeconds:0 ProtectionPolicies:[] IgnoreStrictEnforcement:false} GlobalReads:false NumReplicas:0 NumVoters:0 Constraints:[] VoterConstraints:[] LeasePreferences:[] RangefeedEnabled:false ExcludeDataFromBackup:false}
I260828 12:09:25.074430 1217 13@spanconfig/spanconfigstore/store.go:364  [T1,Vsystem,n1,job=AUTO SPAN CONFIG RECONCILIATION id=1205366177534312449] 221  changing the spanconfig for span:/Table/2{8-9} from:{RangeMinBytes:134217728 RangeMaxBytes:536870912 GCPolicy:{TTLSeconds:14400 ProtectionPolicies:[] IgnoreStrictEnforcement:true} GlobalReads:false NumReplicas:5 NumVoters:0 Constraints:[] VoterConstraints:[] LeasePreferences:[] RangefeedEnabled:true ExcludeDataFromBackup:false} to:{RangeMinBytes:0 RangeMaxBytes:0 GCPolicy:{TTLSeconds:0 ProtectionPolicies:[] IgnoreStrictEnforcement:false} GlobalReads:false NumReplicas:0 NumVoters:0 Constraints:[] VoterConstraints:[] LeasePreferences:[] RangefeedEnabled:false ExcludeDataFromBackup:false}
I260828 12:09:25.074678 1217 13@spanconfig/spanconfigstore/store.go:364  [T1,Vsystem,n1,job=AUTO SPAN CONFIG RECONCILIATION id=1205366177534312449] 222  changing the spanconfig for span:/NamespaceTable/{30-Max} from:{RangeMinBytes:134217728 RangeMaxBytes:536870912 GCPolicy:{TTLSeconds:14400 ProtectionPolicies:[] IgnoreStrictEnforcement:true} GlobalReads:false NumReplicas:5 NumVoters:0 Constraints:[] VoterConstraints:[] LeasePreferences:[] RangefeedEnabled:true ExcludeDataFromBackup:false} to:{RangeMinBytes:0 RangeMaxBytes:0 GCPolicy:{TTLSeconds:0 ProtectionPolicies:[] IgnoreStrictEnforcement:false} GlobalReads:false NumReplicas:0 NumVoters:0 Constraints:[] VoterConstraints:[] LeasePreferences:[] RangefeedEnabled:false ExcludeDataFromBackup:false}
I260828 12:09:25.074915 1217 13@spanconfig/spanconfigstore/store.go:364  [T1,Vsystem,n1,job=AUTO SPAN CONFIG RECONCILIATION id=1205366177534312449] 223  changing the spanconfig for span:/{NamespaceTable/Max-Table/32} from:{RangeMinBytes:134217728 RangeMaxBytes:536870912 GCPolicy:{TTLSeconds:14400 ProtectionPolicies:[] IgnoreStrictEnforcement:true} GlobalReads:false NumReplicas:5 NumVoters:0 Constraints:[] VoterConstraints:[] LeasePreferences:[] RangefeedEnabled:true ExcludeDataFromBackup:false} to:{RangeMinBytes:0 RangeMaxBytes:0 GCPolicy:{TTLSeconds:0 ProtectionPolicies:[] IgnoreStrictEnforcement:false} GlobalReads:false NumReplicas:0 NumVoters:0 Constraints:[] VoterConstraints:[] LeasePreferences:[] RangefeedEnabled:false ExcludeDataFromBackup:false}
I260828 12:09:25.075113 1217 13@spanconfig/spanconfigstore/store.go:364  [T1,Vsystem,n1,job=AUTO SPAN CONFIG RECONCILIATION id=1205366177534312449] 224  changing the spanconfig for span:/Table/3{2-3} from:{RangeMinBytes:134217728 RangeMaxBytes:536870912 GCPolicy:{TTLSeconds:14400 ProtectionPolicies:[] IgnoreStrictEnforcement:true} GlobalReads:false NumReplicas:5 NumVoters:0 Constraints:[] VoterConstraints:[] LeasePreferences:[] RangefeedEnabled:true ExcludeDataFromBackup:false} to:{RangeMinBytes:0 RangeMaxBytes:0 GCPolicy:{TTLSeconds:0 ProtectionPolicies:[] IgnoreStrictEnforcement:false} GlobalReads:false NumReplicas:0 NumVoters:0 Constraints:[] VoterConstraints:[] LeasePreferences:[] RangefeedEnabled:false ExcludeDataFromBackup:false}
I260828 12:09:25.075381 1217 13@spanconfig/spanconfigstore/store.go:364  [T1,Vsystem,n1,job=AUTO SPAN CONFIG RECONCILIATION id=1205366177534312449] 225  changing the spanconfig for span:/Table/3{3-4} from:{RangeMinBytes:134217728 RangeMaxBytes:536870912 GCPolicy:{TTLSeconds:14400 ProtectionPolicies:[] IgnoreStrictEnforcement:true} GlobalReads:false NumReplicas:5 NumVoters:0 Constraints:[] VoterConstraints:[] LeasePreferences:[] RangefeedEnabled:true ExcludeDataFromBackup:false} to:{RangeMinBytes:0 RangeMaxBytes:0 GCPolicy:{TTLSeconds:0 ProtectionPolicies:[] IgnoreStrictEnforcement:false} GlobalReads:false NumReplicas:0 NumVoters:0 Constraints:[] VoterConstraints:[] LeasePreferences:[] RangefeedEnabled:false ExcludeDataFromBackup:false}
I260828 12:09:25.075613 1217 13@spanconfig/spanconfigstore/store.go:364  [T1,Vsystem,n1,job=AUTO SPAN CONFIG RECONCILIATION id=1205366177534312449] 226  changing the spanconfig for span:/Table/3{4-5} from:{RangeMinBytes:134217728 RangeMaxBytes:536870912 GCPolicy:{TTLSeconds:14400 ProtectionPolicies:[] IgnoreStrictEnforcement:true} GlobalReads:false NumReplicas:5 NumVoters:0 Constraints:[] VoterConstraints:[] LeasePreferences:[] RangefeedEnabled:true ExcludeDataFromBackup:false} to:{RangeMinBytes:0 RangeMaxBytes:0 GCPolicy:{TTLSeconds:0 ProtectionPolicies:[] IgnoreStrictEnforcement:false} GlobalReads:false NumReplicas:0 NumVoters:0 Constraints:[] VoterConstraints:[] LeasePreferences:[] RangefeedEnabled:false ExcludeDataFromBackup:false}
I260828 12:09:25.075847 1217 13@spanconfig/spanconfigstore/store.go:364  [T1,Vsystem,n1,job=AUTO SPAN CONFIG RECONCILIATION id=1205366177534312449] 227  changing the spanconfig for span:/Table/3{5-6} from:{RangeMinBytes:134217728 RangeMaxBytes:536870912 GCPolicy:{TTLSeconds:14400 ProtectionPolicies:[] IgnoreStrictEnforcement:true} GlobalReads:false NumReplicas:5 NumVoters:0 Constraints:[] VoterConstraints:[] LeasePreferences:[] RangefeedEnabled:true ExcludeDataFromBackup:false} to:{RangeMinBytes:0 RangeMaxBytes:0 GCPolicy:{TTLSeconds:0 ProtectionPolicies:[] IgnoreStrictEnforcement:false} GlobalReads:false NumReplicas:0 NumVoters:0 Constraints:[] VoterConstraints:[] LeasePreferences:[] RangefeedEnabled:false ExcludeDataFromBackup:false}
I260828 12:09:25.076097 1217 13@spanconfig/spanconfigstore/store.go:364  [T1,Vsystem,n1,job=AUTO SPAN CONFIG RECONCILIATION id=1205366177534312449] 228  changing the spanconfig for span:/Table/3{6-7} from:{RangeMinBytes:134217728 RangeMaxBytes:536870912 GCPolicy:{TTLSeconds:14400 ProtectionPolicies:[] IgnoreStrictEnforcement:true} GlobalReads:false NumReplicas:5 NumVoters:0 Constraints:[] VoterConstraints:[] LeasePreferences:[] RangefeedEnabled:true ExcludeDataFromBackup:false} to:{RangeMinBytes:0 RangeMaxBytes:0 GCPolicy:{TTLSeconds:0 ProtectionPolicies:[] IgnoreStrictEnforcement:false} GlobalReads:false NumReplicas:0 NumVoters:0 Constraints:[] VoterConstraints:[] LeasePreferences:[] RangefeedEnabled:false ExcludeDataFromBackup:false}
I260828 12:09:25.076304 1217 13@spanconfig/spanconfigstore/store.go:364  [T1,Vsystem,n1,job=AUTO SPAN CONFIG RECONCILIATION id=1205366177534312449] 229  changing the spanconfig for span:/Table/3{7-8} from:{RangeMinBytes:134217728 RangeMaxBytes:536870912 GCPolicy:{TTLSeconds:14400 ProtectionPolicies:[] IgnoreStrictEnforcement:true} GlobalReads:false NumReplicas:5 NumVoters:0 Constraints:[] VoterConstraints:[] LeasePreferences:[] RangefeedEnabled:true ExcludeDataFromBackup:false} to:{RangeMinBytes:0 RangeMaxBytes:0 GCPolicy:{TTLSeconds:0 ProtectionPolicies:[] IgnoreStrictEnforcement:false} GlobalReads:false NumReplicas:0 NumVoters:0 Constraints:[] VoterConstraints:[] LeasePreferences:[] RangefeedEnabled:false ExcludeDataFromBackup:false}
I260828 12:09:25.076565 1217 13@spanconfig/spanconfigstore/store.go:364  [T1,Vsystem,n1,job=AUTO SPAN CONFIG RECONCILIATION id=1205366177534312449] 230  changing the spanconfig for span:/Table/{39-40} from:{RangeMinBytes:134217728 RangeMaxBytes:536870912 GCPolicy:{TTLSeconds:14400 ProtectionPolicies:[] IgnoreStrictEnforcement:true} GlobalReads:false NumReplicas:5 NumVoters:0 Constraints:[] VoterConstraints:[] LeasePreferences:[] RangefeedEnabled:true ExcludeDataFromBackup:false} to:{RangeMinBytes:0 RangeMaxBytes:0 GCPolicy:{TTLSeconds:0 ProtectionPolicies:[] IgnoreStrictEnforcement:false} GlobalReads:false NumReplicas:0 NumVoters:0 Constraints:[] VoterConstraints:[] LeasePreferences:[] RangefeedEnabled:false ExcludeDataFromBackup:false}
I260828 12:09:25.076831 1217 13@spanconfig/spanconfigstore/store.go:364  [T1,Vsystem,n1,job=AUTO SPAN CONFIG RECONCILIATION id=1205366177534312449] 231  changing the spanconfig for span:/Table/4{0-1} from:{RangeMinBytes:134217728 RangeMaxBytes:536870912 GCPolicy:{TTLSeconds:14400 ProtectionPolicies:[] IgnoreStrictEnforcement:true} GlobalReads:false NumReplicas:5 NumVoters:0 Constraints:[] VoterConstraints:[] LeasePreferences:[] RangefeedEnabled:true ExcludeDataFromBackup:false} to:{RangeMinBytes:0 RangeMaxBytes:0 GCPolicy:{TTLSeconds:0 ProtectionPolicies:[] IgnoreStrictEnforcement:false} GlobalReads:false NumReplicas:0 NumVoters:0 Constraints:[] VoterConstraints:[] LeasePreferences:[] RangefeedEnabled:false ExcludeDataFromBackup:false}
I260828 12:09:25.077087 1217 13@spanconfig/spanconfigstore/store.go:364  [T1,Vsystem,n1,job=AUTO SPAN CONFIG RECONCILIATION id=1205366177534312449] 232  changing the spanconfig for span:/Table/4{1-2} from:{RangeMinBytes:134217728 RangeMaxBytes:536870912 GCPolicy:{TTLSeconds:14400 ProtectionPolicies:[] IgnoreStrictEnforcement:true} GlobalReads:false NumReplicas:5 NumVoters:0 Constraints:[] VoterConstraints:[] LeasePreferences:[] RangefeedEnabled:true ExcludeDataFromBackup:false} to:{RangeMinBytes:0 RangeMaxBytes:0 GCPolicy:{TTLSeconds:0 ProtectionPolicies:[] IgnoreStrictEnforcement:false} GlobalReads:false NumReplicas:0 NumVoters:0 Constraints:[] VoterConstraints:[] LeasePreferences:[] RangefeedEnabled:false ExcludeDataFromBackup:false}
I260828 12:09:25.077326 1217 13@spanconfig/spanconfigstore/store.go:364  [T1,Vsystem,n1,job=AUTO SPAN CONFIG RECONCILIATION id=1205366177534312449] 233  changing the spanconfig for span:/Table/4{2-3} from:{RangeMinBytes:134217728 RangeMaxBytes:536870912 GCPolicy:{TTLSeconds:14400 ProtectionPolicies:[] IgnoreStrictEnforcement:true} GlobalReads:false NumReplicas:5 NumVoters:0 Constraints:[] VoterConstraints:[] LeasePreferences:[] RangefeedEnabled:true ExcludeDataFromBackup:false} to:{RangeMinBytes:0 RangeMaxBytes:0 GCPolicy:{TTLSeconds:0 ProtectionPolicies:[] IgnoreStrictEnforcement:false} GlobalReads:false NumReplicas:0 NumVoters:0 Constraints:[] VoterConstraints:[] LeasePreferences:[] RangefeedEnabled:false ExcludeDataFromBackup:false}
I260828 12:09:25.077670 1217 13@spanconfig/spanconfigstore/store.go:364  [T1,Vsystem,n1,job=AUTO SPAN CONFIG RECONCILIATION id=1205366177534312449] 234  changing the spanconfig for span:/Table/4{3-4} from:{RangeMinBytes:134217728 RangeMaxBytes:536870912 GCPolicy:{TTLSeconds:14400 ProtectionPolicies:[] IgnoreStrictEnforcement:true} GlobalReads:false NumReplicas:5 NumVoters:0 Constraints:[] VoterConstraints:[] LeasePreferences:[] RangefeedEnabled:true ExcludeDataFromBackup:false} to:{RangeMinBytes:0 RangeMaxBytes:0 GCPolicy:{TTLSeconds:0 ProtectionPolicies:[] IgnoreStrictEnforcement:false} GlobalReads:false NumReplicas:0 NumVoters:0 Constraints:[] VoterConstraints:[] LeasePreferences:[] RangefeedEnabled:false ExcludeDataFromBackup:false}
I260828 12:09:25.077949 1217 13@spanconfig/spanconfigstore/store.go:364  [T1,Vsystem,n1,job=AUTO SPAN CONFIG RECONCILIATION id=1205366177534312449] 235  changing the spanconfig for span:/Table/4{4-5} from:{RangeMinBytes:134217728 RangeMaxBytes:536870912 GCPolicy:{TTLSeconds:14400 ProtectionPolicies:[] IgnoreStrictEnforcement:true} GlobalReads:false NumReplicas:5 NumVoters:0 Constraints:[] VoterConstraints:[] LeasePreferences:[] RangefeedEnabled:true ExcludeDataFromBackup:false} to:{RangeMinBytes:0 RangeMaxBytes:0 GCPolicy:{TTLSeconds:0 ProtectionPolicies:[] IgnoreStrictEnforcement:false} GlobalReads:false NumReplicas:0 NumVoters:0 Constraints:[] VoterConstraints:[] LeasePreferences:[] RangefeedEnabled:false ExcludeDataFromBackup:false}
I260828 12:09:25.078174 1217 13@spanconfig/spanconfigstore/store.go:364  [T1,Vsystem,n1,job=AUTO SPAN CONFIG RECONCILIATION id=1205366177534312449] 236  changing the spanconfig for span:/Table/4{5-6} from:{RangeMinBytes:134217728 RangeMaxBytes:536870912 GCPolicy:{TTLSeconds:7200 ProtectionPolicies:[] IgnoreStrictEnforcement:true} GlobalReads:false NumReplicas:5 NumVoters:0 Constraints:[] VoterConstraints:[] LeasePreferences:[] RangefeedEnabled:true ExcludeDataFromBackup:true} to:{RangeMinBytes:0 RangeMaxBytes:0 GCPolicy:{TTLSeconds:0 ProtectionPolicies:[] IgnoreStrictEnforcement:false} GlobalReads:false NumReplicas:0 NumVoters:0 Constraints:[] VoterConstraints:[] LeasePreferences:[] RangefeedEnabled:false ExcludeDataFromBackup:false}
I260828 12:09:25.078422 1217 13@spanconfig/spanconfigstore/store.go:364  [T1,Vsystem,n1,job=AUTO SPAN CONFIG RECONCILIATION id=1205366177534312449] 237  changing the spanconfig for span:/Table/4{6-7} from:{RangeMinBytes:134217728 RangeMaxBytes:536870912 GCPolicy:{TTLSeconds:14400 ProtectionPolicies:[] IgnoreStrictEnforcement:true} GlobalReads:false NumReplicas:5 NumVoters:0 Constraints:[] VoterConstraints:[] LeasePreferences:[] RangefeedEnabled:true ExcludeDataFromBackup:false} to:{RangeMinBytes:0 RangeMaxBytes:0 GCPolicy:{TTLSeconds:0 ProtectionPolicies:[] IgnoreStrictEnforcement:false} GlobalReads:false NumReplicas:0 NumVoters:0 Constraints:[] VoterConstraints:[] LeasePreferences:[] RangefeedEnabled:false ExcludeDataFromBackup:false}
I260828 12:09:25.078760 1248 jobs/registry.go:1679  [T1,Vsystem,n1,job=1205366177668104193] 239  MIGRATION job 1205366177668104193: stepping through state succeeded
I260828 12:09:25.078708 1217 13@spanconfig/spanconfigstore/store.go:364  [T1,Vsystem,n1,job=AUTO SPAN CONFIG RECONCILIATION id=1205366177534312449] 238  changing the spanconfig for span:/Table/4{7-8} from:{RangeMinBytes:134217728 RangeMaxBytes:536870912 GCPolicy:{TTLSeconds:14400 ProtectionPolicies:[] IgnoreStrictEnforcement:true} GlobalReads:false NumReplicas:5 NumVoters:0 Constraints:[] VoterConstraints:[] LeasePreferences:[] RangefeedEnabled:true ExcludeDataFromBackup:true} to:{RangeMinBytes:0 RangeMaxBytes:0 GCPolicy:{TTLSeconds:0 ProtectionPolicies:[] IgnoreStrictEnforcement:false} GlobalReads:false NumReplicas:0 NumVoters:0 Constraints:[] VoterConstraints:[] LeasePreferences:[] RangefeedEnabled:false ExcludeDataFromBackup:false}
I260828 12:09:25.079056 1217 13@spanconfig/spanconfigstore/store.go:364  [T1,Vsystem,n1,job=AUTO SPAN CONFIG RECONCILIATION id=1205366177534312449] 240  changing the spanconfig for span:/Table/4{8-9} from:{RangeMinBytes:134217728 RangeMaxBytes:536870912 GCPolicy:{TTLSeconds:14400 ProtectionPolicies:[] IgnoreStrictEnforcement:true} GlobalReads:false NumReplicas:5 NumVoters:0 Constraints:[] VoterConstraints:[] LeasePreferences:[] RangefeedEnabled:true ExcludeDataFromBackup:false} to:{RangeMinBytes:0 RangeMaxBytes:0 GCPolicy:{TTLSeconds:0 ProtectionPolicies:[] IgnoreStrictEnforcement:false} GlobalReads:false NumReplicas:0 NumVoters:0 Constraints:[] VoterConstraints:[] LeasePreferences:[] RangefeedEnabled:false ExcludeDataFromBackup:false}
I260828 12:09:25.079221 1217 13@spanconfig/spanconfigstore/store.go:364  [T1,Vsystem,n1,job=AUTO SPAN CONFIG RECONCILIATION id=1205366177534312449] 241  changing the spanconfig for span:/Table/5{0-1} from:{RangeMinBytes:134217728 RangeMaxBytes:536870912 GCPolicy:{TTLSeconds:14400 ProtectionPolicies:[] IgnoreStrictEnforcement:true} GlobalReads:false NumReplicas:5 NumVoters:0 Constraints:[] VoterConstraints:[] LeasePreferences:[] RangefeedEnabled:true ExcludeDataFromBackup:false} to:{RangeMinBytes:0 RangeMaxBytes:0 GCPolicy:{TTLSeconds:0 ProtectionPolicies:[] IgnoreStrictEnforcement:false} GlobalReads:false NumReplicas:0 NumVoters:0 Constraints:[] VoterConstraints:[] LeasePreferences:[] RangefeedEnabled:false ExcludeDataFromBackup:false}
I260828 12:09:25.079480 1217 13@spanconfig/spanconfigstore/store.go:364  [T1,Vsystem,n1,job=AUTO SPAN CONFIG RECONCILIATION id=1205366177534312449] 242  changing the spanconfig for span:/Table/5{1-2} from:{RangeMinBytes:134217728 RangeMaxBytes:536870912 GCPolicy:{TTLSeconds:14400 ProtectionPolicies:[] IgnoreStrictEnforcement:true} GlobalReads:false NumReplicas:5 NumVoters:0 Constraints:[] VoterConstraints:[] LeasePreferences:[] RangefeedEnabled:true ExcludeDataFromBackup:false} to:{RangeMinBytes:0 RangeMaxBytes:0 GCPolicy:{TTLSeconds:0 ProtectionPolicies:[] IgnoreStrictEnforcement:false} GlobalReads:false NumReplicas:0 NumVoters:0 Constraints:[] VoterConstraints:[] LeasePreferences:[] RangefeedEnabled:false ExcludeDataFromBackup:false}
I260828 12:09:25.079703 1217 13@spanconfig/spanconfigstore/store.go:364  [T1,Vsystem,n1,job=AUTO SPAN CONFIG RECONCILIATION id=1205366177534312449] 243  changing the spanconfig for span:/Table/5{2-3} from:{RangeMinBytes:134217728 RangeMaxBytes:536870912 GCPolicy:{TTLSeconds:14400 ProtectionPolicies:[] IgnoreStrictEnforcement:true} GlobalReads:false NumReplicas:5 NumVoters:0 Constraints:[] VoterConstraints:[] LeasePreferences:[] RangefeedEnabled:true ExcludeDataFromBackup:false} to:{RangeMinBytes:0 RangeMaxBytes:0 GCPolicy:{TTLSeconds:0 ProtectionPolicies:[] IgnoreStrictEnforcement:false} GlobalReads:false NumReplicas:0 NumVoters:0 Constraints:[] VoterConstraints:[] LeasePreferences:[] RangefeedEnabled:false ExcludeDataFromBackup:false}
I260828 12:09:25.079869 1217 13@spanconfig/spanconfigstore/store.go:364  [T1,Vsystem,n1,job=AUTO SPAN CONFIG RECONCILIATION id=1205366177534312449] 244  changing the spanconfig for span:/Table/5{3-4} from:{RangeMinBytes:134217728 RangeMaxBytes:536870912 GCPolicy:{TTLSeconds:14400 ProtectionPolicies:[] IgnoreStrictEnforcement:true} GlobalReads:false NumReplicas:5 NumVoters:0 Constraints:[] VoterConstraints:[] LeasePreferences:[] RangefeedEnabled:true ExcludeDataFromBackup:false} to:{RangeMinBytes:0 RangeMaxBytes:0 GCPolicy:{TTLSeconds:0 ProtectionPolicies:[] IgnoreStrictEnforcement:false} GlobalReads:false NumReplicas:0 NumVoters:0 Constraints:[] VoterConstraints:[] LeasePreferences:[] RangefeedEnabled:false ExcludeDataFromBackup:false}
I260828 12:09:25.080009 1217 13@spanconfig/spanconfigstore/store.go:364  [T1,Vsystem,n1,job=AUTO SPAN CONFIG RECONCILIATION id=1205366177534312449] 245  changing the spanconfig for span:/Table/5{4-5} from:{RangeMinBytes:134217728 RangeMaxBytes:536870912 GCPolicy:{TTLSeconds:14400 ProtectionPolicies:[] IgnoreStrictEnforcement:true} GlobalReads:false NumReplicas:5 NumVoters:0 Constraints:[] VoterConstraints:[] LeasePreferences:[] RangefeedEnabled:true ExcludeDataFromBackup:false} to:{RangeMinBytes:0 RangeMaxBytes:0 GCPolicy:{TTLSeconds:0 ProtectionPolicies:[] IgnoreStrictEnforcement:false} GlobalReads:false NumReplicas:0 NumVoters:0 Constraints:[] VoterConstraints:[] LeasePreferences:[] RangefeedEnabled:false ExcludeDataFromBackup:false}
I260828 12:09:25.080153 1217 13@spanconfig/spanconfigstore/store.go:364  [T1,Vsystem,n1,job=AUTO SPAN CONFIG RECONCILIATION id=1205366177534312449] 246  changing the spanconfig for span:/Table/5{5-6} from:{RangeMinBytes:134217728 RangeMaxBytes:536870912 GCPolicy:{TTLSeconds:14400 ProtectionPolicies:[] IgnoreStrictEnforcement:true} GlobalReads:false NumReplicas:5 NumVoters:0 Constraints:[] VoterConstraints:[] LeasePreferences:[] RangefeedEnabled:true ExcludeDataFromBackup:false} to:{RangeMinBytes:0 RangeMaxBytes:0 GCPolicy:{TTLSeconds:0 ProtectionPolicies:[] IgnoreStrictEnforcement:false} GlobalReads:false NumReplicas:0 NumVoters:0 Constraints:[] VoterConstraints:[] LeasePreferences:[] RangefeedEnabled:false ExcludeDataFromBackup:false}
I260828 12:09:25.080324 1217 13@spanconfig/spanconfigstore/store.go:364  [T1,Vsystem,n1,job=AUTO SPAN CONFIG RECONCILIATION id=1205366177534312449] 247  changing the spanconfig for span:/Table/5{6-7} from:{RangeMinBytes:134217728 RangeMaxBytes:536870912 GCPolicy:{TTLSeconds:14400 ProtectionPolicies:[] IgnoreStrictEnforcement:true} GlobalReads:false NumReplicas:5 NumVoters:0 Constraints:[] VoterConstraints:[] LeasePreferences:[] RangefeedEnabled:true ExcludeDataFromBackup:false} to:{RangeMinBytes:0 RangeMaxBytes:0 GCPolicy:{TTLSeconds:0 ProtectionPolicies:[] IgnoreStrictEnforcement:false} GlobalReads:false NumReplicas:0 NumVoters:0 Constraints:[] VoterConstraints:[] LeasePreferences:[] RangefeedEnabled:false ExcludeDataFromBackup:false}
I260828 12:09:25.080481 1217 13@spanconfig/spanconfigstore/store.go:364  [T1,Vsystem,n1,job=AUTO SPAN CONFIG RECONCILIATION id=1205366177534312449] 248  changing the spanconfig for span:/Table/5{7-8} from:{RangeMinBytes:134217728 RangeMaxBytes:536870912 GCPolicy:{TTLSeconds:14400 ProtectionPolicies:[] IgnoreStrictEnforcement:true} GlobalReads:false NumReplicas:5 NumVoters:0 Constraints:[] VoterConstraints:[] LeasePreferences:[] RangefeedEnabled:true ExcludeDataFromBackup:false} to:{RangeMinBytes:0 RangeMaxBytes:0 GCPolicy:{TTLSeconds:0 ProtectionPolicies:[] IgnoreStrictEnforcement:false} GlobalReads:false NumReplicas:0 NumVoters:0 Constraints:[] VoterConstraints:[] LeasePreferences:[] RangefeedEnabled:false ExcludeDataFromBackup:false}
I260828 12:09:25.080682 1217 13@spanconfig/spanconfigstore/store.go:364  [T1,Vsystem,n1,job=AUTO SPAN CONFIG RECONCILIATION id=1205366177534312449] 249  changing the spanconfig for span:/Table/5{8-9} from:{RangeMinBytes:134217728 RangeMaxBytes:536870912 GCPolicy:{TTLSeconds:3600 ProtectionPolicies:[] IgnoreStrictEnforcement:true} GlobalReads:false NumReplicas:5 NumVoters:0 Constraints:[] VoterConstraints:[] LeasePreferences:[] RangefeedEnabled:true ExcludeDataFromBackup:false} to:{RangeMinBytes:0 RangeMaxBytes:0 GCPolicy:{TTLSeconds:0 ProtectionPolicies:[] IgnoreStrictEnforcement:false} GlobalReads:false NumReplicas:0 NumVoters:0 Constraints:[] VoterConstraints:[] LeasePreferences:[] RangefeedEnabled:false ExcludeDataFromBackup:false}
I260828 12:09:25.080928 1217 13@spanconfig/spanconfigstore/store.go:364  [T1,Vsystem,n1,job=AUTO SPAN CONFIG RECONCILIATION id=1205366177534312449] 250  changing the spanconfig for span:/Table/{59-60} from:{RangeMinBytes:134217728 RangeMaxBytes:536870912 GCPolicy:{TTLSeconds:14400 ProtectionPolicies:[] IgnoreStrictEnforcement:true} GlobalReads:false NumReplicas:5 NumVoters:0 Constraints:[] VoterConstraints:[] LeasePreferences:[] RangefeedEnabled:true ExcludeDataFromBackup:false} to:{RangeMinBytes:0 RangeMaxBytes:0 GCPolicy:{TTLSeconds:0 ProtectionPolicies:[] IgnoreStrictEnforcement:false} GlobalReads:false NumReplicas:0 NumVoters:0 Constraints:[] VoterConstraints:[] LeasePreferences:[] RangefeedEnabled:false ExcludeDataFromBackup:false}
I260828 12:09:25.081146 1217 13@spanconfig/spanconfigstore/store.go:364  [T1,Vsystem,n1,job=AUTO SPAN CONFIG RECONCILIATION id=1205366177534312449] 251  changing the spanconfig for span:/Table/6{0-1} from:{RangeMinBytes:134217728 RangeMaxBytes:536870912 GCPolicy:{TTLSeconds:14400 ProtectionPolicies:[] IgnoreStrictEnforcement:true} GlobalReads:false NumReplicas:5 NumVoters:0 Constraints:[] VoterConstraints:[] LeasePreferences:[] RangefeedEnabled:true ExcludeDataFromBackup:false} to:{RangeMinBytes:0 RangeMaxBytes:0 GCPolicy:{TTLSeconds:0 ProtectionPolicies:[] IgnoreStrictEnforcement:false} GlobalReads:false NumReplicas:0 NumVoters:0 Constraints:[] VoterConstraints:[] LeasePreferences:[] RangefeedEnabled:false ExcludeDataFromBackup:false}
I260828 12:09:25.081363 1217 13@spanconfig/spanconfigstore/store.go:364  [T1,Vsystem,n1,job=AUTO SPAN CONFIG RECONCILIATION id=1205366177534312449] 252  changing the spanconfig for span:/Table/6{1-2} from:{RangeMinBytes:134217728 RangeMaxBytes:536870912 GCPolicy:{TTLSeconds:14400 ProtectionPolicies:[] IgnoreStrictEnforcement:true} GlobalReads:false NumReplicas:5 NumVoters:0 Constraints:[] VoterConstraints:[] LeasePreferences:[] RangefeedEnabled:true ExcludeDataFromBackup:false} to:{RangeMinBytes:0 RangeMaxBytes:0 GCPolicy:{TTLSeconds:0 ProtectionPolicies:[] IgnoreStrictEnforcement:false} GlobalReads:false NumReplicas:0 NumVoters:0 Constraints:[] VoterConstraints:[] LeasePreferences:[] RangefeedEnabled:false ExcludeDataFromBackup:false}
I260828 12:09:25.081581 1217 13@spanconfig/spanconfigstore/store.go:364  [T1,Vsystem,n1,job=AUTO SPAN CONFIG RECONCILIATION id=1205366177534312449] 253  changing the spanconfig for span:/Table/6{2-3} from:{RangeMinBytes:134217728 RangeMaxBytes:536870912 GCPolicy:{TTLSeconds:14400 ProtectionPolicies:[] IgnoreStrictEnforcement:true} GlobalReads:false NumReplicas:5 NumVoters:0 Constraints:[] VoterConstraints:[] LeasePreferences:[] RangefeedEnabled:true ExcludeDataFromBackup:false} to:{RangeMinBytes:0 RangeMaxBytes:0 GCPolicy:{TTLSeconds:0 ProtectionPolicies:[] IgnoreStrictEnforcement:false} GlobalReads:false NumReplicas:0 NumVoters:0 Constraints:[] VoterConstraints:[] LeasePreferences:[] RangefeedEnabled:false ExcludeDataFromBackup:false}
I260828 12:09:25.081793 1217 13@spanconfig/spanconfigstore/store.go:364  [T1,Vsystem,n1,job=AUTO SPAN CONFIG RECONCILIATION id=1205366177534312449] 254  changing the spanconfig for span:/Table/6{3-4} from:{RangeMinBytes:134217728 RangeMaxBytes:536870912 GCPolicy:{TTLSeconds:14400 ProtectionPolicies:[] IgnoreStrictEnforcement:true} GlobalReads:false NumReplicas:5 NumVoters:0 Constraints:[] VoterConstraints:[] LeasePreferences:[] RangefeedEnabled:true ExcludeDataFromBackup:false} to:{RangeMinBytes:0 RangeMaxBytes:0 GCPolicy:{TTLSeconds:0 ProtectionPolicies:[] IgnoreStrictEnforcement:false} GlobalReads:false NumReplicas:0 NumVoters:0 Constraints:[] VoterConstraints:[] LeasePreferences:[] RangefeedEnabled:false ExcludeDataFromBackup:false}
I260828 12:09:25.082013 1217 13@spanconfig/spanconfigstore/store.go:364  [T1,Vsystem,n1,job=AUTO SPAN CONFIG RECONCILIATION id=1205366177534312449] 255  changing the spanconfig for span:/Table/6{4-5} from:{RangeMinBytes:134217728 RangeMaxBytes:536870912 GCPolicy:{TTLSeconds:14400 ProtectionPolicies:[] IgnoreStrictEnforcement:true} GlobalReads:false NumReplicas:5 NumVoters:0 Constraints:[] VoterConstraints:[] LeasePreferences:[] RangefeedEnabled:true ExcludeDataFromBackup:false} to:{RangeMinBytes:0 RangeMaxBytes:0 GCPolicy:{TTLSeconds:0 ProtectionPolicies:[] IgnoreStrictEnforcement:false} GlobalReads:false NumReplicas:0 NumVoters:0 Constraints:[] VoterConstraints:[] LeasePreferences:[] RangefeedEnabled:false ExcludeDataFromBackup:false}
I260828 12:09:25.082185 1217 13@spanconfig/spanconfigstore/store.go:364  [T1,Vsystem,n1,job=AUTO SPAN CONFIG RECONCILIATION id=1205366177534312449] 256  changing the spanconfig for span:/Table/6{5-6} from:{RangeMinBytes:134217728 RangeMaxBytes:536870912 GCPolicy:{TTLSeconds:14400 ProtectionPolicies:[] IgnoreStrictEnforcement:true} GlobalReads:false NumReplicas:5 NumVoters:0 Constraints:[] VoterConstraints:[] LeasePreferences:[] RangefeedEnabled:true ExcludeDataFromBackup:false} to:{RangeMinBytes:0 RangeMaxBytes:0 GCPolicy:{TTLSeconds:0 ProtectionPolicies:[] IgnoreStrictEnforcement:false} GlobalReads:false NumReplicas:0 NumVoters:0 Constraints:[] VoterConstraints:[] LeasePreferences:[] RangefeedEnabled:false ExcludeDataFromBackup:false}
I260828 12:09:25.082370 1217 13@spanconfig/spanconfigstore/store.go:364  [T1,Vsystem,n1,job=AUTO SPAN CONFIG RECONCILIATION id=1205366177534312449] 257  changing the spanconfig for span:/Table/6{6-7} from:{RangeMinBytes:134217728 RangeMaxBytes:536870912 GCPolicy:{TTLSeconds:14400 ProtectionPolicies:[] IgnoreStrictEnforcement:true} GlobalReads:false NumReplicas:5 NumVoters:0 Constraints:[] VoterConstraints:[] LeasePreferences:[] RangefeedEnabled:true ExcludeDataFromBackup:false} to:{RangeMinBytes:0 RangeMaxBytes:0 GCPolicy:{TTLSeconds:0 ProtectionPolicies:[] IgnoreStrictEnforcement:false} GlobalReads:false NumReplicas:0 NumVoters:0 Constraints:[] VoterConstraints:[] LeasePreferences:[] RangefeedEnabled:false ExcludeDataFromBackup:false}
I260828 12:09:25.082539 1217 13@spanconfig/spanconfigstore/store.go:364  [T1,Vsystem,n1,job=AUTO SPAN CONFIG RECONCILIATION id=1205366177534312449] 258  changing the spanconfig for span:/Table/6{7-8} from:{RangeMinBytes:134217728 RangeMaxBytes:536870912 GCPolicy:{TTLSeconds:14400 ProtectionPolicies:[] IgnoreStrictEnforcement:true} GlobalReads:false NumReplicas:5 NumVoters:0 Constraints:[] VoterConstraints:[] LeasePreferences:[] RangefeedEnabled:true ExcludeDataFromBackup:false} to:{RangeMinBytes:0 RangeMaxBytes:0 GCPolicy:{TTLSeconds:0 ProtectionPolicies:[] IgnoreStrictEnforcement:false} GlobalReads:false NumReplicas:0 NumVoters:0 Constraints:[] VoterConstraints:[] LeasePreferences:[] RangefeedEnabled:false ExcludeDataFromBackup:false}
I260828 12:09:25.082719 1217 13@spanconfig/spanconfigstore/store.go:364  [T1,Vsystem,n1,job=AUTO SPAN CONFIG RECONCILIATION id=1205366177534312449] 259  changing the spanconfig for span:/Table/6{8-9} from:{RangeMinBytes:134217728 RangeMaxBytes:536870912 GCPolicy:{TTLSeconds:14400 ProtectionPolicies:[] IgnoreStrictEnforcement:true} GlobalReads:false NumReplicas:5 NumVoters:0 Constraints:[] VoterConstraints:[] LeasePreferences:[] RangefeedEnabled:true ExcludeDataFromBackup:false} to:{RangeMinBytes:0 RangeMaxBytes:0 GCPolicy:{TTLSeconds:0 ProtectionPolicies:[] IgnoreStrictEnforcement:false} GlobalReads:false NumReplicas:0 NumVoters:0 Constraints:[] VoterConstraints:[] LeasePreferences:[] RangefeedEnabled:false ExcludeDataFromBackup:false}
I260828 12:09:25.082890 1217 13@spanconfig/spanconfigstore/store.go:364  [T1,Vsystem,n1,job=AUTO SPAN CONFIG RECONCILIATION id=1205366177534312449] 260  changing the spanconfig for span:/Table/{69-70} from:{RangeMinBytes:134217728 RangeMaxBytes:536870912 GCPolicy:{TTLSeconds:14400 ProtectionPolicies:[] IgnoreStrictEnforcement:true} GlobalReads:false NumReplicas:5 NumVoters:0 Constraints:[] VoterConstraints:[] LeasePreferences:[] RangefeedEnabled:true ExcludeDataFromBackup:false} to:{RangeMinBytes:0 RangeMaxBytes:0 GCPolicy:{TTLSeconds:0 ProtectionPolicies:[] IgnoreStrictEnforcement:false} GlobalReads:false NumReplicas:0 NumVoters:0 Constraints:[] VoterConstraints:[] LeasePreferences:[] RangefeedEnabled:false ExcludeDataFromBackup:false}
I260828 12:09:25.083087 1217 13@spanconfig/spanconfigstore/store.go:364  [T1,Vsystem,n1,job=AUTO SPAN CONFIG RECONCILIATION id=1205366177534312449] 261  changing the spanconfig for span:/Table/7{0-1} from:{RangeMinBytes:134217728 RangeMaxBytes:536870912 GCPolicy:{TTLSeconds:14400 ProtectionPolicies:[] IgnoreStrictEnforcement:true} GlobalReads:false NumReplicas:5 NumVoters:0 Constraints:[] VoterConstraints:[] LeasePreferences:[] RangefeedEnabled:true ExcludeDataFromBackup:false} to:{RangeMinBytes:0 RangeMaxBytes:0 GCPolicy:{TTLSeconds:0 ProtectionPolicies:[] IgnoreStrictEnforcement:false} GlobalReads:false NumReplicas:0 NumVoters:0 Constraints:[] VoterConstraints:[] LeasePreferences:[] RangefeedEnabled:false ExcludeDataFromBackup:false}
I260828 12:09:25.083248 1217 13@spanconfig/spanconfigstore/store.go:364  [T1,Vsystem,n1,job=AUTO SPAN CONFIG RECONCILIATION id=1205366177534312449] 262  changing the spanconfig for span:/Table/7{1-2} from:{RangeMinBytes:134217728 RangeMaxBytes:536870912 GCPolicy:{TTLSeconds:14400 ProtectionPolicies:[] IgnoreStrictEnforcement:true} GlobalReads:false NumReplicas:5 NumVoters:0 Constraints:[] VoterConstraints:[] LeasePreferences:[] RangefeedEnabled:true ExcludeDataFromBackup:false} to:{RangeMinBytes:0 RangeMaxBytes:0 GCPolicy:{TTLSeconds:0 ProtectionPolicies:[] IgnoreStrictEnforcement:false} GlobalReads:false NumReplicas:0 NumVoters:0 Constraints:[] VoterConstraints:[] LeasePreferences:[] RangefeedEnabled:false ExcludeDataFromBackup:false}
I260828 12:09:25.083409 1217 13@spanconfig/spanconfigstore/store.go:364  [T1,Vsystem,n1,job=AUTO SPAN CONFIG RECONCILIATION id=1205366177534312449] 263  changing the spanconfig for span:/Table/7{2-3} from:{RangeMinBytes:134217728 RangeMaxBytes:536870912 GCPolicy:{TTLSeconds:14400 ProtectionPolicies:[] IgnoreStrictEnforcement:true} GlobalReads:false NumReplicas:5 NumVoters:0 Constraints:[] VoterConstraints:[] LeasePreferences:[] RangefeedEnabled:true ExcludeDataFromBackup:false} to:{RangeMinBytes:0 RangeMaxBytes:0 GCPolicy:{TTLSeconds:0 ProtectionPolicies:[] IgnoreStrictEnforcement:false} GlobalReads:false NumReplicas:0 NumVoters:0 Constraints:[] VoterConstraints:[] LeasePreferences:[] RangefeedEnabled:false ExcludeDataFromBackup:false}
I260828 12:09:25.083585 1217 13@spanconfig/spanconfigstore/store.go:364  [T1,Vsystem,n1,job=AUTO SPAN CONFIG RECONCILIATION id=1205366177534312449] 264  changing the spanconfig for span:/System/NodeLiveness{-Max} from:{RangeMinBytes:134217728 RangeMaxBytes:536870912 GCPolicy:{TTLSeconds:600 ProtectionPolicies:[] IgnoreStrictEnforcement:false} GlobalReads:false NumReplicas:5 NumVoters:0 Constraints:[] VoterConstraints:[] LeasePreferences:[] RangefeedEnabled:false ExcludeDataFromBackup:false} to:{RangeMinBytes:0 RangeMaxBytes:0 GCPolicy:{TTLSeconds:0 ProtectionPolicies:[] IgnoreStrictEnforcement:false} GlobalReads:false NumReplicas:0 NumVoters:0 Constraints:[] VoterConstraints:[] LeasePreferences:[] RangefeedEnabled:false ExcludeDataFromBackup:false}
I260828 12:09:25.083740 1217 13@spanconfig/spanconfigstore/store.go:364  [T1,Vsystem,n1,job=AUTO SPAN CONFIG RECONCILIATION id=1205366177534312449] 265  changing the spanconfig for span:/{Min-System/NodeLiveness} from:{RangeMinBytes:134217728 RangeMaxBytes:536870912 GCPolicy:{TTLSeconds:3600 ProtectionPolicies:[] IgnoreStrictEnforcement:false} GlobalReads:false NumReplicas:5 NumVoters:0 Constraints:[] VoterConstraints:[] LeasePreferences:[] RangefeedEnabled:false ExcludeDataFromBackup:false} to:{RangeMinBytes:0 RangeMaxBytes:0 GCPolicy:{TTLSeconds:0 ProtectionPolicies:[] IgnoreStrictEnforcement:false} GlobalReads:false NumReplicas:0 NumVoters:0 Constraints:[] VoterConstraints:[] LeasePreferences:[] RangefeedEnabled:false ExcludeDataFromBackup:false}
I260828 12:09:25.083889 1217 13@spanconfig/spanconfigstore/store.go:364  [T1,Vsystem,n1,job=AUTO SPAN CONFIG RECONCILIATION id=1205366177534312449] 266  changing the spanconfig for span:/System/{NodeLivenessMax-tsd} from:{RangeMinBytes:134217728 RangeMaxBytes:536870912 GCPolicy:{TTLSeconds:14400 ProtectionPolicies:[] IgnoreStrictEnforcement:false} GlobalReads:false NumReplicas:5 NumVoters:0 Constraints:[] VoterConstraints:[] LeasePreferences:[] RangefeedEnabled:false ExcludeDataFromBackup:false} to:{RangeMinBytes:0 RangeMaxBytes:0 GCPolicy:{TTLSeconds:0 ProtectionPolicies:[] IgnoreStrictEnforcement:false} GlobalReads:false NumReplicas:0 NumVoters:0 Constraints:[] VoterConstraints:[] LeasePreferences:[] RangefeedEnabled:false ExcludeDataFromBackup:false}
I260828 12:09:25.084115 1217 13@spanconfig/spanconfigstore/store.go:364  [T1,Vsystem,n1,job=AUTO SPAN CONFIG RECONCILIATION id=1205366177534312449] 267  changing the spanconfig for span:/System{tse-/SystemSpanConfigKeys} from:{RangeMinBytes:134217728 RangeMaxBytes:536870912 GCPolicy:{TTLSeconds:14400 ProtectionPolicies:[] IgnoreStrictEnforcement:false} GlobalReads:false NumReplicas:5 NumVoters:0 Constraints:[] VoterConstraints:[] LeasePreferences:[] RangefeedEnabled:false ExcludeDataFromBackup:false} to:{RangeMinBytes:0 RangeMaxBytes:0 GCPolicy:{TTLSeconds:0 ProtectionPolicies:[] IgnoreStrictEnforcement:false} GlobalReads:false NumReplicas:0 NumVoters:0 Constraints:[] VoterConstraints:[] LeasePreferences:[] RangefeedEnabled:false ExcludeDataFromBackup:false}
I260828 12:09:25.084297 1217 13@spanconfig/spanconfigstore/store.go:364  [T1,Vsystem,n1,job=AUTO SPAN CONFIG RECONCILIATION id=1205366177534312449] 268  changing the spanconfig for span:/System{/tsd-tse} from:{RangeMinBytes:134217728 RangeMaxBytes:536870912 GCPolicy:{TTLSeconds:14400 ProtectionPolicies:[] IgnoreStrictEnforcement:false} GlobalReads:false NumReplicas:3 NumVoters:0 Constraints:[] VoterConstraints:[] LeasePreferences:[] RangefeedEnabled:false ExcludeDataFromBackup:false} to:{RangeMinBytes:0 RangeMaxBytes:0 GCPolicy:{TTLSeconds:0 ProtectionPolicies:[] IgnoreStrictEnforcement:false} GlobalReads:false NumReplicas:0 NumVoters:0 Constraints:[] VoterConstraints:[] LeasePreferences:[] RangefeedEnabled:false ExcludeDataFromBackup:false}
I260828 12:09:25.092794 1217 spanconfig/spanconfigsqlwatcher/sqlwatcher.go:241  [T1,Vsystem,n1,job=AUTO SPAN CONFIG RECONCILIATION id=1205366177534312449] 269  established range feed over system.descriptors starting at time 1787918965.030867744,0
I260828 12:09:25.093060 1217 spanconfig/spanconfigsqlwatcher/sqlwatcher.go:300  [T1,Vsystem,n1,job=AUTO SPAN CONFIG RECONCILIATION id=1205366177534312449] 270  established range feed over system.zones starting at time 1787918965.030867744,0
I260828 12:09:25.093272 1217 spanconfig/spanconfigsqlwatcher/sqlwatcher.go:401  [T1,Vsystem,n1,job=AUTO SPAN CONFIG RECONCILIATION id=1205366177534312449] 271  established range feed over system.protected_ts_records starting at time 1787918965.030867744,0
I260828 12:09:25.109032 1248 1@jobs/structured_log.go:48  [T1,Vsystem,n1,job=1205366177668104193] 272 ={"Timestamp":1787918965109028463,"EventType":"status_change","JobID":1205366177668104193,"JobType":"MIGRATION","Description":"status changed to: succeeded","PreviousStatus":"running","NewStatus":"succeeded","RunNum":0}
I260828 12:09:25.117783 67 jobs/wait.go:148  [T1,Vsystem,n1] 273  waited for 1 [1205366177668104193] queued jobs to complete 128.352014ms
I260828 12:09:25.117990 67 upgrade/upgrademanager/manager.go:245  [T1,Vsystem,n1] 274  running permanent upgrade for version 0.0-upgrading-step-004
I260828 12:09:25.134096 67 upgrade/upgrademanager/manager.go:723  [T1,Vsystem,n1] 275  running intitialize the cluster
I260828 12:09:25.134851 1531 jobs/adopt.go:224  [T1,Vsystem,n1,job=1205366178179055617] 276  job 1205366178179055617: resuming execution
I260828 12:09:25.142159 1536 jobs/registry.go:1679  [T1,Vsystem,n1,job=1205366178179055617] 277  MIGRATION job 1205366178179055617: stepping through state running
I260828 12:09:25.152220 1536 1@jobs/structured_log.go:48  [T1,Vsystem,n1,job=1205366178179055617] 278 ={"Timestamp":1787918965152217014,"EventType":"status_change","JobID":1205366178179055617,"JobType":"MIGRATION","Description":"status changed to: running","PreviousStatus":"running","NewStatus":"running","RunNum":0}
I260828 12:09:25.153871 1536 upgrade/upgrades/permanent_upgrades.go:77  [T1,Vsystem,n1,job=MIGRATION id=1205366178179055617,upgrade=0.0-upgrading-step-004] 279  executing bootstrap step "add users and roles"
I260828 12:09:25.167351 1536 upgrade/upgrades/permanent_upgrades.go:77  [T1,Vsystem,n1,job=MIGRATION id=1205366178179055617,upgrade=0.0-upgrading-step-004] 280  executing bootstrap step "enable diagnostics reporting"
I260828 12:09:25.168826 1520 1@util/log/event_log.go:39  [T1,Vsystem,n1,job=MIGRATION id=1205366178179055617,upgrade=0.0-upgrading-step-004,intExec=optInToDiagnosticsStatReporting] 281 ={"Timestamp":1787918965167562425,"EventType":"set_cluster_setting","Statement":"SET CLUSTER SETTING \"diagnostics.reporting.enabled\" = true","Tag":"SET CLUSTER SETTING","User":"node","ApplicationName":"$ internal-optInToDiagnosticsStatReporting","SettingName":"diagnostics.reporting.enabled","Value":"true"}
I260828 12:09:25.169034 1536 upgrade/upgrades/permanent_upgrades.go:77  [T1,Vsystem,n1,job=MIGRATION id=1205366178179055617,upgrade=0.0-upgrading-step-004] 282  executing bootstrap step "initialize the cluster.secret setting"
I260828 12:09:25.170454 1536 upgrade/upgrades/permanent_upgrades.go:77  [T1,Vsystem,n1,job=MIGRATION id=1205366178179055617,upgrade=0.0-upgrading-step-004] 283  executing bootstrap step "update system.locations with default location data"
I260828 12:09:25.176806 1536 upgrade/upgrades/permanent_upgrades.go:77  [T1,Vsystem,n1,job=MIGRATION id=1205366178179055617,upgrade=0.0-upgrading-step-004] 284  executing bootstrap step "create default databases"
I260828 12:09:25.180659 1593 sql/schemachanger/scbuild/event_log.go:61  [T1,Vsystem,n1,job=MIGRATION id=1205366178179055617,upgrade=0.0-upgrading-step-004,intExec=create-default-DB] 285  event logging for declarative schema change targets built for CREATE DATABASE
I260828 12:09:25.180795 1593 sql/schemachanger/scplan/plan.go:95  [T1,Vsystem,n1,job=MIGRATION id=1205366178179055617,upgrade=0.0-upgrading-step-004,intExec=create-default-DB] 286  building declarative schema changer plan in StatementPhase (rollback=false) for CREATE DATABASE
I260828 12:09:25.182773 1593 sql/schemachanger/scrun/scrun.go:186  [T1,Vsystem,n1,job=MIGRATION id=1205366178179055617,upgrade=0.0-upgrading-step-004,intExec=create-default-DB] 287  executing declarative schema change StatementPhase stage 1 of 1 with 17 MutationType ops (rollback=false) for CREATE DATABASE
I260828 12:09:25.183101 1593 sql/schemachanger/scplan/plan.go:95  [T1,Vsystem,n1,job=MIGRATION id=1205366178179055617,upgrade=0.0-upgrading-step-004,intExec=create-default-DB] 288  building declarative schema changer plan in PreCommitPhase (rollback=false) for CREATE DATABASE
I260828 12:09:25.184566 1593 sql/schemachanger/scrun/scrun.go:186  [T1,Vsystem,n1,job=MIGRATION id=1205366178179055617,upgrade=0.0-upgrading-step-004,intExec=create-default-DB] 289  executing declarative schema change PreCommitPhase stage 1 of 2 with 1 MutationType op (rollback=false) for CREATE DATABASE
I260828 12:09:25.184612 1593 sql/schemachanger/scrun/scrun.go:186  [T1,Vsystem,n1,job=MIGRATION id=1205366178179055617,upgrade=0.0-upgrading-step-004,intExec=create-default-DB] 290  executing declarative schema change PreCommitPhase stage 2 of 2 with 17 MutationType ops (rollback=false) for CREATE DATABASE
I260828 12:09:25.185573 1593 5@util/log/event_log.go:39  [T1,Vsystem,n1,job=MIGRATION id=1205366178179055617,upgrade=0.0-upgrading-step-004,intExec=create-default-DB] 291 ={"Timestamp":1787918965176971917,"EventType":"create_database","Statement":"CREATE DATABASE IF NOT EXISTS defaultdb OWNER = root","Tag":"CREATE DATABASE","User":"node","DescriptorID":100,"ApplicationName":"$ internal-create-default-DB","DatabaseName":"defaultdb"}
I260828 12:09:25.190583 1620 sql/schemachanger/scbuild/event_log.go:61  [T1,Vsystem,n1,job=MIGRATION id=1205366178179055617,upgrade=0.0-upgrading-step-004,intExec=create-default-DB] 292  event logging for declarative schema change targets built for CREATE DATABASE
I260828 12:09:25.190715 1620 sql/schemachanger/scplan/plan.go:95  [T1,Vsystem,n1,job=MIGRATION id=1205366178179055617,upgrade=0.0-upgrading-step-004,intExec=create-default-DB] 293  building declarative schema changer plan in StatementPhase (rollback=false) for CREATE DATABASE
I260828 12:09:25.192258 1620 sql/schemachanger/scrun/scrun.go:186  [T1,Vsystem,n1,job=MIGRATION id=1205366178179055617,upgrade=0.0-upgrading-step-004,intExec=create-default-DB] 294  executing declarative schema change StatementPhase stage 1 of 1 with 17 MutationType ops (rollback=false) for CREATE DATABASE
I260828 12:09:25.192463 1620 sql/schemachanger/scplan/plan.go:95  [T1,Vsystem,n1,job=MIGRATION id=1205366178179055617,upgrade=0.0-upgrading-step-004,intExec=create-default-DB] 295  building declarative schema changer plan in PreCommitPhase (rollback=false) for CREATE DATABASE
I260828 12:09:25.193770 1620 sql/schemachanger/scrun/scrun.go:186  [T1,Vsystem,n1,job=MIGRATION id=1205366178179055617,upgrade=0.0-upgrading-step-004,intExec=create-default-DB] 296  executing declarative schema change PreCommitPhase stage 1 of 2 with 1 MutationType op (rollback=false) for CREATE DATABASE
I260828 12:09:25.193816 1620 sql/schemachanger/scrun/scrun.go:186  [T1,Vsystem,n1,job=MIGRATION id=1205366178179055617,upgrade=0.0-upgrading-step-004,intExec=create-default-DB] 297  executing declarative schema change PreCommitPhase stage 2 of 2 with 17 MutationType ops (rollback=false) for CREATE DATABASE
I260828 12:09:25.194737 1620 5@util/log/event_log.go:39  [T1,Vsystem,n1,job=MIGRATION id=1205366178179055617,upgrade=0.0-upgrading-step-004,intExec=create-default-DB] 298 ={"Timestamp":1787918965188959236,"EventType":"create_database","Statement":"CREATE DATABASE IF NOT EXISTS postgres OWNER = root","Tag":"CREATE DATABASE","User":"node","DescriptorID":102,"ApplicationName":"$ internal-create-default-DB","DatabaseName":"postgres"}
I260828 12:09:25.195474 1536 upgrade/upgrades/permanent_upgrades.go:77  [T1,Vsystem,n1,job=MIGRATION id=1205366178179055617,upgrade=0.0-upgrading-step-004] 299  executing bootstrap step "create jobs metrics polling job"
I260828 12:09:25.199250 1536 upgrade/upgrades/permanent_upgrades.go:77  [T1,Vsystem,n1,job=MIGRATION id=1205366178179055617,upgrade=0.0-upgrading-step-004] 300  executing bootstrap step "create sql activity updater job"
I260828 12:09:25.202738 1536 upgrade/upgrades/permanent_upgrades.go:77  [T1,Vsystem,n1,job=MIGRATION id=1205366178179055617,upgrade=0.0-upgrading-step-004] 301  executing bootstrap step "create mvcc stats job"
I260828 12:09:25.205962 1536 upgrade/upgrades/permanent_upgrades.go:77  [T1,Vsystem,n1,job=MIGRATION id=1205366178179055617,upgrade=0.0-upgrading-step-004] 302  executing bootstrap step "create update cached table metadata job"
I260828 12:09:25.209402 1536 upgrade/upgrades/permanent_upgrades.go:77  [T1,Vsystem,n1,job=MIGRATION id=1205366178179055617,upgrade=0.0-upgrading-step-004] 303  executing bootstrap step "maybe initialize replication standby read-only catalog"
I260828 12:09:25.210299 1536 jobs/registry.go:1679  [T1,Vsystem,n1,job=1205366178179055617] 304  MIGRATION job 1205366178179055617: stepping through state succeeded
I260828 12:09:25.219792 1536 1@jobs/structured_log.go:48  [T1,Vsystem,n1,job=1205366178179055617] 305 ={"Timestamp":1787918965219790095,"EventType":"status_change","JobID":1205366178179055617,"JobType":"MIGRATION","Description":"status changed to: succeeded","PreviousStatus":"running","NewStatus":"succeeded","RunNum":0}
I260828 12:09:25.227213 67 jobs/wait.go:148  [T1,Vsystem,n1] 306  waited for 1 [1205366178179055617] queued jobs to complete 92.381487ms
I260828 12:09:25.227258 67 server/server_sql.go:1711  [T1,Vsystem,n1] 307  done ensuring all necessary startup migrations have run
I260828 12:09:25.227642 67 server/license/enforcer.go:262  [T1,Vsystem,n1] 308  trial license expiry initialized to 1970-01-01 00:00:00 +0000 UTC
I260828 12:09:25.229701 67 server/license/enforcer.go:293  [T1,Vsystem,n1] 309  generated new cluster init grace period end time: 2026-09-04 12:09:24.746191728 +0000 UTC
I260828 12:09:25.230408 67 server/license/enforcer.go:498  [T1,Vsystem,n1] 310  enforcer license updated: type is none, grace period ends at "2026-09-04 12:09:24 +0000 UTC", telemetry required: false
I260828 12:09:25.230604 67 server/license/enforcer.go:498  [T1,Vsystem,n1] 311  enforcer license updated: type is none, grace period ends at "2026-09-04 12:09:24 +0000 UTC", telemetry required: false
I260828 12:09:25.231116 1779 jobs/job_scheduler.go:407  [T1,Vsystem,n1] 312  waiting 2m0s before scheduled jobs daemon start
I260828 12:09:25.232418 1786 kv/kvclient/rangefeed/rangefeedcache/watcher.go:340  [T1,Vsystem,n1] 313  tenant-settings-watcher: established range feed cache
I260828 12:09:25.232806 1738 kv/kvclient/rangefeed/rangefeedcache/watcher.go:340  [T1,Vsystem,n1] 314  tenant-entry-watcher: established range feed cache
I260828 12:09:25.233193 1738 multitenant/tenantcapabilities/tenantcapabilitieswatcher/watcher.go:285  [T1,Vsystem,n1] 315  received results of a full table scan for tenant capabilities
I260828 12:09:25.233966 1722 sql/syntheticprivilegecache/cache.go:202  [T1,Vsystem,n1] 316  warmed privileges for virtual tables in 6.054282ms
I260828 12:09:25.234630 1784 server/auto_upgrade.go:81  [T1,Vsystem,n1] 317  no need to upgrade, cluster already at the newest version
I260828 12:09:25.236767 67 server/license/enforcer.go:582  [T1,Vsystem,n1] 318  disable all license enforcement
I260828 12:09:25.250781 1760 sql/schemachanger/scbuild/event_log.go:61  [T1,Vsystem,n1,intExec=set-zone] 319  event logging for declarative schema change targets built for CONFIGURE ZONE
I260828 12:09:25.250968 1760 sql/schemachanger/scplan/plan.go:95  [T1,Vsystem,n1,intExec=set-zone] 320  building declarative schema changer plan in StatementPhase (rollback=false) for CONFIGURE ZONE
I260828 12:09:25.251453 1760 sql/schemachanger/scrun/scrun.go:186  [T1,Vsystem,n1,intExec=set-zone] 321  executing declarative schema change StatementPhase stage 1 of 1 with 1 MutationType op (rollback=false) for CONFIGURE ZONE
I260828 12:09:25.251632 1760 sql/schemachanger/scplan/plan.go:95  [T1,Vsystem,n1,intExec=set-zone] 322  building declarative schema changer plan in PreCommitPhase (rollback=false) for CONFIGURE ZONE
I260828 12:09:25.252176 1760 sql/schemachanger/scrun/scrun.go:186  [T1,Vsystem,n1,intExec=set-zone] 323  executing declarative schema change PreCommitPhase stage 1 of 2 with 1 MutationType op (rollback=false) for CONFIGURE ZONE
I260828 12:09:25.252210 1760 sql/schemachanger/scrun/scrun.go:186  [T1,Vsystem,n1,intExec=set-zone] 324  executing declarative schema change PreCommitPhase stage 2 of 2 with 1 MutationType op (rollback=false) for CONFIGURE ZONE
I260828 12:09:25.252970 1760 1@util/log/event_log.go:39  [T1,Vsystem,n1,intExec=set-zone] 325 ={"Timestamp":1787918965250096762,"EventType":"set_zone_config","Statement":"ALTER RANGE default CONFIGURE ZONE USING num_replicas = 1","Tag":"CONFIGURE ZONE","User":"node","ApplicationName":"$ internal-set-zone","Target":"RANGE default","Options":["num_replicas = 1"],"ResolvedOldConfig":"range_min_bytes:134217728 range_max_bytes:536870912 gc:<ttl_seconds:14400 > num_replicas:3 inherited_constraints:false null_voter_constraints_is_empty:true inherited_lease_preferences:false "}
I260828 12:09:25.254360 1806 sql/schemachanger/scbuild/event_log.go:61  [T1,Vsystem,n1,intExec=set-zone] 326  event logging for declarative schema change targets built for CONFIGURE ZONE
I260828 12:09:25.254461 1806 sql/schemachanger/scplan/plan.go:95  [T1,Vsystem,n1,intExec=set-zone] 327  building declarative schema changer plan in StatementPhase (rollback=false) for CONFIGURE ZONE
I260828 12:09:25.255017 1806 sql/schemachanger/scrun/scrun.go:186  [T1,Vsystem,n1,intExec=set-zone] 328  executing declarative schema change StatementPhase stage 1 of 1 with 1 MutationType op (rollback=false) for CONFIGURE ZONE
I260828 12:09:25.255195 1806 sql/schemachanger/scplan/plan.go:95  [T1,Vsystem,n1,intExec=set-zone] 329  building declarative schema changer plan in PreCommitPhase (rollback=false) for CONFIGURE ZONE
I260828 12:09:25.255622 1806 sql/schemachanger/scrun/scrun.go:186  [T1,Vsystem,n1,intExec=set-zone] 330  executing declarative schema change PreCommitPhase stage 1 of 2 with 1 MutationType op (rollback=false) for CONFIGURE ZONE
I260828 12:09:25.255654 1806 sql/schemachanger/scrun/scrun.go:186  [T1,Vsystem,n1,intExec=set-zone] 331  executing declarative schema change PreCommitPhase stage 2 of 2 with 1 MutationType op (rollback=false) for CONFIGURE ZONE
I260828 12:09:25.256265 1806 1@util/log/event_log.go:39  [T1,Vsystem,n1,intExec=set-zone] 332 ={"Timestamp":1787918965253233588,"EventType":"set_zone_config","Statement":"ALTER DATABASE system CONFIGURE ZONE USING num_replicas = 1","Tag":"CONFIGURE ZONE","User":"node","DescriptorID":1,"ApplicationName":"$ internal-set-zone","Target":"DATABASE system","Options":["num_replicas = 1"],"ResolvedOldConfig":"range_min_bytes:134217728 range_max_bytes:536870912 gc:<ttl_seconds:14400 > num_replicas:5 inherited_constraints:false null_voter_constraints_is_empty:true inherited_lease_preferences:false "}
I260828 12:09:25.259251 1863 1@util/log/event_log.go:39  [T1,Vsystem,n1,intExec=set-zone] 333 ={"Timestamp":1787918965256543831,"EventType":"set_zone_config","Statement":"ALTER TABLE system.public.lease CONFIGURE ZONE USING num_replicas = 1","Tag":"CONFIGURE ZONE","User":"node","DescriptorID":11,"ApplicationName":"$ internal-set-zone","Target":"TABLE system.public.lease","Options":["num_replicas = 1"],"ResolvedOldConfig":"range_min_bytes:134217728 range_max_bytes:536870912 gc:<ttl_seconds:600 > num_replicas:1 inherited_constraints:false null_voter_constraints_is_empty:true inherited_lease_preferences:false "}
I260828 12:09:25.260582 1871 sql/schemachanger/scbuild/event_log.go:61  [T1,Vsystem,n1,intExec=set-zone] 334  event logging for declarative schema change targets built for CONFIGURE ZONE
I260828 12:09:25.260756 1871 sql/schemachanger/scplan/plan.go:95  [T1,Vsystem,n1,intExec=set-zone] 335  building declarative schema changer plan in StatementPhase (rollback=false) for CONFIGURE ZONE
I260828 12:09:25.261284 1871 sql/schemachanger/scrun/scrun.go:186  [T1,Vsystem,n1,intExec=set-zone] 336  executing declarative schema change StatementPhase stage 1 of 1 with 1 MutationType op (rollback=false) for CONFIGURE ZONE
I260828 12:09:25.261443 1871 sql/schemachanger/scplan/plan.go:95  [T1,Vsystem,n1,intExec=set-zone] 337  building declarative schema changer plan in PreCommitPhase (rollback=false) for CONFIGURE ZONE
I260828 12:09:25.261954 1871 sql/schemachanger/scrun/scrun.go:186  [T1,Vsystem,n1,intExec=set-zone] 338  executing declarative schema change PreCommitPhase stage 1 of 2 with 1 MutationType op (rollback=false) for CONFIGURE ZONE
I260828 12:09:25.261987 1871 sql/schemachanger/scrun/scrun.go:186  [T1,Vsystem,n1,intExec=set-zone] 339  executing declarative schema change PreCommitPhase stage 2 of 2 with 1 MutationType op (rollback=false) for CONFIGURE ZONE
I260828 12:09:25.262656 1871 1@util/log/event_log.go:39  [T1,Vsystem,n1,intExec=set-zone] 340 ={"Timestamp":1787918965259533347,"EventType":"set_zone_config","Statement":"ALTER RANGE meta CONFIGURE ZONE USING num_replicas = 1","Tag":"CONFIGURE ZONE","User":"node","DescriptorID":16,"ApplicationName":"$ internal-set-zone","Target":"RANGE meta","Options":["num_replicas = 1"],"ResolvedOldConfig":"range_min_bytes:134217728 range_max_bytes:536870912 gc:<ttl_seconds:3600 > num_replicas:5 inherited_constraints:false null_voter_constraints_is_empty:true inherited_lease_preferences:false "}
I260828 12:09:25.264250 1908 sql/schemachanger/scbuild/event_log.go:61  [T1,Vsystem,n1,intExec=set-zone] 341  event logging for declarative schema change targets built for CONFIGURE ZONE
I260828 12:09:25.264364 1908 sql/schemachanger/scplan/plan.go:95  [T1,Vsystem,n1,intExec=set-zone] 342  building declarative schema changer plan in StatementPhase (rollback=false) for CONFIGURE ZONE
I260828 12:09:25.264800 1908 sql/schemachanger/scrun/scrun.go:186  [T1,Vsystem,n1,intExec=set-zone] 343  executing declarative schema change StatementPhase stage 1 of 1 with 1 MutationType op (rollback=false) for CONFIGURE ZONE
I260828 12:09:25.264967 1908 sql/schemachanger/scplan/plan.go:95  [T1,Vsystem,n1,intExec=set-zone] 344  building declarative schema changer plan in PreCommitPhase (rollback=false) for CONFIGURE ZONE
I260828 12:09:25.265394 1908 sql/schemachanger/scrun/scrun.go:186  [T1,Vsystem,n1,intExec=set-zone] 345  executing declarative schema change PreCommitPhase stage 1 of 2 with 1 MutationType op (rollback=false) for CONFIGURE ZONE
I260828 12:09:25.265427 1908 sql/schemachanger/scrun/scrun.go:186  [T1,Vsystem,n1,intExec=set-zone] 346  executing declarative schema change PreCommitPhase stage 2 of 2 with 1 MutationType op (rollback=false) for CONFIGURE ZONE
I260828 12:09:25.266063 1908 1@util/log/event_log.go:39  [T1,Vsystem,n1,intExec=set-zone] 347 ={"Timestamp":1787918965263127563,"EventType":"set_zone_config","Statement":"ALTER RANGE system CONFIGURE ZONE USING num_replicas = 1","Tag":"CONFIGURE ZONE","User":"node","DescriptorID":17,"ApplicationName":"$ internal-set-zone","Target":"RANGE system","Options":["num_replicas = 1"],"ResolvedOldConfig":"range_min_bytes:134217728 range_max_bytes:536870912 gc:<ttl_seconds:14400 > num_replicas:5 inherited_constraints:false null_voter_constraints_is_empty:true inherited_lease_preferences:false "}
I260828 12:09:25.267323 1897 sql/schemachanger/scbuild/event_log.go:61  [T1,Vsystem,n1,intExec=set-zone] 348  event logging for declarative schema change targets built for CONFIGURE ZONE
I260828 12:09:25.267441 1897 sql/schemachanger/scplan/plan.go:95  [T1,Vsystem,n1,intExec=set-zone] 349  building declarative schema changer plan in StatementPhase (rollback=false) for CONFIGURE ZONE
I260828 12:09:25.268052 1897 sql/schemachanger/scrun/scrun.go:186  [T1,Vsystem,n1,intExec=set-zone] 350  executing declarative schema change StatementPhase stage 1 of 1 with 1 MutationType op (rollback=false) for CONFIGURE ZONE
I260828 12:09:25.268217 1897 sql/schemachanger/scplan/plan.go:95  [T1,Vsystem,n1,intExec=set-zone] 351  building declarative schema changer plan in PreCommitPhase (rollback=false) for CONFIGURE ZONE
I260828 12:09:25.268649 1897 sql/schemachanger/scrun/scrun.go:186  [T1,Vsystem,n1,intExec=set-zone] 352  executing declarative schema change PreCommitPhase stage 1 of 2 with 1 MutationType op (rollback=false) for CONFIGURE ZONE
I260828 12:09:25.268687 1897 sql/schemachanger/scrun/scrun.go:186  [T1,Vsystem,n1,intExec=set-zone] 353  executing declarative schema change PreCommitPhase stage 2 of 2 with 1 MutationType op (rollback=false) for CONFIGURE ZONE
I260828 12:09:25.269266 1897 1@util/log/event_log.go:39  [T1,Vsystem,n1,intExec=set-zone] 354 ={"Timestamp":1787918965266329816,"EventType":"set_zone_config","Statement":"ALTER RANGE timeseries CONFIGURE ZONE USING num_replicas = 1","Tag":"CONFIGURE ZONE","User":"node","DescriptorID":18,"ApplicationName":"$ internal-set-zone","Target":"RANGE timeseries","Options":["num_replicas = 1"],"ResolvedOldConfig":"gc:<ttl_seconds:14400 > inherited_constraints:true null_voter_constraints_is_empty:false inherited_lease_preferences:true "}
I260828 12:09:25.270648 1841 sql/schemachanger/scbuild/event_log.go:61  [T1,Vsystem,n1,intExec=set-zone] 355  event logging for declarative schema change targets built for CONFIGURE ZONE
I260828 12:09:25.270775 1841 sql/schemachanger/scplan/plan.go:95  [T1,Vsystem,n1,intExec=set-zone] 356  building declarative schema changer plan in StatementPhase (rollback=false) for CONFIGURE ZONE
I260828 12:09:25.271259 1841 sql/schemachanger/scrun/scrun.go:186  [T1,Vsystem,n1,intExec=set-zone] 357  executing declarative schema change StatementPhase stage 1 of 1 with 1 MutationType op (rollback=false) for CONFIGURE ZONE
I260828 12:09:25.271412 1841 sql/schemachanger/scplan/plan.go:95  [T1,Vsystem,n1,intExec=set-zone] 358  building declarative schema changer plan in PreCommitPhase (rollback=false) for CONFIGURE ZONE
I260828 12:09:25.271828 1841 sql/schemachanger/scrun/scrun.go:186  [T1,Vsystem,n1,intExec=set-zone] 359  executing declarative schema change PreCommitPhase stage 1 of 2 with 1 MutationType op (rollback=false) for CONFIGURE ZONE
I260828 12:09:25.271867 1841 sql/schemachanger/scrun/scrun.go:186  [T1,Vsystem,n1,intExec=set-zone] 360  executing declarative schema change PreCommitPhase stage 2 of 2 with 1 MutationType op (rollback=false) for CONFIGURE ZONE
I260828 12:09:25.272489 1841 1@util/log/event_log.go:39  [T1,Vsystem,n1,intExec=set-zone] 361 ={"Timestamp":1787918965269583025,"EventType":"set_zone_config","Statement":"ALTER RANGE liveness CONFIGURE ZONE USING num_replicas = 1","Tag":"CONFIGURE ZONE","User":"node","DescriptorID":22,"ApplicationName":"$ internal-set-zone","Target":"RANGE liveness","Options":["num_replicas = 1"],"ResolvedOldConfig":"range_min_bytes:134217728 range_max_bytes:536870912 gc:<ttl_seconds:600 > num_replicas:5 inherited_constraints:false null_voter_constraints_is_empty:true inherited_lease_preferences:false "}
I260828 12:09:25.275384 1915 1@util/log/event_log.go:39  [T1,Vsystem,n1,intExec=set-zone] 362 ={"Timestamp":1787918965272754649,"EventType":"set_zone_config","Statement":"ALTER TABLE system.public.replication_constraint_stats CONFIGURE ZONE USING num_replicas = 1","Tag":"CONFIGURE ZONE","User":"node","DescriptorID":25,"ApplicationName":"$ internal-set-zone","Target":"TABLE system.public.replication_constraint_stats","Options":["num_replicas = 1"],"ResolvedOldConfig":"range_min_bytes:134217728 range_max_bytes:536870912 gc:<ttl_seconds:600 > num_replicas:1 inherited_constraints:false null_voter_constraints_is_empty:true inherited_lease_preferences:false "}
I260828 12:09:25.277802 1905 1@util/log/event_log.go:39  [T1,Vsystem,n1,intExec=set-zone] 363 ={"Timestamp":1787918965275658518,"EventType":"set_zone_config","Statement":"ALTER TABLE system.public.replication_stats CONFIGURE ZONE USING num_replicas = 1","Tag":"CONFIGURE ZONE","User":"node","DescriptorID":27,"ApplicationName":"$ internal-set-zone","Target":"TABLE system.public.replication_stats","Options":["num_replicas = 1"],"ResolvedOldConfig":"range_min_bytes:134217728 range_max_bytes:536870912 gc:<ttl_seconds:600 > num_replicas:1 inherited_constraints:false null_voter_constraints_is_empty:true inherited_lease_preferences:false "}
I260828 12:09:25.282318 1935 1@util/log/event_log.go:39  [T1,Vsystem,n1,intExec=set-zone] 364 ={"Timestamp":1787918965278053202,"EventType":"set_zone_config","Statement":"ALTER TABLE system.public.statement_statistics CONFIGURE ZONE USING num_replicas = 1","Tag":"CONFIGURE ZONE","User":"node","DescriptorID":42,"ApplicationName":"$ internal-set-zone","Target":"TABLE system.public.statement_statistics","Options":["num_replicas = 1"],"ResolvedOldConfig":"range_min_bytes:134217728 range_max_bytes:536870912 gc:<ttl_seconds:3600 > num_replicas:1 inherited_constraints:false null_voter_constraints_is_empty:true inherited_lease_preferences:false "}
I260828 12:09:25.286630 1953 1@util/log/event_log.go:39  [T1,Vsystem,n1,intExec=set-zone] 365 ={"Timestamp":1787918965282574020,"EventType":"set_zone_config","Statement":"ALTER TABLE system.public.transaction_statistics CONFIGURE ZONE USING num_replicas = 1","Tag":"CONFIGURE ZONE","User":"node","DescriptorID":43,"ApplicationName":"$ internal-set-zone","Target":"TABLE system.public.transaction_statistics","Options":["num_replicas = 1"],"ResolvedOldConfig":"range_min_bytes:134217728 range_max_bytes:536870912 gc:<ttl_seconds:3600 > num_replicas:1 inherited_constraints:false null_voter_constraints_is_empty:true inherited_lease_preferences:false "}
I260828 12:09:25.289400 1993 1@util/log/event_log.go:39  [T1,Vsystem,n1,intExec=set-zone] 366 ={"Timestamp":1787918965286859126,"EventType":"set_zone_config","Statement":"ALTER TABLE system.public.tenant_usage CONFIGURE ZONE USING num_replicas = 1","Tag":"CONFIGURE ZONE","User":"node","DescriptorID":45,"ApplicationName":"$ internal-set-zone","Target":"TABLE system.public.tenant_usage","Options":["num_replicas = 1"],"ResolvedOldConfig":"range_min_bytes:134217728 range_max_bytes:536870912 gc:<ttl_seconds:7200 > num_replicas:1 inherited_constraints:false null_voter_constraints_is_empty:true inherited_lease_preferences:false "}
I260828 12:09:25.291816 2014 1@util/log/event_log.go:39  [T1,Vsystem,n1,intExec=set-zone] 367 ={"Timestamp":1787918965289697650,"EventType":"set_zone_config","Statement":"ALTER TABLE system.public.span_stats_tenant_boundaries CONFIGURE ZONE USING num_replicas = 1","Tag":"CONFIGURE ZONE","User":"node","DescriptorID":58,"ApplicationName":"$ internal-set-zone","Target":"TABLE system.public.span_stats_tenant_boundaries","Options":["num_replicas = 1"],"ResolvedOldConfig":"range_min_bytes:134217728 range_max_bytes:536870912 gc:<ttl_seconds:3600 > num_replicas:1 inherited_constraints:false null_voter_constraints_is_empty:true inherited_lease_preferences:false "}
I260828 12:09:25.294943 1981 1@util/log/event_log.go:39  [T1,Vsystem,n1,intExec=set-zone] 368 ={"Timestamp":1787918965292058492,"EventType":"set_zone_config","Statement":"ALTER TABLE system.public.statement_activity CONFIGURE ZONE USING num_replicas = 1","Tag":"CONFIGURE ZONE","User":"node","DescriptorID":61,"ApplicationName":"$ internal-set-zone","Target":"TABLE system.public.statement_activity","Options":["num_replicas = 1"],"ResolvedOldConfig":"range_min_bytes:134217728 range_max_bytes:536870912 gc:<ttl_seconds:3600 > num_replicas:1 inherited_constraints:false null_voter_constraints_is_empty:true inherited_lease_preferences:false "}
I260828 12:09:25.297863 1965 1@util/log/event_log.go:39  [T1,Vsystem,n1,intExec=set-zone] 369 ={"Timestamp":1787918965295185632,"EventType":"set_zone_config","Statement":"ALTER TABLE system.public.transaction_activity CONFIGURE ZONE USING num_replicas = 1","Tag":"CONFIGURE ZONE","User":"node","DescriptorID":62,"ApplicationName":"$ internal-set-zone","Target":"TABLE system.public.transaction_activity","Options":["num_replicas = 1"],"ResolvedOldConfig":"range_min_bytes:134217728 range_max_bytes:536870912 gc:<ttl_seconds:3600 > num_replicas:1 inherited_constraints:false null_voter_constraints_is_empty:true inherited_lease_preferences:false "}
I260828 12:09:25.297974 67 1@server/initial_sql.go:47  [T1,Vsystem,n1] 370  Replication was disabled for this cluster.
I260828 12:09:25.297974 67 1@server/initial_sql.go:47  [T1,Vsystem,n1] 370 +When/if adding nodes in the future, update zone configurations to increase the replication factor.
I260828 12:09:25.298015 67 1@server/server_sql.go:1962  [T1,Vsystem,n1] 371  serving sql connections
I260828 12:09:25.298183 67 1@cli/start.go:1294  [T1,Vsystem,n1] 372  node startup completed:
I260828 12:09:25.298183 67 1@cli/start.go:1294  [T1,Vsystem,n1] 372 +CockroachDB node starting at 2026-08-28 12:09:25.298043455 +0000 UTC m=+0.693422831 (took 0.5s)
I260828 12:09:25.298183 67 1@cli/start.go:1294  [T1,Vsystem,n1] 372 +build:               CCL v25.1.6 @ 2025/05/09 15:48:03 (go1.22.8 X:nocoverageredesign)
I260828 12:09:25.298183 67 1@cli/start.go:1294  [T1,Vsystem,n1] 372 +malloc_conf:         prof:false,prof_active:true,background_thread:true,thp:never,metadata_thp:disabled,narenas:16,dirty_decay_ms:2000,muzzy_decay_ms:0
I260828 12:09:25.298183 67 1@cli/start.go:1294  [T1,Vsystem,n1] 372 +webui:               http://127.0.0.1:8080
I260828 12:09:25.298183 67 1@cli/start.go:1294  [T1,Vsystem,n1] 372 +sql:                 postgresql://root@127.0.0.1:26257/defaultdb?sslmode=disable
I260828 12:09:25.298183 67 1@cli/start.go:1294  [T1,Vsystem,n1] 372 +sql (JDBC):          jdbc:postgresql://127.0.0.1:26257/defaultdb?sslmode=disable&user=root
I260828 12:09:25.298183 67 1@cli/start.go:1294  [T1,Vsystem,n1] 372 +RPC client flags:    /cockroach/cockroach <client cmd> --host=127.0.0.1:26257 --insecure
I260828 12:09:25.298183 67 1@cli/start.go:1294  [T1,Vsystem,n1] 372 +logs:                /cockroach/cockroach-data/logs
I260828 12:09:25.298183 67 1@cli/start.go:1294  [T1,Vsystem,n1] 372 +temp dir:            /tmp/cockroach-temp2271624314
I260828 12:09:25.298183 67 1@cli/start.go:1294  [T1,Vsystem,n1] 372 +external I/O path:   <disabled>
I260828 12:09:25.298183 67 1@cli/start.go:1294  [T1,Vsystem,n1] 372 +store[0]:            type=mem,size=1.0 GiB
I260828 12:09:25.298183 67 1@cli/start.go:1294  [T1,Vsystem,n1] 372 +storage engine:      pebble
I260828 12:09:25.298183 67 1@cli/start.go:1294  [T1,Vsystem,n1] 372 +clusterID:           bafa198f-d37b-4a93-a42a-17f35516f580
I260828 12:09:25.298183 67 1@cli/start.go:1294  [T1,Vsystem,n1] 372 +status:              initialized new cluster
I260828 12:09:25.298183 67 1@cli/start.go:1294  [T1,Vsystem,n1] 372 +nodeID:              1
I260828 12:09:25.298619 2022 4@util/log/event_log.go:39  [T1,Vsystem,n1,client=127.0.0.1:58346,hostnossl,user=root] 373 ={"Timestamp":1787918965298616856,"EventType":"client_authentication_ok","InstanceID":1,"Network":"tcp","RemoteAddress":"127.0.0.1:58346","SessionID":"18cff6d37dcb0ec00000000000000001","Transport":"hostnossl","User":"root","SystemIdentity":"root","Method":"insecure"}
I260828 12:09:25.299221 2069 4@util/log/event_log.go:39  [T1,Vsystem,n1,client=[::1]:45706,hostnossl,user=root] 374 ={"Timestamp":1787918965299219825,"EventType":"client_authentication_ok","InstanceID":1,"Network":"tcp","RemoteAddress":"[::1]:45706","SessionID":"18cff6d37dd3cd970000000000000001","Transport":"hostnossl","User":"root","SystemIdentity":"root","Method":"insecure"}
I260828 12:09:25.300388 2067 4@util/log/event_log.go:39  [T1,Vsystem,n1,client=[::1]:45706,hostnossl,user=root] 375 ={"Timestamp":1787918965300385513,"EventType":"client_session_end","InstanceID":1,"Network":"tcp","RemoteAddress":"[::1]:45706","SessionID":"18cff6d37dd3cd970000000000000001","Duration":1442174}
I260828 12:09:25.302932 2066 4@util/log/event_log.go:39  [T1,Vsystem,n1,client=127.0.0.1:58346,hostnossl,user=root] 376 ={"Timestamp":1787918965302930088,"EventType":"client_session_end","InstanceID":1,"Network":"tcp","RemoteAddress":"127.0.0.1:58346","SessionID":"18cff6d37dcb0ec00000000000000001","Duration":4560934}
database "defaultdb" already exists
I260828 12:09:25.533191 2118 4@util/log/event_log.go:39  [T1,Vsystem,n1,client=127.0.0.1:58348,hostnossl,user=root] 377 ={"Timestamp":1787918965533187433,"EventType":"client_authentication_ok","InstanceID":1,"Network":"tcp","RemoteAddress":"127.0.0.1:58348","SessionID":"18cff6d38bc51ad10000000000000001","Transport":"hostnossl","User":"root","SystemIdentity":"root","Method":"insecure"}
I260828 12:09:25.533523 2116 4@util/log/event_log.go:39  [T1,Vsystem,n1,client=127.0.0.1:58348,hostnossl,user=root] 378 ={"Timestamp":1787918965533519914,"EventType":"client_session_end","InstanceID":1,"Network":"tcp","RemoteAddress":"127.0.0.1:58348","SessionID":"18cff6d38bc51ad10000000000000001","Duration":658861}
start running init files from /docker-entrypoint-initdb.d
/cockroach/cockroach.sh: ignoring /docker-entrypoint-initdb.d/*

end running init files from /docker-entrypoint-initdb.d
"${start_node_query[@]}"
I260828 12:09:25.588447 2102 4@util/log/event_log.go:39  [T1,Vsystem,n1,client=[::1]:45714,hostnossl,user=root] 379 ={"Timestamp":1787918965588442480,"EventType":"client_authentication_ok","InstanceID":1,"Network":"tcp","RemoteAddress":"[::1]:45714","SessionID":"18cff6d38f1178320000000000000001","Transport":"hostnossl","User":"root","SystemIdentity":"root","Method":"insecure"}
I260828 12:09:25.590874 2102 sql/schemachanger/scbuild/event_log.go:61  [T1,Vsystem,n1,client=[::1]:45714,hostnossl,user=root] 380  event logging for declarative schema change targets built for CREATE DATABASE
I260828 12:09:25.591052 2102 sql/schemachanger/scplan/plan.go:95  [T1,Vsystem,n1,client=[::1]:45714,hostnossl,user=root] 381  building declarative schema changer plan in StatementPhase (rollback=false) for CREATE DATABASE
I260828 12:09:25.592611 2102 sql/schemachanger/scrun/scrun.go:186  [T1,Vsystem,n1,client=[::1]:45714,hostnossl,user=root] 382  executing declarative schema change StatementPhase stage 1 of 1 with 17 MutationType ops (rollback=false) for CREATE DATABASE
I260828 12:09:25.592848 2102 sql/schemachanger/scplan/plan.go:95  [T1,Vsystem,n1,client=[::1]:45714,hostnossl,user=root] 383  building declarative schema changer plan in PreCommitPhase (rollback=false) for CREATE DATABASE
I260828 12:09:25.594272 2102 sql/schemachanger/scrun/scrun.go:186  [T1,Vsystem,n1,client=[::1]:45714,hostnossl,user=root] 384  executing declarative schema change PreCommitPhase stage 1 of 2 with 1 MutationType op (rollback=false) for CREATE DATABASE
I260828 12:09:25.594319 2102 sql/schemachanger/scrun/scrun.go:186  [T1,Vsystem,n1,client=[::1]:45714,hostnossl,user=root] 385  executing declarative schema change PreCommitPhase stage 2 of 2 with 17 MutationType ops (rollback=false) for CREATE DATABASE
I260828 12:09:25.595251 2102 5@util/log/event_log.go:39  [T1,Vsystem,n1,client=[::1]:45714,hostnossl,user=root] 386 ={"Timestamp":1787918965588761943,"EventType":"create_database","Statement":"CREATE DATABASE IF NOT EXISTS trnm","Tag":"CREATE DATABASE","User":"root","DescriptorID":104,"ApplicationName":"$ cockroach sql","DatabaseName":"trnm"}
I260828 12:09:25.596514 2100 4@util/log/event_log.go:39  [T1,Vsystem,n1,client=[::1]:45714,hostnossl,user=root] 387 ={"Timestamp":1787918965596511629,"EventType":"client_session_end","InstanceID":1,"Network":"tcp","RemoteAddress":"[::1]:45714","SessionID":"18cff6d38f1178320000000000000001","Duration":8314598}
I260828 12:09:25.621085 1780 server/diagnostics/update_checker.go:144  [T1,Vsystem,n1] 388  a new version is available: 26.2.3, details: https://www.cockroachlabs.com/docs/releases/v26.2#v26-2-3
I260828 12:09:25.839764 2153 2@rpc/peer.go:605  [T1,Vsystem,n1,rnode=1,raddr=127.0.0.1:26257,class=default,rpc] 389  connection is now healthy
I260828 12:09:25.839989 2182 2@rpc/peer.go:605  [T1,Vsystem,n1,rnode=1,raddr=127.0.0.1:26257,class=system,rpc] 390  connection is now healthy
I260828 12:09:25.845660 164 1@gossip/gossip.go:1476  [T1,Vsystem,n1] 391  node has connected to cluster via gossip
I260828 12:09:25.845783 164 kv/kvserver/stores.go:280  [T1,Vsystem,n1] 392  wrote 0 node addresses to persistent storage
I260828 12:09:28.311768 2255 4@util/log/event_log.go:39  [T1,Vsystem,n1,client=172.17.0.1:35800,hostnossl,user=root] 393 ={"Timestamp":1787918968311764022,"EventType":"client_authentication_ok","InstanceID":1,"Network":"tcp","RemoteAddress":"172.17.0.1:35800","SessionID":"18cff6d431630f880000000000000001","Transport":"hostnossl","User":"root","SystemIdentity":"root","Method":"insecure"}
I260828 12:09:28.317672 2255 5@util/log/event_log.go:39  [T1,Vsystem,n1,client=172.17.0.1:35800,hostnossl,user=root] 394 ={"Timestamp":1787918968313824980,"EventType":"create_table","Statement":"CREATE TABLE IF NOT EXISTS trnm.public.trnm_schema_migrations (profile STRING NOT NULL, version INT8 NOT NULL, contract_digest BYTES NOT NULL, applied_at TIMESTAMPTZ NOT NULL DEFAULT current_timestamp(), PRIMARY KEY (profile, version), CHECK (version > 0), CHECK (octet_length(contract_digest) = 32))","Tag":"CREATE TABLE","User":"root","DescriptorID":106,"TableName":"trnm.public.trnm_schema_migrations"}
I260828 12:09:28.325559 2255 5@util/log/event_log.go:39  [T1,Vsystem,n1,client=172.17.0.1:35800,hostnossl,user=root] 395 ={"Timestamp":1787918968322317113,"EventType":"create_table","Statement":"CREATE TABLE IF NOT EXISTS trnm.public.trnm_entity_heads (tenant_id UUID NOT NULL, entity_id UUID NOT NULL, revision INT8 NOT NULL, last_sequence INT8 NOT NULL, authority_generation INT8 NOT NULL, state_digest BYTES NOT NULL, updated_at TIMESTAMPTZ NOT NULL DEFAULT current_timestamp(), PRIMARY KEY (tenant_id, entity_id), CHECK (revision >= 0), CHECK (last_sequence >= 0), CHECK (authority_generation > 0), CHECK (octet_length(state_digest) = 32))","Tag":"CREATE TABLE","User":"root","DescriptorID":107,"TableName":"trnm.public.trnm_entity_heads"}
I260828 12:09:28.334379 2255 sql/table.go:205  [T1,Vsystem,n1,client=172.17.0.1:35800,hostnossl,user=root] 396  queued new schema-change job 1205366188718063617 for table 108, mutation 0
I260828 12:09:28.334455 2255 sql/table.go:205  [T1,Vsystem,n1,client=172.17.0.1:35800,hostnossl,user=root] 397  queued new schema-change job 1205366188718325761 for table 107, mutation 0
I260828 12:09:28.346291 2255 5@util/log/event_log.go:39  [T1,Vsystem,n1,client=172.17.0.1:35800,hostnossl,user=root] 398 ={"Timestamp":1787918968328281067,"EventType":"create_table","Statement":"CREATE TABLE IF NOT EXISTS trnm.public.trnm_command_receipts (tenant_id UUID NOT NULL, entity_id UUID NOT NULL, command_id UUID NOT NULL, fingerprint BYTES NOT NULL, committed_revision INT8 NOT NULL, committed_state_digest BYTES NOT NULL, first_sequence INT8, last_sequence INT8 NOT NULL, event_count INT4 NOT NULL, outbox_count INT4 NOT NULL, receipt_bytes BYTES NOT NULL, receipt_digest BYTES NOT NULL, committed_at TIMESTAMPTZ NOT NULL DEFAULT current_timestamp(), PRIMARY KEY (tenant_id, entity_id, command_id), CONSTRAINT trnm_receipt_entity_head_fk FOREIGN KEY (tenant_id, entity_id) REFERENCES trnm.public.trnm_entity_heads (tenant_id, entity_id) ON DELETE RESTRICT, CONSTRAINT trnm_receipt_sequence_shape_ck CHECK ((((event_count = 0) AND (first_sequence IS NULL)) AND (last_sequence >= 0)) OR ((((event_count > 0) AND (first_sequence IS NOT NULL)) AND (first_sequence > 0)) AND (last_sequence = ((first_sequence + event_count) - 1)))), CHECK (octet_length(fingerprint) = 32), CHECK (committed_revision > 0), CHECK (octet_length(committed_state_digest) = 32), CHECK (last_sequence >= 0), CHECK (event_count BETWEEN 0 AND 64), CHECK (outbox_count BETWEEN 0 AND 64), CHECK (octet_length(receipt_digest) = 32))","Tag":"CREATE TABLE","User":"root","DescriptorID":108,"TableName":"trnm.public.trnm_command_receipts"}
I260828 12:09:28.346437 2255 jobs/wait.go:56  [T1,Vsystem,n1,client=172.17.0.1:35800,hostnossl,user=root] 399  waiting for 2 [1205366188718063617 1205366188718325761] queued jobs to complete
I260828 12:09:28.346549 2261 jobs/adopt.go:224  [T1,Vsystem,n1,client=172.17.0.1:35800,hostnossl,user=root,job=1205366188718325761] 400  job 1205366188718325761: resuming execution
I260828 12:09:28.346572 2260 jobs/adopt.go:224  [T1,Vsystem,n1,client=172.17.0.1:35800,hostnossl,user=root,job=1205366188718063617] 401  job 1205366188718063617: resuming execution
I260828 12:09:28.355054 2265 jobs/registry.go:1679  [T1,Vsystem,n1,job=1205366188718063617] 402  SCHEMA CHANGE job 1205366188718063617: stepping through state running
I260828 12:09:28.355059 2343 jobs/registry.go:1679  [T1,Vsystem,n1,job=1205366188718325761] 403  SCHEMA CHANGE job 1205366188718325761: stepping through state running
I260828 12:09:28.361600 2343 1@jobs/structured_log.go:48  [T1,Vsystem,n1,job=1205366188718325761] 404 ={"Timestamp":1787918968361597288,"EventType":"status_change","JobID":1205366188718325761,"JobType":"SCHEMA CHANGE","Description":"status changed to: running","PreviousStatus":"running","NewStatus":"running","RunNum":0}
I260828 12:09:28.361619 2265 1@jobs/structured_log.go:48  [T1,Vsystem,n1,job=1205366188718063617] 405 ={"Timestamp":1787918968361617310,"EventType":"status_change","JobID":1205366188718063617,"JobType":"SCHEMA CHANGE","Description":"status changed to: running","PreviousStatus":"running","NewStatus":"running","RunNum":0}
I260828 12:09:28.363604 2343 sql/schema_changer.go:808  [T1,Vsystem,n1,job=SCHEMA CHANGE id=1205366188718325761,scExec,id=107] 406  schema change on "trnm_entity_heads" (v2) starting execution...
I260828 12:09:28.363888 2265 sql/schema_changer.go:808  [T1,Vsystem,n1,job=SCHEMA CHANGE id=1205366188718063617,scExec,id=108] 407  schema change on "trnm_command_receipts" (v1) starting execution...
I260828 12:09:28.365386 2343 sql/schema_changer.go:1465  [T1,Vsystem,n1,job=SCHEMA CHANGE id=1205366188718325761,scExec,id=107] 408  waiting for a single version...
I260828 12:09:28.366234 2265 sql/schema_changer.go:555  [T1,Vsystem,n1,job=SCHEMA CHANGE id=1205366188718063617,scExec,id=108] 409  making table public
I260828 12:09:28.367117 2343 sql/catalog/lease/lease.go:550  [T1,Vsystem,n1,job=SCHEMA CHANGE id=1205366188718325761,scExec,id=107] 410  all leases have expired at 1787918968.365812707,0: desc=[{trnm_entity_heads 107 1}]
I260828 12:09:28.367175 2343 sql/schema_changer.go:1470  [T1,Vsystem,n1,job=SCHEMA CHANGE id=1205366188718325761,scExec,id=107] 411  waiting for a single version... done (at v 2), took 1.789694ms
I260828 12:09:28.367209 2343 jobs/registry.go:1679  [T1,Vsystem,n1,job=1205366188718325761] 412  SCHEMA CHANGE job 1205366188718325761: stepping through state succeeded
I260828 12:09:28.373894 2265 sql/catalog/lease/lease.go:550  [T1,Vsystem,n1,job=SCHEMA CHANGE id=1205366188718063617,scExec,id=108] 413  all leases have expired at 1787918968.372898224,0: desc=[{trnm_command_receipts 108 1}]
I260828 12:09:28.373956 2265 sql/schema_changer.go:1465  [T1,Vsystem,n1,job=SCHEMA CHANGE id=1205366188718063617,scExec,id=108] 414  waiting for a single version...
I260828 12:09:28.375485 2265 sql/catalog/lease/lease.go:550  [T1,Vsystem,n1,job=SCHEMA CHANGE id=1205366188718063617,scExec,id=108] 415  all leases have expired at 1787918968.374358550,0: desc=[{trnm_command_receipts 108 1}]
I260828 12:09:28.375557 2265 sql/schema_changer.go:1470  [T1,Vsystem,n1,job=SCHEMA CHANGE id=1205366188718063617,scExec,id=108] 416  waiting for a single version... done (at v 2), took 1.600767ms
I260828 12:09:28.375592 2265 jobs/registry.go:1679  [T1,Vsystem,n1,job=1205366188718063617] 417  SCHEMA CHANGE job 1205366188718063617: stepping through state succeeded
I260828 12:09:28.377449 2343 1@jobs/structured_log.go:48  [T1,Vsystem,n1,job=1205366188718325761] 418 ={"Timestamp":1787918968377447930,"EventType":"status_change","JobID":1205366188718325761,"JobType":"SCHEMA CHANGE","Description":"status changed to: succeeded","PreviousStatus":"running","NewStatus":"succeeded","RunNum":0}
I260828 12:09:28.385200 2265 1@jobs/structured_log.go:48  [T1,Vsystem,n1,job=1205366188718063617] 419 ={"Timestamp":1787918968385197207,"EventType":"status_change","JobID":1205366188718063617,"JobType":"SCHEMA CHANGE","Description":"status changed to: succeeded","PreviousStatus":"running","NewStatus":"succeeded","RunNum":0}
I260828 12:09:28.393883 2255 jobs/wait.go:148  [T1,Vsystem,n1,client=172.17.0.1:35800,hostnossl,user=root] 420  waited for 2 [1205366188718063617 1205366188718325761] queued jobs to complete 47.318203ms
I260828 12:09:28.401407 2255 sql/table.go:205  [T1,Vsystem,n1,client=172.17.0.1:35800,hostnossl,user=root] 421  queued new schema-change job 1205366188937707521 for table 109, mutation 0
I260828 12:09:28.401475 2255 sql/table.go:205  [T1,Vsystem,n1,client=172.17.0.1:35800,hostnossl,user=root] 422  queued new schema-change job 1205366188937936897 for table 108, mutation 0
I260828 12:09:28.412050 2255 5@util/log/event_log.go:39  [T1,Vsystem,n1,client=172.17.0.1:35800,hostnossl,user=root] 423 ={"Timestamp":1787918968396404759,"EventType":"create_table","Statement":"CREATE TABLE IF NOT EXISTS trnm.public.trnm_events (tenant_id UUID NOT NULL, entity_id UUID NOT NULL, sequence INT8 NOT NULL, event_id UUID NOT NULL, command_id UUID NOT NULL, payload_digest BYTES NOT NULL, payload_bytes BYTES NOT NULL, recorded_at TIMESTAMPTZ NOT NULL DEFAULT current_timestamp(), PRIMARY KEY (tenant_id, entity_id, sequence), CONSTRAINT trnm_event_identity_uq UNIQUE (tenant_id, entity_id, event_id), CONSTRAINT trnm_event_command_receipt_fk FOREIGN KEY (tenant_id, entity_id, command_id) REFERENCES trnm.public.trnm_command_receipts (tenant_id, entity_id, command_id) ON DELETE RESTRICT, CHECK (sequence > 0), CHECK (octet_length(payload_digest) = 32))","Tag":"CREATE TABLE","User":"root","DescriptorID":109,"TableName":"trnm.public.trnm_events"}
I260828 12:09:28.412184 2255 jobs/wait.go:56  [T1,Vsystem,n1,client=172.17.0.1:35800,hostnossl,user=root] 424  waiting for 2 [1205366188937707521 1205366188937936897] queued jobs to complete
I260828 12:09:28.412259 2491 jobs/adopt.go:224  [T1,Vsystem,n1,client=172.17.0.1:35800,hostnossl,user=root,job=1205366188937707521] 425  job 1205366188937707521: resuming execution
I260828 12:09:28.412572 2490 jobs/adopt.go:224  [T1,Vsystem,n1,client=172.17.0.1:35800,hostnossl,user=root,job=1205366188937936897] 426  job 1205366188937936897: resuming execution
I260828 12:09:28.419810 2430 jobs/registry.go:1679  [T1,Vsystem,n1,job=1205366188937936897] 427  SCHEMA CHANGE job 1205366188937936897: stepping through state running
I260828 12:09:28.419838 2495 jobs/registry.go:1679  [T1,Vsystem,n1,job=1205366188937707521] 428  SCHEMA CHANGE job 1205366188937707521: stepping through state running
I260828 12:09:28.426665 2495 1@jobs/structured_log.go:48  [T1,Vsystem,n1,job=1205366188937707521] 429 ={"Timestamp":1787918968426662352,"EventType":"status_change","JobID":1205366188937707521,"JobType":"SCHEMA CHANGE","Description":"status changed to: running","PreviousStatus":"running","NewStatus":"running","RunNum":0}
I260828 12:09:28.426858 2430 1@jobs/structured_log.go:48  [T1,Vsystem,n1,job=1205366188937936897] 430 ={"Timestamp":1787918968426856179,"EventType":"status_change","JobID":1205366188937936897,"JobType":"SCHEMA CHANGE","Description":"status changed to: running","PreviousStatus":"running","NewStatus":"running","RunNum":0}
I260828 12:09:28.428595 2495 sql/schema_changer.go:808  [T1,Vsystem,n1,job=SCHEMA CHANGE id=1205366188937707521,scExec,id=109] 431  schema change on "trnm_events" (v1) starting execution...
I260828 12:09:28.429161 2430 sql/schema_changer.go:808  [T1,Vsystem,n1,job=SCHEMA CHANGE id=1205366188937936897,scExec,id=108] 432  schema change on "trnm_command_receipts" (v3) starting execution...
I260828 12:09:28.430160 2495 sql/schema_changer.go:555  [T1,Vsystem,n1,job=SCHEMA CHANGE id=1205366188937707521,scExec,id=109] 433  making table public
I260828 12:09:28.431959 2430 sql/schema_changer.go:1465  [T1,Vsystem,n1,job=SCHEMA CHANGE id=1205366188937936897,scExec,id=108] 434  waiting for a single version...
I260828 12:09:28.433817 2430 sql/catalog/lease/lease.go:550  [T1,Vsystem,n1,job=SCHEMA CHANGE id=1205366188937936897,scExec,id=108] 435  all leases have expired at 1787918968.432386142,0: desc=[{trnm_command_receipts 108 2}]
I260828 12:09:28.433874 2430 sql/schema_changer.go:1470  [T1,Vsystem,n1,job=SCHEMA CHANGE id=1205366188937936897,scExec,id=108] 436  waiting for a single version... done (at v 3), took 1.914978ms
I260828 12:09:28.433907 2430 jobs/registry.go:1679  [T1,Vsystem,n1,job=1205366188937936897] 437  SCHEMA CHANGE job 1205366188937936897: stepping through state succeeded
I260828 12:09:28.437072 2495 sql/catalog/lease/lease.go:550  [T1,Vsystem,n1,job=SCHEMA CHANGE id=1205366188937707521,scExec,id=109] 438  all leases have expired at 1787918968.436020909,0: desc=[{trnm_events 109 1}]
I260828 12:09:28.437119 2495 sql/schema_changer.go:1465  [T1,Vsystem,n1,job=SCHEMA CHANGE id=1205366188937707521,scExec,id=109] 439  waiting for a single version...
I260828 12:09:28.438454 2495 sql/catalog/lease/lease.go:550  [T1,Vsystem,n1,job=SCHEMA CHANGE id=1205366188937707521,scExec,id=109] 440  all leases have expired at 1787918968.437487820,0: desc=[{trnm_events 109 1}]
I260828 12:09:28.438526 2495 sql/schema_changer.go:1470  [T1,Vsystem,n1,job=SCHEMA CHANGE id=1205366188937707521,scExec,id=109] 441  waiting for a single version... done (at v 2), took 1.40686ms
I260828 12:09:28.438628 2495 jobs/registry.go:1679  [T1,Vsystem,n1,job=1205366188937707521] 442  SCHEMA CHANGE job 1205366188937707521: stepping through state succeeded
I260828 12:09:28.443846 2430 1@jobs/structured_log.go:48  [T1,Vsystem,n1,job=1205366188937936897] 443 ={"Timestamp":1787918968443843905,"EventType":"status_change","JobID":1205366188937936897,"JobType":"SCHEMA CHANGE","Description":"status changed to: succeeded","PreviousStatus":"running","NewStatus":"succeeded","RunNum":0}
I260828 12:09:28.448052 2495 1@jobs/structured_log.go:48  [T1,Vsystem,n1,job=1205366188937707521] 444 ={"Timestamp":1787918968448051158,"EventType":"status_change","JobID":1205366188937707521,"JobType":"SCHEMA CHANGE","Description":"status changed to: succeeded","PreviousStatus":"running","NewStatus":"succeeded","RunNum":0}
I260828 12:09:28.457271 2255 jobs/wait.go:148  [T1,Vsystem,n1,client=172.17.0.1:35800,hostnossl,user=root] 445  waited for 2 [1205366188937707521 1205366188937936897] queued jobs to complete 45.033216ms
I260828 12:09:28.466341 2255 sql/table.go:205  [T1,Vsystem,n1,client=172.17.0.1:35800,hostnossl,user=root] 446  queued new schema-change job 1205366189150470145 for table 110, mutation 0
I260828 12:09:28.466408 2255 sql/table.go:205  [T1,Vsystem,n1,client=172.17.0.1:35800,hostnossl,user=root] 447  queued new schema-change job 1205366189150699521 for table 108, mutation 0
I260828 12:09:28.479326 2255 5@util/log/event_log.go:39  [T1,Vsystem,n1,client=172.17.0.1:35800,hostnossl,user=root] 448 ={"Timestamp":1787918968459876522,"EventType":"create_table","Statement":"CREATE TABLE IF NOT EXISTS trnm.public.trnm_outbox (tenant_id UUID NOT NULL, intent_id UUID NOT NULL, entity_id UUID NOT NULL, command_id UUID NOT NULL, kind STRING NOT NULL, payload_digest BYTES NOT NULL, payload_bytes BYTES NOT NULL, attempt INT4 NOT NULL DEFAULT 0, lease_generation INT8 NOT NULL DEFAULT 0, state STRING NOT NULL DEFAULT 'pending', lease_owner UUID, lease_expires_at TIMESTAMPTZ, applied_receipt_digest BYTES, dead_letter_reason_digest BYTES, available_at TIMESTAMPTZ NOT NULL DEFAULT current_timestamp(), created_at TIMESTAMPTZ NOT NULL DEFAULT current_timestamp(), updated_at TIMESTAMPTZ NOT NULL DEFAULT current_timestamp(), PRIMARY KEY (tenant_id, intent_id), CONSTRAINT trnm_outbox_command_receipt_fk FOREIGN KEY (tenant_id, entity_id, command_id) REFERENCES trnm.public.trnm_command_receipts (tenant_id, entity_id, command_id) ON DELETE RESTRICT, CONSTRAINT trnm_outbox_applied_digest_ck CHECK ((applied_receipt_digest IS NULL) OR (octet_length(applied_receipt_digest) = 32)), CONSTRAINT trnm_outbox_dead_letter_digest_ck CHECK ((dead_letter_reason_digest IS NULL) OR (octet_length(dead_letter_reason_digest) = 32)), CONSTRAINT trnm_outbox_state_shape_ck CHECK ((((((((state = 'pending') AND (lease_owner IS NULL)) AND (lease_expires_at IS NULL)) AND (applied_receipt_digest IS NULL)) AND (dead_letter_reason_digest IS NULL)) OR ((((((state = 'leased') AND (lease_owner IS NOT NULL)) AND (lease_expires_at IS NOT NULL)) AND (lease_generation > 0)) AND (applied_receipt_digest IS NULL)) AND (dead_letter_reason_digest IS NULL))) OR (((((state = 'applied') AND (lease_owner IS NULL)) AND (lease_expires_at IS NULL)) AND (applied_receipt_digest IS NOT NULL)) AND (dead_letter_reason_digest IS NULL))) OR (((((state = 'dead_letter') AND (lease_owner IS NULL)) AND (lease_expires_at IS NULL)) AND (applied_receipt_digest IS NULL)) AND (dead_letter_reason_digest IS NOT NULL))), CHECK ((kind != '') AND (octet_length(kind) <= 128)), CHECK (octet_length(payload_digest) = 32), CHECK (attempt BETWEEN 0 AND 32), CHECK (lease_generation >= 0), CHECK (state IN ('pending', 'leased', 'applied', 'dead_letter')))","Tag":"CREATE TABLE","User":"root","DescriptorID":110,"TableName":"trnm.public.trnm_outbox"}
I260828 12:09:28.479477 2255 jobs/wait.go:56  [T1,Vsystem,n1,client=172.17.0.1:35800,hostnossl,user=root] 449  waiting for 2 [1205366189150699521 1205366189150470145] queued jobs to complete
I260828 12:09:28.479595 2635 jobs/adopt.go:224  [T1,Vsystem,n1,client=172.17.0.1:35800,hostnossl,user=root,job=1205366189150470145] 450  job 1205366189150470145: resuming execution
I260828 12:09:28.479664 2634 jobs/adopt.go:224  [T1,Vsystem,n1,client=172.17.0.1:35800,hostnossl,user=root,job=1205366189150699521] 451  job 1205366189150699521: resuming execution
I260828 12:09:28.487367 2667 jobs/registry.go:1679  [T1,Vsystem,n1,job=1205366189150470145] 452  SCHEMA CHANGE job 1205366189150470145: stepping through state running
I260828 12:09:28.487387 2677 jobs/registry.go:1679  [T1,Vsystem,n1,job=1205366189150699521] 453  SCHEMA CHANGE job 1205366189150699521: stepping through state running
I260828 12:09:28.493050 2677 1@jobs/structured_log.go:48  [T1,Vsystem,n1,job=1205366189150699521] 454 ={"Timestamp":1787918968493048232,"EventType":"status_change","JobID":1205366189150699521,"JobType":"SCHEMA CHANGE","Description":"status changed to: running","PreviousStatus":"running","NewStatus":"running","RunNum":0}
I260828 12:09:28.493050 2667 1@jobs/structured_log.go:48  [T1,Vsystem,n1,job=1205366189150470145] 455 ={"Timestamp":1787918968493048265,"EventType":"status_change","JobID":1205366189150470145,"JobType":"SCHEMA CHANGE","Description":"status changed to: running","PreviousStatus":"running","NewStatus":"running","RunNum":0}
I260828 12:09:28.496148 2677 sql/schema_changer.go:808  [T1,Vsystem,n1,job=SCHEMA CHANGE id=1205366189150699521,scExec,id=108] 456  schema change on "trnm_command_receipts" (v4) starting execution...
I260828 12:09:28.496570 2667 sql/schema_changer.go:808  [T1,Vsystem,n1,job=SCHEMA CHANGE id=1205366189150470145,scExec,id=110] 457  schema change on "trnm_outbox" (v1) starting execution...
I260828 12:09:28.499547 2677 sql/schema_changer.go:1465  [T1,Vsystem,n1,job=SCHEMA CHANGE id=1205366189150699521,scExec,id=108] 458  waiting for a single version...
I260828 12:09:28.500106 2667 sql/schema_changer.go:555  [T1,Vsystem,n1,job=SCHEMA CHANGE id=1205366189150470145,scExec,id=110] 459  making table public
I260828 12:09:28.501209 2677 sql/catalog/lease/lease.go:550  [T1,Vsystem,n1,job=SCHEMA CHANGE id=1205366189150699521,scExec,id=108] 460  all leases have expired at 1787918968.500007821,0: desc=[{trnm_command_receipts 108 3}]
I260828 12:09:28.501256 2677 sql/schema_changer.go:1470  [T1,Vsystem,n1,job=SCHEMA CHANGE id=1205366189150699521,scExec,id=108] 461  waiting for a single version... done (at v 4), took 1.708242ms
I260828 12:09:28.501290 2677 jobs/registry.go:1679  [T1,Vsystem,n1,job=1205366189150699521] 462  SCHEMA CHANGE job 1205366189150699521: stepping through state succeeded
I260828 12:09:28.512343 2677 1@jobs/structured_log.go:48  [T1,Vsystem,n1,job=1205366189150699521] 463 ={"Timestamp":1787918968512341186,"EventType":"status_change","JobID":1205366189150699521,"JobType":"SCHEMA CHANGE","Description":"status changed to: succeeded","PreviousStatus":"running","NewStatus":"succeeded","RunNum":0}
I260828 12:09:28.513575 2667 sql/catalog/lease/lease.go:550  [T1,Vsystem,n1,job=SCHEMA CHANGE id=1205366189150470145,scExec,id=110] 464  all leases have expired at 1787918968.512606869,0: desc=[{trnm_outbox 110 1}]
I260828 12:09:28.513638 2667 sql/schema_changer.go:1465  [T1,Vsystem,n1,job=SCHEMA CHANGE id=1205366189150470145,scExec,id=110] 465  waiting for a single version...
I260828 12:09:28.514961 2667 sql/catalog/lease/lease.go:550  [T1,Vsystem,n1,job=SCHEMA CHANGE id=1205366189150470145,scExec,id=110] 466  all leases have expired at 1787918968.514052513,0: desc=[{trnm_outbox 110 1}]
I260828 12:09:28.515002 2667 sql/schema_changer.go:1470  [T1,Vsystem,n1,job=SCHEMA CHANGE id=1205366189150470145,scExec,id=110] 467  waiting for a single version... done (at v 2), took 1.362727ms
I260828 12:09:28.515033 2667 jobs/registry.go:1679  [T1,Vsystem,n1,job=1205366189150470145] 468  SCHEMA CHANGE job 1205366189150470145: stepping through state succeeded
I260828 12:09:28.523890 2667 1@jobs/structured_log.go:48  [T1,Vsystem,n1,job=1205366189150470145] 469 ={"Timestamp":1787918968523888772,"EventType":"status_change","JobID":1205366189150470145,"JobType":"SCHEMA CHANGE","Description":"status changed to: succeeded","PreviousStatus":"running","NewStatus":"succeeded","RunNum":0}
I260828 12:09:28.530897 2255 jobs/wait.go:148  [T1,Vsystem,n1,client=172.17.0.1:35800,hostnossl,user=root] 470  waited for 2 [1205366189150699521 1205366189150470145] queued jobs to complete 51.321048ms
I260828 12:09:28.536125 2255 sql/schemachanger/scbuild/event_log.go:61  [T1,Vsystem,n1,client=172.17.0.1:35800,hostnossl,user=root] 471  event logging for declarative schema change targets built for CREATE INDEX
I260828 12:09:28.536251 2255 sql/schemachanger/scplan/plan.go:95  [T1,Vsystem,n1,client=172.17.0.1:35800,hostnossl,user=root] 472  building declarative schema changer plan in StatementPhase (rollback=false) for CREATE INDEX
I260828 12:09:28.539230 2255 sql/schemachanger/scrun/scrun.go:186  [T1,Vsystem,n1,client=172.17.0.1:35800,hostnossl,user=root] 473  executing declarative schema change StatementPhase stage 1 of 1 with 11 MutationType ops (rollback=false) for CREATE INDEX
I260828 12:09:28.540745 2255 sql/schemachanger/scplan/plan.go:95  [T1,Vsystem,n1,client=172.17.0.1:35800,hostnossl,user=root] 474  building declarative schema changer plan in PreCommitPhase (rollback=false) for CREATE INDEX
I260828 12:09:28.543680 2255 sql/schemachanger/scrun/scrun.go:186  [T1,Vsystem,n1,client=172.17.0.1:35800,hostnossl,user=root] 475  executing declarative schema change PreCommitPhase stage 1 of 2 with 1 MutationType op (rollback=false) for CREATE INDEX
I260828 12:09:28.543721 2255 sql/schemachanger/scrun/scrun.go:186  [T1,Vsystem,n1,client=172.17.0.1:35800,hostnossl,user=root] 476  executing declarative schema change PreCommitPhase stage 2 of 2 with 15 MutationType ops (rollback=false) for CREATE INDEX
I260828 12:09:28.545982 2255 sql/index_split_scatter.go:126  [T1,Vsystem,n1,client=172.17.0.1:35800,hostnossl,user=root] 477  making a single split point in tableId=109 index=3
I260828 12:09:28.546562 2255 13@kv/kvserver/replica_command.go:481  [T1,Vsystem,n1,s1,r74/1:/{Table/72-Max},*kvpb.AdminSplitRequest] 478  initiating a split of this range at key /Table/109/3 [r75] (manual)
I260828 12:09:28.547812 2255 13@kv/kvserver/batcheval/cmd_end_transaction.go:1289  [T1,Vsystem,n1,s1,r74/1:/{Table/72-Max}] 479  falling back to accurate stats computation because there are no pre-split LHS stats (or they're empty)
I260828 12:09:28.548591 204 2@kv/kvserver/replica_proposal.go:620  [T1,Vsystem,n1,s1,r74/1:/{Table/72-Max},raft] 480  new range lease repl=(n1,s1):1 seq=1 start=0,0 epo=1 min-exp=0,0 pro=1787918964.902640690,0 acq=Request following repl=(n1,s1):1 seq=1 start=0,0 epo=1 min-exp=0,0 pro=1787918964.902640690,0 acq=Request
I260828 12:09:28.549225 2810 13@kv/kvserver/replicate_queue.go:784  [T1,Vsystem,n1,replicate,s1,r75/1:/{Table/109/3-Max}] 481  error processing replica: 0 of 1 live stores are able to take a new replica for the range (1 already has a voter, 0 already have a non-voter); likely not enough nodes in cluster
I260828 12:09:28.555074 2255 sql/index_split_scatter.go:126  [T1,Vsystem,n1,client=172.17.0.1:35800,hostnossl,user=root] 482  making a single split point in tableId=109 index=4
I260828 12:09:28.555209 2255 13@kv/kvserver/replica_command.go:481  [T1,Vsystem,n1,s1,r75/1:/{Table/109/3-Max},*kvpb.AdminSplitRequest] 483  initiating a split of this range at key /Table/109/4 [r76] (manual)
I260828 12:09:28.556158 2255 13@kv/kvserver/batcheval/cmd_end_transaction.go:1289  [T1,Vsystem,n1,s1,r75/1:/{Table/109/3-Max}] 484  falling back to accurate stats computation because there are no pre-split LHS stats (or they're empty)
I260828 12:09:28.557282 2812 13@kv/kvserver/replicate_queue.go:784  [T1,Vsystem,n1,replicate,s1,r76/1:/{Table/109/4-Max}] 485  error processing replica: 0 of 1 live stores are able to take a new replica for the range (1 already has a voter, 0 already have a non-voter); likely not enough nodes in cluster
I260828 12:09:28.562688 2255 sql/conn_executor_ddl.go:121  [T1,Vsystem,n1,client=172.17.0.1:35800,hostnossl,user=root] 486  queued new schema change job 1205366189388988417 using the new schema changer
I260828 12:09:28.565088 2255 5@util/log/event_log.go:39  [T1,Vsystem,n1,client=172.17.0.1:35800,hostnossl,user=root] 487 ={"Timestamp":1787918968533193440,"EventType":"create_index","Statement":"CREATE INDEX IF NOT EXISTS trnm_events_by_command_idx ON trnm.public.trnm_events (tenant_id, entity_id, command_id, sequence)","Tag":"CREATE INDEX","User":"root","DescriptorID":109,"TableName":"trnm.public.trnm_events","IndexName":"trnm_events_by_command_idx","MutationID":1}
I260828 12:09:28.565281 2255 jobs/wait.go:56  [T1,Vsystem,n1,client=172.17.0.1:35800,hostnossl,user=root] 488  waiting for 1 [1205366189388988417] queued jobs to complete
I260828 12:09:28.565326 2814 jobs/adopt.go:224  [T1,Vsystem,n1,client=172.17.0.1:35800,hostnossl,user=root,job=1205366189388988417] 489  job 1205366189388988417: resuming execution
I260828 12:09:28.572960 2870 jobs/registry.go:1679  [T1,Vsystem,n1,job=1205366189388988417] 490  NEW SCHEMA CHANGE job 1205366189388988417: stepping through state running
I260828 12:09:28.581570 2870 1@jobs/structured_log.go:48  [T1,Vsystem,n1,job=1205366189388988417] 491 ={"Timestamp":1787918968581566673,"EventType":"status_change","JobID":1205366189388988417,"JobType":"NEW SCHEMA CHANGE","Description":"status changed to: running","PreviousStatus":"running","NewStatus":"running","RunNum":0}
I260828 12:09:28.589785 2870 sql/schemachanger/scrun/scrun.go:315  [T1,Vsystem,n1,job=NEW SCHEMA CHANGE id=1205366189388988417] 492  rebuilding declarative schema change state from descriptors [109]
I260828 12:09:28.590000 2870 sql/schemachanger/scplan/plan.go:95  [T1,Vsystem,n1,job=NEW SCHEMA CHANGE id=1205366189388988417] 493  building declarative schema changer plan in PostCommitPhase (rollback=false) for CREATE INDEX
I260828 12:09:28.593281 2870 sql/schemachanger/scrun/scrun.go:186  [T1,Vsystem,n1,job=NEW SCHEMA CHANGE id=1205366189388988417] 494  executing declarative schema change PostCommitPhase stage 1 of 7 with 3 MutationType ops (rollback=false) for CREATE INDEX
I260828 12:09:28.610404 2870 sql/catalog/lease/lease.go:550  [T1,Vsystem,n1,job=NEW SCHEMA CHANGE id=1205366189388988417] 495  all leases have expired at 1787918968.609339278,0: desc=[{trnm_events 109 3}]
I260828 12:09:28.610583 2870 sql/schemachanger/scrun/scrun.go:186  [T1,Vsystem,n1,job=NEW SCHEMA CHANGE id=1205366189388988417] 496  executing declarative schema change PostCommitPhase stage 2 of 7 with 1 BackfillType op (rollback=false) for CREATE INDEX
I260828 12:09:28.612403 2870 sql/schemachanger/scexec/backfiller/tracker.go:258  [T1,Vsystem,n1,job=NEW SCHEMA CHANGE id=1205366189388988417] 497  writing 1 backfill checkpoints and 0 merge checkpoints
I260828 12:09:28.620125 2870 sql/schemachanger/scexec/backfiller/tracker.go:227  [T1,Vsystem,n1,job=NEW SCHEMA CHANGE id=1205366189388988417] 498  backfill fraction completed is 1.000 / 1.000
I260828 12:09:28.627481 2870 sql/schemachanger/scexec/backfiller/tracker.go:258  [T1,Vsystem,n1,job=NEW SCHEMA CHANGE id=1205366189388988417] 499  writing 1 backfill checkpoints and 0 merge checkpoints
I260828 12:09:28.636518 2870 sql/schemachanger/scrun/scrun.go:186  [T1,Vsystem,n1,job=NEW SCHEMA CHANGE id=1205366189388988417] 500  executing declarative schema change PostCommitPhase stage 3 of 7 with 3 MutationType ops (rollback=false) for CREATE INDEX
I260828 12:09:28.653453 2870 sql/catalog/lease/lease.go:550  [T1,Vsystem,n1,job=NEW SCHEMA CHANGE id=1205366189388988417] 501  all leases have expired at 1787918968.652428376,0: desc=[{trnm_events 109 4}]
I260828 12:09:28.653634 2870 sql/schemachanger/scrun/scrun.go:186  [T1,Vsystem,n1,job=NEW SCHEMA CHANGE id=1205366189388988417] 502  executing declarative schema change PostCommitPhase stage 4 of 7 with 3 MutationType ops (rollback=false) for CREATE INDEX
I260828 12:09:28.669880 2870 sql/catalog/lease/lease.go:550  [T1,Vsystem,n1,job=NEW SCHEMA CHANGE id=1205366189388988417] 503  all leases have expired at 1787918968.668888892,0: desc=[{trnm_events 109 5}]
I260828 12:09:28.670042 2870 sql/schemachanger/scrun/scrun.go:186  [T1,Vsystem,n1,job=NEW SCHEMA CHANGE id=1205366189388988417] 504  executing declarative schema change PostCommitPhase stage 5 of 7 with 1 BackfillType op (rollback=false) for CREATE INDEX
I260828 12:09:28.671473 3061 sql/backfill.go:2994  [T1,Vsystem,n1,job=NEW SCHEMA CHANGE id=1205366189388988417] 505  merging all keys in temporary index before time 1787918969.171453674,0
I260828 12:09:29.172890 2870 sql/schemachanger/scrun/scrun.go:186  [T1,Vsystem,n1,job=NEW SCHEMA CHANGE id=1205366189388988417] 506  executing declarative schema change PostCommitPhase stage 6 of 7 with 4 MutationType ops (rollback=false) for CREATE INDEX
I260828 12:09:29.202709 2870 sql/catalog/lease/lease.go:550  [T1,Vsystem,n1,job=NEW SCHEMA CHANGE id=1205366189388988417] 507  all leases have expired at 1787918969.201670340,0: desc=[{trnm_events 109 6}]
I260828 12:09:29.202887 2870 sql/schemachanger/scrun/scrun.go:186  [T1,Vsystem,n1,job=NEW SCHEMA CHANGE id=1205366189388988417] 508  executing declarative schema change PostCommitPhase stage 7 of 7 with 1 ValidationType op (rollback=false) for CREATE INDEX
I260828 12:09:29.206451 3124 sql/backfill.go:1892  [T1,Vsystem,n1,job=NEW SCHEMA CHANGE id=1205366189388988417] 509  validation: index trnm_events/trnm_events_by_command_idx row count = 0, time so far 1.966925ms
I260828 12:09:29.206915 3125 sql/backfill.go:1947  [T1,Vsystem,n1,job=NEW SCHEMA CHANGE id=1205366189388988417] 510  validation: table trnm_events row count = 0, took 2.420363ms
I260828 12:09:29.207184 2870 sql/schemachanger/scrun/scrun.go:186  [T1,Vsystem,n1,job=NEW SCHEMA CHANGE id=1205366189388988417] 511  executing declarative schema change PostCommitNonRevertiblePhase stage 1 of 1 with 10 MutationType ops (rollback=false) for CREATE INDEX
I260828 12:09:29.227746 2870 5@util/log/event_log.go:39  [T1,Vsystem,n1,job=NEW SCHEMA CHANGE id=1205366189388988417] 512 ={"Timestamp":1787918969207094086,"EventType":"finish_schema_change","InstanceID":1,"DescriptorID":109,"LatencyNanos":651048599}
I260828 12:09:29.230344 2870 sql/catalog/lease/lease.go:550  [T1,Vsystem,n1,job=NEW SCHEMA CHANGE id=1205366189388988417] 513  all leases have expired at 1787918969.229070293,0: desc=[{trnm_events 109 7}]
I260828 12:09:29.230596 3168 jobs/adopt.go:224  [T1,Vsystem,n1,job=1205366191586148353] 514  job 1205366191586148353: resuming execution
I260828 12:09:29.232010 2870 jobs/registry.go:1679  [T1,Vsystem,n1,job=1205366189388988417] 515  NEW SCHEMA CHANGE job 1205366189388988417: stepping through state succeeded
I260828 12:09:29.236744 3136 jobs/registry.go:1679  [T1,Vsystem,n1,job=1205366191586148353] 516  SCHEMA CHANGE GC job 1205366191586148353: stepping through state running
I260828 12:09:29.244008 3136 1@jobs/structured_log.go:48  [T1,Vsystem,n1,job=1205366191586148353] 517 ={"Timestamp":1787918969244004896,"EventType":"status_change","JobID":1205366191586148353,"JobType":"SCHEMA CHANGE GC","Description":"status changed to: running","PreviousStatus":"running","NewStatus":"running","RunNum":0}
I260828 12:09:29.245533 2870 1@jobs/structured_log.go:48  [T1,Vsystem,n1,job=1205366189388988417] 518 ={"Timestamp":1787918969245530166,"EventType":"status_change","JobID":1205366189388988417,"JobType":"NEW SCHEMA CHANGE","Description":"status changed to: succeeded","PreviousStatus":"running","NewStatus":"succeeded","RunNum":0}
I260828 12:09:29.254154 2255 jobs/wait.go:148  [T1,Vsystem,n1,client=172.17.0.1:35800,hostnossl,user=root] 519  waited for 1 [1205366189388988417] queued jobs to complete 688.826097ms
I260828 12:09:29.260796 2255 sql/schemachanger/scbuild/event_log.go:61  [T1,Vsystem,n1,client=172.17.0.1:35800,hostnossl,user=root] 520  event logging for declarative schema change targets built for CREATE INDEX
I260828 12:09:29.260954 2255 sql/schemachanger/scplan/plan.go:95  [T1,Vsystem,n1,client=172.17.0.1:35800,hostnossl,user=root] 521  building declarative schema changer plan in StatementPhase (rollback=false) for CREATE INDEX
I260828 12:09:29.263918 2255 sql/schemachanger/scrun/scrun.go:186  [T1,Vsystem,n1,client=172.17.0.1:35800,hostnossl,user=root] 522  executing declarative schema change StatementPhase stage 1 of 1 with 11 MutationType ops (rollback=false) for CREATE INDEX
I260828 12:09:29.268809 3136 sql/gcjob/gc_job_utils.go:273  [T1,Vsystem,n1,job=SCHEMA CHANGE GC id=1205366191586148353] 523  updated progress status: waiting for GC TTL, payload: indexes:<index_id:4 > ranges_unsplit_done:true 
I260828 12:09:29.269877 2255 sql/schemachanger/scplan/plan.go:95  [T1,Vsystem,n1,client=172.17.0.1:35800,hostnossl,user=root] 524  building declarative schema changer plan in PreCommitPhase (rollback=false) for CREATE INDEX
I260828 12:09:29.272876 2255 sql/schemachanger/scrun/scrun.go:186  [T1,Vsystem,n1,client=172.17.0.1:35800,hostnossl,user=root] 525  executing declarative schema change PreCommitPhase stage 1 of 2 with 1 MutationType op (rollback=false) for CREATE INDEX
I260828 12:09:29.272926 2255 sql/schemachanger/scrun/scrun.go:186  [T1,Vsystem,n1,client=172.17.0.1:35800,hostnossl,user=root] 526  executing declarative schema change PreCommitPhase stage 2 of 2 with 15 MutationType ops (rollback=false) for CREATE INDEX
I260828 12:09:29.279961 3136 sql/gcjob/gc_job_utils.go:273  [T1,Vsystem,n1,job=SCHEMA CHANGE GC id=1205366191586148353] 527  updated progress status: deleting data, payload: indexes:<index_id:4 > ranges_unsplit_done:true 
I260828 12:09:29.280021 3136 sql/schema_changer.go:1465  [T1,Vsystem,n1,job=SCHEMA CHANGE GC id=1205366191586148353] 528  waiting for a single version...
I260828 12:09:29.281854 3136 sql/catalog/lease/lease.go:550  [T1,Vsystem,n1,job=SCHEMA CHANGE GC id=1205366191586148353] 529  all leases have expired at 1787918969.280546424,0: desc=[{trnm_events 109 7}]
I260828 12:09:29.281906 3136 sql/schema_changer.go:1470  [T1,Vsystem,n1,job=SCHEMA CHANGE GC id=1205366191586148353] 530  waiting for a single version... done (at v 8), took 1.884311ms
I260828 12:09:29.281933 3136 sql/gcjob/index_garbage_collection.go:165  [T1,Vsystem,n1,job=SCHEMA CHANGE GC id=1205366191586148353] 531  clearing index 4 from table 109
I260828 12:09:29.281931 2255 sql/index_split_scatter.go:126  [T1,Vsystem,n1,client=172.17.0.1:35800,hostnossl,user=root] 532  making a single split point in tableId=110 index=2
I260828 12:09:29.282021 2255 13@kv/kvserver/replica_command.go:481  [T1,Vsystem,n1,s1,r76/1:/{Table/109/4-Max},*kvpb.AdminSplitRequest] 533  initiating a split of this range at key /Table/110/2 [r77] (manual)
I260828 12:09:29.282225 3136 sql/gcjob/gc_job_utils.go:53  [T1,Vsystem,n1,job=SCHEMA CHANGE GC id=1205366191586148353] 534  marked index 4 as GC'd
I260828 12:09:29.283019 2255 13@kv/kvserver/batcheval/cmd_end_transaction.go:1289  [T1,Vsystem,n1,s1,r76/1:/{Table/109/4-Max}] 535  falling back to accurate stats computation because there are no pre-split LHS stats (or they're empty)
I260828 12:09:29.283950 3274 13@kv/kvserver/replicate_queue.go:784  [T1,Vsystem,n1,replicate,s1,r77/1:/{Table/110/2-Max}] 536  error processing replica: 0 of 1 live stores are able to take a new replica for the range (1 already has a voter, 0 already have a non-voter); likely not enough nodes in cluster
I260828 12:09:29.289794 2255 sql/index_split_scatter.go:126  [T1,Vsystem,n1,client=172.17.0.1:35800,hostnossl,user=root] 537  making a single split point in tableId=110 index=3
I260828 12:09:29.289903 2255 13@kv/kvserver/replica_command.go:481  [T1,Vsystem,n1,s1,r77/1:/{Table/110/2-Max},*kvpb.AdminSplitRequest] 538  initiating a split of this range at key /Table/110/3 [r78] (manual)
I260828 12:09:29.290566 3136 sql/gcjob/gc_job_utils.go:273  [T1,Vsystem,n1,job=SCHEMA CHANGE GC id=1205366191586148353] 539  updated progress status: waiting for MVCC GC, payload: indexes:<index_id:4 status:WAITING_FOR_MVCC_GC > ranges_unsplit_done:true 
I260828 12:09:29.290802 2255 13@kv/kvserver/batcheval/cmd_end_transaction.go:1289  [T1,Vsystem,n1,s1,r77/1:/{Table/110/2-Max}] 540  falling back to accurate stats computation because there are no pre-split LHS stats (or they're empty)
I260828 12:09:29.291961 3280 13@kv/kvserver/replicate_queue.go:784  [T1,Vsystem,n1,replicate,s1,r78/1:/{Table/110/3-Max}] 541  error processing replica: 0 of 1 live stores are able to take a new replica for the range (1 already has a voter, 0 already have a non-voter); likely not enough nodes in cluster
I260828 12:09:29.296782 2255 sql/conn_executor_ddl.go:121  [T1,Vsystem,n1,client=172.17.0.1:35800,hostnossl,user=root] 542  queued new schema change job 1205366191763685377 using the new schema changer
I260828 12:09:29.300309 2255 5@util/log/event_log.go:39  [T1,Vsystem,n1,client=172.17.0.1:35800,hostnossl,user=root] 543 ={"Timestamp":1787918969254958713,"EventType":"create_index","Statement":"CREATE INDEX IF NOT EXISTS trnm_outbox_by_command_idx ON trnm.public.trnm_outbox (tenant_id, entity_id, command_id, intent_id)","Tag":"CREATE INDEX","User":"root","DescriptorID":110,"TableName":"trnm.public.trnm_outbox","IndexName":"trnm_outbox_by_command_idx","MutationID":1}
I260828 12:09:29.300496 2255 jobs/wait.go:56  [T1,Vsystem,n1,client=172.17.0.1:35800,hostnossl,user=root] 544  waiting for 1 [1205366191763685377] queued jobs to complete
I260828 12:09:29.300635 3341 jobs/adopt.go:224  [T1,Vsystem,n1,client=172.17.0.1:35800,hostnossl,user=root,job=1205366191763685377] 545  job 1205366191763685377: resuming execution
I260828 12:09:29.308420 3366 jobs/registry.go:1679  [T1,Vsystem,n1,job=1205366191763685377] 546  NEW SCHEMA CHANGE job 1205366191763685377: stepping through state running
I260828 12:09:29.316848 3366 1@jobs/structured_log.go:48  [T1,Vsystem,n1,job=1205366191763685377] 547 ={"Timestamp":1787918969316846874,"EventType":"status_change","JobID":1205366191763685377,"JobType":"NEW SCHEMA CHANGE","Description":"status changed to: running","PreviousStatus":"running","NewStatus":"running","RunNum":0}
I260828 12:09:29.326788 3366 sql/schemachanger/scrun/scrun.go:315  [T1,Vsystem,n1,job=NEW SCHEMA CHANGE id=1205366191763685377] 548  rebuilding declarative schema change state from descriptors [110]
I260828 12:09:29.326995 3366 sql/schemachanger/scplan/plan.go:95  [T1,Vsystem,n1,job=NEW SCHEMA CHANGE id=1205366191763685377] 549  building declarative schema changer plan in PostCommitPhase (rollback=false) for CREATE INDEX
I260828 12:09:29.330189 3366 sql/schemachanger/scrun/scrun.go:186  [T1,Vsystem,n1,job=NEW SCHEMA CHANGE id=1205366191763685377] 550  executing declarative schema change PostCommitPhase stage 1 of 7 with 3 MutationType ops (rollback=false) for CREATE INDEX
I260828 12:09:29.351200 3366 sql/catalog/lease/lease.go:550  [T1,Vsystem,n1,job=NEW SCHEMA CHANGE id=1205366191763685377] 551  all leases have expired at 1787918969.350167926,0: desc=[{trnm_outbox 110 3}]
I260828 12:09:29.351351 3366 sql/schemachanger/scrun/scrun.go:186  [T1,Vsystem,n1,job=NEW SCHEMA CHANGE id=1205366191763685377] 552  executing declarative schema change PostCommitPhase stage 2 of 7 with 1 BackfillType op (rollback=false) for CREATE INDEX
I260828 12:09:29.354120 3366 sql/schemachanger/scexec/backfiller/tracker.go:258  [T1,Vsystem,n1,job=NEW SCHEMA CHANGE id=1205366191763685377] 553  writing 1 backfill checkpoints and 0 merge checkpoints
I260828 12:09:29.360346 3366 sql/schemachanger/scexec/backfiller/tracker.go:227  [T1,Vsystem,n1,job=NEW SCHEMA CHANGE id=1205366191763685377] 554  backfill fraction completed is 1.000 / 1.000
I260828 12:09:29.367882 3366 sql/schemachanger/scexec/backfiller/tracker.go:258  [T1,Vsystem,n1,job=NEW SCHEMA CHANGE id=1205366191763685377] 555  writing 1 backfill checkpoints and 0 merge checkpoints
I260828 12:09:29.377087 3366 sql/schemachanger/scrun/scrun.go:186  [T1,Vsystem,n1,job=NEW SCHEMA CHANGE id=1205366191763685377] 556  executing declarative schema change PostCommitPhase stage 3 of 7 with 3 MutationType ops (rollback=false) for CREATE INDEX
I260828 12:09:29.397946 3366 sql/catalog/lease/lease.go:550  [T1,Vsystem,n1,job=NEW SCHEMA CHANGE id=1205366191763685377] 557  all leases have expired at 1787918969.396933158,0: desc=[{trnm_outbox 110 4}]
I260828 12:09:29.398097 3366 sql/schemachanger/scrun/scrun.go:186  [T1,Vsystem,n1,job=NEW SCHEMA CHANGE id=1205366191763685377] 558  executing declarative schema change PostCommitPhase stage 4 of 7 with 3 MutationType ops (rollback=false) for CREATE INDEX
I260828 12:09:29.419625 3366 sql/catalog/lease/lease.go:550  [T1,Vsystem,n1,job=NEW SCHEMA CHANGE id=1205366191763685377] 559  all leases have expired at 1787918969.418581679,0: desc=[{trnm_outbox 110 5}]
I260828 12:09:29.419787 3366 sql/schemachanger/scrun/scrun.go:186  [T1,Vsystem,n1,job=NEW SCHEMA CHANGE id=1205366191763685377] 560  executing declarative schema change PostCommitPhase stage 5 of 7 with 1 BackfillType op (rollback=false) for CREATE INDEX
I260828 12:09:29.422461 3554 sql/backfill.go:2994  [T1,Vsystem,n1,job=NEW SCHEMA CHANGE id=1205366191763685377] 561  merging all keys in temporary index before time 1787918969.922438330,0
I260828 12:09:29.923808 3366 sql/schemachanger/scrun/scrun.go:186  [T1,Vsystem,n1,job=NEW SCHEMA CHANGE id=1205366191763685377] 562  executing declarative schema change PostCommitPhase stage 6 of 7 with 4 MutationType ops (rollback=false) for CREATE INDEX
I260828 12:09:29.945855 3366 sql/catalog/lease/lease.go:550  [T1,Vsystem,n1,job=NEW SCHEMA CHANGE id=1205366191763685377] 563  all leases have expired at 1787918969.944835926,0: desc=[{trnm_outbox 110 6}]
I260828 12:09:29.946036 3366 sql/schemachanger/scrun/scrun.go:186  [T1,Vsystem,n1,job=NEW SCHEMA CHANGE id=1205366191763685377] 564  executing declarative schema change PostCommitPhase stage 7 of 7 with 1 ValidationType op (rollback=false) for CREATE INDEX
I260828 12:09:29.951193 3616 sql/backfill.go:1947  [T1,Vsystem,n1,job=NEW SCHEMA CHANGE id=1205366191763685377] 565  validation: table trnm_outbox row count = 0, took 2.480369ms
I260828 12:09:29.951487 3615 sql/backfill.go:1892  [T1,Vsystem,n1,job=NEW SCHEMA CHANGE id=1205366191763685377] 566  validation: index trnm_outbox/trnm_outbox_by_command_idx row count = 0, time so far 2.753371ms
I260828 12:09:29.951665 3366 sql/schemachanger/scrun/scrun.go:186  [T1,Vsystem,n1,job=NEW SCHEMA CHANGE id=1205366191763685377] 567  executing declarative schema change PostCommitNonRevertiblePhase stage 1 of 1 with 10 MutationType ops (rollback=false) for CREATE INDEX
I260828 12:09:29.976552 3366 5@util/log/event_log.go:39  [T1,Vsystem,n1,job=NEW SCHEMA CHANGE id=1205366191763685377] 568 ={"Timestamp":1787918969951598349,"EventType":"finish_schema_change","InstanceID":1,"DescriptorID":110,"LatencyNanos":662829987}
I260828 12:09:29.978749 3366 sql/catalog/lease/lease.go:550  [T1,Vsystem,n1,job=NEW SCHEMA CHANGE id=1205366191763685377] 569  all leases have expired at 1787918969.977348485,0: desc=[{trnm_outbox 110 7}]
I260828 12:09:29.978981 3623 jobs/adopt.go:224  [T1,Vsystem,n1,job=1205366194035654657] 570  job 1205366194035654657: resuming execution
I260828 12:09:29.980846 3366 jobs/registry.go:1679  [T1,Vsystem,n1,job=1205366191763685377] 571  NEW SCHEMA CHANGE job 1205366191763685377: stepping through state succeeded
I260828 12:09:29.984381 3701 jobs/registry.go:1679  [T1,Vsystem,n1,job=1205366194035654657] 572  SCHEMA CHANGE GC job 1205366194035654657: stepping through state running
I260828 12:09:29.989270 199 3@pebble/event.go:1001  [n1,s1,pebble] 573  [JOB 6] WAL created 000007
I260828 12:09:29.990645 3701 1@jobs/structured_log.go:48  [T1,Vsystem,n1,job=1205366194035654657] 574 ={"Timestamp":1787918969990643176,"EventType":"status_change","JobID":1205366194035654657,"JobType":"SCHEMA CHANGE GC","Description":"status changed to: running","PreviousStatus":"running","NewStatus":"running","RunNum":0}
I260828 12:09:29.991940 3366 1@jobs/structured_log.go:48  [T1,Vsystem,n1,job=1205366191763685377] 575 ={"Timestamp":1787918969991939046,"EventType":"status_change","JobID":1205366191763685377,"JobType":"NEW SCHEMA CHANGE","Description":"status changed to: succeeded","PreviousStatus":"running","NewStatus":"succeeded","RunNum":0}
I260828 12:09:29.999029 2255 jobs/wait.go:148  [T1,Vsystem,n1,client=172.17.0.1:35800,hostnossl,user=root] 576  waited for 1 [1205366191763685377] queued jobs to complete 698.430111ms
I260828 12:09:30.006030 2255 sql/schemachanger/scbuild/event_log.go:61  [T1,Vsystem,n1,client=172.17.0.1:35800,hostnossl,user=root] 577  event logging for declarative schema change targets built for CREATE INDEX
I260828 12:09:30.006212 2255 sql/schemachanger/scplan/plan.go:95  [T1,Vsystem,n1,client=172.17.0.1:35800,hostnossl,user=root] 578  building declarative schema changer plan in StatementPhase (rollback=false) for CREATE INDEX
I260828 12:09:30.009282 2255 sql/schemachanger/scrun/scrun.go:186  [T1,Vsystem,n1,client=172.17.0.1:35800,hostnossl,user=root] 579  executing declarative schema change StatementPhase stage 1 of 1 with 11 MutationType ops (rollback=false) for CREATE INDEX
I260828 12:09:30.013223 3701 sql/gcjob/gc_job_utils.go:273  [T1,Vsystem,n1,job=SCHEMA CHANGE GC id=1205366194035654657] 580  updated progress status: waiting for GC TTL, payload: indexes:<index_id:3 > ranges_unsplit_done:true 
I260828 12:09:30.015044 2255 sql/schemachanger/scplan/plan.go:95  [T1,Vsystem,n1,client=172.17.0.1:35800,hostnossl,user=root] 581  building declarative schema changer plan in PreCommitPhase (rollback=false) for CREATE INDEX
I260828 12:09:30.017873 2255 sql/schemachanger/scrun/scrun.go:186  [T1,Vsystem,n1,client=172.17.0.1:35800,hostnossl,user=root] 582  executing declarative schema change PreCommitPhase stage 1 of 2 with 1 MutationType op (rollback=false) for CREATE INDEX
I260828 12:09:30.017915 2255 sql/schemachanger/scrun/scrun.go:186  [T1,Vsystem,n1,client=172.17.0.1:35800,hostnossl,user=root] 583  executing declarative schema change PreCommitPhase stage 2 of 2 with 15 MutationType ops (rollback=false) for CREATE INDEX
I260828 12:09:30.025379 3701 sql/gcjob/gc_job_utils.go:273  [T1,Vsystem,n1,job=SCHEMA CHANGE GC id=1205366194035654657] 584  updated progress status: deleting data, payload: indexes:<index_id:3 > ranges_unsplit_done:true 
I260828 12:09:30.025440 3701 sql/schema_changer.go:1465  [T1,Vsystem,n1,job=SCHEMA CHANGE GC id=1205366194035654657] 585  waiting for a single version...
I260828 12:09:30.026663 2255 sql/index_split_scatter.go:126  [T1,Vsystem,n1,client=172.17.0.1:35800,hostnossl,user=root] 586  making a single split point in tableId=110 index=4
I260828 12:09:30.026763 2255 13@kv/kvserver/replica_command.go:481  [T1,Vsystem,n1,s1,r78/1:/{Table/110/3-Max},*kvpb.AdminSplitRequest] 587  initiating a split of this range at key /Table/110/4 [r79] (manual)
I260828 12:09:30.027375 3701 sql/catalog/lease/lease.go:550  [T1,Vsystem,n1,job=SCHEMA CHANGE GC id=1205366194035654657] 588  all leases have expired at 1787918970.025971319,0: desc=[{trnm_outbox 110 7}]
I260828 12:09:30.027429 3701 sql/schema_changer.go:1470  [T1,Vsystem,n1,job=SCHEMA CHANGE GC id=1205366194035654657] 589  waiting for a single version... done (at v 8), took 1.988916ms
I260828 12:09:30.027457 3701 sql/gcjob/index_garbage_collection.go:165  [T1,Vsystem,n1,job=SCHEMA CHANGE GC id=1205366194035654657] 590  clearing index 3 from table 110
I260828 12:09:30.027659 2255 13@kv/kvserver/batcheval/cmd_end_transaction.go:1289  [T1,Vsystem,n1,s1,r78/1:/{Table/110/3-Max}] 591  falling back to accurate stats computation because there are no pre-split LHS stats (or they're empty)
I260828 12:09:30.028228 207 2@kv/kvserver/replica_proposal.go:620  [T1,Vsystem,n1,s1,r78/1:/{Table/110/3-Max},raft] 592  new range lease repl=(n1,s1):1 seq=1 start=0,0 epo=1 min-exp=0,0 pro=1787918964.902640690,0 acq=Request following repl=(n1,s1):1 seq=1 start=0,0 epo=1 min-exp=0,0 pro=1787918964.902640690,0 acq=Request
I260828 12:09:30.028953 3832 13@kv/kvserver/replicate_queue.go:784  [T1,Vsystem,n1,replicate,s1,r79/1:/{Table/110/4-Max}] 593  error processing replica: 0 of 1 live stores are able to take a new replica for the range (1 already has a voter, 0 already have a non-voter); likely not enough nodes in cluster
I260828 12:09:30.029066 3701 sql/gcjob/gc_job_utils.go:53  [T1,Vsystem,n1,job=SCHEMA CHANGE GC id=1205366194035654657] 594  marked index 3 as GC'd
I260828 12:09:30.033958 2255 sql/index_split_scatter.go:126  [T1,Vsystem,n1,client=172.17.0.1:35800,hostnossl,user=root] 595  making a single split point in tableId=110 index=5
I260828 12:09:30.034047 2255 13@kv/kvserver/replica_command.go:481  [T1,Vsystem,n1,s1,r79/1:/{Table/110/4-Max},*kvpb.AdminSplitRequest] 596  initiating a split of this range at key /Table/110/5 [r80] (manual)
I260828 12:09:30.034971 2255 13@kv/kvserver/batcheval/cmd_end_transaction.go:1289  [T1,Vsystem,n1,s1,r79/1:/{Table/110/4-Max}] 597  falling back to accurate stats computation because there are no pre-split LHS stats (or they're empty)
I260828 12:09:30.036047 3818 13@kv/kvserver/replicate_queue.go:784  [T1,Vsystem,n1,replicate,s1,r80/1:/{Table/110/5-Max}] 598  error processing replica: 0 of 1 live stores are able to take a new replica for the range (1 already has a voter, 0 already have a non-voter); likely not enough nodes in cluster
I260828 12:09:30.036909 3701 sql/gcjob/gc_job_utils.go:273  [T1,Vsystem,n1,job=SCHEMA CHANGE GC id=1205366194035654657] 599  updated progress status: waiting for MVCC GC, payload: indexes:<index_id:3 status:WAITING_FOR_MVCC_GC > ranges_unsplit_done:true 
I260828 12:09:30.040975 2255 sql/conn_executor_ddl.go:121  [T1,Vsystem,n1,client=172.17.0.1:35800,hostnossl,user=root] 600  queued new schema change job 1205366194205753345 using the new schema changer
I260828 12:09:30.045679 2255 5@util/log/event_log.go:39  [T1,Vsystem,n1,client=172.17.0.1:35800,hostnossl,user=root] 601 ={"Timestamp":1787918969999658391,"EventType":"create_index","Statement":"CREATE INDEX IF NOT EXISTS trnm_outbox_pending_idx ON trnm.public.trnm_outbox (tenant_id, available_at, intent_id) WHERE state = 'pending'","Tag":"CREATE INDEX","User":"root","DescriptorID":110,"TableName":"trnm.public.trnm_outbox","IndexName":"trnm_outbox_pending_idx","MutationID":1}
I260828 12:09:30.045863 2255 jobs/wait.go:56  [T1,Vsystem,n1,client=172.17.0.1:35800,hostnossl,user=root] 602  waiting for 1 [1205366194205753345] queued jobs to complete
I260828 12:09:30.045912 3897 jobs/adopt.go:224  [T1,Vsystem,n1,client=172.17.0.1:35800,hostnossl,user=root,job=1205366194205753345] 603  job 1205366194205753345: resuming execution
I260828 12:09:30.048181 3821 sql/catalog/lease/descriptor_state.go:142  [n1] 604  new lease: tabledesc.immutable: {ID: 110, Version: 9, ModificationTime: "1787918970.025460164,1", ParentID: 104, ParentSchemaID: 105, State: PUBLIC, NextColumnID: 18, Columns: [{ID: 1, TypeID: 2950, Null: false}, {ID: 2, TypeID: 2950, Null: false}, {ID: 3, TypeID: 2950, Null: false}, {ID: 4, TypeID: 2950, Null: false}, {ID: 5, TypeID: 25, Null: false}, {ID: 6, TypeID: 17, Null: false}, {ID: 7, TypeID: 17, Null: false}, {ID: 8, TypeID: 23, Null: false, HasDefault: true}, {ID: 9, TypeID: 20, Null: false, HasDefault: true}, {ID: 10, TypeID: 25, Null: false, HasDefault: true}, {ID: 11, TypeID: 2950, Null: true}, {ID: 12, TypeID: 1184, Null: true}, {ID: 13, TypeID: 17, Null: true}, {ID: 14, TypeID: 17, Null: true}, {ID: 15, TypeID: 1184, Null: false, HasDefault: true}, {ID: 16, TypeID: 1184, Null: false, HasDefault: true}, {ID: 17, TypeID: 1184, Null: false, HasDefault: true}], NextFamilyID: 1, Families: [{ID: 0, Columns: [1, 2, 3, 4, 5, 6, 7, 8, 9, 10, 11, 12, 13, 14, 15, 16, 17]}], Mutations: [{MutationID: 1, Direction: ADD, State: BACKFILLING, Index: {ID: 4, Unique: false, Partial: true, KeyColumns: [{ID: 1, Dir: ASC}, {ID: 15, Dir: ASC}, {ID: 2, Dir: ASC}], State: ADD, MutationID: 1}}, {MutationID: 1, Direction: ADD, State: DELETE_ONLY, Index: {ID: 5, Unique: false, Partial: true, KeyColumns: [{ID: 1, Dir: ASC}, {ID: 15, Dir: ASC}, {ID: 2, Dir: ASC}], State: ADD, MutationID: 1}}], PrimaryIndex: 1, NextIndexID: 6, Indexes: [{ID: 1, Unique: true, KeyColumns: [{ID: 1, Dir: ASC}, {ID: 2, Dir: ASC}], StoreColumns: [3, 4, 5, 6, 7, 8, 9, 10, 11, 12, 13, 14, 15, 16, 17]}, {ID: 2, Unique: false, KeyColumns: [{ID: 1, Dir: ASC}, {ID: 3, Dir: ASC}, {ID: 4, Dir: ASC}, {ID: 2, Dir: ASC}]}], Checks: [{Columns: [13], Validity: Validated}, {Columns: [14], Validity: Validated}, {Columns: [9, 10, 11, 12, 13, 14], Validity: Validated}, {Columns: [5], Validity: Validated}, {Columns: [6], Validity: Validated}, {Columns: [8], Validity: Validated}, {Columns: [9], Validity: Validated}, {Columns: [10], Validity: Validated}], OutboundFKs: [{OriginTableID: 110, OriginColumns: [1, 3, 4], ReferencedTableID: 108, ReferencedColumnIDs: [1, 2, 3], Validity: Validated}]}
I260828 12:09:30.053544 3884 jobs/registry.go:1679  [T1,Vsystem,n1,job=1205366194205753345] 605  NEW SCHEMA CHANGE job 1205366194205753345: stepping through state running
I260828 12:09:30.062310 3884 1@jobs/structured_log.go:48  [T1,Vsystem,n1,job=1205366194205753345] 606 ={"Timestamp":1787918970062307745,"EventType":"status_change","JobID":1205366194205753345,"JobType":"NEW SCHEMA CHANGE","Description":"status changed to: running","PreviousStatus":"running","NewStatus":"running","RunNum":0}
I260828 12:09:30.072081 3884 sql/schemachanger/scrun/scrun.go:315  [T1,Vsystem,n1,job=NEW SCHEMA CHANGE id=1205366194205753345] 607  rebuilding declarative schema change state from descriptors [110]
I260828 12:09:30.072287 3884 sql/schemachanger/scplan/plan.go:95  [T1,Vsystem,n1,job=NEW SCHEMA CHANGE id=1205366194205753345] 608  building declarative schema changer plan in PostCommitPhase (rollback=false) for CREATE INDEX
I260828 12:09:30.075306 3884 sql/schemachanger/scrun/scrun.go:186  [T1,Vsystem,n1,job=NEW SCHEMA CHANGE id=1205366194205753345] 609  executing declarative schema change PostCommitPhase stage 1 of 7 with 3 MutationType ops (rollback=false) for CREATE INDEX
I260828 12:09:30.097612 3884 sql/catalog/lease/lease.go:556  [T1,Vsystem,n1,job=NEW SCHEMA CHANGE id=1205366194205753345] 610  waiting for 1 leases to expire: desc=[{trnm_outbox 110 9}]
I260828 12:09:30.098560 3942 sql/catalog/lease/descriptor_state.go:142  [n1] 611  new lease: tabledesc.immutable: {ID: 110, Version: 10, ModificationTime: "1787918970.075241963,0", ParentID: 104, ParentSchemaID: 105, State: PUBLIC, NextColumnID: 18, Columns: [{ID: 1, TypeID: 2950, Null: false}, {ID: 2, TypeID: 2950, Null: false}, {ID: 3, TypeID: 2950, Null: false}, {ID: 4, TypeID: 2950, Null: false}, {ID: 5, TypeID: 25, Null: false}, {ID: 6, TypeID: 17, Null: false}, {ID: 7, TypeID: 17, Null: false}, {ID: 8, TypeID: 23, Null: false, HasDefault: true}, {ID: 9, TypeID: 20, Null: false, HasDefault: true}, {ID: 10, TypeID: 25, Null: false, HasDefault: true}, {ID: 11, TypeID: 2950, Null: true}, {ID: 12, TypeID: 1184, Null: true}, {ID: 13, TypeID: 17, Null: true}, {ID: 14, TypeID: 17, Null: true}, {ID: 15, TypeID: 1184, Null: false, HasDefault: true}, {ID: 16, TypeID: 1184, Null: false, HasDefault: true}, {ID: 17, TypeID: 1184, Null: false, HasDefault: true}], NextFamilyID: 1, Families: [{ID: 0, Columns: [1, 2, 3, 4, 5, 6, 7, 8, 9, 10, 11, 12, 13, 14, 15, 16, 17]}], Mutations: [{MutationID: 1, Direction: ADD, State: BACKFILLING, Index: {ID: 4, Unique: false, Partial: true, KeyColumns: [{ID: 1, Dir: ASC}, {ID: 15, Dir: ASC}, {ID: 2, Dir: ASC}], State: ADD, MutationID: 1}}, {MutationID: 1, Direction: ADD, State: WRITE_ONLY, Index: {ID: 5, Unique: false, Partial: true, KeyColumns: [{ID: 1, Dir: ASC}, {ID: 15, Dir: ASC}, {ID: 2, Dir: ASC}], State: ADD, MutationID: 1}}], PrimaryIndex: 1, NextIndexID: 6, Indexes: [{ID: 1, Unique: true, KeyColumns: [{ID: 1, Dir: ASC}, {ID: 2, Dir: ASC}], StoreColumns: [3, 4, 5, 6, 7, 8, 9, 10, 11, 12, 13, 14, 15, 16, 17]}, {ID: 2, Unique: false, KeyColumns: [{ID: 1, Dir: ASC}, {ID: 3, Dir: ASC}, {ID: 4, Dir: ASC}, {ID: 2, Dir: ASC}]}], Checks: [{Columns: [13], Validity: Validated}, {Columns: [14], Validity: Validated}, {Columns: [9, 10, 11, 12, 13, 14], Validity: Validated}, {Columns: [5], Validity: Validated}, {Columns: [6], Validity: Validated}, {Columns: [8], Validity: Validated}, {Columns: [9], Validity: Validated}, {Columns: [10], Validity: Validated}], OutboundFKs: [{OriginTableID: 110, OriginColumns: [1, 3, 4], ReferencedTableID: 108, ReferencedColumnIDs: [1, 2, 3], Validity: Validated}]}
I260828 12:09:30.100429 3884 sql/catalog/lease/lease.go:550  [T1,Vsystem,n1,job=NEW SCHEMA CHANGE id=1205366194205753345] 612  all leases have expired at 1787918970.099397888,0: desc=[{trnm_outbox 110 9}]
I260828 12:09:30.100574 3884 sql/schemachanger/scrun/scrun.go:186  [T1,Vsystem,n1,job=NEW SCHEMA CHANGE id=1205366194205753345] 613  executing declarative schema change PostCommitPhase stage 2 of 7 with 1 BackfillType op (rollback=false) for CREATE INDEX
I260828 12:09:30.104212 3884 sql/schemachanger/scexec/backfiller/tracker.go:258  [T1,Vsystem,n1,job=NEW SCHEMA CHANGE id=1205366194205753345] 614  writing 1 backfill checkpoints and 0 merge checkpoints
I260828 12:09:30.111445 3884 sql/schemachanger/scexec/backfiller/tracker.go:227  [T1,Vsystem,n1,job=NEW SCHEMA CHANGE id=1205366194205753345] 615  backfill fraction completed is 1.000 / 1.000
I260828 12:09:30.118952 3884 sql/schemachanger/scexec/backfiller/tracker.go:258  [T1,Vsystem,n1,job=NEW SCHEMA CHANGE id=1205366194205753345] 616  writing 1 backfill checkpoints and 0 merge checkpoints
I260828 12:09:30.128175 3884 sql/schemachanger/scrun/scrun.go:186  [T1,Vsystem,n1,job=NEW SCHEMA CHANGE id=1205366194205753345] 617  executing declarative schema change PostCommitPhase stage 3 of 7 with 3 MutationType ops (rollback=false) for CREATE INDEX
I260828 12:09:30.152426 3884 sql/catalog/lease/lease.go:556  [T1,Vsystem,n1,job=NEW SCHEMA CHANGE id=1205366194205753345] 618  waiting for 1 leases to expire: desc=[{trnm_outbox 110 10}]
I260828 12:09:30.153156 4069 sql/catalog/lease/descriptor_state.go:142  [n1] 619  new lease: tabledesc.immutable: {ID: 110, Version: 11, ModificationTime: "1787918970.128039246,0", ParentID: 104, ParentSchemaID: 105, State: PUBLIC, NextColumnID: 18, Columns: [{ID: 1, TypeID: 2950, Null: false}, {ID: 2, TypeID: 2950, Null: false}, {ID: 3, TypeID: 2950, Null: false}, {ID: 4, TypeID: 2950, Null: false}, {ID: 5, TypeID: 25, Null: false}, {ID: 6, TypeID: 17, Null: false}, {ID: 7, TypeID: 17, Null: false}, {ID: 8, TypeID: 23, Null: false, HasDefault: true}, {ID: 9, TypeID: 20, Null: false, HasDefault: true}, {ID: 10, TypeID: 25, Null: false, HasDefault: true}, {ID: 11, TypeID: 2950, Null: true}, {ID: 12, TypeID: 1184, Null: true}, {ID: 13, TypeID: 17, Null: true}, {ID: 14, TypeID: 17, Null: true}, {ID: 15, TypeID: 1184, Null: false, HasDefault: true}, {ID: 16, TypeID: 1184, Null: false, HasDefault: true}, {ID: 17, TypeID: 1184, Null: false, HasDefault: true}], NextFamilyID: 1, Families: [{ID: 0, Columns: [1, 2, 3, 4, 5, 6, 7, 8, 9, 10, 11, 12, 13, 14, 15, 16, 17]}], Mutations: [{MutationID: 1, Direction: ADD, State: DELETE_ONLY, Index: {ID: 4, Unique: false, Partial: true, KeyColumns: [{ID: 1, Dir: ASC}, {ID: 15, Dir: ASC}, {ID: 2, Dir: ASC}], State: ADD, MutationID: 1}}, {MutationID: 1, Direction: ADD, State: WRITE_ONLY, Index: {ID: 5, Unique: false, Partial: true, KeyColumns: [{ID: 1, Dir: ASC}, {ID: 15, Dir: ASC}, {ID: 2, Dir: ASC}], State: ADD, MutationID: 1}}], PrimaryIndex: 1, NextIndexID: 6, Indexes: [{ID: 1, Unique: true, KeyColumns: [{ID: 1, Dir: ASC}, {ID: 2, Dir: ASC}], StoreColumns: [3, 4, 5, 6, 7, 8, 9, 10, 11, 12, 13, 14, 15, 16, 17]}, {ID: 2, Unique: false, KeyColumns: [{ID: 1, Dir: ASC}, {ID: 3, Dir: ASC}, {ID: 4, Dir: ASC}, {ID: 2, Dir: ASC}]}], Checks: [{Columns: [13], Validity: Validated}, {Columns: [14], Validity: Validated}, {Columns: [9, 10, 11, 12, 13, 14], Validity: Validated}, {Columns: [5], Validity: Validated}, {Columns: [6], Validity: Validated}, {Columns: [8], Validity: Validated}, {Columns: [9], Validity: Validated}, {Columns: [10], Validity: Validated}], OutboundFKs: [{OriginTableID: 110, OriginColumns: [1, 3, 4], ReferencedTableID: 108, ReferencedColumnIDs: [1, 2, 3], Validity: Validated}]}
I260828 12:09:30.154976 3884 sql/catalog/lease/lease.go:550  [T1,Vsystem,n1,job=NEW SCHEMA CHANGE id=1205366194205753345] 620  all leases have expired at 1787918970.153953027,0: desc=[{trnm_outbox 110 10}]
I260828 12:09:30.155143 3884 sql/schemachanger/scrun/scrun.go:186  [T1,Vsystem,n1,job=NEW SCHEMA CHANGE id=1205366194205753345] 621  executing declarative schema change PostCommitPhase stage 4 of 7 with 3 MutationType ops (rollback=false) for CREATE INDEX
I260828 12:09:30.178118 3884 sql/catalog/lease/lease.go:556  [T1,Vsystem,n1,job=NEW SCHEMA CHANGE id=1205366194205753345] 622  waiting for 1 leases to expire: desc=[{trnm_outbox 110 11}]
I260828 12:09:30.178423 4057 sql/catalog/lease/descriptor_state.go:142  [n1] 623  new lease: tabledesc.immutable: {ID: 110, Version: 12, ModificationTime: "1787918970.155038074,0", ParentID: 104, ParentSchemaID: 105, State: PUBLIC, NextColumnID: 18, Columns: [{ID: 1, TypeID: 2950, Null: false}, {ID: 2, TypeID: 2950, Null: false}, {ID: 3, TypeID: 2950, Null: false}, {ID: 4, TypeID: 2950, Null: false}, {ID: 5, TypeID: 25, Null: false}, {ID: 6, TypeID: 17, Null: false}, {ID: 7, TypeID: 17, Null: false}, {ID: 8, TypeID: 23, Null: false, HasDefault: true}, {ID: 9, TypeID: 20, Null: false, HasDefault: true}, {ID: 10, TypeID: 25, Null: false, HasDefault: true}, {ID: 11, TypeID: 2950, Null: true}, {ID: 12, TypeID: 1184, Null: true}, {ID: 13, TypeID: 17, Null: true}, {ID: 14, TypeID: 17, Null: true}, {ID: 15, TypeID: 1184, Null: false, HasDefault: true}, {ID: 16, TypeID: 1184, Null: false, HasDefault: true}, {ID: 17, TypeID: 1184, Null: false, HasDefault: true}], NextFamilyID: 1, Families: [{ID: 0, Columns: [1, 2, 3, 4, 5, 6, 7, 8, 9, 10, 11, 12, 13, 14, 15, 16, 17]}], Mutations: [{MutationID: 1, Direction: ADD, State: MERGING, Index: {ID: 4, Unique: false, Partial: true, KeyColumns: [{ID: 1, Dir: ASC}, {ID: 15, Dir: ASC}, {ID: 2, Dir: ASC}], State: ADD, MutationID: 1}}, {MutationID: 1, Direction: ADD, State: WRITE_ONLY, Index: {ID: 5, Unique: false, Partial: true, KeyColumns: [{ID: 1, Dir: ASC}, {ID: 15, Dir: ASC}, {ID: 2, Dir: ASC}], State: ADD, MutationID: 1}}], PrimaryIndex: 1, NextIndexID: 6, Indexes: [{ID: 1, Unique: true, KeyColumns: [{ID: 1, Dir: ASC}, {ID: 2, Dir: ASC}], StoreColumns: [3, 4, 5, 6, 7, 8, 9, 10, 11, 12, 13, 14, 15, 16, 17]}, {ID: 2, Unique: false, KeyColumns: [{ID: 1, Dir: ASC}, {ID: 3, Dir: ASC}, {ID: 4, Dir: ASC}, {ID: 2, Dir: ASC}]}], Checks: [{Columns: [13], Validity: Validated}, {Columns: [14], Validity: Validated}, {Columns: [9, 10, 11, 12, 13, 14], Validity: Validated}, {Columns: [5], Validity: Validated}, {Columns: [6], Validity: Validated}, {Columns: [8], Validity: Validated}, {Columns: [9], Validity: Validated}, {Columns: [10], Validity: Validated}], OutboundFKs: [{OriginTableID: 110, OriginColumns: [1, 3, 4], ReferencedTableID: 108, ReferencedColumnIDs: [1, 2, 3], Validity: Validated}]}
I260828 12:09:30.180704 3884 sql/catalog/lease/lease.go:550  [T1,Vsystem,n1,job=NEW SCHEMA CHANGE id=1205366194205753345] 624  all leases have expired at 1787918970.179686471,0: desc=[{trnm_outbox 110 11}]
I260828 12:09:30.180849 3884 sql/schemachanger/scrun/scrun.go:186  [T1,Vsystem,n1,job=NEW SCHEMA CHANGE id=1205366194205753345] 625  executing declarative schema change PostCommitPhase stage 5 of 7 with 1 BackfillType op (rollback=false) for CREATE INDEX
I260828 12:09:30.183821 4120 sql/backfill.go:2994  [T1,Vsystem,n1,job=NEW SCHEMA CHANGE id=1205366194205753345] 626  merging all keys in temporary index before time 1787918970.683807924,0
I260828 12:09:30.684868 3884 sql/schemachanger/scrun/scrun.go:186  [T1,Vsystem,n1,job=NEW SCHEMA CHANGE id=1205366194205753345] 627  executing declarative schema change PostCommitPhase stage 6 of 7 with 4 MutationType ops (rollback=false) for CREATE INDEX
I260828 12:09:30.707863 3884 sql/catalog/lease/lease.go:556  [T1,Vsystem,n1,job=NEW SCHEMA CHANGE id=1205366194205753345] 628  waiting for 1 leases to expire: desc=[{trnm_outbox 110 12}]
I260828 12:09:30.708181 4063 sql/catalog/lease/descriptor_state.go:142  [n1] 629  new lease: tabledesc.immutable: {ID: 110, Version: 13, ModificationTime: "1787918970.684732195,0", ParentID: 104, ParentSchemaID: 105, State: PUBLIC, NextColumnID: 18, Columns: [{ID: 1, TypeID: 2950, Null: false}, {ID: 2, TypeID: 2950, Null: false}, {ID: 3, TypeID: 2950, Null: false}, {ID: 4, TypeID: 2950, Null: false}, {ID: 5, TypeID: 25, Null: false}, {ID: 6, TypeID: 17, Null: false}, {ID: 7, TypeID: 17, Null: false}, {ID: 8, TypeID: 23, Null: false, HasDefault: true}, {ID: 9, TypeID: 20, Null: false, HasDefault: true}, {ID: 10, TypeID: 25, Null: false, HasDefault: true}, {ID: 11, TypeID: 2950, Null: true}, {ID: 12, TypeID: 1184, Null: true}, {ID: 13, TypeID: 17, Null: true}, {ID: 14, TypeID: 17, Null: true}, {ID: 15, TypeID: 1184, Null: false, HasDefault: true}, {ID: 16, TypeID: 1184, Null: false, HasDefault: true}, {ID: 17, TypeID: 1184, Null: false, HasDefault: true}], NextFamilyID: 1, Families: [{ID: 0, Columns: [1, 2, 3, 4, 5, 6, 7, 8, 9, 10, 11, 12, 13, 14, 15, 16, 17]}], Mutations: [{MutationID: 1, Direction: ADD, State: WRITE_ONLY, Index: {ID: 4, Unique: false, Partial: true, KeyColumns: [{ID: 1, Dir: ASC}, {ID: 15, Dir: ASC}, {ID: 2, Dir: ASC}], State: ADD, MutationID: 1}}, {MutationID: 1, Direction: DROP, State: DELETE_ONLY, Index: {ID: 5, Unique: false, Partial: true, KeyColumns: [{ID: 1, Dir: ASC}, {ID: 15, Dir: ASC}, {ID: 2, Dir: ASC}], State: DROP, MutationID: 1}}], PrimaryIndex: 1, NextIndexID: 6, Indexes: [{ID: 1, Unique: true, KeyColumns: [{ID: 1, Dir: ASC}, {ID: 2, Dir: ASC}], StoreColumns: [3, 4, 5, 6, 7, 8, 9, 10, 11, 12, 13, 14, 15, 16, 17]}, {ID: 2, Unique: false, KeyColumns: [{ID: 1, Dir: ASC}, {ID: 3, Dir: ASC}, {ID: 4, Dir: ASC}, {ID: 2, Dir: ASC}]}], Checks: [{Columns: [13], Validity: Validated}, {Columns: [14], Validity: Validated}, {Columns: [9, 10, 11, 12, 13, 14], Validity: Validated}, {Columns: [5], Validity: Validated}, {Columns: [6], Validity: Validated}, {Columns: [8], Validity: Validated}, {Columns: [9], Validity: Validated}, {Columns: [10], Validity: Validated}], OutboundFKs: [{OriginTableID: 110, OriginColumns: [1, 3, 4], ReferencedTableID: 108, ReferencedColumnIDs: [1, 2, 3], Validity: Validated}]}
I260828 12:09:30.711314 3884 sql/catalog/lease/lease.go:550  [T1,Vsystem,n1,job=NEW SCHEMA CHANGE id=1205366194205753345] 630  all leases have expired at 1787918970.710185832,0: desc=[{trnm_outbox 110 12}]
I260828 12:09:30.711476 3884 sql/schemachanger/scrun/scrun.go:186  [T1,Vsystem,n1,job=NEW SCHEMA CHANGE id=1205366194205753345] 631  executing declarative schema change PostCommitPhase stage 7 of 7 with 1 ValidationType op (rollback=false) for CREATE INDEX
I260828 12:09:30.716138 4155 sql/backfill.go:1892  [T1,Vsystem,n1,job=NEW SCHEMA CHANGE id=1205366194205753345] 632  validation: index trnm_outbox/trnm_outbox_pending_idx row count = 0, time so far 1.764377ms
I260828 12:09:30.716164 4156 sql/backfill.go:1947  [T1,Vsystem,n1,job=NEW SCHEMA CHANGE id=1205366194205753345] 633  validation: table trnm_outbox row count = 0, took 1.809781ms
I260828 12:09:30.716328 3884 sql/schemachanger/scrun/scrun.go:186  [T1,Vsystem,n1,job=NEW SCHEMA CHANGE id=1205366194205753345] 634  executing declarative schema change PostCommitNonRevertiblePhase stage 1 of 1 with 9 MutationType ops (rollback=false) for CREATE INDEX
I260828 12:09:30.742356 3884 5@util/log/event_log.go:39  [T1,Vsystem,n1,job=NEW SCHEMA CHANGE id=1205366194205753345] 635 ={"Timestamp":1787918970716248034,"EventType":"finish_schema_change","InstanceID":1,"DescriptorID":110,"LatencyNanos":683439117}
I260828 12:09:30.744818 3884 sql/catalog/lease/lease.go:556  [T1,Vsystem,n1,job=NEW SCHEMA CHANGE id=1205366194205753345] 636  waiting for 1 leases to expire: desc=[{trnm_outbox 110 13}]
I260828 12:09:30.744953 4173 sql/catalog/lease/descriptor_state.go:142  [n1] 637  new lease: tabledesc.immutable: {ID: 110, Version: 14, ModificationTime: "1787918970.716248034,0", ParentID: 104, ParentSchemaID: 105, State: PUBLIC, NextColumnID: 18, Columns: [{ID: 1, TypeID: 2950, Null: false}, {ID: 2, TypeID: 2950, Null: false}, {ID: 3, TypeID: 2950, Null: false}, {ID: 4, TypeID: 2950, Null: false}, {ID: 5, TypeID: 25, Null: false}, {ID: 6, TypeID: 17, Null: false}, {ID: 7, TypeID: 17, Null: false}, {ID: 8, TypeID: 23, Null: false, HasDefault: true}, {ID: 9, TypeID: 20, Null: false, HasDefault: true}, {ID: 10, TypeID: 25, Null: false, HasDefault: true}, {ID: 11, TypeID: 2950, Null: true}, {ID: 12, TypeID: 1184, Null: true}, {ID: 13, TypeID: 17, Null: true}, {ID: 14, TypeID: 17, Null: true}, {ID: 15, TypeID: 1184, Null: false, HasDefault: true}, {ID: 16, TypeID: 1184, Null: false, HasDefault: true}, {ID: 17, TypeID: 1184, Null: false, HasDefault: true}], NextFamilyID: 1, Families: [{ID: 0, Columns: [1, 2, 3, 4, 5, 6, 7, 8, 9, 10, 11, 12, 13, 14, 15, 16, 17]}], PrimaryIndex: 1, NextIndexID: 6, Indexes: [{ID: 1, Unique: true, KeyColumns: [{ID: 1, Dir: ASC}, {ID: 2, Dir: ASC}], StoreColumns: [3, 4, 5, 6, 7, 8, 9, 10, 11, 12, 13, 14, 15, 16, 17]}, {ID: 2, Unique: false, KeyColumns: [{ID: 1, Dir: ASC}, {ID: 3, Dir: ASC}, {ID: 4, Dir: ASC}, {ID: 2, Dir: ASC}]}, {ID: 4, Unique: false, Partial: true, KeyColumns: [{ID: 1, Dir: ASC}, {ID: 15, Dir: ASC}, {ID: 2, Dir: ASC}]}], Checks: [{Columns: [13], Validity: Validated}, {Columns: [14], Validity: Validated}, {Columns: [9, 10, 11, 12, 13, 14], Validity: Validated}, {Columns: [5], Validity: Validated}, {Columns: [6], Validity: Validated}, {Columns: [8], Validity: Validated}, {Columns: [9], Validity: Validated}, {Columns: [10], Validity: Validated}], OutboundFKs: [{OriginTableID: 110, OriginColumns: [1, 3, 4], ReferencedTableID: 108, ReferencedColumnIDs: [1, 2, 3], Validity: Validated}]}
I260828 12:09:30.747872 3884 sql/catalog/lease/lease.go:550  [T1,Vsystem,n1,job=NEW SCHEMA CHANGE id=1205366194205753345] 638  all leases have expired at 1787918970.746815090,0: desc=[{trnm_outbox 110 13}]
I260828 12:09:30.748060 3884 jobs/registry.go:1679  [T1,Vsystem,n1,job=1205366194205753345] 639  NEW SCHEMA CHANGE job 1205366194205753345: stepping through state succeeded
I260828 12:09:30.748094 4177 jobs/adopt.go:224  [T1,Vsystem,n1,job=1205366196542996481] 640  job 1205366196542996481: resuming execution
I260828 12:09:30.751167 4230 jobs/registry.go:1679  [T1,Vsystem,n1,job=1205366196542996481] 641  SCHEMA CHANGE GC job 1205366196542996481: stepping through state running
I260828 12:09:30.757646 4230 1@jobs/structured_log.go:48  [T1,Vsystem,n1,job=1205366196542996481] 642 ={"Timestamp":1787918970757642612,"EventType":"status_change","JobID":1205366196542996481,"JobType":"SCHEMA CHANGE GC","Description":"status changed to: running","PreviousStatus":"running","NewStatus":"running","RunNum":0}
I260828 12:09:30.759519 3884 1@jobs/structured_log.go:48  [T1,Vsystem,n1,job=1205366194205753345] 643 ={"Timestamp":1787918970759496566,"EventType":"status_change","JobID":1205366194205753345,"JobType":"NEW SCHEMA CHANGE","Description":"status changed to: succeeded","PreviousStatus":"running","NewStatus":"succeeded","RunNum":0}
I260828 12:09:30.766691 2255 jobs/wait.go:148  [T1,Vsystem,n1,client=172.17.0.1:35800,hostnossl,user=root] 644  waited for 1 [1205366194205753345] queued jobs to complete 720.790283ms
I260828 12:09:30.773582 2255 sql/schemachanger/scbuild/event_log.go:61  [T1,Vsystem,n1,client=172.17.0.1:35800,hostnossl,user=root] 645  event logging for declarative schema change targets built for CREATE INDEX
I260828 12:09:30.773762 2255 sql/schemachanger/scplan/plan.go:95  [T1,Vsystem,n1,client=172.17.0.1:35800,hostnossl,user=root] 646  building declarative schema changer plan in StatementPhase (rollback=false) for CREATE INDEX
I260828 12:09:30.776655 2255 sql/schemachanger/scrun/scrun.go:186  [T1,Vsystem,n1,client=172.17.0.1:35800,hostnossl,user=root] 647  executing declarative schema change StatementPhase stage 1 of 1 with 11 MutationType ops (rollback=false) for CREATE INDEX
I260828 12:09:30.782653 4230 sql/gcjob/gc_job_utils.go:273  [T1,Vsystem,n1,job=SCHEMA CHANGE GC id=1205366196542996481] 648  updated progress status: waiting for GC TTL, payload: indexes:<index_id:5 > ranges_unsplit_done:true 
I260828 12:09:30.785029 2255 sql/schemachanger/scplan/plan.go:95  [T1,Vsystem,n1,client=172.17.0.1:35800,hostnossl,user=root] 649  building declarative schema changer plan in PreCommitPhase (rollback=false) for CREATE INDEX
I260828 12:09:30.787861 2255 sql/schemachanger/scrun/scrun.go:186  [T1,Vsystem,n1,client=172.17.0.1:35800,hostnossl,user=root] 650  executing declarative schema change PreCommitPhase stage 1 of 2 with 1 MutationType op (rollback=false) for CREATE INDEX
I260828 12:09:30.787916 2255 sql/schemachanger/scrun/scrun.go:186  [T1,Vsystem,n1,client=172.17.0.1:35800,hostnossl,user=root] 651  executing declarative schema change PreCommitPhase stage 2 of 2 with 15 MutationType ops (rollback=false) for CREATE INDEX
I260828 12:09:30.794235 2255 sql/index_split_scatter.go:126  [T1,Vsystem,n1,client=172.17.0.1:35800,hostnossl,user=root] 652  making a single split point in tableId=110 index=6
I260828 12:09:30.794349 2255 13@kv/kvserver/replica_command.go:481  [T1,Vsystem,n1,s1,r80/1:/{Table/110/5-Max},*kvpb.AdminSplitRequest] 653  initiating a split of this range at key /Table/110/6 [r81] (manual)
I260828 12:09:30.794700 4230 sql/gcjob/gc_job_utils.go:273  [T1,Vsystem,n1,job=SCHEMA CHANGE GC id=1205366196542996481] 654  updated progress status: deleting data, payload: indexes:<index_id:5 > ranges_unsplit_done:true 
I260828 12:09:30.794751 4230 sql/schema_changer.go:1465  [T1,Vsystem,n1,job=SCHEMA CHANGE GC id=1205366196542996481] 655  waiting for a single version...
I260828 12:09:30.795261 2255 13@kv/kvserver/batcheval/cmd_end_transaction.go:1289  [T1,Vsystem,n1,s1,r80/1:/{Table/110/5-Max}] 656  falling back to accurate stats computation because there are no pre-split LHS stats (or they're empty)
I260828 12:09:30.796547 4367 13@kv/kvserver/replicate_queue.go:784  [T1,Vsystem,n1,replicate,s1,r81/1:/{Table/110/6-Max}] 657  error processing replica: 0 of 1 live stores are able to take a new replica for the range (1 already has a voter, 0 already have a non-voter); likely not enough nodes in cluster
I260828 12:09:30.802560 2255 sql/index_split_scatter.go:126  [T1,Vsystem,n1,client=172.17.0.1:35800,hostnossl,user=root] 658  making a single split point in tableId=110 index=7
I260828 12:09:30.802649 2255 13@kv/kvserver/replica_command.go:481  [T1,Vsystem,n1,s1,r81/1:/{Table/110/6-Max},*kvpb.AdminSplitRequest] 659  initiating a split of this range at key /Table/110/7 [r82] (manual)
I260828 12:09:30.803406 2255 13@kv/kvserver/batcheval/cmd_end_transaction.go:1289  [T1,Vsystem,n1,s1,r81/1:/{Table/110/6-Max}] 660  falling back to accurate stats computation because there are no pre-split LHS stats (or they're empty)
I260828 12:09:30.804420 4318 13@kv/kvserver/replicate_queue.go:784  [T1,Vsystem,n1,replicate,s1,r82/1:/{Table/110/7-Max}] 661  error processing replica: 0 of 1 live stores are able to take a new replica for the range (1 already has a voter, 0 already have a non-voter); likely not enough nodes in cluster
I260828 12:09:30.814028 2255 sql/conn_executor_ddl.go:121  [T1,Vsystem,n1,client=172.17.0.1:35800,hostnossl,user=root] 662  queued new schema change job 1205366196720631809 using the new schema changer
I260828 12:09:30.822581 2255 5@util/log/event_log.go:39  [T1,Vsystem,n1,client=172.17.0.1:35800,hostnossl,user=root] 663 ={"Timestamp":1787918970767333962,"EventType":"create_index","Statement":"CREATE INDEX IF NOT EXISTS trnm_outbox_expired_lease_idx ON trnm.public.trnm_outbox (tenant_id, lease_expires_at, intent_id) WHERE state = 'leased'","Tag":"CREATE INDEX","User":"root","DescriptorID":110,"TableName":"trnm.public.trnm_outbox","IndexName":"trnm_outbox_expired_lease_idx","MutationID":1}
I260828 12:09:30.822829 2255 jobs/wait.go:56  [T1,Vsystem,n1,client=172.17.0.1:35800,hostnossl,user=root] 664  waiting for 1 [1205366196720631809] queued jobs to complete
I260828 12:09:30.822889 4408 jobs/adopt.go:224  [T1,Vsystem,n1,client=172.17.0.1:35800,hostnossl,user=root,job=1205366196720631809] 665  job 1205366196720631809: resuming execution
I260828 12:09:30.825379 4230 sql/catalog/lease/lease.go:556  [T1,Vsystem,n1,job=SCHEMA CHANGE GC id=1205366196542996481] 666  waiting for 1 leases to expire: desc=[{trnm_outbox 110 14}]
I260828 12:09:30.826700 4410 sql/catalog/lease/descriptor_state.go:142  [n1] 667  new lease: tabledesc.immutable: {ID: 110, Version: 15, ModificationTime: "1787918970.767333962,0", ParentID: 104, ParentSchemaID: 105, State: PUBLIC, NextColumnID: 18, Columns: [{ID: 1, TypeID: 2950, Null: false}, {ID: 2, TypeID: 2950, Null: false}, {ID: 3, TypeID: 2950, Null: false}, {ID: 4, TypeID: 2950, Null: false}, {ID: 5, TypeID: 25, Null: false}, {ID: 6, TypeID: 17, Null: false}, {ID: 7, TypeID: 17, Null: false}, {ID: 8, TypeID: 23, Null: false, HasDefault: true}, {ID: 9, TypeID: 20, Null: false, HasDefault: true}, {ID: 10, TypeID: 25, Null: false, HasDefault: true}, {ID: 11, TypeID: 2950, Null: true}, {ID: 12, TypeID: 1184, Null: true}, {ID: 13, TypeID: 17, Null: true}, {ID: 14, TypeID: 17, Null: true}, {ID: 15, TypeID: 1184, Null: false, HasDefault: true}, {ID: 16, TypeID: 1184, Null: false, HasDefault: true}, {ID: 17, TypeID: 1184, Null: false, HasDefault: true}], NextFamilyID: 1, Families: [{ID: 0, Columns: [1, 2, 3, 4, 5, 6, 7, 8, 9, 10, 11, 12, 13, 14, 15, 16, 17]}], Mutations: [{MutationID: 1, Direction: ADD, State: BACKFILLING, Index: {ID: 6, Unique: false, Partial: true, KeyColumns: [{ID: 1, Dir: ASC}, {ID: 12, Dir: ASC}, {ID: 2, Dir: ASC}], State: ADD, MutationID: 1}}, {MutationID: 1, Direction: ADD, State: DELETE_ONLY, Index: {ID: 7, Unique: false, Partial: true, KeyColumns: [{ID: 1, Dir: ASC}, {ID: 12, Dir: ASC}, {ID: 2, Dir: ASC}], State: ADD, MutationID: 1}}], PrimaryIndex: 1, NextIndexID: 8, Indexes: [{ID: 1, Unique: true, KeyColumns: [{ID: 1, Dir: ASC}, {ID: 2, Dir: ASC}], StoreColumns: [3, 4, 5, 6, 7, 8, 9, 10, 11, 12, 13, 14, 15, 16, 17]}, {ID: 2, Unique: false, KeyColumns: [{ID: 1, Dir: ASC}, {ID: 3, Dir: ASC}, {ID: 4, Dir: ASC}, {ID: 2, Dir: ASC}]}, {ID: 4, Unique: false, Partial: true, KeyColumns: [{ID: 1, Dir: ASC}, {ID: 15, Dir: ASC}, {ID: 2, Dir: ASC}]}], Checks: [{Columns: [13], Validity: Validated}, {Columns: [14], Validity: Validated}, {Columns: [9, 10, 11, 12, 13, 14], Validity: Validated}, {Columns: [5], Validity: Validated}, {Columns: [6], Validity: Validated}, {Columns: [8], Validity: Validated}, {Columns: [9], Validity: Validated}, {Columns: [10], Validity: Validated}], OutboundFKs: [{OriginTableID: 110, OriginColumns: [1, 3, 4], ReferencedTableID: 108, ReferencedColumnIDs: [1, 2, 3], Validity: Validated}]}
I260828 12:09:30.830024 4416 jobs/registry.go:1679  [T1,Vsystem,n1,job=1205366196720631809] 668  NEW SCHEMA CHANGE job 1205366196720631809: stepping through state running
I260828 12:09:30.831353 4230 sql/catalog/lease/lease.go:550  [T1,Vsystem,n1,job=SCHEMA CHANGE GC id=1205366196542996481] 669  all leases have expired at 1787918970.830350825,0: desc=[{trnm_outbox 110 14}]
I260828 12:09:30.831393 4230 sql/schema_changer.go:1470  [T1,Vsystem,n1,job=SCHEMA CHANGE GC id=1205366196542996481] 670  waiting for a single version... done (at v 15), took 36.641501ms
I260828 12:09:30.831409 4230 sql/gcjob/index_garbage_collection.go:165  [T1,Vsystem,n1,job=SCHEMA CHANGE GC id=1205366196542996481] 671  clearing index 5 from table 110
I260828 12:09:30.831750 4230 sql/gcjob/gc_job_utils.go:53  [T1,Vsystem,n1,job=SCHEMA CHANGE GC id=1205366196542996481] 672  marked index 5 as GC'd
I260828 12:09:30.839010 4416 1@jobs/structured_log.go:48  [T1,Vsystem,n1,job=1205366196720631809] 673 ={"Timestamp":1787918970839008175,"EventType":"status_change","JobID":1205366196720631809,"JobType":"NEW SCHEMA CHANGE","Description":"status changed to: running","PreviousStatus":"running","NewStatus":"running","RunNum":0}
I260828 12:09:30.839933 4230 sql/gcjob/gc_job_utils.go:273  [T1,Vsystem,n1,job=SCHEMA CHANGE GC id=1205366196542996481] 674  updated progress status: waiting for MVCC GC, payload: indexes:<index_id:5 status:WAITING_FOR_MVCC_GC > ranges_unsplit_done:true 
I260828 12:09:30.850050 4416 sql/schemachanger/scrun/scrun.go:315  [T1,Vsystem,n1,job=NEW SCHEMA CHANGE id=1205366196720631809] 675  rebuilding declarative schema change state from descriptors [110]
I260828 12:09:30.850391 4416 sql/schemachanger/scplan/plan.go:95  [T1,Vsystem,n1,job=NEW SCHEMA CHANGE id=1205366196720631809] 676  building declarative schema changer plan in PostCommitPhase (rollback=false) for CREATE INDEX
I260828 12:09:30.853646 4416 sql/schemachanger/scrun/scrun.go:186  [T1,Vsystem,n1,job=NEW SCHEMA CHANGE id=1205366196720631809] 677  executing declarative schema change PostCommitPhase stage 1 of 7 with 3 MutationType ops (rollback=false) for CREATE INDEX
I260828 12:09:30.863084 1217 13@spanconfig/spanconfigstore/store.go:364  [T1,Vsystem,n1,job=AUTO SPAN CONFIG RECONCILIATION id=1205366177534312449] 678  changing the spanconfig for span:/Table/1{6-7} from:{RangeMinBytes:134217728 RangeMaxBytes:536870912 GCPolicy:{TTLSeconds:14400 ProtectionPolicies:[] IgnoreStrictEnforcement:false} GlobalReads:false NumReplicas:5 NumVoters:0 Constraints:[] VoterConstraints:[] LeasePreferences:[] RangefeedEnabled:false ExcludeDataFromBackup:false} to:{RangeMinBytes:134217728 RangeMaxBytes:536870912 GCPolicy:{TTLSeconds:14400 ProtectionPolicies:[] IgnoreStrictEnforcement:false} GlobalReads:false NumReplicas:1 NumVoters:0 Constraints:[] VoterConstraints:[] LeasePreferences:[] RangefeedEnabled:false ExcludeDataFromBackup:false}
I260828 12:09:30.863170 1217 13@spanconfig/spanconfigstore/store.go:364  [T1,Vsystem,n1,job=AUTO SPAN CONFIG RECONCILIATION id=1205366177534312449] 679  changing the spanconfig for span:/Table/1{7-8} from:{RangeMinBytes:134217728 RangeMaxBytes:536870912 GCPolicy:{TTLSeconds:14400 ProtectionPolicies:[] IgnoreStrictEnforcement:false} GlobalReads:false NumReplicas:5 NumVoters:0 Constraints:[] VoterConstraints:[] LeasePreferences:[] RangefeedEnabled:false ExcludeDataFromBackup:false} to:{RangeMinBytes:134217728 RangeMaxBytes:536870912 GCPolicy:{TTLSeconds:14400 ProtectionPolicies:[] IgnoreStrictEnforcement:false} GlobalReads:false NumReplicas:1 NumVoters:0 Constraints:[] VoterConstraints:[] LeasePreferences:[] RangefeedEnabled:false ExcludeDataFromBackup:false}
I260828 12:09:30.863225 1217 13@spanconfig/spanconfigstore/store.go:364  [T1,Vsystem,n1,job=AUTO SPAN CONFIG RECONCILIATION id=1205366177534312449] 680  changing the spanconfig for span:/Table/1{8-9} from:{RangeMinBytes:134217728 RangeMaxBytes:536870912 GCPolicy:{TTLSeconds:14400 ProtectionPolicies:[] IgnoreStrictEnforcement:false} GlobalReads:false NumReplicas:5 NumVoters:0 Constraints:[] VoterConstraints:[] LeasePreferences:[] RangefeedEnabled:false ExcludeDataFromBackup:false} to:{RangeMinBytes:134217728 RangeMaxBytes:536870912 GCPolicy:{TTLSeconds:14400 ProtectionPolicies:[] IgnoreStrictEnforcement:false} GlobalReads:false NumReplicas:1 NumVoters:0 Constraints:[] VoterConstraints:[] LeasePreferences:[] RangefeedEnabled:false ExcludeDataFromBackup:false}
I260828 12:09:30.863319 1217 13@spanconfig/spanconfigstore/store.go:364  [T1,Vsystem,n1,job=AUTO SPAN CONFIG RECONCILIATION id=1205366177534312449] 681  changing the spanconfig for span:/Table/2{2-3} from:{RangeMinBytes:134217728 RangeMaxBytes:536870912 GCPolicy:{TTLSeconds:14400 ProtectionPolicies:[] IgnoreStrictEnforcement:false} GlobalReads:false NumReplicas:5 NumVoters:0 Constraints:[] VoterConstraints:[] LeasePreferences:[] RangefeedEnabled:false ExcludeDataFromBackup:false} to:{RangeMinBytes:134217728 RangeMaxBytes:536870912 GCPolicy:{TTLSeconds:14400 ProtectionPolicies:[] IgnoreStrictEnforcement:false} GlobalReads:false NumReplicas:1 NumVoters:0 Constraints:[] VoterConstraints:[] LeasePreferences:[] RangefeedEnabled:false ExcludeDataFromBackup:false}
I260828 12:09:30.863415 1217 13@spanconfig/spanconfigstore/store.go:364  [T1,Vsystem,n1,job=AUTO SPAN CONFIG RECONCILIATION id=1205366177534312449] 682  changing the spanconfig for span:/{Table/29-NamespaceTable/30} from:{RangeMinBytes:134217728 RangeMaxBytes:536870912 GCPolicy:{TTLSeconds:14400 ProtectionPolicies:[] IgnoreStrictEnforcement:false} GlobalReads:false NumReplicas:5 NumVoters:0 Constraints:[] VoterConstraints:[] LeasePreferences:[] RangefeedEnabled:false ExcludeDataFromBackup:false} to:{RangeMinBytes:134217728 RangeMaxBytes:536870912 GCPolicy:{TTLSeconds:14400 ProtectionPolicies:[] IgnoreStrictEnforcement:false} GlobalReads:false NumReplicas:1 NumVoters:0 Constraints:[] VoterConstraints:[] LeasePreferences:[] RangefeedEnabled:false ExcludeDataFromBackup:false}
I260828 12:09:30.863561 1217 13@spanconfig/spanconfigstore/store.go:364  [T1,Vsystem,n1,job=AUTO SPAN CONFIG RECONCILIATION id=1205366177534312449] 683  changing the spanconfig for span:/Table/3{8-9} from:{RangeMinBytes:134217728 RangeMaxBytes:536870912 GCPolicy:{TTLSeconds:14400 ProtectionPolicies:[] IgnoreStrictEnforcement:false} GlobalReads:false NumReplicas:5 NumVoters:0 Constraints:[] VoterConstraints:[] LeasePreferences:[] RangefeedEnabled:false ExcludeDataFromBackup:false} to:{RangeMinBytes:134217728 RangeMaxBytes:536870912 GCPolicy:{TTLSeconds:14400 ProtectionPolicies:[] IgnoreStrictEnforcement:false} GlobalReads:false NumReplicas:1 NumVoters:0 Constraints:[] VoterConstraints:[] LeasePreferences:[] RangefeedEnabled:false ExcludeDataFromBackup:false}
I260828 12:09:30.863670 1217 13@spanconfig/spanconfigstore/store.go:364  [T1,Vsystem,n1,job=AUTO SPAN CONFIG RECONCILIATION id=1205366177534312449] 684  changing the spanconfig for span:/Table/{0-4} from:{RangeMinBytes:134217728 RangeMaxBytes:536870912 GCPolicy:{TTLSeconds:14400 ProtectionPolicies:[] IgnoreStrictEnforcement:true} GlobalReads:false NumReplicas:5 NumVoters:0 Constraints:[] VoterConstraints:[] LeasePreferences:[] RangefeedEnabled:true ExcludeDataFromBackup:false} to:{RangeMinBytes:134217728 RangeMaxBytes:536870912 GCPolicy:{TTLSeconds:14400 ProtectionPolicies:[] IgnoreStrictEnforcement:true} GlobalReads:false NumReplicas:1 NumVoters:0 Constraints:[] VoterConstraints:[] LeasePreferences:[] RangefeedEnabled:true ExcludeDataFromBackup:false}
I260828 12:09:30.863747 1217 13@spanconfig/spanconfigstore/store.go:364  [T1,Vsystem,n1,job=AUTO SPAN CONFIG RECONCILIATION id=1205366177534312449] 685  changing the spanconfig for span:/Table/{4-5} from:{RangeMinBytes:134217728 RangeMaxBytes:536870912 GCPolicy:{TTLSeconds:14400 ProtectionPolicies:[] IgnoreStrictEnforcement:true} GlobalReads:false NumReplicas:5 NumVoters:0 Constraints:[] VoterConstraints:[] LeasePreferences:[] RangefeedEnabled:true ExcludeDataFromBackup:false} to:{RangeMinBytes:134217728 RangeMaxBytes:536870912 GCPolicy:{TTLSeconds:14400 ProtectionPolicies:[] IgnoreStrictEnforcement:true} GlobalReads:false NumReplicas:1 NumVoters:0 Constraints:[] VoterConstraints:[] LeasePreferences:[] RangefeedEnabled:true ExcludeDataFromBackup:false}
I260828 12:09:30.863832 1217 13@spanconfig/spanconfigstore/store.go:364  [T1,Vsystem,n1,job=AUTO SPAN CONFIG RECONCILIATION id=1205366177534312449] 686  changing the spanconfig for span:/Table/{5-6} from:{RangeMinBytes:134217728 RangeMaxBytes:536870912 GCPolicy:{TTLSeconds:14400 ProtectionPolicies:[] IgnoreStrictEnforcement:true} GlobalReads:false NumReplicas:5 NumVoters:0 Constraints:[] VoterConstraints:[] LeasePreferences:[] RangefeedEnabled:true ExcludeDataFromBackup:false} to:{RangeMinBytes:134217728 RangeMaxBytes:536870912 GCPolicy:{TTLSeconds:14400 ProtectionPolicies:[] IgnoreStrictEnforcement:true} GlobalReads:false NumReplicas:1 NumVoters:0 Constraints:[] VoterConstraints:[] LeasePreferences:[] RangefeedEnabled:true ExcludeDataFromBackup:false}
I260828 12:09:30.863937 1217 13@spanconfig/spanconfigstore/store.go:364  [T1,Vsystem,n1,job=AUTO SPAN CONFIG RECONCILIATION id=1205366177534312449] 687  changing the spanconfig for span:/Table/{6-7} from:{RangeMinBytes:134217728 RangeMaxBytes:536870912 GCPolicy:{TTLSeconds:14400 ProtectionPolicies:[] IgnoreStrictEnforcement:true} GlobalReads:false NumReplicas:5 NumVoters:0 Constraints:[] VoterConstraints:[] LeasePreferences:[] RangefeedEnabled:true ExcludeDataFromBackup:false} to:{RangeMinBytes:134217728 RangeMaxBytes:536870912 GCPolicy:{TTLSeconds:14400 ProtectionPolicies:[] IgnoreStrictEnforcement:true} GlobalReads:false NumReplicas:1 NumVoters:0 Constraints:[] VoterConstraints:[] LeasePreferences:[] RangefeedEnabled:true ExcludeDataFromBackup:false}
I260828 12:09:30.864015 1217 13@spanconfig/spanconfigstore/store.go:364  [T1,Vsystem,n1,job=AUTO SPAN CONFIG RECONCILIATION id=1205366177534312449] 688  changing the spanconfig for span:/Table/{7-8} from:{RangeMinBytes:134217728 RangeMaxBytes:536870912 GCPolicy:{TTLSeconds:14400 ProtectionPolicies:[] IgnoreStrictEnforcement:true} GlobalReads:false NumReplicas:5 NumVoters:0 Constraints:[] VoterConstraints:[] LeasePreferences:[] RangefeedEnabled:true ExcludeDataFromBackup:false} to:{RangeMinBytes:134217728 RangeMaxBytes:536870912 GCPolicy:{TTLSeconds:14400 ProtectionPolicies:[] IgnoreStrictEnforcement:true} GlobalReads:false NumReplicas:1 NumVoters:0 Constraints:[] VoterConstraints:[] LeasePreferences:[] RangefeedEnabled:true ExcludeDataFromBackup:false}
I260828 12:09:30.864062 1217 13@spanconfig/spanconfigstore/store.go:364  [T1,Vsystem,n1,job=AUTO SPAN CONFIG RECONCILIATION id=1205366177534312449] 689  changing the spanconfig for span:/Table/{8-9} from:{RangeMinBytes:134217728 RangeMaxBytes:536870912 GCPolicy:{TTLSeconds:14400 ProtectionPolicies:[] IgnoreStrictEnforcement:true} GlobalReads:false NumReplicas:5 NumVoters:0 Constraints:[] VoterConstraints:[] LeasePreferences:[] RangefeedEnabled:true ExcludeDataFromBackup:false} to:{RangeMinBytes:134217728 RangeMaxBytes:536870912 GCPolicy:{TTLSeconds:14400 ProtectionPolicies:[] IgnoreStrictEnforcement:true} GlobalReads:false NumReplicas:1 NumVoters:0 Constraints:[] VoterConstraints:[] LeasePreferences:[] RangefeedEnabled:true ExcludeDataFromBackup:false}
I260828 12:09:30.864109 1217 13@spanconfig/spanconfigstore/store.go:364  [T1,Vsystem,n1,job=AUTO SPAN CONFIG RECONCILIATION id=1205366177534312449] 690  changing the spanconfig for span:/Table/{9-10} from:{RangeMinBytes:134217728 RangeMaxBytes:536870912 GCPolicy:{TTLSeconds:14400 ProtectionPolicies:[] IgnoreStrictEnforcement:true} GlobalReads:false NumReplicas:5 NumVoters:0 Constraints:[] VoterConstraints:[] LeasePreferences:[] RangefeedEnabled:true ExcludeDataFromBackup:false} to:{RangeMinBytes:134217728 RangeMaxBytes:536870912 GCPolicy:{TTLSeconds:14400 ProtectionPolicies:[] IgnoreStrictEnforcement:true} GlobalReads:false NumReplicas:1 NumVoters:0 Constraints:[] VoterConstraints:[] LeasePreferences:[] RangefeedEnabled:true ExcludeDataFromBackup:false}
I260828 12:09:30.864149 1217 13@spanconfig/spanconfigstore/store.go:364  [T1,Vsystem,n1,job=AUTO SPAN CONFIG RECONCILIATION id=1205366177534312449] 691  changing the spanconfig for span:/Table/1{1-2} from:{RangeMinBytes:134217728 RangeMaxBytes:536870912 GCPolicy:{TTLSeconds:600 ProtectionPolicies:[] IgnoreStrictEnforcement:true} GlobalReads:false NumReplicas:5 NumVoters:0 Constraints:[] VoterConstraints:[] LeasePreferences:[] RangefeedEnabled:true ExcludeDataFromBackup:true} to:{RangeMinBytes:134217728 RangeMaxBytes:536870912 GCPolicy:{TTLSeconds:600 ProtectionPolicies:[] IgnoreStrictEnforcement:true} GlobalReads:false NumReplicas:1 NumVoters:0 Constraints:[] VoterConstraints:[] LeasePreferences:[] RangefeedEnabled:true ExcludeDataFromBackup:true}
I260828 12:09:30.864188 1217 13@spanconfig/spanconfigstore/store.go:364  [T1,Vsystem,n1,job=AUTO SPAN CONFIG RECONCILIATION id=1205366177534312449] 692  changing the spanconfig for span:/Table/1{2-3} from:{RangeMinBytes:134217728 RangeMaxBytes:536870912 GCPolicy:{TTLSeconds:14400 ProtectionPolicies:[] IgnoreStrictEnforcement:true} GlobalReads:false NumReplicas:5 NumVoters:0 Constraints:[] VoterConstraints:[] LeasePreferences:[] RangefeedEnabled:true ExcludeDataFromBackup:false} to:{RangeMinBytes:134217728 RangeMaxBytes:536870912 GCPolicy:{TTLSeconds:14400 ProtectionPolicies:[] IgnoreStrictEnforcement:true} GlobalReads:false NumReplicas:1 NumVoters:0 Constraints:[] VoterConstraints:[] LeasePreferences:[] RangefeedEnabled:true ExcludeDataFromBackup:false}
I260828 12:09:30.864247 1217 13@spanconfig/spanconfigstore/store.go:364  [T1,Vsystem,n1,job=AUTO SPAN CONFIG RECONCILIATION id=1205366177534312449] 693  changing the spanconfig for span:/Table/1{3-4} from:{RangeMinBytes:134217728 RangeMaxBytes:536870912 GCPolicy:{TTLSeconds:14400 ProtectionPolicies:[] IgnoreStrictEnforcement:true} GlobalReads:false NumReplicas:5 NumVoters:0 Constraints:[] VoterConstraints:[] LeasePreferences:[] RangefeedEnabled:true ExcludeDataFromBackup:false} to:{RangeMinBytes:134217728 RangeMaxBytes:536870912 GCPolicy:{TTLSeconds:14400 ProtectionPolicies:[] IgnoreStrictEnforcement:true} GlobalReads:false NumReplicas:1 NumVoters:0 Constraints:[] VoterConstraints:[] LeasePreferences:[] RangefeedEnabled:true ExcludeDataFromBackup:false}
I260828 12:09:30.864286 1217 13@spanconfig/spanconfigstore/store.go:364  [T1,Vsystem,n1,job=AUTO SPAN CONFIG RECONCILIATION id=1205366177534312449] 694  changing the spanconfig for span:/Table/1{4-5} from:{RangeMinBytes:134217728 RangeMaxBytes:536870912 GCPolicy:{TTLSeconds:14400 ProtectionPolicies:[] IgnoreStrictEnforcement:true} GlobalReads:false NumReplicas:5 NumVoters:0 Constraints:[] VoterConstraints:[] LeasePreferences:[] RangefeedEnabled:true ExcludeDataFromBackup:false} to:{RangeMinBytes:134217728 RangeMaxBytes:536870912 GCPolicy:{TTLSeconds:14400 ProtectionPolicies:[] IgnoreStrictEnforcement:true} GlobalReads:false NumReplicas:1 NumVoters:0 Constraints:[] VoterConstraints:[] LeasePreferences:[] RangefeedEnabled:true ExcludeDataFromBackup:false}
I260828 12:09:30.864325 1217 13@spanconfig/spanconfigstore/store.go:364  [T1,Vsystem,n1,job=AUTO SPAN CONFIG RECONCILIATION id=1205366177534312449] 695  changing the spanconfig for span:/Table/1{5-6} from:{RangeMinBytes:134217728 RangeMaxBytes:536870912 GCPolicy:{TTLSeconds:14400 ProtectionPolicies:[] IgnoreStrictEnforcement:true} GlobalReads:false NumReplicas:5 NumVoters:0 Constraints:[] VoterConstraints:[] LeasePreferences:[] RangefeedEnabled:true ExcludeDataFromBackup:false} to:{RangeMinBytes:134217728 RangeMaxBytes:536870912 GCPolicy:{TTLSeconds:14400 ProtectionPolicies:[] IgnoreStrictEnforcement:true} GlobalReads:false NumReplicas:1 NumVoters:0 Constraints:[] VoterConstraints:[] LeasePreferences:[] RangefeedEnabled:true ExcludeDataFromBackup:false}
I260828 12:09:30.864363 1217 13@spanconfig/spanconfigstore/store.go:364  [T1,Vsystem,n1,job=AUTO SPAN CONFIG RECONCILIATION id=1205366177534312449] 696  changing the spanconfig for span:/Table/{19-20} from:{RangeMinBytes:134217728 RangeMaxBytes:536870912 GCPolicy:{TTLSeconds:14400 ProtectionPolicies:[] IgnoreStrictEnforcement:true} GlobalReads:false NumReplicas:5 NumVoters:0 Constraints:[] VoterConstraints:[] LeasePreferences:[] RangefeedEnabled:true ExcludeDataFromBackup:false} to:{RangeMinBytes:134217728 RangeMaxBytes:536870912 GCPolicy:{TTLSeconds:14400 ProtectionPolicies:[] IgnoreStrictEnforcement:true} GlobalReads:false NumReplicas:1 NumVoters:0 Constraints:[] VoterConstraints:[] LeasePreferences:[] RangefeedEnabled:true ExcludeDataFromBackup:false}
I260828 12:09:30.864409 1217 13@spanconfig/spanconfigstore/store.go:364  [T1,Vsystem,n1,job=AUTO SPAN CONFIG RECONCILIATION id=1205366177534312449] 697  changing the spanconfig for span:/Table/2{0-1} from:{RangeMinBytes:134217728 RangeMaxBytes:536870912 GCPolicy:{TTLSeconds:14400 ProtectionPolicies:[] IgnoreStrictEnforcement:true} GlobalReads:false NumReplicas:5 NumVoters:0 Constraints:[] VoterConstraints:[] LeasePreferences:[] RangefeedEnabled:true ExcludeDataFromBackup:false} to:{RangeMinBytes:134217728 RangeMaxBytes:536870912 GCPolicy:{TTLSeconds:14400 ProtectionPolicies:[] IgnoreStrictEnforcement:true} GlobalReads:false NumReplicas:1 NumVoters:0 Constraints:[] VoterConstraints:[] LeasePreferences:[] RangefeedEnabled:true ExcludeDataFromBackup:false}
I260828 12:09:30.864453 1217 13@spanconfig/spanconfigstore/store.go:364  [T1,Vsystem,n1,job=AUTO SPAN CONFIG RECONCILIATION id=1205366177534312449] 698  changing the spanconfig for span:/Table/2{1-2} from:{RangeMinBytes:134217728 RangeMaxBytes:536870912 GCPolicy:{TTLSeconds:14400 ProtectionPolicies:[] IgnoreStrictEnforcement:true} GlobalReads:false NumReplicas:5 NumVoters:0 Constraints:[] VoterConstraints:[] LeasePreferences:[] RangefeedEnabled:true ExcludeDataFromBackup:false} to:{RangeMinBytes:134217728 RangeMaxBytes:536870912 GCPolicy:{TTLSeconds:14400 ProtectionPolicies:[] IgnoreStrictEnforcement:true} GlobalReads:false NumReplicas:1 NumVoters:0 Constraints:[] VoterConstraints:[] LeasePreferences:[] RangefeedEnabled:true ExcludeDataFromBackup:false}
I260828 12:09:30.864496 1217 13@spanconfig/spanconfigstore/store.go:364  [T1,Vsystem,n1,job=AUTO SPAN CONFIG RECONCILIATION id=1205366177534312449] 699  changing the spanconfig for span:/Table/2{3-4} from:{RangeMinBytes:134217728 RangeMaxBytes:536870912 GCPolicy:{TTLSeconds:14400 ProtectionPolicies:[] IgnoreStrictEnforcement:true} GlobalReads:false NumReplicas:5 NumVoters:0 Constraints:[] VoterConstraints:[] LeasePreferences:[] RangefeedEnabled:true ExcludeDataFromBackup:false} to:{RangeMinBytes:134217728 RangeMaxBytes:536870912 GCPolicy:{TTLSeconds:14400 ProtectionPolicies:[] IgnoreStrictEnforcement:true} GlobalReads:false NumReplicas:1 NumVoters:0 Constraints:[] VoterConstraints:[] LeasePreferences:[] RangefeedEnabled:true ExcludeDataFromBackup:false}
I260828 12:09:30.864614 1217 13@spanconfig/spanconfigstore/store.go:364  [T1,Vsystem,n1,job=AUTO SPAN CONFIG RECONCILIATION id=1205366177534312449] 700  changing the spanconfig for span:/Table/2{4-5} from:{RangeMinBytes:134217728 RangeMaxBytes:536870912 GCPolicy:{TTLSeconds:14400 ProtectionPolicies:[] IgnoreStrictEnforcement:true} GlobalReads:false NumReplicas:5 NumVoters:0 Constraints:[] VoterConstraints:[] LeasePreferences:[] RangefeedEnabled:true ExcludeDataFromBackup:false} to:{RangeMinBytes:134217728 RangeMaxBytes:536870912 GCPolicy:{TTLSeconds:14400 ProtectionPolicies:[] IgnoreStrictEnforcement:true} GlobalReads:false NumReplicas:1 NumVoters:0 Constraints:[] VoterConstraints:[] LeasePreferences:[] RangefeedEnabled:true ExcludeDataFromBackup:false}
I260828 12:09:30.864680 1217 13@spanconfig/spanconfigstore/store.go:364  [T1,Vsystem,n1,job=AUTO SPAN CONFIG RECONCILIATION id=1205366177534312449] 701  changing the spanconfig for span:/Table/2{5-6} from:{RangeMinBytes:134217728 RangeMaxBytes:536870912 GCPolicy:{TTLSeconds:600 ProtectionPolicies:[] IgnoreStrictEnforcement:true} GlobalReads:false NumReplicas:5 NumVoters:0 Constraints:[] VoterConstraints:[] LeasePreferences:[] RangefeedEnabled:true ExcludeDataFromBackup:true} to:{RangeMinBytes:134217728 RangeMaxBytes:536870912 GCPolicy:{TTLSeconds:600 ProtectionPolicies:[] IgnoreStrictEnforcement:true} GlobalReads:false NumReplicas:1 NumVoters:0 Constraints:[] VoterConstraints:[] LeasePreferences:[] RangefeedEnabled:true ExcludeDataFromBackup:true}
I260828 12:09:30.864809 1217 13@spanconfig/spanconfigstore/store.go:364  [T1,Vsystem,n1,job=AUTO SPAN CONFIG RECONCILIATION id=1205366177534312449] 702  changing the spanconfig for span:/Table/2{6-7} from:{RangeMinBytes:134217728 RangeMaxBytes:536870912 GCPolicy:{TTLSeconds:14400 ProtectionPolicies:[] IgnoreStrictEnforcement:true} GlobalReads:false NumReplicas:5 NumVoters:0 Constraints:[] VoterConstraints:[] LeasePreferences:[] RangefeedEnabled:true ExcludeDataFromBackup:false} to:{RangeMinBytes:134217728 RangeMaxBytes:536870912 GCPolicy:{TTLSeconds:14400 ProtectionPolicies:[] IgnoreStrictEnforcement:true} GlobalReads:false NumReplicas:1 NumVoters:0 Constraints:[] VoterConstraints:[] LeasePreferences:[] RangefeedEnabled:true ExcludeDataFromBackup:false}
I260828 12:09:30.864940 1217 13@spanconfig/spanconfigstore/store.go:364  [T1,Vsystem,n1,job=AUTO SPAN CONFIG RECONCILIATION id=1205366177534312449] 703  changing the spanconfig for span:/Table/2{7-8} from:{RangeMinBytes:134217728 RangeMaxBytes:536870912 GCPolicy:{TTLSeconds:600 ProtectionPolicies:[] IgnoreStrictEnforcement:true} GlobalReads:false NumReplicas:5 NumVoters:0 Constraints:[] VoterConstraints:[] LeasePreferences:[] RangefeedEnabled:true ExcludeDataFromBackup:true} to:{RangeMinBytes:134217728 RangeMaxBytes:536870912 GCPolicy:{TTLSeconds:600 ProtectionPolicies:[] IgnoreStrictEnforcement:true} GlobalReads:false NumReplicas:1 NumVoters:0 Constraints:[] VoterConstraints:[] LeasePreferences:[] RangefeedEnabled:true ExcludeDataFromBackup:true}
I260828 12:09:30.865030 1217 13@spanconfig/spanconfigstore/store.go:364  [T1,Vsystem,n1,job=AUTO SPAN CONFIG RECONCILIATION id=1205366177534312449] 704  changing the spanconfig for span:/Table/2{8-9} from:{RangeMinBytes:134217728 RangeMaxBytes:536870912 GCPolicy:{TTLSeconds:14400 ProtectionPolicies:[] IgnoreStrictEnforcement:true} GlobalReads:false NumReplicas:5 NumVoters:0 Constraints:[] VoterConstraints:[] LeasePreferences:[] RangefeedEnabled:true ExcludeDataFromBackup:false} to:{RangeMinBytes:134217728 RangeMaxBytes:536870912 GCPolicy:{TTLSeconds:14400 ProtectionPolicies:[] IgnoreStrictEnforcement:true} GlobalReads:false NumReplicas:1 NumVoters:0 Constraints:[] VoterConstraints:[] LeasePreferences:[] RangefeedEnabled:true ExcludeDataFromBackup:false}
I260828 12:09:30.865109 1217 13@spanconfig/spanconfigstore/store.go:364  [T1,Vsystem,n1,job=AUTO SPAN CONFIG RECONCILIATION id=1205366177534312449] 705  changing the spanconfig for span:/NamespaceTable/{30-Max} from:{RangeMinBytes:134217728 RangeMaxBytes:536870912 GCPolicy:{TTLSeconds:14400 ProtectionPolicies:[] IgnoreStrictEnforcement:true} GlobalReads:false NumReplicas:5 NumVoters:0 Constraints:[] VoterConstraints:[] LeasePreferences:[] RangefeedEnabled:true ExcludeDataFromBackup:false} to:{RangeMinBytes:134217728 RangeMaxBytes:536870912 GCPolicy:{TTLSeconds:14400 ProtectionPolicies:[] IgnoreStrictEnforcement:true} GlobalReads:false NumReplicas:1 NumVoters:0 Constraints:[] VoterConstraints:[] LeasePreferences:[] RangefeedEnabled:true ExcludeDataFromBackup:false}
I260828 12:09:30.865206 1217 13@spanconfig/spanconfigstore/store.go:364  [T1,Vsystem,n1,job=AUTO SPAN CONFIG RECONCILIATION id=1205366177534312449] 706  changing the spanconfig for span:/{NamespaceTable/Max-Table/32} from:{RangeMinBytes:134217728 RangeMaxBytes:536870912 GCPolicy:{TTLSeconds:14400 ProtectionPolicies:[] IgnoreStrictEnforcement:true} GlobalReads:false NumReplicas:5 NumVoters:0 Constraints:[] VoterConstraints:[] LeasePreferences:[] RangefeedEnabled:true ExcludeDataFromBackup:false} to:{RangeMinBytes:134217728 RangeMaxBytes:536870912 GCPolicy:{TTLSeconds:14400 ProtectionPolicies:[] IgnoreStrictEnforcement:true} GlobalReads:false NumReplicas:1 NumVoters:0 Constraints:[] VoterConstraints:[] LeasePreferences:[] RangefeedEnabled:true ExcludeDataFromBackup:false}
I260828 12:09:30.865262 1217 13@spanconfig/spanconfigstore/store.go:364  [T1,Vsystem,n1,job=AUTO SPAN CONFIG RECONCILIATION id=1205366177534312449] 707  changing the spanconfig for span:/Table/3{2-3} from:{RangeMinBytes:134217728 RangeMaxBytes:536870912 GCPolicy:{TTLSeconds:14400 ProtectionPolicies:[] IgnoreStrictEnforcement:true} GlobalReads:false NumReplicas:5 NumVoters:0 Constraints:[] VoterConstraints:[] LeasePreferences:[] RangefeedEnabled:true ExcludeDataFromBackup:false} to:{RangeMinBytes:134217728 RangeMaxBytes:536870912 GCPolicy:{TTLSeconds:14400 ProtectionPolicies:[] IgnoreStrictEnforcement:true} GlobalReads:false NumReplicas:1 NumVoters:0 Constraints:[] VoterConstraints:[] LeasePreferences:[] RangefeedEnabled:true ExcludeDataFromBackup:false}
I260828 12:09:30.865358 1217 13@spanconfig/spanconfigstore/store.go:364  [T1,Vsystem,n1,job=AUTO SPAN CONFIG RECONCILIATION id=1205366177534312449] 708  changing the spanconfig for span:/Table/3{3-4} from:{RangeMinBytes:134217728 RangeMaxBytes:536870912 GCPolicy:{TTLSeconds:14400 ProtectionPolicies:[] IgnoreStrictEnforcement:true} GlobalReads:false NumReplicas:5 NumVoters:0 Constraints:[] VoterConstraints:[] LeasePreferences:[] RangefeedEnabled:true ExcludeDataFromBackup:false} to:{RangeMinBytes:134217728 RangeMaxBytes:536870912 GCPolicy:{TTLSeconds:14400 ProtectionPolicies:[] IgnoreStrictEnforcement:true} GlobalReads:false NumReplicas:1 NumVoters:0 Constraints:[] VoterConstraints:[] LeasePreferences:[] RangefeedEnabled:true ExcludeDataFromBackup:false}
I260828 12:09:30.865447 1217 13@spanconfig/spanconfigstore/store.go:364  [T1,Vsystem,n1,job=AUTO SPAN CONFIG RECONCILIATION id=1205366177534312449] 709  changing the spanconfig for span:/Table/3{4-5} from:{RangeMinBytes:134217728 RangeMaxBytes:536870912 GCPolicy:{TTLSeconds:14400 ProtectionPolicies:[] IgnoreStrictEnforcement:true} GlobalReads:false NumReplicas:5 NumVoters:0 Constraints:[] VoterConstraints:[] LeasePreferences:[] RangefeedEnabled:true ExcludeDataFromBackup:false} to:{RangeMinBytes:134217728 RangeMaxBytes:536870912 GCPolicy:{TTLSeconds:14400 ProtectionPolicies:[] IgnoreStrictEnforcement:true} GlobalReads:false NumReplicas:1 NumVoters:0 Constraints:[] VoterConstraints:[] LeasePreferences:[] RangefeedEnabled:true ExcludeDataFromBackup:false}
I260828 12:09:30.865561 1217 13@spanconfig/spanconfigstore/store.go:364  [T1,Vsystem,n1,job=AUTO SPAN CONFIG RECONCILIATION id=1205366177534312449] 710  changing the spanconfig for span:/Table/3{5-6} from:{RangeMinBytes:134217728 RangeMaxBytes:536870912 GCPolicy:{TTLSeconds:14400 ProtectionPolicies:[] IgnoreStrictEnforcement:true} GlobalReads:false NumReplicas:5 NumVoters:0 Constraints:[] VoterConstraints:[] LeasePreferences:[] RangefeedEnabled:true ExcludeDataFromBackup:false} to:{RangeMinBytes:134217728 RangeMaxBytes:536870912 GCPolicy:{TTLSeconds:14400 ProtectionPolicies:[] IgnoreStrictEnforcement:true} GlobalReads:false NumReplicas:1 NumVoters:0 Constraints:[] VoterConstraints:[] LeasePreferences:[] RangefeedEnabled:true ExcludeDataFromBackup:false}
I260828 12:09:30.865664 1217 13@spanconfig/spanconfigstore/store.go:364  [T1,Vsystem,n1,job=AUTO SPAN CONFIG RECONCILIATION id=1205366177534312449] 711  changing the spanconfig for span:/Table/3{6-7} from:{RangeMinBytes:134217728 RangeMaxBytes:536870912 GCPolicy:{TTLSeconds:14400 ProtectionPolicies:[] IgnoreStrictEnforcement:true} GlobalReads:false NumReplicas:5 NumVoters:0 Constraints:[] VoterConstraints:[] LeasePreferences:[] RangefeedEnabled:true ExcludeDataFromBackup:false} to:{RangeMinBytes:134217728 RangeMaxBytes:536870912 GCPolicy:{TTLSeconds:14400 ProtectionPolicies:[] IgnoreStrictEnforcement:true} GlobalReads:false NumReplicas:1 NumVoters:0 Constraints:[] VoterConstraints:[] LeasePreferences:[] RangefeedEnabled:true ExcludeDataFromBackup:false}
I260828 12:09:30.865789 1217 13@spanconfig/spanconfigstore/store.go:364  [T1,Vsystem,n1,job=AUTO SPAN CONFIG RECONCILIATION id=1205366177534312449] 712  changing the spanconfig for span:/Table/3{7-8} from:{RangeMinBytes:134217728 RangeMaxBytes:536870912 GCPolicy:{TTLSeconds:14400 ProtectionPolicies:[] IgnoreStrictEnforcement:true} GlobalReads:false NumReplicas:5 NumVoters:0 Constraints:[] VoterConstraints:[] LeasePreferences:[] RangefeedEnabled:true ExcludeDataFromBackup:false} to:{RangeMinBytes:134217728 RangeMaxBytes:536870912 GCPolicy:{TTLSeconds:14400 ProtectionPolicies:[] IgnoreStrictEnforcement:true} GlobalReads:false NumReplicas:1 NumVoters:0 Constraints:[] VoterConstraints:[] LeasePreferences:[] RangefeedEnabled:true ExcludeDataFromBackup:false}
I260828 12:09:30.865895 1217 13@spanconfig/spanconfigstore/store.go:364  [T1,Vsystem,n1,job=AUTO SPAN CONFIG RECONCILIATION id=1205366177534312449] 713  changing the spanconfig for span:/Table/{39-40} from:{RangeMinBytes:134217728 RangeMaxBytes:536870912 GCPolicy:{TTLSeconds:14400 ProtectionPolicies:[] IgnoreStrictEnforcement:true} GlobalReads:false NumReplicas:5 NumVoters:0 Constraints:[] VoterConstraints:[] LeasePreferences:[] RangefeedEnabled:true ExcludeDataFromBackup:false} to:{RangeMinBytes:134217728 RangeMaxBytes:536870912 GCPolicy:{TTLSeconds:14400 ProtectionPolicies:[] IgnoreStrictEnforcement:true} GlobalReads:false NumReplicas:1 NumVoters:0 Constraints:[] VoterConstraints:[] LeasePreferences:[] RangefeedEnabled:true ExcludeDataFromBackup:false}
I260828 12:09:30.866007 1217 13@spanconfig/spanconfigstore/store.go:364  [T1,Vsystem,n1,job=AUTO SPAN CONFIG RECONCILIATION id=1205366177534312449] 714  changing the spanconfig for span:/Table/4{0-1} from:{RangeMinBytes:134217728 RangeMaxBytes:536870912 GCPolicy:{TTLSeconds:14400 ProtectionPolicies:[] IgnoreStrictEnforcement:true} GlobalReads:false NumReplicas:5 NumVoters:0 Constraints:[] VoterConstraints:[] LeasePreferences:[] RangefeedEnabled:true ExcludeDataFromBackup:false} to:{RangeMinBytes:134217728 RangeMaxBytes:536870912 GCPolicy:{TTLSeconds:14400 ProtectionPolicies:[] IgnoreStrictEnforcement:true} GlobalReads:false NumReplicas:1 NumVoters:0 Constraints:[] VoterConstraints:[] LeasePreferences:[] RangefeedEnabled:true ExcludeDataFromBackup:false}
I260828 12:09:30.866106 1217 13@spanconfig/spanconfigstore/store.go:364  [T1,Vsystem,n1,job=AUTO SPAN CONFIG RECONCILIATION id=1205366177534312449] 715  changing the spanconfig for span:/Table/4{1-2} from:{RangeMinBytes:134217728 RangeMaxBytes:536870912 GCPolicy:{TTLSeconds:14400 ProtectionPolicies:[] IgnoreStrictEnforcement:true} GlobalReads:false NumReplicas:5 NumVoters:0 Constraints:[] VoterConstraints:[] LeasePreferences:[] RangefeedEnabled:true ExcludeDataFromBackup:false} to:{RangeMinBytes:134217728 RangeMaxBytes:536870912 GCPolicy:{TTLSeconds:14400 ProtectionPolicies:[] IgnoreStrictEnforcement:true} GlobalReads:false NumReplicas:1 NumVoters:0 Constraints:[] VoterConstraints:[] LeasePreferences:[] RangefeedEnabled:true ExcludeDataFromBackup:false}
I260828 12:09:30.866222 1217 13@spanconfig/spanconfigstore/store.go:364  [T1,Vsystem,n1,job=AUTO SPAN CONFIG RECONCILIATION id=1205366177534312449] 716  changing the spanconfig for span:/Table/4{2-3} from:{RangeMinBytes:134217728 RangeMaxBytes:536870912 GCPolicy:{TTLSeconds:14400 ProtectionPolicies:[] IgnoreStrictEnforcement:true} GlobalReads:false NumReplicas:5 NumVoters:0 Constraints:[] VoterConstraints:[] LeasePreferences:[] RangefeedEnabled:true ExcludeDataFromBackup:false} to:{RangeMinBytes:134217728 RangeMaxBytes:536870912 GCPolicy:{TTLSeconds:3600 ProtectionPolicies:[] IgnoreStrictEnforcement:true} GlobalReads:false NumReplicas:1 NumVoters:0 Constraints:[] VoterConstraints:[] LeasePreferences:[] RangefeedEnabled:true ExcludeDataFromBackup:false}
I260828 12:09:30.866329 1217 13@spanconfig/spanconfigstore/store.go:364  [T1,Vsystem,n1,job=AUTO SPAN CONFIG RECONCILIATION id=1205366177534312449] 717  changing the spanconfig for span:/Table/4{3-4} from:{RangeMinBytes:134217728 RangeMaxBytes:536870912 GCPolicy:{TTLSeconds:14400 ProtectionPolicies:[] IgnoreStrictEnforcement:true} GlobalReads:false NumReplicas:5 NumVoters:0 Constraints:[] VoterConstraints:[] LeasePreferences:[] RangefeedEnabled:true ExcludeDataFromBackup:false} to:{RangeMinBytes:134217728 RangeMaxBytes:536870912 GCPolicy:{TTLSeconds:3600 ProtectionPolicies:[] IgnoreStrictEnforcement:true} GlobalReads:false NumReplicas:1 NumVoters:0 Constraints:[] VoterConstraints:[] LeasePreferences:[] RangefeedEnabled:true ExcludeDataFromBackup:false}
I260828 12:09:30.866431 1217 13@spanconfig/spanconfigstore/store.go:364  [T1,Vsystem,n1,job=AUTO SPAN CONFIG RECONCILIATION id=1205366177534312449] 718  changing the spanconfig for span:/Table/4{4-5} from:{RangeMinBytes:134217728 RangeMaxBytes:536870912 GCPolicy:{TTLSeconds:14400 ProtectionPolicies:[] IgnoreStrictEnforcement:true} GlobalReads:false NumReplicas:5 NumVoters:0 Constraints:[] VoterConstraints:[] LeasePreferences:[] RangefeedEnabled:true ExcludeDataFromBackup:false} to:{RangeMinBytes:134217728 RangeMaxBytes:536870912 GCPolicy:{TTLSeconds:14400 ProtectionPolicies:[] IgnoreStrictEnforcement:true} GlobalReads:false NumReplicas:1 NumVoters:0 Constraints:[] VoterConstraints:[] LeasePreferences:[] RangefeedEnabled:true ExcludeDataFromBackup:false}
I260828 12:09:30.866585 1217 13@spanconfig/spanconfigstore/store.go:364  [T1,Vsystem,n1,job=AUTO SPAN CONFIG RECONCILIATION id=1205366177534312449] 719  changing the spanconfig for span:/Table/4{5-6} from:{RangeMinBytes:134217728 RangeMaxBytes:536870912 GCPolicy:{TTLSeconds:7200 ProtectionPolicies:[] IgnoreStrictEnforcement:true} GlobalReads:false NumReplicas:5 NumVoters:0 Constraints:[] VoterConstraints:[] LeasePreferences:[] RangefeedEnabled:true ExcludeDataFromBackup:true} to:{RangeMinBytes:134217728 RangeMaxBytes:536870912 GCPolicy:{TTLSeconds:7200 ProtectionPolicies:[] IgnoreStrictEnforcement:true} GlobalReads:false NumReplicas:1 NumVoters:0 Constraints:[] VoterConstraints:[] LeasePreferences:[] RangefeedEnabled:true ExcludeDataFromBackup:true}
I260828 12:09:30.866764 1217 13@spanconfig/spanconfigstore/store.go:364  [T1,Vsystem,n1,job=AUTO SPAN CONFIG RECONCILIATION id=1205366177534312449] 720  changing the spanconfig for span:/Table/4{6-7} from:{RangeMinBytes:134217728 RangeMaxBytes:536870912 GCPolicy:{TTLSeconds:14400 ProtectionPolicies:[] IgnoreStrictEnforcement:true} GlobalReads:false NumReplicas:5 NumVoters:0 Constraints:[] VoterConstraints:[] LeasePreferences:[] RangefeedEnabled:true ExcludeDataFromBackup:false} to:{RangeMinBytes:134217728 RangeMaxBytes:536870912 GCPolicy:{TTLSeconds:14400 ProtectionPolicies:[] IgnoreStrictEnforcement:true} GlobalReads:false NumReplicas:1 NumVoters:0 Constraints:[] VoterConstraints:[] LeasePreferences:[] RangefeedEnabled:true ExcludeDataFromBackup:false}
I260828 12:09:30.866837 1217 13@spanconfig/spanconfigstore/store.go:364  [T1,Vsystem,n1,job=AUTO SPAN CONFIG RECONCILIATION id=1205366177534312449] 721  changing the spanconfig for span:/Table/4{7-8} from:{RangeMinBytes:134217728 RangeMaxBytes:536870912 GCPolicy:{TTLSeconds:14400 ProtectionPolicies:[] IgnoreStrictEnforcement:true} GlobalReads:false NumReplicas:5 NumVoters:0 Constraints:[] VoterConstraints:[] LeasePreferences:[] RangefeedEnabled:true ExcludeDataFromBackup:true} to:{RangeMinBytes:134217728 RangeMaxBytes:536870912 GCPolicy:{TTLSeconds:14400 ProtectionPolicies:[] IgnoreStrictEnforcement:true} GlobalReads:false NumReplicas:1 NumVoters:0 Constraints:[] VoterConstraints:[] LeasePreferences:[] RangefeedEnabled:true ExcludeDataFromBackup:true}
I260828 12:09:30.866937 1217 13@spanconfig/spanconfigstore/store.go:364  [T1,Vsystem,n1,job=AUTO SPAN CONFIG RECONCILIATION id=1205366177534312449] 722  changing the spanconfig for span:/Table/4{8-9} from:{RangeMinBytes:134217728 RangeMaxBytes:536870912 GCPolicy:{TTLSeconds:14400 ProtectionPolicies:[] IgnoreStrictEnforcement:true} GlobalReads:false NumReplicas:5 NumVoters:0 Constraints:[] VoterConstraints:[] LeasePreferences:[] RangefeedEnabled:true ExcludeDataFromBackup:false} to:{RangeMinBytes:134217728 RangeMaxBytes:536870912 GCPolicy:{TTLSeconds:14400 ProtectionPolicies:[] IgnoreStrictEnforcement:true} GlobalReads:false NumReplicas:1 NumVoters:0 Constraints:[] VoterConstraints:[] LeasePreferences:[] RangefeedEnabled:true ExcludeDataFromBackup:false}
I260828 12:09:30.867002 1217 13@spanconfig/spanconfigstore/store.go:364  [T1,Vsystem,n1,job=AUTO SPAN CONFIG RECONCILIATION id=1205366177534312449] 723  changing the spanconfig for span:/Table/5{0-1} from:{RangeMinBytes:134217728 RangeMaxBytes:536870912 GCPolicy:{TTLSeconds:14400 ProtectionPolicies:[] IgnoreStrictEnforcement:true} GlobalReads:false NumReplicas:5 NumVoters:0 Constraints:[] VoterConstraints:[] LeasePreferences:[] RangefeedEnabled:true ExcludeDataFromBackup:false} to:{RangeMinBytes:134217728 RangeMaxBytes:536870912 GCPolicy:{TTLSeconds:14400 ProtectionPolicies:[] IgnoreStrictEnforcement:true} GlobalReads:false NumReplicas:1 NumVoters:0 Constraints:[] VoterConstraints:[] LeasePreferences:[] RangefeedEnabled:true ExcludeDataFromBackup:false}
I260828 12:09:30.867098 1217 13@spanconfig/spanconfigstore/store.go:364  [T1,Vsystem,n1,job=AUTO SPAN CONFIG RECONCILIATION id=1205366177534312449] 724  changing the spanconfig for span:/Table/5{1-2} from:{RangeMinBytes:134217728 RangeMaxBytes:536870912 GCPolicy:{TTLSeconds:14400 ProtectionPolicies:[] IgnoreStrictEnforcement:true} GlobalReads:false NumReplicas:5 NumVoters:0 Constraints:[] VoterConstraints:[] LeasePreferences:[] RangefeedEnabled:true ExcludeDataFromBackup:false} to:{RangeMinBytes:134217728 RangeMaxBytes:536870912 GCPolicy:{TTLSeconds:14400 ProtectionPolicies:[] IgnoreStrictEnforcement:true} GlobalReads:false NumReplicas:1 NumVoters:0 Constraints:[] VoterConstraints:[] LeasePreferences:[] RangefeedEnabled:true ExcludeDataFromBackup:false}
I260828 12:09:30.867196 1217 13@spanconfig/spanconfigstore/store.go:364  [T1,Vsystem,n1,job=AUTO SPAN CONFIG RECONCILIATION id=1205366177534312449] 725  changing the spanconfig for span:/Table/5{2-3} from:{RangeMinBytes:134217728 RangeMaxBytes:536870912 GCPolicy:{TTLSeconds:14400 ProtectionPolicies:[] IgnoreStrictEnforcement:true} GlobalReads:false NumReplicas:5 NumVoters:0 Constraints:[] VoterConstraints:[] LeasePreferences:[] RangefeedEnabled:true ExcludeDataFromBackup:false} to:{RangeMinBytes:134217728 RangeMaxBytes:536870912 GCPolicy:{TTLSeconds:14400 ProtectionPolicies:[] IgnoreStrictEnforcement:true} GlobalReads:false NumReplicas:1 NumVoters:0 Constraints:[] VoterConstraints:[] LeasePreferences:[] RangefeedEnabled:true ExcludeDataFromBackup:false}
I260828 12:09:30.867298 1217 13@spanconfig/spanconfigstore/store.go:364  [T1,Vsystem,n1,job=AUTO SPAN CONFIG RECONCILIATION id=1205366177534312449] 726  changing the spanconfig for span:/Table/5{3-4} from:{RangeMinBytes:134217728 RangeMaxBytes:536870912 GCPolicy:{TTLSeconds:14400 ProtectionPolicies:[] IgnoreStrictEnforcement:true} GlobalReads:false NumReplicas:5 NumVoters:0 Constraints:[] VoterConstraints:[] LeasePreferences:[] RangefeedEnabled:true ExcludeDataFromBackup:false} to:{RangeMinBytes:134217728 RangeMaxBytes:536870912 GCPolicy:{TTLSeconds:14400 ProtectionPolicies:[] IgnoreStrictEnforcement:true} GlobalReads:false NumReplicas:1 NumVoters:0 Constraints:[] VoterConstraints:[] LeasePreferences:[] RangefeedEnabled:true ExcludeDataFromBackup:false}
I260828 12:09:30.867415 1217 13@spanconfig/spanconfigstore/store.go:364  [T1,Vsystem,n1,job=AUTO SPAN CONFIG RECONCILIATION id=1205366177534312449] 727  changing the spanconfig for span:/Table/5{4-5} from:{RangeMinBytes:134217728 RangeMaxBytes:536870912 GCPolicy:{TTLSeconds:14400 ProtectionPolicies:[] IgnoreStrictEnforcement:true} GlobalReads:false NumReplicas:5 NumVoters:0 Constraints:[] VoterConstraints:[] LeasePreferences:[] RangefeedEnabled:true ExcludeDataFromBackup:false} to:{RangeMinBytes:134217728 RangeMaxBytes:536870912 GCPolicy:{TTLSeconds:14400 ProtectionPolicies:[] IgnoreStrictEnforcement:true} GlobalReads:false NumReplicas:1 NumVoters:0 Constraints:[] VoterConstraints:[] LeasePreferences:[] RangefeedEnabled:true ExcludeDataFromBackup:false}
I260828 12:09:30.867529 1217 13@spanconfig/spanconfigstore/store.go:364  [T1,Vsystem,n1,job=AUTO SPAN CONFIG RECONCILIATION id=1205366177534312449] 728  changing the spanconfig for span:/Table/5{5-6} from:{RangeMinBytes:134217728 RangeMaxBytes:536870912 GCPolicy:{TTLSeconds:14400 ProtectionPolicies:[] IgnoreStrictEnforcement:true} GlobalReads:false NumReplicas:5 NumVoters:0 Constraints:[] VoterConstraints:[] LeasePreferences:[] RangefeedEnabled:true ExcludeDataFromBackup:false} to:{RangeMinBytes:134217728 RangeMaxBytes:536870912 GCPolicy:{TTLSeconds:14400 ProtectionPolicies:[] IgnoreStrictEnforcement:true} GlobalReads:false NumReplicas:1 NumVoters:0 Constraints:[] VoterConstraints:[] LeasePreferences:[] RangefeedEnabled:true ExcludeDataFromBackup:false}
I260828 12:09:30.867651 1217 13@spanconfig/spanconfigstore/store.go:364  [T1,Vsystem,n1,job=AUTO SPAN CONFIG RECONCILIATION id=1205366177534312449] 729  changing the spanconfig for span:/Table/5{6-7} from:{RangeMinBytes:134217728 RangeMaxBytes:536870912 GCPolicy:{TTLSeconds:14400 ProtectionPolicies:[] IgnoreStrictEnforcement:true} GlobalReads:false NumReplicas:5 NumVoters:0 Constraints:[] VoterConstraints:[] LeasePreferences:[] RangefeedEnabled:true ExcludeDataFromBackup:false} to:{RangeMinBytes:134217728 RangeMaxBytes:536870912 GCPolicy:{TTLSeconds:14400 ProtectionPolicies:[] IgnoreStrictEnforcement:true} GlobalReads:false NumReplicas:1 NumVoters:0 Constraints:[] VoterConstraints:[] LeasePreferences:[] RangefeedEnabled:true ExcludeDataFromBackup:false}
I260828 12:09:30.867746 1217 13@spanconfig/spanconfigstore/store.go:364  [T1,Vsystem,n1,job=AUTO SPAN CONFIG RECONCILIATION id=1205366177534312449] 730  changing the spanconfig for span:/Table/5{7-8} from:{RangeMinBytes:134217728 RangeMaxBytes:536870912 GCPolicy:{TTLSeconds:14400 ProtectionPolicies:[] IgnoreStrictEnforcement:true} GlobalReads:false NumReplicas:5 NumVoters:0 Constraints:[] VoterConstraints:[] LeasePreferences:[] RangefeedEnabled:true ExcludeDataFromBackup:false} to:{RangeMinBytes:134217728 RangeMaxBytes:536870912 GCPolicy:{TTLSeconds:14400 ProtectionPolicies:[] IgnoreStrictEnforcement:true} GlobalReads:false NumReplicas:1 NumVoters:0 Constraints:[] VoterConstraints:[] LeasePreferences:[] RangefeedEnabled:true ExcludeDataFromBackup:false}
I260828 12:09:30.867879 1217 13@spanconfig/spanconfigstore/store.go:364  [T1,Vsystem,n1,job=AUTO SPAN CONFIG RECONCILIATION id=1205366177534312449] 731  changing the spanconfig for span:/Table/5{8-9} from:{RangeMinBytes:134217728 RangeMaxBytes:536870912 GCPolicy:{TTLSeconds:3600 ProtectionPolicies:[] IgnoreStrictEnforcement:true} GlobalReads:false NumReplicas:5 NumVoters:0 Constraints:[] VoterConstraints:[] LeasePreferences:[] RangefeedEnabled:true ExcludeDataFromBackup:false} to:{RangeMinBytes:134217728 RangeMaxBytes:536870912 GCPolicy:{TTLSeconds:3600 ProtectionPolicies:[] IgnoreStrictEnforcement:true} GlobalReads:false NumReplicas:1 NumVoters:0 Constraints:[] VoterConstraints:[] LeasePreferences:[] RangefeedEnabled:true ExcludeDataFromBackup:false}
I260828 12:09:30.867970 1217 13@spanconfig/spanconfigstore/store.go:364  [T1,Vsystem,n1,job=AUTO SPAN CONFIG RECONCILIATION id=1205366177534312449] 732  changing the spanconfig for span:/Table/{59-60} from:{RangeMinBytes:134217728 RangeMaxBytes:536870912 GCPolicy:{TTLSeconds:14400 ProtectionPolicies:[] IgnoreStrictEnforcement:true} GlobalReads:false NumReplicas:5 NumVoters:0 Constraints:[] VoterConstraints:[] LeasePreferences:[] RangefeedEnabled:true ExcludeDataFromBackup:false} to:{RangeMinBytes:134217728 RangeMaxBytes:536870912 GCPolicy:{TTLSeconds:14400 ProtectionPolicies:[] IgnoreStrictEnforcement:true} GlobalReads:false NumReplicas:1 NumVoters:0 Constraints:[] VoterConstraints:[] LeasePreferences:[] RangefeedEnabled:true ExcludeDataFromBackup:false}
I260828 12:09:30.868040 1217 13@spanconfig/spanconfigstore/store.go:364  [T1,Vsystem,n1,job=AUTO SPAN CONFIG RECONCILIATION id=1205366177534312449] 733  changing the spanconfig for span:/Table/6{0-1} from:{RangeMinBytes:134217728 RangeMaxBytes:536870912 GCPolicy:{TTLSeconds:14400 ProtectionPolicies:[] IgnoreStrictEnforcement:true} GlobalReads:false NumReplicas:5 NumVoters:0 Constraints:[] VoterConstraints:[] LeasePreferences:[] RangefeedEnabled:true ExcludeDataFromBackup:false} to:{RangeMinBytes:134217728 RangeMaxBytes:536870912 GCPolicy:{TTLSeconds:14400 ProtectionPolicies:[] IgnoreStrictEnforcement:true} GlobalReads:false NumReplicas:1 NumVoters:0 Constraints:[] VoterConstraints:[] LeasePreferences:[] RangefeedEnabled:true ExcludeDataFromBackup:false}
I260828 12:09:30.868167 1217 13@spanconfig/spanconfigstore/store.go:364  [T1,Vsystem,n1,job=AUTO SPAN CONFIG RECONCILIATION id=1205366177534312449] 734  changing the spanconfig for span:/Table/6{1-2} from:{RangeMinBytes:134217728 RangeMaxBytes:536870912 GCPolicy:{TTLSeconds:14400 ProtectionPolicies:[] IgnoreStrictEnforcement:true} GlobalReads:false NumReplicas:5 NumVoters:0 Constraints:[] VoterConstraints:[] LeasePreferences:[] RangefeedEnabled:true ExcludeDataFromBackup:false} to:{RangeMinBytes:134217728 RangeMaxBytes:536870912 GCPolicy:{TTLSeconds:3600 ProtectionPolicies:[] IgnoreStrictEnforcement:true} GlobalReads:false NumReplicas:1 NumVoters:0 Constraints:[] VoterConstraints:[] LeasePreferences:[] RangefeedEnabled:true ExcludeDataFromBackup:false}
I260828 12:09:30.868285 1217 13@spanconfig/spanconfigstore/store.go:364  [T1,Vsystem,n1,job=AUTO SPAN CONFIG RECONCILIATION id=1205366177534312449] 735  changing the spanconfig for span:/Table/6{2-3} from:{RangeMinBytes:134217728 RangeMaxBytes:536870912 GCPolicy:{TTLSeconds:14400 ProtectionPolicies:[] IgnoreStrictEnforcement:true} GlobalReads:false NumReplicas:5 NumVoters:0 Constraints:[] VoterConstraints:[] LeasePreferences:[] RangefeedEnabled:true ExcludeDataFromBackup:false} to:{RangeMinBytes:134217728 RangeMaxBytes:536870912 GCPolicy:{TTLSeconds:3600 ProtectionPolicies:[] IgnoreStrictEnforcement:true} GlobalReads:false NumReplicas:1 NumVoters:0 Constraints:[] VoterConstraints:[] LeasePreferences:[] RangefeedEnabled:true ExcludeDataFromBackup:false}
I260828 12:09:30.868401 1217 13@spanconfig/spanconfigstore/store.go:364  [T1,Vsystem,n1,job=AUTO SPAN CONFIG RECONCILIATION id=1205366177534312449] 736  changing the spanconfig for span:/Table/6{3-4} from:{RangeMinBytes:134217728 RangeMaxBytes:536870912 GCPolicy:{TTLSeconds:14400 ProtectionPolicies:[] IgnoreStrictEnforcement:true} GlobalReads:false NumReplicas:5 NumVoters:0 Constraints:[] VoterConstraints:[] LeasePreferences:[] RangefeedEnabled:true ExcludeDataFromBackup:false} to:{RangeMinBytes:134217728 RangeMaxBytes:536870912 GCPolicy:{TTLSeconds:14400 ProtectionPolicies:[] IgnoreStrictEnforcement:true} GlobalReads:false NumReplicas:1 NumVoters:0 Constraints:[] VoterConstraints:[] LeasePreferences:[] RangefeedEnabled:true ExcludeDataFromBackup:false}
I260828 12:09:30.868555 1217 13@spanconfig/spanconfigstore/store.go:364  [T1,Vsystem,n1,job=AUTO SPAN CONFIG RECONCILIATION id=1205366177534312449] 737  changing the spanconfig for span:/Table/6{4-5} from:{RangeMinBytes:134217728 RangeMaxBytes:536870912 GCPolicy:{TTLSeconds:14400 ProtectionPolicies:[] IgnoreStrictEnforcement:true} GlobalReads:false NumReplicas:5 NumVoters:0 Constraints:[] VoterConstraints:[] LeasePreferences:[] RangefeedEnabled:true ExcludeDataFromBackup:false} to:{RangeMinBytes:134217728 RangeMaxBytes:536870912 GCPolicy:{TTLSeconds:14400 ProtectionPolicies:[] IgnoreStrictEnforcement:true} GlobalReads:false NumReplicas:1 NumVoters:0 Constraints:[] VoterConstraints:[] LeasePreferences:[] RangefeedEnabled:true ExcludeDataFromBackup:false}
I260828 12:09:30.868710 1217 13@spanconfig/spanconfigstore/store.go:364  [T1,Vsystem,n1,job=AUTO SPAN CONFIG RECONCILIATION id=1205366177534312449] 738  changing the spanconfig for span:/Table/6{5-6} from:{RangeMinBytes:134217728 RangeMaxBytes:536870912 GCPolicy:{TTLSeconds:14400 ProtectionPolicies:[] IgnoreStrictEnforcement:true} GlobalReads:false NumReplicas:5 NumVoters:0 Constraints:[] VoterConstraints:[] LeasePreferences:[] RangefeedEnabled:true ExcludeDataFromBackup:false} to:{RangeMinBytes:134217728 RangeMaxBytes:536870912 GCPolicy:{TTLSeconds:14400 ProtectionPolicies:[] IgnoreStrictEnforcement:true} GlobalReads:false NumReplicas:1 NumVoters:0 Constraints:[] VoterConstraints:[] LeasePreferences:[] RangefeedEnabled:true ExcludeDataFromBackup:false}
I260828 12:09:30.868833 1217 13@spanconfig/spanconfigstore/store.go:364  [T1,Vsystem,n1,job=AUTO SPAN CONFIG RECONCILIATION id=1205366177534312449] 739  changing the spanconfig for span:/Table/6{6-7} from:{RangeMinBytes:134217728 RangeMaxBytes:536870912 GCPolicy:{TTLSeconds:14400 ProtectionPolicies:[] IgnoreStrictEnforcement:true} GlobalReads:false NumReplicas:5 NumVoters:0 Constraints:[] VoterConstraints:[] LeasePreferences:[] RangefeedEnabled:true ExcludeDataFromBackup:false} to:{RangeMinBytes:134217728 RangeMaxBytes:536870912 GCPolicy:{TTLSeconds:14400 ProtectionPolicies:[] IgnoreStrictEnforcement:true} GlobalReads:false NumReplicas:1 NumVoters:0 Constraints:[] VoterConstraints:[] LeasePreferences:[] RangefeedEnabled:true ExcludeDataFromBackup:false}
I260828 12:09:30.868936 1217 13@spanconfig/spanconfigstore/store.go:364  [T1,Vsystem,n1,job=AUTO SPAN CONFIG RECONCILIATION id=1205366177534312449] 740  changing the spanconfig for span:/Table/6{7-8} from:{RangeMinBytes:134217728 RangeMaxBytes:536870912 GCPolicy:{TTLSeconds:14400 ProtectionPolicies:[] IgnoreStrictEnforcement:true} GlobalReads:false NumReplicas:5 NumVoters:0 Constraints:[] VoterConstraints:[] LeasePreferences:[] RangefeedEnabled:true ExcludeDataFromBackup:false} to:{RangeMinBytes:134217728 RangeMaxBytes:536870912 GCPolicy:{TTLSeconds:14400 ProtectionPolicies:[] IgnoreStrictEnforcement:true} GlobalReads:false NumReplicas:1 NumVoters:0 Constraints:[] VoterConstraints:[] LeasePreferences:[] RangefeedEnabled:true ExcludeDataFromBackup:false}
I260828 12:09:30.869076 1217 13@spanconfig/spanconfigstore/store.go:364  [T1,Vsystem,n1,job=AUTO SPAN CONFIG RECONCILIATION id=1205366177534312449] 741  changing the spanconfig for span:/Table/6{8-9} from:{RangeMinBytes:134217728 RangeMaxBytes:536870912 GCPolicy:{TTLSeconds:14400 ProtectionPolicies:[] IgnoreStrictEnforcement:true} GlobalReads:false NumReplicas:5 NumVoters:0 Constraints:[] VoterConstraints:[] LeasePreferences:[] RangefeedEnabled:true ExcludeDataFromBackup:false} to:{RangeMinBytes:134217728 RangeMaxBytes:536870912 GCPolicy:{TTLSeconds:14400 ProtectionPolicies:[] IgnoreStrictEnforcement:true} GlobalReads:false NumReplicas:1 NumVoters:0 Constraints:[] VoterConstraints:[] LeasePreferences:[] RangefeedEnabled:true ExcludeDataFromBackup:false}
I260828 12:09:30.869166 1217 13@spanconfig/spanconfigstore/store.go:364  [T1,Vsystem,n1,job=AUTO SPAN CONFIG RECONCILIATION id=1205366177534312449] 742  changing the spanconfig for span:/Table/{69-70} from:{RangeMinBytes:134217728 RangeMaxBytes:536870912 GCPolicy:{TTLSeconds:14400 ProtectionPolicies:[] IgnoreStrictEnforcement:true} GlobalReads:false NumReplicas:5 NumVoters:0 Constraints:[] VoterConstraints:[] LeasePreferences:[] RangefeedEnabled:true ExcludeDataFromBackup:false} to:{RangeMinBytes:134217728 RangeMaxBytes:536870912 GCPolicy:{TTLSeconds:14400 ProtectionPolicies:[] IgnoreStrictEnforcement:true} GlobalReads:false NumReplicas:1 NumVoters:0 Constraints:[] VoterConstraints:[] LeasePreferences:[] RangefeedEnabled:true ExcludeDataFromBackup:false}
I260828 12:09:30.869265 1217 13@spanconfig/spanconfigstore/store.go:364  [T1,Vsystem,n1,job=AUTO SPAN CONFIG RECONCILIATION id=1205366177534312449] 743  changing the spanconfig for span:/Table/7{0-1} from:{RangeMinBytes:134217728 RangeMaxBytes:536870912 GCPolicy:{TTLSeconds:14400 ProtectionPolicies:[] IgnoreStrictEnforcement:true} GlobalReads:false NumReplicas:5 NumVoters:0 Constraints:[] VoterConstraints:[] LeasePreferences:[] RangefeedEnabled:true ExcludeDataFromBackup:false} to:{RangeMinBytes:134217728 RangeMaxBytes:536870912 GCPolicy:{TTLSeconds:14400 ProtectionPolicies:[] IgnoreStrictEnforcement:true} GlobalReads:false NumReplicas:1 NumVoters:0 Constraints:[] VoterConstraints:[] LeasePreferences:[] RangefeedEnabled:true ExcludeDataFromBackup:false}
I260828 12:09:30.869434 1217 13@spanconfig/spanconfigstore/store.go:364  [T1,Vsystem,n1,job=AUTO SPAN CONFIG RECONCILIATION id=1205366177534312449] 744  changing the spanconfig for span:/Table/7{1-2} from:{RangeMinBytes:134217728 RangeMaxBytes:536870912 GCPolicy:{TTLSeconds:14400 ProtectionPolicies:[] IgnoreStrictEnforcement:true} GlobalReads:false NumReplicas:5 NumVoters:0 Constraints:[] VoterConstraints:[] LeasePreferences:[] RangefeedEnabled:true ExcludeDataFromBackup:false} to:{RangeMinBytes:134217728 RangeMaxBytes:536870912 GCPolicy:{TTLSeconds:14400 ProtectionPolicies:[] IgnoreStrictEnforcement:true} GlobalReads:false NumReplicas:1 NumVoters:0 Constraints:[] VoterConstraints:[] LeasePreferences:[] RangefeedEnabled:true ExcludeDataFromBackup:false}
I260828 12:09:30.869547 1217 13@spanconfig/spanconfigstore/store.go:364  [T1,Vsystem,n1,job=AUTO SPAN CONFIG RECONCILIATION id=1205366177534312449] 745  changing the spanconfig for span:/Table/7{2-3} from:{RangeMinBytes:134217728 RangeMaxBytes:536870912 GCPolicy:{TTLSeconds:14400 ProtectionPolicies:[] IgnoreStrictEnforcement:true} GlobalReads:false NumReplicas:5 NumVoters:0 Constraints:[] VoterConstraints:[] LeasePreferences:[] RangefeedEnabled:true ExcludeDataFromBackup:false} to:{RangeMinBytes:134217728 RangeMaxBytes:536870912 GCPolicy:{TTLSeconds:14400 ProtectionPolicies:[] IgnoreStrictEnforcement:true} GlobalReads:false NumReplicas:1 NumVoters:0 Constraints:[] VoterConstraints:[] LeasePreferences:[] RangefeedEnabled:true ExcludeDataFromBackup:false}
I260828 12:09:30.869643 1217 13@spanconfig/spanconfigstore/store.go:364  [T1,Vsystem,n1,job=AUTO SPAN CONFIG RECONCILIATION id=1205366177534312449] 746  changing the spanconfig for span:/System/NodeLiveness{-Max} from:{RangeMinBytes:134217728 RangeMaxBytes:536870912 GCPolicy:{TTLSeconds:600 ProtectionPolicies:[] IgnoreStrictEnforcement:false} GlobalReads:false NumReplicas:5 NumVoters:0 Constraints:[] VoterConstraints:[] LeasePreferences:[] RangefeedEnabled:false ExcludeDataFromBackup:false} to:{RangeMinBytes:134217728 RangeMaxBytes:536870912 GCPolicy:{TTLSeconds:600 ProtectionPolicies:[] IgnoreStrictEnforcement:false} GlobalReads:false NumReplicas:1 NumVoters:0 Constraints:[] VoterConstraints:[] LeasePreferences:[] RangefeedEnabled:false ExcludeDataFromBackup:false}
I260828 12:09:30.869728 1217 13@spanconfig/spanconfigstore/store.go:364  [T1,Vsystem,n1,job=AUTO SPAN CONFIG RECONCILIATION id=1205366177534312449] 747  changing the spanconfig for span:/{Min-System/NodeLiveness} from:{RangeMinBytes:134217728 RangeMaxBytes:536870912 GCPolicy:{TTLSeconds:3600 ProtectionPolicies:[] IgnoreStrictEnforcement:false} GlobalReads:false NumReplicas:5 NumVoters:0 Constraints:[] VoterConstraints:[] LeasePreferences:[] RangefeedEnabled:false ExcludeDataFromBackup:false} to:{RangeMinBytes:134217728 RangeMaxBytes:536870912 GCPolicy:{TTLSeconds:3600 ProtectionPolicies:[] IgnoreStrictEnforcement:false} GlobalReads:false NumReplicas:1 NumVoters:0 Constraints:[] VoterConstraints:[] LeasePreferences:[] RangefeedEnabled:false ExcludeDataFromBackup:false}
I260828 12:09:30.869865 1217 13@spanconfig/spanconfigstore/store.go:364  [T1,Vsystem,n1,job=AUTO SPAN CONFIG RECONCILIATION id=1205366177534312449] 748  changing the spanconfig for span:/System/{NodeLivenessMax-tsd} from:{RangeMinBytes:134217728 RangeMaxBytes:536870912 GCPolicy:{TTLSeconds:14400 ProtectionPolicies:[] IgnoreStrictEnforcement:false} GlobalReads:false NumReplicas:5 NumVoters:0 Constraints:[] VoterConstraints:[] LeasePreferences:[] RangefeedEnabled:false ExcludeDataFromBackup:false} to:{RangeMinBytes:134217728 RangeMaxBytes:536870912 GCPolicy:{TTLSeconds:14400 ProtectionPolicies:[] IgnoreStrictEnforcement:false} GlobalReads:false NumReplicas:1 NumVoters:0 Constraints:[] VoterConstraints:[] LeasePreferences:[] RangefeedEnabled:false ExcludeDataFromBackup:false}
I260828 12:09:30.870004 1217 13@spanconfig/spanconfigstore/store.go:364  [T1,Vsystem,n1,job=AUTO SPAN CONFIG RECONCILIATION id=1205366177534312449] 749  changing the spanconfig for span:/System{tse-/SystemSpanConfigKeys} from:{RangeMinBytes:134217728 RangeMaxBytes:536870912 GCPolicy:{TTLSeconds:14400 ProtectionPolicies:[] IgnoreStrictEnforcement:false} GlobalReads:false NumReplicas:5 NumVoters:0 Constraints:[] VoterConstraints:[] LeasePreferences:[] RangefeedEnabled:false ExcludeDataFromBackup:false} to:{RangeMinBytes:134217728 RangeMaxBytes:536870912 GCPolicy:{TTLSeconds:14400 ProtectionPolicies:[] IgnoreStrictEnforcement:false} GlobalReads:false NumReplicas:1 NumVoters:0 Constraints:[] VoterConstraints:[] LeasePreferences:[] RangefeedEnabled:false ExcludeDataFromBackup:false}
I260828 12:09:30.870104 1217 13@spanconfig/spanconfigstore/store.go:364  [T1,Vsystem,n1,job=AUTO SPAN CONFIG RECONCILIATION id=1205366177534312449] 750  changing the spanconfig for span:/System{/tsd-tse} from:{RangeMinBytes:134217728 RangeMaxBytes:536870912 GCPolicy:{TTLSeconds:14400 ProtectionPolicies:[] IgnoreStrictEnforcement:false} GlobalReads:false NumReplicas:3 NumVoters:0 Constraints:[] VoterConstraints:[] LeasePreferences:[] RangefeedEnabled:false ExcludeDataFromBackup:false} to:{RangeMinBytes:134217728 RangeMaxBytes:536870912 GCPolicy:{TTLSeconds:14400 ProtectionPolicies:[] IgnoreStrictEnforcement:false} GlobalReads:false NumReplicas:1 NumVoters:0 Constraints:[] VoterConstraints:[] LeasePreferences:[] RangefeedEnabled:false ExcludeDataFromBackup:false}
I260828 12:09:30.880807 4416 sql/catalog/lease/lease.go:556  [T1,Vsystem,n1,job=NEW SCHEMA CHANGE id=1205366196720631809] 751  waiting for 1 leases to expire: desc=[{trnm_outbox 110 15}]
I260828 12:09:30.881417 5000 sql/catalog/lease/descriptor_state.go:142  [n1] 752  new lease: tabledesc.immutable: {ID: 110, Version: 16, ModificationTime: "1787918970.853575582,0", ParentID: 104, ParentSchemaID: 105, State: PUBLIC, NextColumnID: 18, Columns: [{ID: 1, TypeID: 2950, Null: false}, {ID: 2, TypeID: 2950, Null: false}, {ID: 3, TypeID: 2950, Null: false}, {ID: 4, TypeID: 2950, Null: false}, {ID: 5, TypeID: 25, Null: false}, {ID: 6, TypeID: 17, Null: false}, {ID: 7, TypeID: 17, Null: false}, {ID: 8, TypeID: 23, Null: false, HasDefault: true}, {ID: 9, TypeID: 20, Null: false, HasDefault: true}, {ID: 10, TypeID: 25, Null: false, HasDefault: true}, {ID: 11, TypeID: 2950, Null: true}, {ID: 12, TypeID: 1184, Null: true}, {ID: 13, TypeID: 17, Null: true}, {ID: 14, TypeID: 17, Null: true}, {ID: 15, TypeID: 1184, Null: false, HasDefault: true}, {ID: 16, TypeID: 1184, Null: false, HasDefault: true}, {ID: 17, TypeID: 1184, Null: false, HasDefault: true}], NextFamilyID: 1, Families: [{ID: 0, Columns: [1, 2, 3, 4, 5, 6, 7, 8, 9, 10, 11, 12, 13, 14, 15, 16, 17]}], Mutations: [{MutationID: 1, Direction: ADD, State: BACKFILLING, Index: {ID: 6, Unique: false, Partial: true, KeyColumns: [{ID: 1, Dir: ASC}, {ID: 12, Dir: ASC}, {ID: 2, Dir: ASC}], State: ADD, MutationID: 1}}, {MutationID: 1, Direction: ADD, State: WRITE_ONLY, Index: {ID: 7, Unique: false, Partial: true, KeyColumns: [{ID: 1, Dir: ASC}, {ID: 12, Dir: ASC}, {ID: 2, Dir: ASC}], State: ADD, MutationID: 1}}], PrimaryIndex: 1, NextIndexID: 8, Indexes: [{ID: 1, Unique: true, KeyColumns: [{ID: 1, Dir: ASC}, {ID: 2, Dir: ASC}], StoreColumns: [3, 4, 5, 6, 7, 8, 9, 10, 11, 12, 13, 14, 15, 16, 17]}, {ID: 2, Unique: false, KeyColumns: [{ID: 1, Dir: ASC}, {ID: 3, Dir: ASC}, {ID: 4, Dir: ASC}, {ID: 2, Dir: ASC}]}, {ID: 4, Unique: false, Partial: true, KeyColumns: [{ID: 1, Dir: ASC}, {ID: 15, Dir: ASC}, {ID: 2, Dir: ASC}]}], Checks: [{Columns: [13], Validity: Validated}, {Columns: [14], Validity: Validated}, {Columns: [9, 10, 11, 12, 13, 14], Validity: Validated}, {Columns: [5], Validity: Validated}, {Columns: [6], Validity: Validated}, {Columns: [8], Validity: Validated}, {Columns: [9], Validity: Validated}, {Columns: [10], Validity: Validated}], OutboundFKs: [{OriginTableID: 110, OriginColumns: [1, 3, 4], ReferencedTableID: 108, ReferencedColumnIDs: [1, 2, 3], Validity: Validated}]}
I260828 12:09:30.883764 4416 sql/catalog/lease/lease.go:550  [T1,Vsystem,n1,job=NEW SCHEMA CHANGE id=1205366196720631809] 753  all leases have expired at 1787918970.882658949,0: desc=[{trnm_outbox 110 15}]
I260828 12:09:30.883964 4416 sql/schemachanger/scrun/scrun.go:186  [T1,Vsystem,n1,job=NEW SCHEMA CHANGE id=1205366196720631809] 754  executing declarative schema change PostCommitPhase stage 2 of 7 with 1 BackfillType op (rollback=false) for CREATE INDEX
I260828 12:09:30.889107 4416 sql/schemachanger/scexec/backfiller/tracker.go:258  [T1,Vsystem,n1,job=NEW SCHEMA CHANGE id=1205366196720631809] 755  writing 1 backfill checkpoints and 0 merge checkpoints
I260828 12:09:30.895563 4416 sql/schemachanger/scexec/backfiller/tracker.go:227  [T1,Vsystem,n1,job=NEW SCHEMA CHANGE id=1205366196720631809] 756  backfill fraction completed is 1.000 / 1.000
I260828 12:09:30.902818 4416 sql/schemachanger/scexec/backfiller/tracker.go:258  [T1,Vsystem,n1,job=NEW SCHEMA CHANGE id=1205366196720631809] 757  writing 1 backfill checkpoints and 0 merge checkpoints
I260828 12:09:30.911755 4416 sql/schemachanger/scrun/scrun.go:186  [T1,Vsystem,n1,job=NEW SCHEMA CHANGE id=1205366196720631809] 758  executing declarative schema change PostCommitPhase stage 3 of 7 with 3 MutationType ops (rollback=false) for CREATE INDEX
I260828 12:09:30.933983 4416 sql/catalog/lease/lease.go:556  [T1,Vsystem,n1,job=NEW SCHEMA CHANGE id=1205366196720631809] 759  waiting for 1 leases to expire: desc=[{trnm_outbox 110 16}]
I260828 12:09:30.934317 5039 sql/catalog/lease/descriptor_state.go:142  [n1] 760  new lease: tabledesc.immutable: {ID: 110, Version: 17, ModificationTime: "1787918970.911676228,0", ParentID: 104, ParentSchemaID: 105, State: PUBLIC, NextColumnID: 18, Columns: [{ID: 1, TypeID: 2950, Null: false}, {ID: 2, TypeID: 2950, Null: false}, {ID: 3, TypeID: 2950, Null: false}, {ID: 4, TypeID: 2950, Null: false}, {ID: 5, TypeID: 25, Null: false}, {ID: 6, TypeID: 17, Null: false}, {ID: 7, TypeID: 17, Null: false}, {ID: 8, TypeID: 23, Null: false, HasDefault: true}, {ID: 9, TypeID: 20, Null: false, HasDefault: true}, {ID: 10, TypeID: 25, Null: false, HasDefault: true}, {ID: 11, TypeID: 2950, Null: true}, {ID: 12, TypeID: 1184, Null: true}, {ID: 13, TypeID: 17, Null: true}, {ID: 14, TypeID: 17, Null: true}, {ID: 15, TypeID: 1184, Null: false, HasDefault: true}, {ID: 16, TypeID: 1184, Null: false, HasDefault: true}, {ID: 17, TypeID: 1184, Null: false, HasDefault: true}], NextFamilyID: 1, Families: [{ID: 0, Columns: [1, 2, 3, 4, 5, 6, 7, 8, 9, 10, 11, 12, 13, 14, 15, 16, 17]}], Mutations: [{MutationID: 1, Direction: ADD, State: DELETE_ONLY, Index: {ID: 6, Unique: false, Partial: true, KeyColumns: [{ID: 1, Dir: ASC}, {ID: 12, Dir: ASC}, {ID: 2, Dir: ASC}], State: ADD, MutationID: 1}}, {MutationID: 1, Direction: ADD, State: WRITE_ONLY, Index: {ID: 7, Unique: false, Partial: true, KeyColumns: [{ID: 1, Dir: ASC}, {ID: 12, Dir: ASC}, {ID: 2, Dir: ASC}], State: ADD, MutationID: 1}}], PrimaryIndex: 1, NextIndexID: 8, Indexes: [{ID: 1, Unique: true, KeyColumns: [{ID: 1, Dir: ASC}, {ID: 2, Dir: ASC}], StoreColumns: [3, 4, 5, 6, 7, 8, 9, 10, 11, 12, 13, 14, 15, 16, 17]}, {ID: 2, Unique: false, KeyColumns: [{ID: 1, Dir: ASC}, {ID: 3, Dir: ASC}, {ID: 4, Dir: ASC}, {ID: 2, Dir: ASC}]}, {ID: 4, Unique: false, Partial: true, KeyColumns: [{ID: 1, Dir: ASC}, {ID: 15, Dir: ASC}, {ID: 2, Dir: ASC}]}], Checks: [{Columns: [13], Validity: Validated}, {Columns: [14], Validity: Validated}, {Columns: [9, 10, 11, 12, 13, 14], Validity: Validated}, {Columns: [5], Validity: Validated}, {Columns: [6], Validity: Validated}, {Columns: [8], Validity: Validated}, {Columns: [9], Validity: Validated}, {Columns: [10], Validity: Validated}], OutboundFKs: [{OriginTableID: 110, OriginColumns: [1, 3, 4], ReferencedTableID: 108, ReferencedColumnIDs: [1, 2, 3], Validity: Validated}]}
I260828 12:09:30.937077 4416 sql/catalog/lease/lease.go:550  [T1,Vsystem,n1,job=NEW SCHEMA CHANGE id=1205366196720631809] 761  all leases have expired at 1787918970.936036150,0: desc=[{trnm_outbox 110 16}]
I260828 12:09:30.937229 4416 sql/schemachanger/scrun/scrun.go:186  [T1,Vsystem,n1,job=NEW SCHEMA CHANGE id=1205366196720631809] 762  executing declarative schema change PostCommitPhase stage 4 of 7 with 3 MutationType ops (rollback=false) for CREATE INDEX
I260828 12:09:30.959763 4416 sql/catalog/lease/lease.go:556  [T1,Vsystem,n1,job=NEW SCHEMA CHANGE id=1205366196720631809] 763  waiting for 1 leases to expire: desc=[{trnm_outbox 110 17}]
I260828 12:09:30.960572 5170 sql/catalog/lease/descriptor_state.go:142  [n1] 764  new lease: tabledesc.immutable: {ID: 110, Version: 18, ModificationTime: "1787918970.937128682,0", ParentID: 104, ParentSchemaID: 105, State: PUBLIC, NextColumnID: 18, Columns: [{ID: 1, TypeID: 2950, Null: false}, {ID: 2, TypeID: 2950, Null: false}, {ID: 3, TypeID: 2950, Null: false}, {ID: 4, TypeID: 2950, Null: false}, {ID: 5, TypeID: 25, Null: false}, {ID: 6, TypeID: 17, Null: false}, {ID: 7, TypeID: 17, Null: false}, {ID: 8, TypeID: 23, Null: false, HasDefault: true}, {ID: 9, TypeID: 20, Null: false, HasDefault: true}, {ID: 10, TypeID: 25, Null: false, HasDefault: true}, {ID: 11, TypeID: 2950, Null: true}, {ID: 12, TypeID: 1184, Null: true}, {ID: 13, TypeID: 17, Null: true}, {ID: 14, TypeID: 17, Null: true}, {ID: 15, TypeID: 1184, Null: false, HasDefault: true}, {ID: 16, TypeID: 1184, Null: false, HasDefault: true}, {ID: 17, TypeID: 1184, Null: false, HasDefault: true}], NextFamilyID: 1, Families: [{ID: 0, Columns: [1, 2, 3, 4, 5, 6, 7, 8, 9, 10, 11, 12, 13, 14, 15, 16, 17]}], Mutations: [{MutationID: 1, Direction: ADD, State: MERGING, Index: {ID: 6, Unique: false, Partial: true, KeyColumns: [{ID: 1, Dir: ASC}, {ID: 12, Dir: ASC}, {ID: 2, Dir: ASC}], State: ADD, MutationID: 1}}, {MutationID: 1, Direction: ADD, State: WRITE_ONLY, Index: {ID: 7, Unique: false, Partial: true, KeyColumns: [{ID: 1, Dir: ASC}, {ID: 12, Dir: ASC}, {ID: 2, Dir: ASC}], State: ADD, MutationID: 1}}], PrimaryIndex: 1, NextIndexID: 8, Indexes: [{ID: 1, Unique: true, KeyColumns: [{ID: 1, Dir: ASC}, {ID: 2, Dir: ASC}], StoreColumns: [3, 4, 5, 6, 7, 8, 9, 10, 11, 12, 13, 14, 15, 16, 17]}, {ID: 2, Unique: false, KeyColumns: [{ID: 1, Dir: ASC}, {ID: 3, Dir: ASC}, {ID: 4, Dir: ASC}, {ID: 2, Dir: ASC}]}, {ID: 4, Unique: false, Partial: true, KeyColumns: [{ID: 1, Dir: ASC}, {ID: 15, Dir: ASC}, {ID: 2, Dir: ASC}]}], Checks: [{Columns: [13], Validity: Validated}, {Columns: [14], Validity: Validated}, {Columns: [9, 10, 11, 12, 13, 14], Validity: Validated}, {Columns: [5], Validity: Validated}, {Columns: [6], Validity: Validated}, {Columns: [8], Validity: Validated}, {Columns: [9], Validity: Validated}, {Columns: [10], Validity: Validated}], OutboundFKs: [{OriginTableID: 110, OriginColumns: [1, 3, 4], ReferencedTableID: 108, ReferencedColumnIDs: [1, 2, 3], Validity: Validated}]}
I260828 12:09:30.962562 4416 sql/catalog/lease/lease.go:550  [T1,Vsystem,n1,job=NEW SCHEMA CHANGE id=1205366196720631809] 765  all leases have expired at 1787918970.961473549,0: desc=[{trnm_outbox 110 17}]
I260828 12:09:30.962735 4416 sql/schemachanger/scrun/scrun.go:186  [T1,Vsystem,n1,job=NEW SCHEMA CHANGE id=1205366196720631809] 766  executing declarative schema change PostCommitPhase stage 5 of 7 with 1 BackfillType op (rollback=false) for CREATE INDEX
I260828 12:09:30.965826 5177 sql/backfill.go:2994  [T1,Vsystem,n1,job=NEW SCHEMA CHANGE id=1205366196720631809] 767  merging all keys in temporary index before time 1787918971.465813263,0
I260828 12:09:31.466858 4416 sql/schemachanger/scrun/scrun.go:186  [T1,Vsystem,n1,job=NEW SCHEMA CHANGE id=1205366196720631809] 768  executing declarative schema change PostCommitPhase stage 6 of 7 with 4 MutationType ops (rollback=false) for CREATE INDEX
I260828 12:09:31.489632 4416 sql/catalog/lease/lease.go:556  [T1,Vsystem,n1,job=NEW SCHEMA CHANGE id=1205366196720631809] 769  waiting for 1 leases to expire: desc=[{trnm_outbox 110 18}]
I260828 12:09:31.490409 5220 sql/catalog/lease/descriptor_state.go:142  [n1] 770  new lease: tabledesc.immutable: {ID: 110, Version: 19, ModificationTime: "1787918971.466740281,0", ParentID: 104, ParentSchemaID: 105, State: PUBLIC, NextColumnID: 18, Columns: [{ID: 1, TypeID: 2950, Null: false}, {ID: 2, TypeID: 2950, Null: false}, {ID: 3, TypeID: 2950, Null: false}, {ID: 4, TypeID: 2950, Null: false}, {ID: 5, TypeID: 25, Null: false}, {ID: 6, TypeID: 17, Null: false}, {ID: 7, TypeID: 17, Null: false}, {ID: 8, TypeID: 23, Null: false, HasDefault: true}, {ID: 9, TypeID: 20, Null: false, HasDefault: true}, {ID: 10, TypeID: 25, Null: false, HasDefault: true}, {ID: 11, TypeID: 2950, Null: true}, {ID: 12, TypeID: 1184, Null: true}, {ID: 13, TypeID: 17, Null: true}, {ID: 14, TypeID: 17, Null: true}, {ID: 15, TypeID: 1184, Null: false, HasDefault: true}, {ID: 16, TypeID: 1184, Null: false, HasDefault: true}, {ID: 17, TypeID: 1184, Null: false, HasDefault: true}], NextFamilyID: 1, Families: [{ID: 0, Columns: [1, 2, 3, 4, 5, 6, 7, 8, 9, 10, 11, 12, 13, 14, 15, 16, 17]}], Mutations: [{MutationID: 1, Direction: ADD, State: WRITE_ONLY, Index: {ID: 6, Unique: false, Partial: true, KeyColumns: [{ID: 1, Dir: ASC}, {ID: 12, Dir: ASC}, {ID: 2, Dir: ASC}], State: ADD, MutationID: 1}}, {MutationID: 1, Direction: DROP, State: DELETE_ONLY, Index: {ID: 7, Unique: false, Partial: true, KeyColumns: [{ID: 1, Dir: ASC}, {ID: 12, Dir: ASC}, {ID: 2, Dir: ASC}], State: DROP, MutationID: 1}}], PrimaryIndex: 1, NextIndexID: 8, Indexes: [{ID: 1, Unique: true, KeyColumns: [{ID: 1, Dir: ASC}, {ID: 2, Dir: ASC}], StoreColumns: [3, 4, 5, 6, 7, 8, 9, 10, 11, 12, 13, 14, 15, 16, 17]}, {ID: 2, Unique: false, KeyColumns: [{ID: 1, Dir: ASC}, {ID: 3, Dir: ASC}, {ID: 4, Dir: ASC}, {ID: 2, Dir: ASC}]}, {ID: 4, Unique: false, Partial: true, KeyColumns: [{ID: 1, Dir: ASC}, {ID: 15, Dir: ASC}, {ID: 2, Dir: ASC}]}], Checks: [{Columns: [13], Validity: Validated}, {Columns: [14], Validity: Validated}, {Columns: [9, 10, 11, 12, 13, 14], Validity: Validated}, {Columns: [5], Validity: Validated}, {Columns: [6], Validity: Validated}, {Columns: [8], Validity: Validated}, {Columns: [9], Validity: Validated}, {Columns: [10], Validity: Validated}], OutboundFKs: [{OriginTableID: 110, OriginColumns: [1, 3, 4], ReferencedTableID: 108, ReferencedColumnIDs: [1, 2, 3], Validity: Validated}]}
I260828 12:09:31.492555 4416 sql/catalog/lease/lease.go:550  [T1,Vsystem,n1,job=NEW SCHEMA CHANGE id=1205366196720631809] 771  all leases have expired at 1787918971.491482573,0: desc=[{trnm_outbox 110 18}]
I260828 12:09:31.492699 4416 sql/schemachanger/scrun/scrun.go:186  [T1,Vsystem,n1,job=NEW SCHEMA CHANGE id=1205366196720631809] 772  executing declarative schema change PostCommitPhase stage 7 of 7 with 1 ValidationType op (rollback=false) for CREATE INDEX
I260828 12:09:31.497163 5249 sql/backfill.go:1947  [T1,Vsystem,n1,job=NEW SCHEMA CHANGE id=1205366196720631809] 773  validation: table trnm_outbox row count = 0, took 1.59767ms
I260828 12:09:31.497221 5248 sql/backfill.go:1892  [T1,Vsystem,n1,job=NEW SCHEMA CHANGE id=1205366196720631809] 774  validation: index trnm_outbox/trnm_outbox_expired_lease_idx row count = 0, time so far 1.634268ms
I260828 12:09:31.497407 4416 sql/schemachanger/scrun/scrun.go:186  [T1,Vsystem,n1,job=NEW SCHEMA CHANGE id=1205366196720631809] 775  executing declarative schema change PostCommitNonRevertiblePhase stage 1 of 1 with 9 MutationType ops (rollback=false) for CREATE INDEX
I260828 12:09:31.522639 4416 5@util/log/event_log.go:39  [T1,Vsystem,n1,job=NEW SCHEMA CHANGE id=1205366196720631809] 776 ={"Timestamp":1787918971497330980,"EventType":"finish_schema_change","InstanceID":1,"DescriptorID":110,"LatencyNanos":687223632}
I260828 12:09:31.524878 4416 sql/catalog/lease/lease.go:556  [T1,Vsystem,n1,job=NEW SCHEMA CHANGE id=1205366196720631809] 777  waiting for 1 leases to expire: desc=[{trnm_outbox 110 19}]
I260828 12:09:31.525248 5281 sql/catalog/lease/descriptor_state.go:142  [n1] 778  new lease: tabledesc.immutable: {ID: 110, Version: 20, ModificationTime: "1787918971.497330980,0", ParentID: 104, ParentSchemaID: 105, State: PUBLIC, NextColumnID: 18, Columns: [{ID: 1, TypeID: 2950, Null: false}, {ID: 2, TypeID: 2950, Null: false}, {ID: 3, TypeID: 2950, Null: false}, {ID: 4, TypeID: 2950, Null: false}, {ID: 5, TypeID: 25, Null: false}, {ID: 6, TypeID: 17, Null: false}, {ID: 7, TypeID: 17, Null: false}, {ID: 8, TypeID: 23, Null: false, HasDefault: true}, {ID: 9, TypeID: 20, Null: false, HasDefault: true}, {ID: 10, TypeID: 25, Null: false, HasDefault: true}, {ID: 11, TypeID: 2950, Null: true}, {ID: 12, TypeID: 1184, Null: true}, {ID: 13, TypeID: 17, Null: true}, {ID: 14, TypeID: 17, Null: true}, {ID: 15, TypeID: 1184, Null: false, HasDefault: true}, {ID: 16, TypeID: 1184, Null: false, HasDefault: true}, {ID: 17, TypeID: 1184, Null: false, HasDefault: true}], NextFamilyID: 1, Families: [{ID: 0, Columns: [1, 2, 3, 4, 5, 6, 7, 8, 9, 10, 11, 12, 13, 14, 15, 16, 17]}], PrimaryIndex: 1, NextIndexID: 8, Indexes: [{ID: 1, Unique: true, KeyColumns: [{ID: 1, Dir: ASC}, {ID: 2, Dir: ASC}], StoreColumns: [3, 4, 5, 6, 7, 8, 9, 10, 11, 12, 13, 14, 15, 16, 17]}, {ID: 2, Unique: false, KeyColumns: [{ID: 1, Dir: ASC}, {ID: 3, Dir: ASC}, {ID: 4, Dir: ASC}, {ID: 2, Dir: ASC}]}, {ID: 4, Unique: false, Partial: true, KeyColumns: [{ID: 1, Dir: ASC}, {ID: 15, Dir: ASC}, {ID: 2, Dir: ASC}]}, {ID: 6, Unique: false, Partial: true, KeyColumns: [{ID: 1, Dir: ASC}, {ID: 12, Dir: ASC}, {ID: 2, Dir: ASC}]}], Checks: [{Columns: [13], Validity: Validated}, {Columns: [14], Validity: Validated}, {Columns: [9, 10, 11, 12, 13, 14], Validity: Validated}, {Columns: [5], Validity: Validated}, {Columns: [6], Validity: Validated}, {Columns: [8], Validity: Validated}, {Columns: [9], Validity: Validated}, {Columns: [10], Validity: Validated}], OutboundFKs: [{OriginTableID: 110, OriginColumns: [1, 3, 4], ReferencedTableID: 108, ReferencedColumnIDs: [1, 2, 3], Validity: Validated}]}
I260828 12:09:31.527271 4416 sql/catalog/lease/lease.go:550  [T1,Vsystem,n1,job=NEW SCHEMA CHANGE id=1205366196720631809] 779  all leases have expired at 1787918971.526272261,0: desc=[{trnm_outbox 110 19}]
I260828 12:09:31.527446 4416 jobs/registry.go:1679  [T1,Vsystem,n1,job=1205366196720631809] 780  NEW SCHEMA CHANGE job 1205366196720631809: stepping through state succeeded
I260828 12:09:31.527464 5286 jobs/adopt.go:224  [T1,Vsystem,n1,job=1205366199101947905] 781  job 1205366199101947905: resuming execution
I260828 12:09:31.531137 5200 jobs/registry.go:1679  [T1,Vsystem,n1,job=1205366199101947905] 782  SCHEMA CHANGE GC job 1205366199101947905: stepping through state running
I260828 12:09:31.538380 5200 1@jobs/structured_log.go:48  [T1,Vsystem,n1,job=1205366199101947905] 783 ={"Timestamp":1787918971538377605,"EventType":"status_change","JobID":1205366199101947905,"JobType":"SCHEMA CHANGE GC","Description":"status changed to: running","PreviousStatus":"running","NewStatus":"running","RunNum":0}
I260828 12:09:31.540601 4416 1@jobs/structured_log.go:48  [T1,Vsystem,n1,job=1205366196720631809] 784 ={"Timestamp":1787918971540599559,"EventType":"status_change","JobID":1205366196720631809,"JobType":"NEW SCHEMA CHANGE","Description":"status changed to: succeeded","PreviousStatus":"running","NewStatus":"succeeded","RunNum":0}
I260828 12:09:31.548161 2255 jobs/wait.go:148  [T1,Vsystem,n1,client=172.17.0.1:35800,hostnossl,user=root] 785  waited for 1 [1205366196720631809] queued jobs to complete 725.288367ms
I260828 12:09:31.563165 5200 sql/gcjob/gc_job_utils.go:273  [T1,Vsystem,n1,job=SCHEMA CHANGE GC id=1205366199101947905] 786  updated progress status: waiting for GC TTL, payload: indexes:<index_id:7 > ranges_unsplit_done:true 
I260828 12:09:31.567133 2253 4@util/log/event_log.go:39  [T1,Vsystem,n1,client=172.17.0.1:35800,hostnossl,user=root] 787 ={"Timestamp":1787918971567129763,"EventType":"client_session_end","InstanceID":1,"Network":"tcp","RemoteAddress":"172.17.0.1:35800","SessionID":"18cff6d431630f880000000000000001","Duration":3255677013}
I260828 12:09:31.570269 5390 4@util/log/event_log.go:39  [T1,Vsystem,n1,client=172.17.0.1:57080,hostnossl,user=root] 788 ={"Timestamp":1787918971570266836,"EventType":"client_authentication_ok","InstanceID":1,"Network":"tcp","RemoteAddress":"172.17.0.1:57080","SessionID":"18cff6d4f398c5810000000000000001","Transport":"hostnossl","User":"root","SystemIdentity":"root","Method":"insecure"}
I260828 12:09:31.571371 5406 4@util/log/event_log.go:39  [T1,Vsystem,n1,client=172.17.0.1:57084,hostnossl,user=root] 789 ={"Timestamp":1787918971571369234,"EventType":"client_authentication_ok","InstanceID":1,"Network":"tcp","RemoteAddress":"172.17.0.1:57084","SessionID":"18cff6d4f3a59b810000000000000001","Transport":"hostnossl","User":"root","SystemIdentity":"root","Method":"insecure"}
I260828 12:09:31.575483 5200 sql/gcjob/gc_job_utils.go:273  [T1,Vsystem,n1,job=SCHEMA CHANGE GC id=1205366199101947905] 790  updated progress status: deleting data, payload: indexes:<index_id:7 > ranges_unsplit_done:true 
I260828 12:09:31.575584 5200 sql/schema_changer.go:1465  [T1,Vsystem,n1,job=SCHEMA CHANGE GC id=1205366199101947905] 791  waiting for a single version...
I260828 12:09:31.577793 5409 4@util/log/event_log.go:39  [T1,Vsystem,n1,client=172.17.0.1:57116,hostnossl,user=root] 792 ={"Timestamp":1787918971577790666,"EventType":"client_authentication_ok","InstanceID":1,"Network":"tcp","RemoteAddress":"172.17.0.1:57116","SessionID":"18cff6d4f41060bc0000000000000001","Transport":"hostnossl","User":"root","SystemIdentity":"root","Method":"insecure"}
I260828 12:09:31.578078 5445 4@util/log/event_log.go:39  [T1,Vsystem,n1,client=172.17.0.1:57092,hostnossl,user=root] 793 ={"Timestamp":1787918971578076367,"EventType":"client_authentication_ok","InstanceID":1,"Network":"tcp","RemoteAddress":"172.17.0.1:57092","SessionID":"18cff6d4f41059450000000000000001","Transport":"hostnossl","User":"root","SystemIdentity":"root","Method":"insecure"}
I260828 12:09:31.578881 5448 4@util/log/event_log.go:39  [T1,Vsystem,n1,client=172.17.0.1:57132,hostnossl,user=root] 794 ={"Timestamp":1787918971578879740,"EventType":"client_authentication_ok","InstanceID":1,"Network":"tcp","RemoteAddress":"172.17.0.1:57132","SessionID":"18cff6d4f42095da0000000000000001","Transport":"hostnossl","User":"root","SystemIdentity":"root","Method":"insecure"}
I260828 12:09:31.579636 5200 sql/catalog/lease/lease.go:550  [T1,Vsystem,n1,job=SCHEMA CHANGE GC id=1205366199101947905] 795  all leases have expired at 1787918971.576401459,0: desc=[{trnm_outbox 110 19}]
I260828 12:09:31.579792 5200 sql/schema_changer.go:1470  [T1,Vsystem,n1,job=SCHEMA CHANGE GC id=1205366199101947905] 797  waiting for a single version... done (at v 20), took 4.207589ms
I260828 12:09:31.579862 5200 sql/gcjob/index_garbage_collection.go:165  [T1,Vsystem,n1,job=SCHEMA CHANGE GC id=1205366199101947905] 798  clearing index 7 from table 110
I260828 12:09:31.579733 5451 4@util/log/event_log.go:39  [T1,Vsystem,n1,client=172.17.0.1:57100,hostnossl,user=root] 796 ={"Timestamp":1787918971579730984,"EventType":"client_authentication_ok","InstanceID":1,"Network":"tcp","RemoteAddress":"172.17.0.1:57100","SessionID":"18cff6d4f42dee5e0000000000000001","Transport":"hostnossl","User":"root","SystemIdentity":"root","Method":"insecure"}
I260828 12:09:31.580766 5200 sql/gcjob/gc_job_utils.go:53  [T1,Vsystem,n1,job=SCHEMA CHANGE GC id=1205366199101947905] 799  marked index 7 as GC'd
I260828 12:09:31.581205 5422 4@util/log/event_log.go:39  [T1,Vsystem,n1,client=172.17.0.1:57152,hostnossl,user=root] 800 ={"Timestamp":1787918971581203398,"EventType":"client_authentication_ok","InstanceID":1,"Network":"tcp","RemoteAddress":"172.17.0.1:57152","SessionID":"18cff6d4f43d9cf50000000000000001","Transport":"hostnossl","User":"root","SystemIdentity":"root","Method":"insecure"}
I260828 12:09:31.581768 5425 4@util/log/event_log.go:39  [T1,Vsystem,n1,client=172.17.0.1:57144,hostnossl,user=root] 801 ={"Timestamp":1787918971581766288,"EventType":"client_authentication_ok","InstanceID":1,"Network":"tcp","RemoteAddress":"172.17.0.1:57144","SessionID":"18cff6d4f44951120000000000000001","Transport":"hostnossl","User":"root","SystemIdentity":"root","Method":"insecure"}
I260828 12:09:31.597893 5200 sql/gcjob/gc_job_utils.go:273  [T1,Vsystem,n1,job=SCHEMA CHANGE GC id=1205366199101947905] 802  updated progress status: waiting for MVCC GC, payload: indexes:<index_id:7 status:WAITING_FOR_MVCC_GC > ranges_unsplit_done:true 
I260828 12:09:31.608898 5446 4@util/log/event_log.go:39  [T1,Vsystem,n1,client=172.17.0.1:57132,hostnossl,user=root] 803 ={"Timestamp":1787918971608893450,"EventType":"client_session_end","InstanceID":1,"Network":"tcp","RemoteAddress":"172.17.0.1:57132","SessionID":"18cff6d4f42095da0000000000000001","Duration":30239775}
I260828 12:09:31.614414 5404 4@util/log/event_log.go:39  [T1,Vsystem,n1,client=172.17.0.1:57084,hostnossl,user=root] 804 ={"Timestamp":1787918971614409883,"EventType":"client_session_end","InstanceID":1,"Network":"tcp","RemoteAddress":"172.17.0.1:57084","SessionID":"18cff6d4f3a59b810000000000000001","Duration":43815949}
I260828 12:09:31.615993 5423 4@util/log/event_log.go:39  [T1,Vsystem,n1,client=172.17.0.1:57144,hostnossl,user=root] 805 ={"Timestamp":1787918971615989928,"EventType":"client_session_end","InstanceID":1,"Network":"tcp","RemoteAddress":"172.17.0.1:57144","SessionID":"18cff6d4f44951120000000000000001","Duration":34667177}
I260828 12:09:31.616667 5420 4@util/log/event_log.go:39  [T1,Vsystem,n1,client=172.17.0.1:57152,hostnossl,user=root] 806 ={"Timestamp":1787918971616664690,"EventType":"client_session_end","InstanceID":1,"Network":"tcp","RemoteAddress":"172.17.0.1:57152","SessionID":"18cff6d4f43d9cf50000000000000001","Duration":36108962}
I260828 12:09:31.616757 5407 4@util/log/event_log.go:39  [T1,Vsystem,n1,client=172.17.0.1:57116,hostnossl,user=root] 807 ={"Timestamp":1787918971616755472,"EventType":"client_session_end","InstanceID":1,"Network":"tcp","RemoteAddress":"172.17.0.1:57116","SessionID":"18cff6d4f41060bc0000000000000001","Duration":39164753}
I260828 12:09:31.617004 5443 4@util/log/event_log.go:39  [T1,Vsystem,n1,client=172.17.0.1:57092,hostnossl,user=root] 808 ={"Timestamp":1787918971617001962,"EventType":"client_session_end","InstanceID":1,"Network":"tcp","RemoteAddress":"172.17.0.1:57092","SessionID":"18cff6d4f41059450000000000000001","Duration":39412843}
I260828 12:09:31.618312 5388 4@util/log/event_log.go:39  [T1,Vsystem,n1,client=172.17.0.1:57080,hostnossl,user=root] 809 ={"Timestamp":1787918971618310261,"EventType":"client_session_end","InstanceID":1,"Network":"tcp","RemoteAddress":"172.17.0.1:57080","SessionID":"18cff6d4f398c5810000000000000001","Duration":48556772}
I260828 12:09:31.619339 5449 4@util/log/event_log.go:39  [T1,Vsystem,n1,client=172.17.0.1:57100,hostnossl,user=root] 810 ={"Timestamp":1787918971619337321,"EventType":"client_session_end","InstanceID":1,"Network":"tcp","RemoteAddress":"172.17.0.1:57100","SessionID":"18cff6d4f42dee5e0000000000000001","Duration":39808798}
I260828 12:09:31.620969 5503 4@util/log/event_log.go:39  [T1,Vsystem,n1,client=172.17.0.1:57164,hostnossl,user=root] 811 ={"Timestamp":1787918971620967014,"EventType":"client_authentication_ok","InstanceID":1,"Network":"tcp","RemoteAddress":"172.17.0.1:57164","SessionID":"18cff6d4f6a2212c0000000000000001","Transport":"hostnossl","User":"root","SystemIdentity":"root","Method":"insecure"}
I260828 12:09:31.627436 5501 4@util/log/event_log.go:39  [T1,Vsystem,n1,client=172.17.0.1:57164,hostnossl,user=root] 812 ={"Timestamp":1787918971627432571,"EventType":"client_session_end","InstanceID":1,"Network":"tcp","RemoteAddress":"172.17.0.1:57164","SessionID":"18cff6d4f6a2212c0000000000000001","Duration":6735125}
I260828 12:09:31.628375 5539 4@util/log/event_log.go:39  [T1,Vsystem,n1,client=172.17.0.1:57166,hostnossl,user=root] 813 ={"Timestamp":1787918971628373166,"EventType":"client_authentication_ok","InstanceID":1,"Network":"tcp","RemoteAddress":"172.17.0.1:57166","SessionID":"18cff6d4f71356360000000000000001","Transport":"hostnossl","User":"root","SystemIdentity":"root","Method":"insecure"}
I260828 12:09:31.642278 5505 4@util/log/event_log.go:39  [T1,Vsystem,n1,client=172.17.0.1:57166,hostnossl,user=root] 814 ={"Timestamp":1787918971642274159,"EventType":"client_session_end","InstanceID":1,"Network":"tcp","RemoteAddress":"172.17.0.1:57166","SessionID":"18cff6d4f71356360000000000000001","Duration":14157677}
I260828 12:09:31.644277 5547 4@util/log/event_log.go:39  [T1,Vsystem,n1,client=172.17.0.1:57182,hostnossl,user=root] 815 ={"Timestamp":1787918971644273869,"EventType":"client_authentication_ok","InstanceID":1,"Network":"tcp","RemoteAddress":"172.17.0.1:57182","SessionID":"18cff6d4f8062ba40000000000000001","Transport":"hostnossl","User":"root","SystemIdentity":"root","Method":"insecure"}
I260828 12:09:31.644781 5558 4@util/log/event_log.go:39  [T1,Vsystem,n1,client=172.17.0.1:57186,hostnossl,user=root] 816 ={"Timestamp":1787918971644778891,"EventType":"client_authentication_ok","InstanceID":1,"Network":"tcp","RemoteAddress":"172.17.0.1:57186","SessionID":"18cff6d4f803ba530000000000000001","Transport":"hostnossl","User":"root","SystemIdentity":"root","Method":"insecure"}
I260828 12:09:31.654185 5556 4@util/log/event_log.go:39  [T1,Vsystem,n1,client=172.17.0.1:57186,hostnossl,user=root] 817 ={"Timestamp":1787918971654181194,"EventType":"client_session_end","InstanceID":1,"Network":"tcp","RemoteAddress":"172.17.0.1:57186","SessionID":"18cff6d4f803ba530000000000000001","Duration":10309883}
I260828 12:09:31.659129 5545 4@util/log/event_log.go:39  [T1,Vsystem,n1,client=172.17.0.1:57182,hostnossl,user=root] 818 ={"Timestamp":1787918971659126208,"EventType":"client_session_end","InstanceID":1,"Network":"tcp","RemoteAddress":"172.17.0.1:57182","SessionID":"18cff6d4f8062ba40000000000000001","Duration":15095276}
I260828 12:09:31.660612 5553 4@util/log/event_log.go:39  [T1,Vsystem,n1,client=172.17.0.1:57194,hostnossl,user=root] 819 ={"Timestamp":1787918971660610795,"EventType":"client_authentication_ok","InstanceID":1,"Network":"tcp","RemoteAddress":"172.17.0.1:57194","SessionID":"18cff6d4f8fb37040000000000000001","Transport":"hostnossl","User":"root","SystemIdentity":"root","Method":"insecure"}
I260828 12:09:31.663905 5551 4@util/log/event_log.go:39  [T1,Vsystem,n1,client=172.17.0.1:57194,hostnossl,user=root] 820 ={"Timestamp":1787918971663903417,"EventType":"client_session_end","InstanceID":1,"Network":"tcp","RemoteAddress":"172.17.0.1:57194","SessionID":"18cff6d4f8fb37040000000000000001","Duration":3812021}
I260828 12:09:31.664780 5604 4@util/log/event_log.go:39  [T1,Vsystem,n1,client=172.17.0.1:57208,hostnossl,user=root] 821 ={"Timestamp":1787918971664778252,"EventType":"client_authentication_ok","InstanceID":1,"Network":"tcp","RemoteAddress":"172.17.0.1:57208","SessionID":"18cff6d4f93f4d1b0000000000000001","Transport":"hostnossl","User":"root","SystemIdentity":"root","Method":"insecure"}
I260828 12:09:31.677593 5602 4@util/log/event_log.go:39  [T1,Vsystem,n1,client=172.17.0.1:57208,hostnossl,user=root] 822 ={"Timestamp":1787918971677586964,"EventType":"client_session_end","InstanceID":1,"Network":"tcp","RemoteAddress":"172.17.0.1:57208","SessionID":"18cff6d4f93f4d1b0000000000000001","Duration":13034257}
I260828 12:09:31.678315 5624 4@util/log/event_log.go:39  [T1,Vsystem,n1,client=172.17.0.1:57214,hostnossl,user=root] 823 ={"Timestamp":1787918971678313453,"EventType":"client_authentication_ok","InstanceID":1,"Network":"tcp","RemoteAddress":"172.17.0.1:57214","SessionID":"18cff6d4fa0dc1f60000000000000001","Transport":"hostnossl","User":"root","SystemIdentity":"root","Method":"insecure"}
I260828 12:09:31.686003 5622 4@util/log/event_log.go:39  [T1,Vsystem,n1,client=172.17.0.1:57214,hostnossl,user=root] 824 ={"Timestamp":1787918971686000180,"EventType":"client_session_end","InstanceID":1,"Network":"tcp","RemoteAddress":"172.17.0.1:57214","SessionID":"18cff6d4fa0dc1f60000000000000001","Duration":7916991}
I260828 12:09:31.688215 5634 4@util/log/event_log.go:39  [T1,Vsystem,n1,client=172.17.0.1:57224,hostnossl,user=root] 825 ={"Timestamp":1787918971688212818,"EventType":"client_authentication_ok","InstanceID":1,"Network":"tcp","RemoteAddress":"172.17.0.1:57224","SessionID":"18cff6d4faa4ca450000000000000001","Transport":"hostnossl","User":"root","SystemIdentity":"root","Method":"insecure"}
I260828 12:09:31.688787 5580 4@util/log/event_log.go:39  [T1,Vsystem,n1,client=172.17.0.1:57240,hostnossl,user=root] 826 ={"Timestamp":1787918971688784816,"EventType":"client_authentication_ok","InstanceID":1,"Network":"tcp","RemoteAddress":"172.17.0.1:57240","SessionID":"18cff6d4faadde9c0000000000000001","Transport":"hostnossl","User":"root","SystemIdentity":"root","Method":"insecure"}
I260828 12:09:31.689091 5582 4@util/log/event_log.go:39  [T1,Vsystem,n1,client=172.17.0.1:57244,hostnossl,user=root] 827 ={"Timestamp":1787918971689089550,"EventType":"client_authentication_ok","InstanceID":1,"Network":"tcp","RemoteAddress":"172.17.0.1:57244","SessionID":"18cff6d4fab2e5f40000000000000001","Transport":"hostnossl","User":"root","SystemIdentity":"root","Method":"insecure"}
I260828 12:09:31.689091 5637 4@util/log/event_log.go:39  [T1,Vsystem,n1,client=172.17.0.1:57218,hostnossl,user=root] 828 ={"Timestamp":1787918971689089563,"EventType":"client_authentication_ok","InstanceID":1,"Network":"tcp","RemoteAddress":"172.17.0.1:57218","SessionID":"18cff6d4fab3108c0000000000000001","Transport":"hostnossl","User":"root","SystemIdentity":"root","Method":"insecure"}
I260828 12:09:31.690858 5640 4@util/log/event_log.go:39  [T1,Vsystem,n1,client=172.17.0.1:57268,hostnossl,user=root] 829 ={"Timestamp":1787918971690855842,"EventType":"client_authentication_ok","InstanceID":1,"Network":"tcp","RemoteAddress":"172.17.0.1:57268","SessionID":"18cff6d4fac99f2f0000000000000001","Transport":"hostnossl","User":"root","SystemIdentity":"root","Method":"insecure"}
I260828 12:09:31.691069 5594 4@util/log/event_log.go:39  [T1,Vsystem,n1,client=172.17.0.1:57258,hostnossl,user=root] 830 ={"Timestamp":1787918971691067699,"EventType":"client_authentication_ok","InstanceID":1,"Network":"tcp","RemoteAddress":"172.17.0.1:57258","SessionID":"18cff6d4fad0eae00000000000000001","Transport":"hostnossl","User":"root","SystemIdentity":"root","Method":"insecure"}
I260828 12:09:31.694239 5651 4@util/log/event_log.go:39  [T1,Vsystem,n1,client=172.17.0.1:57286,hostnossl,user=root] 831 ={"Timestamp":1787918971694237441,"EventType":"client_authentication_ok","InstanceID":1,"Network":"tcp","RemoteAddress":"172.17.0.1:57286","SessionID":"18cff6d4fafb223a0000000000000001","Transport":"hostnossl","User":"root","SystemIdentity":"root","Method":"insecure"}
I260828 12:09:31.694640 5643 4@util/log/event_log.go:39  [T1,Vsystem,n1,client=172.17.0.1:57278,hostnossl,user=root] 832 ={"Timestamp":1787918971694638007,"EventType":"client_authentication_ok","InstanceID":1,"Network":"tcp","RemoteAddress":"172.17.0.1:57278","SessionID":"18cff6d4fb04acc30000000000000001","Transport":"hostnossl","User":"root","SystemIdentity":"root","Method":"insecure"}
I260828 12:09:31.709427 5635 4@util/log/event_log.go:39  [T1,Vsystem,n1,client=172.17.0.1:57218,hostnossl,user=root] 833 ={"Timestamp":1787918971709423868,"EventType":"client_session_end","InstanceID":1,"Network":"tcp","RemoteAddress":"172.17.0.1:57218","SessionID":"18cff6d4fab3108c0000000000000001","Duration":20508073}
I260828 12:09:31.715250 5641 4@util/log/event_log.go:39  [T1,Vsystem,n1,client=172.17.0.1:57278,hostnossl,user=root] 834 ={"Timestamp":1787918971715246978,"EventType":"client_session_end","InstanceID":1,"Network":"tcp","RemoteAddress":"172.17.0.1:57278","SessionID":"18cff6d4fb04acc30000000000000001","Duration":20982465}
I260828 12:09:31.720636 5521 4@util/log/event_log.go:39  [T1,Vsystem,n1,client=172.17.0.1:57286,hostnossl,user=root] 835 ={"Timestamp":1787918971720632533,"EventType":"client_session_end","InstanceID":1,"Network":"tcp","RemoteAddress":"172.17.0.1:57286","SessionID":"18cff6d4fafb223a0000000000000001","Duration":26992648}
I260828 12:09:31.721181 5592 4@util/log/event_log.go:39  [T1,Vsystem,n1,client=172.17.0.1:57258,hostnossl,user=root] 836 ={"Timestamp":1787918971721179213,"EventType":"client_session_end","InstanceID":1,"Network":"tcp","RemoteAddress":"172.17.0.1:57258","SessionID":"18cff6d4fad0eae00000000000000001","Duration":30306441}
I260828 12:09:31.721554 5577 4@util/log/event_log.go:39  [T1,Vsystem,n1,client=172.17.0.1:57244,hostnossl,user=root] 837 ={"Timestamp":1787918971721551995,"EventType":"client_session_end","InstanceID":1,"Network":"tcp","RemoteAddress":"172.17.0.1:57244","SessionID":"18cff6d4fab2e5f40000000000000001","Duration":32646702}
I260828 12:09:31.721910 5632 4@util/log/event_log.go:39  [T1,Vsystem,n1,client=172.17.0.1:57224,hostnossl,user=root] 838 ={"Timestamp":1787918971721908168,"EventType":"client_session_end","InstanceID":1,"Network":"tcp","RemoteAddress":"172.17.0.1:57224","SessionID":"18cff6d4faa4ca450000000000000001","Duration":33927597}
I260828 12:09:31.724276 5578 4@util/log/event_log.go:39  [T1,Vsystem,n1,client=172.17.0.1:57240,hostnossl,user=root] 839 ={"Timestamp":1787918971724275016,"EventType":"client_session_end","InstanceID":1,"Network":"tcp","RemoteAddress":"172.17.0.1:57240","SessionID":"18cff6d4faadde9c0000000000000001","Duration":35698913}
I260828 12:09:31.724611 5638 4@util/log/event_log.go:39  [T1,Vsystem,n1,client=172.17.0.1:57268,hostnossl,user=root] 840 ={"Timestamp":1787918971724608733,"EventType":"client_session_end","InstanceID":1,"Network":"tcp","RemoteAddress":"172.17.0.1:57268","SessionID":"18cff6d4fac99f2f0000000000000001","Duration":34213920}
I260828 12:09:31.726087 5730 4@util/log/event_log.go:39  [T1,Vsystem,n1,client=172.17.0.1:57288,hostnossl,user=root] 841 ={"Timestamp":1787918971726085856,"EventType":"client_authentication_ok","InstanceID":1,"Network":"tcp","RemoteAddress":"172.17.0.1:57288","SessionID":"18cff6d4fce72c780000000000000001","Transport":"hostnossl","User":"root","SystemIdentity":"root","Method":"insecure"}
I260828 12:09:31.735287 5696 4@util/log/event_log.go:39  [T1,Vsystem,n1,client=172.17.0.1:57288,hostnossl,user=root] 842 ={"Timestamp":1787918971735283444,"EventType":"client_session_end","InstanceID":1,"Network":"tcp","RemoteAddress":"172.17.0.1:57288","SessionID":"18cff6d4fce72c780000000000000001","Duration":9397635}
I260828 12:09:31.736246 5746 4@util/log/event_log.go:39  [T1,Vsystem,n1,client=172.17.0.1:57292,hostnossl,user=root] 843 ={"Timestamp":1787918971736241955,"EventType":"client_authentication_ok","InstanceID":1,"Network":"tcp","RemoteAddress":"172.17.0.1:57292","SessionID":"18cff6d4fd81e08e0000000000000001","Transport":"hostnossl","User":"root","SystemIdentity":"root","Method":"insecure"}
I260828 12:09:31.742316 5712 4@util/log/event_log.go:39  [T1,Vsystem,n1,client=172.17.0.1:57292,hostnossl,user=root] 844 ={"Timestamp":1787918971742312906,"EventType":"client_session_end","InstanceID":1,"Network":"tcp","RemoteAddress":"172.17.0.1:57292","SessionID":"18cff6d4fd81e08e0000000000000001","Duration":6288671}
I260828 12:09:31.743232 5753 4@util/log/event_log.go:39  [T1,Vsystem,n1,client=172.17.0.1:57296,hostnossl,user=root] 845 ={"Timestamp":1787918971743229488,"EventType":"client_authentication_ok","InstanceID":1,"Network":"tcp","RemoteAddress":"172.17.0.1:57296","SessionID":"18cff6d4fdec8c540000000000000001","Transport":"hostnossl","User":"root","SystemIdentity":"root","Method":"insecure"}
I260828 12:09:31.751407 5751 4@util/log/event_log.go:39  [T1,Vsystem,n1,client=172.17.0.1:57296,hostnossl,user=root] 846 ={"Timestamp":1787918971751403355,"EventType":"client_session_end","InstanceID":1,"Network":"tcp","RemoteAddress":"172.17.0.1:57296","SessionID":"18cff6d4fdec8c540000000000000001","Duration":8388242}
I260828 12:09:31.752346 5759 4@util/log/event_log.go:39  [T1,Vsystem,n1,client=172.17.0.1:57310,hostnossl,user=root] 847 ={"Timestamp":1787918971752344742,"EventType":"client_authentication_ok","InstanceID":1,"Network":"tcp","RemoteAddress":"172.17.0.1:57310","SessionID":"18cff6d4fe77780d0000000000000001","Transport":"hostnossl","User":"root","SystemIdentity":"root","Method":"insecure"}
I260828 12:09:31.764994 5757 4@util/log/event_log.go:39  [T1,Vsystem,n1,client=172.17.0.1:57310,hostnossl,user=root] 848 ={"Timestamp":1787918971764990355,"EventType":"client_session_end","InstanceID":1,"Network":"tcp","RemoteAddress":"172.17.0.1:57310","SessionID":"18cff6d4fe77780d0000000000000001","Duration":12870968}
I260828 12:09:31.765972 5796 4@util/log/event_log.go:39  [T1,Vsystem,n1,client=172.17.0.1:57312,hostnossl,user=root] 849 ={"Timestamp":1787918971765969548,"EventType":"client_authentication_ok","InstanceID":1,"Network":"tcp","RemoteAddress":"172.17.0.1:57312","SessionID":"18cff6d4ff473dc80000000000000001","Transport":"hostnossl","User":"root","SystemIdentity":"root","Method":"insecure"}
I260828 12:09:31.773175 5794 4@util/log/event_log.go:39  [T1,Vsystem,n1,client=172.17.0.1:57312,hostnossl,user=root] 850 ={"Timestamp":1787918971773170182,"EventType":"client_session_end","InstanceID":1,"Network":"tcp","RemoteAddress":"172.17.0.1:57312","SessionID":"18cff6d4ff473dc80000000000000001","Duration":7434104}
I260828 12:09:31.774040 5783 4@util/log/event_log.go:39  [T1,Vsystem,n1,client=172.17.0.1:57322,hostnossl,user=root] 851 ={"Timestamp":1787918971774038358,"EventType":"client_authentication_ok","InstanceID":1,"Network":"tcp","RemoteAddress":"172.17.0.1:57322","SessionID":"18cff6d4ffc31c930000000000000001","Transport":"hostnossl","User":"root","SystemIdentity":"root","Method":"insecure"}
I260828 12:09:31.775059 5781 4@util/log/event_log.go:39  [T1,Vsystem,n1,client=172.17.0.1:57322,hostnossl,user=root] 852 ={"Timestamp":1787918971775057179,"EventType":"client_session_end","InstanceID":1,"Network":"tcp","RemoteAddress":"172.17.0.1:57322","SessionID":"18cff6d4ffc31c930000000000000001","Duration":1203228}
I260828 12:09:31.775840 5786 4@util/log/event_log.go:39  [T1,Vsystem,n1,client=172.17.0.1:57326,hostnossl,user=root] 853 ={"Timestamp":1787918971775837588,"EventType":"client_authentication_ok","InstanceID":1,"Network":"tcp","RemoteAddress":"172.17.0.1:57326","SessionID":"18cff6d4ffde4d300000000000000001","Transport":"hostnossl","User":"root","SystemIdentity":"root","Method":"insecure"}
I260828 12:09:31.779995 5784 4@util/log/event_log.go:39  [T1,Vsystem,n1,client=172.17.0.1:57326,hostnossl,user=root] 854 ={"Timestamp":1787918971779991292,"EventType":"client_session_end","InstanceID":1,"Network":"tcp","RemoteAddress":"172.17.0.1:57326","SessionID":"18cff6d4ffde4d300000000000000001","Duration":4355524}
I260828 12:09:32.025904 5832 4@util/log/event_log.go:39  [T1,Vsystem,n1,client=[::1]:43288,hostnossl,user=root] 855 ={"Timestamp":1787918972025900454,"EventType":"client_authentication_ok","InstanceID":1,"Network":"tcp","RemoteAddress":"[::1]:43288","SessionID":"18cff6d50ec5a3590000000000000001","Transport":"hostnossl","User":"root","SystemIdentity":"root","Method":"insecure"}
I260828 12:09:32.573424 5830 4@util/log/event_log.go:39  [T1,Vsystem,n1,client=[::1]:43288,hostnossl,user=root] 856 ={"Timestamp":1787918972573419639,"EventType":"client_session_end","InstanceID":1,"Network":"tcp","RemoteAddress":"[::1]:43288","SessionID":"18cff6d50ec5a3590000000000000001","Duration":547741103}
