ls: cannot access 'cockroach-data': No such file or directory
certificate dir "certs" is successfully set up
starting node for the initialization process. This could take a couple seconds...
I260828 16:21:51.250868 1 1@cli/log_flags.go:212  [n?] 1  using explicit logging configuration:
I260828 16:21:51.250868 1 1@cli/log_flags.go:212  [n?] 1 +file-defaults: {dir: ./cockroach-data/logs}
W260828 16:21:51.251145 1 1@cli/start.go:1446  [n?] 2  ALL SECURITY CONTROLS HAVE BEEN DISABLED!
W260828 16:21:51.251145 1 1@cli/start.go:1446  [n?] 2 +
W260828 16:21:51.251145 1 1@cli/start.go:1446  [n?] 2 +This mode is intended for non-production testing only.
W260828 16:21:51.251145 1 1@cli/start.go:1446  [n?] 2 +
W260828 16:21:51.251145 1 1@cli/start.go:1446  [n?] 2 +In this mode:
W260828 16:21:51.251145 1 1@cli/start.go:1446  [n?] 2 +- Your cluster is open to any client that can access any of your IP addresses.
W260828 16:21:51.251145 1 1@cli/start.go:1446  [n?] 2 +- Intruders with access to your machine or network can observe client-server traffic.
W260828 16:21:51.251145 1 1@cli/start.go:1446  [n?] 2 +- Intruders can log in without password and read or write any data in the cluster.
W260828 16:21:51.251145 1 1@cli/start.go:1446  [n?] 2 +- Intruders can consume all your server's resources and cause unavailability.
I260828 16:21:51.251188 1 1@cli/start.go:1456  [n?] 3  To start a secure server without mandating TLS for clients,
I260828 16:21:51.251188 1 1@cli/start.go:1456  [n?] 3 +consider --accept-sql-without-tls instead. For other options, see:
I260828 16:21:51.251188 1 1@cli/start.go:1456  [n?] 3 +
I260828 16:21:51.251188 1 1@cli/start.go:1456  [n?] 3 +- https://go.crdb.dev/issue-v/53404/v25.1
I260828 16:21:51.251188 1 1@cli/start.go:1456  [n?] 3 +- https://www.cockroachlabs.com/docs/v25.1/secure-a-cluster.html
I260828 16:21:51.251465 1 server/status/recorder.go:856  [n?] 4  available memory from cgroups (8.0 EiB) is unsupported, using system memory 16 GiB instead: 
I260828 16:21:51.251498 1 1@cli/start.go:1485  [n?] 5  CockroachDB CCL v25.1.6 (x86_64-pc-linux-gnu, built 2025/05/09 15:48:03, go1.22.8 X:nocoverageredesign)
I260828 16:21:51.252073 1 server/status/recorder.go:856  [n?] 6  available memory from cgroups (8.0 EiB) is unsupported, using system memory 16 GiB instead: 
I260828 16:21:51.252095 1 1@cli/start.go:556  [n?] 7  soft memory limit of Go runtime is set to 288 MiB
I260828 16:21:51.252119 1 1@cli/start.go:593  [n?] 8  GC target percentage of Go runtime is set to 300%
I260828 16:21:51.252968 1 server/status/recorder.go:856  [T1,Vsystem,n?] 9  available memory from cgroups (8.0 EiB) is unsupported, using system memory 16 GiB instead: 
I260828 16:21:51.252992 1 server/config.go:669  [T1,Vsystem,n?] 10  system total memory: 16 GiB
I260828 16:21:51.253009 1 server/config.go:671  [T1,Vsystem,n?] 11  server configuration:
I260828 16:21:51.253009 1 server/config.go:671  [T1,Vsystem,n?] 11 +max offset             500000000
I260828 16:21:51.253009 1 server/config.go:671  [T1,Vsystem,n?] 11 +cache size             128 MiB
I260828 16:21:51.253009 1 server/config.go:671  [T1,Vsystem,n?] 11 +SQL memory pool size   128 MiB
I260828 16:21:51.253009 1 server/config.go:671  [T1,Vsystem,n?] 11 +scan interval          10m0s
I260828 16:21:51.253009 1 server/config.go:671  [T1,Vsystem,n?] 11 +scan min idle time     10ms
I260828 16:21:51.253009 1 server/config.go:671  [T1,Vsystem,n?] 11 +scan max idle time     1s
I260828 16:21:51.253009 1 server/config.go:671  [T1,Vsystem,n?] 11 +event log enabled      true
I260828 16:21:51.253089 1 1@cli/start.go:1346  [T1,Vsystem,n?] 12  using local environment variables:
I260828 16:21:51.253089 1 1@cli/start.go:1346  [T1,Vsystem,n?] 12 +COCKROACH_CHANNEL=official-docker
I260828 16:21:51.253089 1 1@cli/start.go:1346  [T1,Vsystem,n?] 12 +COCKROACH_DATABASE=defaultdb
I260828 16:21:51.253089 1 1@cli/start.go:1346  [T1,Vsystem,n?] 12 +COCKROACH_USER=
I260828 16:21:51.253122 1 1@cli/start.go:1353  [T1,Vsystem,n?] 13  process identity: uid 0 euid 0 gid 0 egid 0
I260828 16:21:51.255787 1 1@cli/start.go:1508  [T1,Vsystem,n?] 14  GEOS loaded from directory /usr/local/lib/cockroach
I260828 16:21:51.255818 1 1@cli/start.go:785  [T1,Vsystem,n?] 15  starting cockroach node
I260828 16:21:51.256152 66 3@pebble/objstorage/objstorageprovider/remote.go:105  [n?,s?,pebble] 16  remote storage configured; no creatorID yet
I260828 16:21:51.256457 66 3@pebble/event.go:973  [n?,s?,pebble] 17  [JOB 1] MANIFEST created 000001
I260828 16:21:51.256622 66 3@pebble/event.go:1001  [n?,s?,pebble] 18  [JOB 1] WAL created 000002
I260828 16:21:51.256662 66 3@pebble/event.go:969  [n?,s?,pebble] 19  upgraded to format version: 014
I260828 16:21:51.256693 66 3@pebble/event.go:969  [n?,s?,pebble] 20  upgraded to format version: 015
I260828 16:21:51.256710 66 3@pebble/event.go:969  [n?,s?,pebble] 21  upgraded to format version: 016
I260828 16:21:51.256721 66 3@pebble/event.go:969  [n?,s?,pebble] 22  upgraded to format version: 017
I260828 16:21:51.256736 66 3@pebble/event.go:969  [n?,s?,pebble] 23  upgraded to format version: 018
I260828 16:21:51.256753 66 3@pebble/event.go:969  [n?,s?,pebble] 24  upgraded to format version: 019
I260828 16:21:51.256904 66 server/config.go:878  [T1,Vsystem,n?] 25  1 storage engine initialized
I260828 16:21:51.256943 66 server/config.go:881  [T1,Vsystem,n?] 26  Pebble cache size: 128 MiB
I260828 16:21:51.256924 84 3@pebble/event.go:993  [n?,s?,pebble] 27  [JOB 2] all initial table stats loaded
I260828 16:21:51.256966 66 server/config.go:881  [T1,Vsystem,n?] 28  store 0: in-memory, size 1.0 GiB
I260828 16:21:51.256986 66 server/config.go:881  [T1,Vsystem,n?] 29  store 0: : rw encrypted=false
I260828 16:21:51.258889 101 util/cidr/cidr.go:299  [T1,Vsystem,n?] 30  CIDR lookup updated with 0 destinations
I260828 16:21:51.260517 66 3@pebble/event.go:973  [n?,s?,pebble] 31  [JOB 1] MANIFEST created 000001
I260828 16:21:51.260605 66 3@pebble/event.go:1001  [n?,s?,pebble] 32  [JOB 1] WAL created 000002
I260828 16:21:51.260636 66 3@pebble/event.go:969  [n?,s?,pebble] 33  upgraded to format version: 014
I260828 16:21:51.260656 66 3@pebble/event.go:969  [n?,s?,pebble] 34  upgraded to format version: 015
I260828 16:21:51.260673 66 3@pebble/event.go:969  [n?,s?,pebble] 35  upgraded to format version: 016
I260828 16:21:51.260689 66 3@pebble/event.go:969  [n?,s?,pebble] 36  upgraded to format version: 017
I260828 16:21:51.260708 66 3@pebble/event.go:969  [n?,s?,pebble] 37  upgraded to format version: 018
I260828 16:21:51.260725 66 3@pebble/event.go:969  [n?,s?,pebble] 38  upgraded to format version: 019
I260828 16:21:51.260846 120 3@pebble/event.go:993  [n?,stemp,pebble] 39  [JOB 2] all initial table stats loaded
I260828 16:21:51.299070 66 1@server/clock_monotonicity.go:61  [T1,Vsystem,n?] 40  monitoring forward clock jumps based on server.clock.forward_jump_check.enabled
I260828 16:21:51.300049 66 3@pebble/objstorage/objstorageprovider/remote.go:193  [n?,s1,pebble] 41  remote storage creatorID set to 1
I260828 16:21:51.306192 66 server/init.go:224  [T1,Vsystem,n?] 42  no stores initialized
I260828 16:21:51.306231 66 server/init.go:225  [T1,Vsystem,n?] 43  awaiting `cockroach init` or join with an already initialized node
I260828 16:21:51.306244 66 server/init.go:289  [T1,Vsystem,n?] 44  cluster aae072ad-11f4-4ecc-aeae-9501076dd80c has been created
I260828 16:21:51.306260 66 server/init.go:290  [T1,Vsystem,n?] 45  allocated node ID: n1 (for self)
I260828 16:21:51.306314 66 server/init.go:291  [T1,Vsystem,n?] 46  active cluster version: 25.1
W260828 16:21:51.306710 66 1@cli/start.go:1307  [T1,Vsystem,n1] 47  Running a server without --sql-addr, with a combined RPC/SQL listener, is deprecated.
W260828 16:21:51.306710 66 1@cli/start.go:1307  [T1,Vsystem,n1] 47 +This feature will be removed in a later version of CockroachDB.
I260828 16:21:51.306703 159 1@server/server.go:1778  [T1,Vsystem,n1] 48  connecting to gossip network to verify cluster ID "aae072ad-11f4-4ecc-aeae-9501076dd80c"
I260828 16:21:51.306736 66 1@cli/start.go:1525  [T1,Vsystem,n1] 49  PID file: server_pid
I260828 16:21:51.306858 66 1@cli/start.go:1541  [T1,Vsystem,n1] 50  listening URL file: server_fifo
W260828 16:21:51.306927 66 1@gossip/gossip.go:1460  [T1,Vsystem,n1] 51  no addresses found; use --join to specify a connected node
init node successfully started
I260828 16:21:51.307957 164 kv/kvserver/kvstorage/init.go:250  [T1,Vsystem,n1,s1] 52  beginning range descriptor iteration
I260828 16:21:51.308176 164 kv/kvserver/kvstorage/init.go:374  [T1,Vsystem,n1,s1] 53  range descriptor iteration done: 74 range descriptors, 0 intents, 0 tombstones; stats: seeked 150 times (76 internal); stepped 0 times (0 internal); blocks: 0B cached; points: 74 (1.5KB keys, 2.1KB values)
I260828 16:21:51.308560 164 kv/kvserver/kvstorage/init.go:501  [T1,Vsystem,n1,s1] 54  loaded replica ID for 74/74 replicas
I260828 16:21:51.308927 164 kv/kvserver/kvstorage/init.go:518  [T1,Vsystem,n1,s1] 55  loaded Raft state for 74/74 replicas
I260828 16:21:51.308977 164 kv/kvserver/kvstorage/init.go:545  [T1,Vsystem,n1,s1] 56  loaded 74 replicas
I260828 16:21:51.309005 164 kv/kvserver/kvstorage/init.go:576  [T1,Vsystem,n1,s1] 57  verified 74/74 replicas
I260828 16:21:51.321110 164 kv/kvserver/store.go:2360  [T1,Vsystem,n1,s1] 58  initialized 74/74 replicas
I260828 16:21:51.321373 164 server/node.go:719  [T1,Vsystem,n1] 59  initialized store s1 in 14ms (74 replicas)
I260828 16:21:51.321455 66 kv/kvserver/stores.go:261  [T1,Vsystem,n1] 60  read 0 node addresses from persistent storage
I260828 16:21:51.321602 66 server/node.go:834  [T1,Vsystem,n1] 61  started with engine type pebble
I260828 16:21:51.321635 66 server/node.go:836  [T1,Vsystem,n1] 62  started with attributes []
I260828 16:21:51.321716 159 1@server/server.go:1781  [T1,Vsystem,n1] 63  node connected via gossip
I260828 16:21:51.321848 66 server/goroutinedumper/goroutinedumper.go:117  [T1,Vsystem,n1] 64  writing goroutine dumps to /cockroach/cockroach-data/logs/goroutine_dump
I260828 16:21:51.322011 66 server/profiler/heapprofiler.go:72  [T1,Vsystem,n1] 65  writing go heap profiles to /cockroach/cockroach-data/logs/heap_profiler at least every 1h0m0s
I260828 16:21:51.322065 66 server/profiler/memory_monitoring_profiler.go:66  [T1,Vsystem,n1] 66  writing memory monitoring dumps to /cockroach/cockroach-data/logs/heap_profiler at least every 1h0m0s
I260828 16:21:51.322104 66 server/profiler/cgoprofiler.go:66  [T1,Vsystem,n1] 67  to enable jmalloc profiling: "export MALLOC_CONF=prof:true" or "ln -s prof:true /etc/malloc.conf"
I260828 16:21:51.322141 66 server/profiler/statsprofiler.go:68  [T1,Vsystem,n1] 68  writing memory stats to /cockroach/cockroach-data/logs/heap_profiler at last every 1h0m0s
I260828 16:21:51.322429 66 server/profiler/activequeryprofiler.go:88  [T1,Vsystem,n1] 69  writing go query profiles to /cockroach/cockroach-data/logs/heap_profiler
I260828 16:21:51.322554 66 server/profiler/cpuprofiler.go:87  [T1,Vsystem,n1] 70  writing cpu profile dumps to /cockroach/cockroach-data/logs/pprof_dump
I260828 16:21:51.322735 195 2@kv/kvserver/replica_proposal.go:620  [T1,Vsystem,n1,s1,r2/1:/System/NodeLiveness{-Max},raft] 71  new range lease repl=(n1,s1):1 seq=1 start=0,0 exp=1787934117.321275210,0 pro=1787934111.321275210,0 acq=Request following <empty>
I260828 16:21:51.322862 66 1@server/server.go:1979  [T1,Vsystem,n1] 72  starting http server at [::]:8080 (use: 127.0.0.1:8080)
I260828 16:21:51.322910 66 1@server/server.go:1987  [T1,Vsystem,n1] 73  starting grpc/postgres server at [::]:26257
I260828 16:21:51.323002 66 1@server/server.go:1988  [T1,Vsystem,n1] 74  advertising CockroachDB node at 127.0.0.1:26257
I260828 16:21:51.323502 195 2@kv/kvserver/replica_proposal.go:637  [T1,Vsystem,n1,s1,r2/1:/System/NodeLiveness{-Max},raft] 76  acquired system range lease: repl=(n1,s1):1 seq=1 start=0,0 exp=1787934117.321275210,0 pro=1787934111.321275210,0 acq=Request [acquisition-type=Request]
I260828 16:21:51.323095 194 2@kv/kvserver/replica_proposal.go:637  [T1,Vsystem,n1,s1,r1/1:/{Min-System/NodeL…},raft] 75  acquired system range lease: repl=(n1,s1):1 seq=1 start=0,0 exp=1787934117.321616153,0 pro=1787934111.321616153,0 acq=Request [acquisition-type=Request]
I260828 16:21:51.339027 227 3@pebble/event.go:1001  [n1,s1,pebble] 77  [JOB 3] WAL created 000004
I260828 16:21:51.340612 55 kv/kvclient/rangefeed/rangefeedcache/watcher.go:340  [T1,Vsystem,n1] 78  spanconfig-subscriber: established range feed cache
I260828 16:21:51.344858 223 kv/kvserver/queue.go:616  [T1,Vsystem,n1,s1,r21/1:/Table/1{8-9},raft] 79  rate limited in MaybeAdd (replicate): throttled on async limiting semaphore
I260828 16:21:51.345124 479 13@kv/kvserver/replicate_queue.go:784  [T1,Vsystem,n1,replicate,s1,r1/1:/{Min-System/NodeL…}] 80  error processing replica: 0 of 1 live stores are able to take a new replica for the range (1 already has a voter, 0 already have a non-voter); likely not enough nodes in cluster
I260828 16:21:51.345694 481 13@kv/kvserver/replicate_queue.go:784  [T1,Vsystem,n1,replicate,s1,r2/1:/System/NodeLiveness{-Max}] 81  error processing replica: 0 of 1 live stores are able to take a new replica for the range (1 already has a voter, 0 already have a non-voter); likely not enough nodes in cluster
I260828 16:21:51.345897 578 13@kv/kvserver/replicate_queue.go:784  [T1,Vsystem,n1,replicate,s1,r3/1:/System/{NodeLive…-tsd}] 82  error processing replica: 0 of 1 live stores are able to take a new replica for the range (1 already has a voter, 0 already have a non-voter); likely not enough nodes in cluster
I260828 16:21:51.347351 579 13@kv/kvserver/replicate_queue.go:784  [T1,Vsystem,n1,replicate,s1,r4/1:/System{/tsd-tse}] 83  error processing replica: 0 of 1 live stores are able to take a new replica for the range (1 already has a voter, 0 already have a non-voter); likely not enough nodes in cluster
I260828 16:21:51.348041 604 13@kv/kvserver/replicate_queue.go:784  [T1,Vsystem,n1,replicate,s1,r5/1:/{Systemtse-Table/0}] 84  error processing replica: 0 of 1 live stores are able to take a new replica for the range (1 already has a voter, 0 already have a non-voter); likely not enough nodes in cluster
I260828 16:21:51.348256 480 13@kv/kvserver/replicate_queue.go:784  [T1,Vsystem,n1,replicate,s1,r1/1:/{Min-System/NodeL…}] 85  error processing replica: 0 of 1 live stores are able to take a new replica for the range (1 already has a voter, 0 already have a non-voter); likely not enough nodes in cluster
I260828 16:21:51.348393 480 13@kv/kvserver/replicate_queue.go:784  [T1,Vsystem,n1,replicate,s1,r2/1:/System/NodeLiveness{-Max}] 86  error processing replica: 0 of 1 live stores are able to take a new replica for the range (1 already has a voter, 0 already have a non-voter); likely not enough nodes in cluster
I260828 16:21:51.348545 480 13@kv/kvserver/replicate_queue.go:784  [T1,Vsystem,n1,replicate,s1,r3/1:/System/{NodeLive…-tsd}] 87  error processing replica: 0 of 1 live stores are able to take a new replica for the range (1 already has a voter, 0 already have a non-voter); likely not enough nodes in cluster
I260828 16:21:51.348701 480 13@kv/kvserver/replicate_queue.go:784  [T1,Vsystem,n1,replicate,s1,r4/1:/System{/tsd-tse}] 88  error processing replica: 0 of 1 live stores are able to take a new replica for the range (1 already has a voter, 0 already have a non-voter); likely not enough nodes in cluster
I260828 16:21:51.348843 480 13@kv/kvserver/replicate_queue.go:784  [T1,Vsystem,n1,replicate,s1,r5/1:/{Systemtse-Table/0}] 89  error processing replica: 0 of 1 live stores are able to take a new replica for the range (1 already has a voter, 0 already have a non-voter); likely not enough nodes in cluster
I260828 16:21:51.349296 588 13@kv/kvserver/replicate_queue.go:784  [T1,Vsystem,n1,replicate,s1,r6/1:/Table/{0-3}] 90  error processing replica: 0 of 1 live stores are able to take a new replica for the range (1 already has a voter, 0 already have a non-voter); likely not enough nodes in cluster
I260828 16:21:51.349853 618 13@kv/kvserver/replicate_queue.go:784  [T1,Vsystem,n1,replicate,s1,r7/1:/Table/{3-4}] 91  error processing replica: 0 of 1 live stores are able to take a new replica for the range (1 already has a voter, 0 already have a non-voter); likely not enough nodes in cluster
I260828 16:21:51.350387 622 13@kv/kvserver/replicate_queue.go:784  [T1,Vsystem,n1,replicate,s1,r8/1:/Table/{4-5}] 92  error processing replica: 0 of 1 live stores are able to take a new replica for the range (1 already has a voter, 0 already have a non-voter); likely not enough nodes in cluster
I260828 16:21:51.350961 642 13@kv/kvserver/replicate_queue.go:784  [T1,Vsystem,n1,replicate,s1,r9/1:/Table/{5-6}] 93  error processing replica: 0 of 1 live stores are able to take a new replica for the range (1 already has a voter, 0 already have a non-voter); likely not enough nodes in cluster
I260828 16:21:51.355646 646 13@kv/kvserver/replicate_queue.go:784  [T1,Vsystem,n1,replicate,s1,r10/1:/Table/{6-7}] 94  error processing replica: 0 of 1 live stores are able to take a new replica for the range (1 already has a voter, 0 already have a non-voter); likely not enough nodes in cluster
I260828 16:21:51.355788 669 13@kv/kvserver/replicate_queue.go:784  [T1,Vsystem,n1,replicate,s1,r11/1:/Table/{7-8}] 95  error processing replica: 0 of 1 live stores are able to take a new replica for the range (1 already has a voter, 0 already have a non-voter); likely not enough nodes in cluster
I260828 16:21:51.355884 670 13@kv/kvserver/replicate_queue.go:784  [T1,Vsystem,n1,replicate,s1,r12/1:/Table/{8-9}] 96  error processing replica: 0 of 1 live stores are able to take a new replica for the range (1 already has a voter, 0 already have a non-voter); likely not enough nodes in cluster
I260828 16:21:51.355975 671 13@kv/kvserver/replicate_queue.go:784  [T1,Vsystem,n1,replicate,s1,r22/1:/Table/{19-20}] 97  error processing replica: 0 of 1 live stores are able to take a new replica for the range (1 already has a voter, 0 already have a non-voter); likely not enough nodes in cluster
I260828 16:21:51.356061 672 13@kv/kvserver/replicate_queue.go:784  [T1,Vsystem,n1,replicate,s1,r23/1:/Table/2{0-1}] 98  error processing replica: 0 of 1 live stores are able to take a new replica for the range (1 already has a voter, 0 already have a non-voter); likely not enough nodes in cluster
I260828 16:21:51.356115 200 3@pebble/event.go:1001  [n1,s1,pebble] 99  [JOB 4] WAL created 000005
I260828 16:21:51.356147 673 13@kv/kvserver/replicate_queue.go:784  [T1,Vsystem,n1,replicate,s1,r13/1:/Table/{9-11}] 100  error processing replica: 0 of 1 live stores are able to take a new replica for the range (1 already has a voter, 0 already have a non-voter); likely not enough nodes in cluster
I260828 16:21:51.356247 722 13@kv/kvserver/replicate_queue.go:784  [T1,Vsystem,n1,replicate,s1,r24/1:/Table/2{1-2}] 101  error processing replica: 0 of 1 live stores are able to take a new replica for the range (1 already has a voter, 0 already have a non-voter); likely not enough nodes in cluster
I260828 16:21:51.357202 723 13@kv/kvserver/replicate_queue.go:784  [T1,Vsystem,n1,replicate,s1,r14/1:/Table/1{1-2}] 102  error processing replica: 0 of 1 live stores are able to take a new replica for the range (1 already has a voter, 0 already have a non-voter); likely not enough nodes in cluster
I260828 16:21:51.357402 712 13@kv/kvserver/replicate_queue.go:784  [T1,Vsystem,n1,replicate,s1,r25/1:/Table/2{2-3}] 103  error processing replica: 0 of 1 live stores are able to take a new replica for the range (1 already has a voter, 0 already have a non-voter); likely not enough nodes in cluster
I260828 16:21:51.357521 713 13@kv/kvserver/replicate_queue.go:784  [T1,Vsystem,n1,replicate,s1,r26/1:/Table/2{3-4}] 104  error processing replica: 0 of 1 live stores are able to take a new replica for the range (1 already has a voter, 0 already have a non-voter); likely not enough nodes in cluster
I260828 16:21:51.358312 714 13@kv/kvserver/replicate_queue.go:784  [T1,Vsystem,n1,replicate,s1,r15/1:/Table/1{2-3}] 105  error processing replica: 0 of 1 live stores are able to take a new replica for the range (1 already has a voter, 0 already have a non-voter); likely not enough nodes in cluster
I260828 16:21:51.358918 739 13@kv/kvserver/replicate_queue.go:784  [T1,Vsystem,n1,replicate,s1,r16/1:/Table/1{3-4}] 106  error processing replica: 0 of 1 live stores are able to take a new replica for the range (1 already has a voter, 0 already have a non-voter); likely not enough nodes in cluster
I260828 16:21:51.359135 696 13@kv/kvserver/replicate_queue.go:784  [T1,Vsystem,n1,replicate,s1,r27/1:/Table/2{4-5}] 107  error processing replica: 0 of 1 live stores are able to take a new replica for the range (1 already has a voter, 0 already have a non-voter); likely not enough nodes in cluster
I260828 16:21:51.359317 697 13@kv/kvserver/replicate_queue.go:784  [T1,Vsystem,n1,replicate,s1,r28/1:/Table/2{5-6}] 108  error processing replica: 0 of 1 live stores are able to take a new replica for the range (1 already has a voter, 0 already have a non-voter); likely not enough nodes in cluster
I260828 16:21:51.359832 698 13@kv/kvserver/replicate_queue.go:784  [T1,Vsystem,n1,replicate,s1,r17/1:/Table/1{4-5}] 109  error processing replica: 0 of 1 live stores are able to take a new replica for the range (1 already has a voter, 0 already have a non-voter); likely not enough nodes in cluster
I260828 16:21:51.360031 204 3@pebble/event.go:1001  [n1,s1,pebble] 110  [JOB 5] WAL created 000006
I260828 16:21:51.360354 702 13@kv/kvserver/replicate_queue.go:784  [T1,Vsystem,n1,replicate,s1,r29/1:/Table/2{6-7}] 111  error processing replica: 0 of 1 live stores are able to take a new replica for the range (1 already has a voter, 0 already have a non-voter); likely not enough nodes in cluster
I260828 16:21:51.360870 703 13@kv/kvserver/replicate_queue.go:784  [T1,Vsystem,n1,replicate,s1,r30/1:/Table/2{7-8}] 112  error processing replica: 0 of 1 live stores are able to take a new replica for the range (1 already has a voter, 0 already have a non-voter); likely not enough nodes in cluster
I260828 16:21:51.363698 704 13@kv/kvserver/replicate_queue.go:784  [T1,Vsystem,n1,replicate,s1,r18/1:/Table/1{5-6}] 113  error processing replica: 0 of 1 live stores are able to take a new replica for the range (1 already has a voter, 0 already have a non-voter); likely not enough nodes in cluster
I260828 16:21:51.363931 772 13@kv/kvserver/replicate_queue.go:784  [T1,Vsystem,n1,replicate,s1,r31/1:/Table/2{8-9}] 114  error processing replica: 0 of 1 live stores are able to take a new replica for the range (1 already has a voter, 0 already have a non-voter); likely not enough nodes in cluster
I260828 16:21:51.366995 773 13@kv/kvserver/replicate_queue.go:784  [T1,Vsystem,n1,replicate,s1,r19/1:/Table/1{6-7}] 115  error processing replica: 0 of 1 live stores are able to take a new replica for the range (1 already has a voter, 0 already have a non-voter); likely not enough nodes in cluster
I260828 16:21:51.367209 780 13@kv/kvserver/replicate_queue.go:784  [T1,Vsystem,n1,replicate,s1,r32/1:/{Table/29-NamespaceTab…}] 116  error processing replica: 0 of 1 live stores are able to take a new replica for the range (1 already has a voter, 0 already have a non-voter); likely not enough nodes in cluster
I260828 16:21:51.367375 781 13@kv/kvserver/replicate_queue.go:784  [T1,Vsystem,n1,replicate,s1,r33/1:/NamespaceTable/{30-Max}] 117  error processing replica: 0 of 1 live stores are able to take a new replica for the range (1 already has a voter, 0 already have a non-voter); likely not enough nodes in cluster
I260828 16:21:51.367544 782 13@kv/kvserver/replicate_queue.go:784  [T1,Vsystem,n1,replicate,s1,r34/1:/{NamespaceTab…-Table/32}] 118  error processing replica: 0 of 1 live stores are able to take a new replica for the range (1 already has a voter, 0 already have a non-voter); likely not enough nodes in cluster
I260828 16:21:51.367721 783 13@kv/kvserver/replicate_queue.go:784  [T1,Vsystem,n1,replicate,s1,r36/1:/Table/3{3-4}] 119  error processing replica: 0 of 1 live stores are able to take a new replica for the range (1 already has a voter, 0 already have a non-voter); likely not enough nodes in cluster
I260828 16:21:51.367869 784 13@kv/kvserver/replicate_queue.go:784  [T1,Vsystem,n1,replicate,s1,r38/1:/Table/3{5-6}] 120  error processing replica: 0 of 1 live stores are able to take a new replica for the range (1 already has a voter, 0 already have a non-voter); likely not enough nodes in cluster
I260828 16:21:51.368012 785 13@kv/kvserver/replicate_queue.go:784  [T1,Vsystem,n1,replicate,s1,r39/1:/Table/3{6-7}] 121  error processing replica: 0 of 1 live stores are able to take a new replica for the range (1 already has a voter, 0 already have a non-voter); likely not enough nodes in cluster
I260828 16:21:51.368878 802 13@kv/kvserver/replicate_queue.go:784  [T1,Vsystem,n1,replicate,s1,r40/1:/Table/3{7-8}] 122  error processing replica: 0 of 1 live stores are able to take a new replica for the range (1 already has a voter, 0 already have a non-voter); likely not enough nodes in cluster
I260828 16:21:51.369436 811 13@kv/kvserver/replicate_queue.go:784  [T1,Vsystem,n1,replicate,s1,r43/1:/Table/4{0-1}] 123  error processing replica: 0 of 1 live stores are able to take a new replica for the range (1 already has a voter, 0 already have a non-voter); likely not enough nodes in cluster
I260828 16:21:51.370048 812 13@kv/kvserver/replicate_queue.go:784  [T1,Vsystem,n1,replicate,s1,r20/1:/Table/1{7-8}] 124  error processing replica: 0 of 1 live stores are able to take a new replica for the range (1 already has a voter, 0 already have a non-voter); likely not enough nodes in cluster
I260828 16:21:51.370245 729 13@kv/kvserver/replicate_queue.go:784  [T1,Vsystem,n1,replicate,s1,r45/1:/Table/4{2-3}] 125  error processing replica: 0 of 1 live stores are able to take a new replica for the range (1 already has a voter, 0 already have a non-voter); likely not enough nodes in cluster
I260828 16:21:51.370421 730 13@kv/kvserver/replicate_queue.go:784  [T1,Vsystem,n1,replicate,s1,r46/1:/Table/4{3-4}] 126  error processing replica: 0 of 1 live stores are able to take a new replica for the range (1 already has a voter, 0 already have a non-voter); likely not enough nodes in cluster
I260828 16:21:51.370607 731 13@kv/kvserver/replicate_queue.go:784  [T1,Vsystem,n1,replicate,s1,r48/1:/Table/4{5-6}] 127  error processing replica: 0 of 1 live stores are able to take a new replica for the range (1 already has a voter, 0 already have a non-voter); likely not enough nodes in cluster
I260828 16:21:51.370793 732 13@kv/kvserver/replicate_queue.go:784  [T1,Vsystem,n1,replicate,s1,r50/1:/Table/4{7-8}] 128  error processing replica: 0 of 1 live stores are able to take a new replica for the range (1 already has a voter, 0 already have a non-voter); likely not enough nodes in cluster
I260828 16:21:51.370968 733 13@kv/kvserver/replicate_queue.go:784  [T1,Vsystem,n1,replicate,s1,r51/1:/Table/{48-50}] 129  error processing replica: 0 of 1 live stores are able to take a new replica for the range (1 already has a voter, 0 already have a non-voter); likely not enough nodes in cluster
I260828 16:21:51.371142 734 13@kv/kvserver/replicate_queue.go:784  [T1,Vsystem,n1,replicate,s1,r52/1:/Table/5{0-1}] 130  error processing replica: 0 of 1 live stores are able to take a new replica for the range (1 already has a voter, 0 already have a non-voter); likely not enough nodes in cluster
I260828 16:21:51.373686 735 13@kv/kvserver/replicate_queue.go:784  [T1,Vsystem,n1,replicate,s1,r53/1:/Table/5{1-2}] 131  error processing replica: 0 of 1 live stores are able to take a new replica for the range (1 already has a voter, 0 already have a non-voter); likely not enough nodes in cluster
I260828 16:21:51.373893 736 13@kv/kvserver/replicate_queue.go:784  [T1,Vsystem,n1,replicate,s1,r54/1:/Table/5{2-3}] 132  error processing replica: 0 of 1 live stores are able to take a new replica for the range (1 already has a voter, 0 already have a non-voter); likely not enough nodes in cluster
I260828 16:21:51.374077 737 13@kv/kvserver/replicate_queue.go:784  [T1,Vsystem,n1,replicate,s1,r55/1:/Table/5{3-4}] 133  error processing replica: 0 of 1 live stores are able to take a new replica for the range (1 already has a voter, 0 already have a non-voter); likely not enough nodes in cluster
I260828 16:21:51.374256 850 13@kv/kvserver/replicate_queue.go:784  [T1,Vsystem,n1,replicate,s1,r56/1:/Table/5{4-5}] 134  error processing replica: 0 of 1 live stores are able to take a new replica for the range (1 already has a voter, 0 already have a non-voter); likely not enough nodes in cluster
I260828 16:21:51.374429 851 13@kv/kvserver/replicate_queue.go:784  [T1,Vsystem,n1,replicate,s1,r57/1:/Table/5{5-6}] 135  error processing replica: 0 of 1 live stores are able to take a new replica for the range (1 already has a voter, 0 already have a non-voter); likely not enough nodes in cluster
I260828 16:21:51.374599 852 13@kv/kvserver/replicate_queue.go:784  [T1,Vsystem,n1,replicate,s1,r58/1:/Table/5{6-7}] 136  error processing replica: 0 of 1 live stores are able to take a new replica for the range (1 already has a voter, 0 already have a non-voter); likely not enough nodes in cluster
I260828 16:21:51.375253 853 13@kv/kvserver/replicate_queue.go:784  [T1,Vsystem,n1,replicate,s1,r59/1:/Table/5{7-8}] 137  error processing replica: 0 of 1 live stores are able to take a new replica for the range (1 already has a voter, 0 already have a non-voter); likely not enough nodes in cluster
I260828 16:21:51.375693 816 13@kv/kvserver/replicate_queue.go:784  [T1,Vsystem,n1,replicate,s1,r60/1:/Table/5{8-9}] 138  error processing replica: 0 of 1 live stores are able to take a new replica for the range (1 already has a voter, 0 already have a non-voter); likely not enough nodes in cluster
I260828 16:21:51.376192 860 13@kv/kvserver/replicate_queue.go:784  [T1,Vsystem,n1,replicate,s1,r61/1:/Table/{59-60}] 139  error processing replica: 0 of 1 live stores are able to take a new replica for the range (1 already has a voter, 0 already have a non-voter); likely not enough nodes in cluster
I260828 16:21:51.378966 847 13@kv/kvserver/replicate_queue.go:784  [T1,Vsystem,n1,replicate,s1,r73/1:/Table/7{1-2}] 140  error processing replica: 0 of 1 live stores are able to take a new replica for the range (1 already has a voter, 0 already have a non-voter); likely not enough nodes in cluster
I260828 16:21:51.379578 915 13@kv/kvserver/replicate_queue.go:784  [T1,Vsystem,n1,replicate,s1,r74/1:/{Table/72-Max}] 141  error processing replica: 0 of 1 live stores are able to take a new replica for the range (1 already has a voter, 0 already have a non-voter); likely not enough nodes in cluster
I260828 16:21:51.379867 919 13@kv/kvserver/replicate_queue.go:784  [T1,Vsystem,n1,replicate,s1,r21/1:/Table/1{8-9}] 142  error processing replica: 0 of 1 live stores are able to take a new replica for the range (1 already has a voter, 0 already have a non-voter); likely not enough nodes in cluster
I260828 16:21:51.380102 920 13@kv/kvserver/replicate_queue.go:784  [T1,Vsystem,n1,replicate,s1,r35/1:/Table/3{2-3}] 143  error processing replica: 0 of 1 live stores are able to take a new replica for the range (1 already has a voter, 0 already have a non-voter); likely not enough nodes in cluster
I260828 16:21:51.380309 921 13@kv/kvserver/replicate_queue.go:784  [T1,Vsystem,n1,replicate,s1,r62/1:/Table/6{0-1}] 144  error processing replica: 0 of 1 live stores are able to take a new replica for the range (1 already has a voter, 0 already have a non-voter); likely not enough nodes in cluster
I260828 16:21:51.380512 922 13@kv/kvserver/replicate_queue.go:784  [T1,Vsystem,n1,replicate,s1,r63/1:/Table/6{1-2}] 145  error processing replica: 0 of 1 live stores are able to take a new replica for the range (1 already has a voter, 0 already have a non-voter); likely not enough nodes in cluster
I260828 16:21:51.380731 923 13@kv/kvserver/replicate_queue.go:784  [T1,Vsystem,n1,replicate,s1,r37/1:/Table/3{4-5}] 146  error processing replica: 0 of 1 live stores are able to take a new replica for the range (1 already has a voter, 0 already have a non-voter); likely not enough nodes in cluster
I260828 16:21:51.386272 890 13@kv/kvserver/replicate_queue.go:784  [T1,Vsystem,n1,replicate,s1,r64/1:/Table/6{2-3}] 147  error processing replica: 0 of 1 live stores are able to take a new replica for the range (1 already has a voter, 0 already have a non-voter); likely not enough nodes in cluster
I260828 16:21:51.394757 891 13@kv/kvserver/replicate_queue.go:784  [T1,Vsystem,n1,replicate,s1,r41/1:/Table/3{8-9}] 148  error processing replica: 0 of 1 live stores are able to take a new replica for the range (1 already has a voter, 0 already have a non-voter); likely not enough nodes in cluster
I260828 16:21:51.395019 892 13@kv/kvserver/replicate_queue.go:784  [T1,Vsystem,n1,replicate,s1,r65/1:/Table/6{3-4}] 149  error processing replica: 0 of 1 live stores are able to take a new replica for the range (1 already has a voter, 0 already have a non-voter); likely not enough nodes in cluster
I260828 16:21:51.395224 893 13@kv/kvserver/replicate_queue.go:784  [T1,Vsystem,n1,replicate,s1,r42/1:/Table/{39-40}] 150  error processing replica: 0 of 1 live stores are able to take a new replica for the range (1 already has a voter, 0 already have a non-voter); likely not enough nodes in cluster
I260828 16:21:51.395436 894 13@kv/kvserver/replicate_queue.go:784  [T1,Vsystem,n1,replicate,s1,r66/1:/Table/6{4-5}] 151  error processing replica: 0 of 1 live stores are able to take a new replica for the range (1 already has a voter, 0 already have a non-voter); likely not enough nodes in cluster
I260828 16:21:51.395634 895 13@kv/kvserver/replicate_queue.go:784  [T1,Vsystem,n1,replicate,s1,r44/1:/Table/4{1-2}] 152  error processing replica: 0 of 1 live stores are able to take a new replica for the range (1 already has a voter, 0 already have a non-voter); likely not enough nodes in cluster
I260828 16:21:51.395832 896 13@kv/kvserver/replicate_queue.go:784  [T1,Vsystem,n1,replicate,s1,r67/1:/Table/6{5-6}] 153  error processing replica: 0 of 1 live stores are able to take a new replica for the range (1 already has a voter, 0 already have a non-voter); likely not enough nodes in cluster
I260828 16:21:51.396035 897 13@kv/kvserver/replicate_queue.go:784  [T1,Vsystem,n1,replicate,s1,r47/1:/Table/4{4-5}] 154  error processing replica: 0 of 1 live stores are able to take a new replica for the range (1 already has a voter, 0 already have a non-voter); likely not enough nodes in cluster
I260828 16:21:51.396237 946 13@kv/kvserver/replicate_queue.go:784  [T1,Vsystem,n1,replicate,s1,r68/1:/Table/6{6-7}] 155  error processing replica: 0 of 1 live stores are able to take a new replica for the range (1 already has a voter, 0 already have a non-voter); likely not enough nodes in cluster
I260828 16:21:51.396435 947 13@kv/kvserver/replicate_queue.go:784  [T1,Vsystem,n1,replicate,s1,r49/1:/Table/4{6-7}] 156  error processing replica: 0 of 1 live stores are able to take a new replica for the range (1 already has a voter, 0 already have a non-voter); likely not enough nodes in cluster
I260828 16:21:51.396632 948 13@kv/kvserver/replicate_queue.go:784  [T1,Vsystem,n1,replicate,s1,r69/1:/Table/6{7-8}] 157  error processing replica: 0 of 1 live stores are able to take a new replica for the range (1 already has a voter, 0 already have a non-voter); likely not enough nodes in cluster
I260828 16:21:51.396825 949 13@kv/kvserver/replicate_queue.go:784  [T1,Vsystem,n1,replicate,s1,r70/1:/Table/6{8-9}] 158  error processing replica: 0 of 1 live stores are able to take a new replica for the range (1 already has a voter, 0 already have a non-voter); likely not enough nodes in cluster
I260828 16:21:51.397013 950 13@kv/kvserver/replicate_queue.go:784  [T1,Vsystem,n1,replicate,s1,r71/1:/Table/{69-70}] 159  error processing replica: 0 of 1 live stores are able to take a new replica for the range (1 already has a voter, 0 already have a non-voter); likely not enough nodes in cluster
I260828 16:21:51.397199 951 13@kv/kvserver/replicate_queue.go:784  [T1,Vsystem,n1,replicate,s1,r72/1:/Table/7{0-1}] 160  error processing replica: 0 of 1 live stores are able to take a new replica for the range (1 already has a voter, 0 already have a non-voter); likely not enough nodes in cluster
I260828 16:21:51.403912 66 1@util/log/event_log.go:39  [T1,Vsystem,n1] 161 ={"Timestamp":1787934111403910054,"EventType":"node_join","NodeID":1,"StartedAt":1787934111306972261,"LastUp":1787934111306972261}
I260828 16:21:51.404230 60 kv/kvserver/replica_rangefeed.go:880  [T1,Vsystem,n1,rangefeed=spanconfig-subscriber,mux_n=1,gen=2,r50/1:/Table/4{7-8},sm=1,sid=1,s1] 162  RangeFeed closed timestamp is empty
I260828 16:21:51.404374 953 kv/kvclient/rangefeed/rangefeedcache/watcher.go:340  [T1,Vsystem,n1] 163  settings-watcher: established range feed cache
I260828 16:21:51.406297 66 sql/sqlliveness/slinstance/slinstance.go:441  [T1,Vsystem,n1] 164  starting SQL liveness instance
I260828 16:21:51.407459 959 sql/sqlliveness/slstorage/slstorage.go:539  [T1,Vsystem,n1] 165  inserted sqlliveness session 010180d01151c856a74f07bbaec827edd418d5 with expiry 1787934151.406397304,0
I260828 16:21:51.407591 959 sql/sqlliveness/slinstance/slinstance.go:253  [T1,Vsystem,n1] 166  created new SQL liveness session 010180d01151c856a74f07bbaec827edd418d5
I260828 16:21:51.407667 66 sql/sqlinstance/instancestorage/instancestorage.go:338  [T1,Vsystem,n1] 167  assigning instance id to rpc addr 127.0.0.1:26257 and sql addr 127.0.0.1:26257
I260828 16:21:51.408091 66 server/server_sql.go:1609  [T1,Vsystem,n1] 168  bound sqlinstance: Instance{RegionPrefix: gA==, InstanceID: 1, SQLAddr: 127.0.0.1:26257, RPCAddr: 127.0.0.1:26257, SessionID: 010180d01151c856a74f07bbaec827edd418d5, Locality: , BinaryVersion: 25.1}
I260828 16:21:51.408789 984 sql/sqlstats/persistedsqlstats/provider.go:163  [T1,Vsystem,n1] 169  starting sql-stats-worker with initial delay: 9m30.23832325s
I260828 16:21:51.408988 66 upgrade/upgrademanager/manager.go:171  [T1,Vsystem,n1] 170  running permanent upgrades up to version: 25.1
I260828 16:21:51.409067 981 sql/temporary_schema.go:506  [T1,Vsystem,n1] 171  running temporary object cleanup background job
I260828 16:21:51.409090 997 kv/kvclient/rangefeed/rangefeedcache/watcher.go:340  [T1,Vsystem,n1] 172  system-config-cache: established range feed cache
I260828 16:21:51.414600 981 sql/temporary_schema.go:556  [T1,Vsystem,n1] 173  found 0 temporary schemas
I260828 16:21:51.414638 981 sql/temporary_schema.go:559  [T1,Vsystem,n1] 174  early exiting temporary schema cleaner as no temporary schemas were found
I260828 16:21:51.414660 981 sql/temporary_schema.go:560  [T1,Vsystem,n1] 175  completed temporary object cleanup job
I260828 16:21:51.414676 981 sql/temporary_schema.go:641  [T1,Vsystem,n1] 176  temporary object cleaner next scheduled to run at 2026-08-28 16:51:51.408752213 +0000 UTC m=+1800.306374365
I260828 16:21:51.420790 66 upgrade/upgrademanager/manager.go:239  [T1,Vsystem,n1] 177  the last permanent upgrade (v0.0-upgrading-step-004) does not appear to have completed; attempting to run all upgrades
I260828 16:21:51.421951 66 upgrade/upgrademanager/manager.go:245  [T1,Vsystem,n1] 178  running permanent upgrade for version 0.0-upgrading-step-002
I260828 16:21:51.431299 996 spanconfig/spanconfigmanager/manager.go:136  [T1,Vsystem,n1] 179  started auto span config reconciliation job
I260828 16:21:51.431417 1236 jobs/adopt.go:224  [T1,Vsystem,n1,job=1205415809547862017] 180  job 1205415809547862017: resuming execution
I260828 16:21:51.439769 1251 jobs/registry.go:1679  [T1,Vsystem,n1,job=1205415809547862017] 181  AUTO SPAN CONFIG RECONCILIATION job 1205415809547862017: stepping through state running
I260828 16:21:51.439782 66 upgrade/upgrademanager/manager.go:723  [T1,Vsystem,n1] 182  running intitialize the system cluster
I260828 16:21:51.440046 1182 jobs/adopt.go:224  [T1,Vsystem,n1,job=1205415809587511297] 183  job 1205415809587511297: resuming execution
I260828 16:21:51.447836 1240 jobs/registry.go:1679  [T1,Vsystem,n1,job=1205415809587511297] 184  MIGRATION job 1205415809587511297: stepping through state running
I260828 16:21:51.462554 1240 1@jobs/structured_log.go:48  [T1,Vsystem,n1,job=1205415809587511297] 185 ={"Timestamp":1787934111462551268,"EventType":"status_change","JobID":1205415809587511297,"JobType":"MIGRATION","Description":"status changed to: running","PreviousStatus":"running","NewStatus":"running","RunNum":0}
I260828 16:21:51.463681 1251 1@jobs/structured_log.go:48  [T1,Vsystem,n1,job=1205415809547862017] 186 ={"Timestamp":1787934111463680205,"EventType":"status_change","JobID":1205415809547862017,"JobType":"AUTO SPAN CONFIG RECONCILIATION","Description":"status changed to: running","PreviousStatus":"running","NewStatus":"running","RunNum":0}
I260828 16:21:51.464178 1240 upgrade/upgrades/permanent_upgrades.go:45  [T1,Vsystem,n1,job=MIGRATION id=1205415809587511297,upgrade=0.0-upgrading-step-002] 187  executing system bootstrap step "initialize cluster version"
I260828 16:21:51.472917 1240 upgrade/upgrades/permanent_upgrades.go:45  [T1,Vsystem,n1,job=MIGRATION id=1205415809587511297,upgrade=0.0-upgrading-step-002] 188  executing system bootstrap step "configure key visualizer"
I260828 16:21:51.478595 1381 1@util/log/event_log.go:39  [T1,Vsystem,n1,job=MIGRATION id=1205415809587511297,upgrade=0.0-upgrading-step-002,intExec=set-SpanStatsTenantBoundariesTable-TTL] 189 ={"Timestamp":1787934111476079719,"EventType":"set_zone_config","Statement":"ALTER TABLE \"\".system.span_stats_tenant_boundaries CONFIGURE ZONE USING \"gc.ttlseconds\" = $1","Tag":"CONFIGURE ZONE","User":"node","DescriptorID":58,"ApplicationName":"$ internal-set-SpanStatsTenantBoundariesTable-TTL","PlaceholderValues":["3600"],"Target":"TABLE system.public.span_stats_tenant_boundaries","Options":["\"gc.ttlseconds\" = 3600"],"ResolvedOldConfig":"range_min_bytes:134217728 range_max_bytes:536870912 gc:<ttl_seconds:14400 > num_replicas:5 inherited_constraints:false null_voter_constraints_is_empty:true inherited_lease_preferences:false "}
I260828 16:21:51.486705 1240 upgrade/upgrades/permanent_upgrades.go:45  [T1,Vsystem,n1,job=MIGRATION id=1205415809587511297,upgrade=0.0-upgrading-step-002] 190  executing system bootstrap step "configure sql activity table TTLs"
I260828 16:21:51.493938 1410 1@util/log/event_log.go:39  [T1,Vsystem,n1,job=MIGRATION id=1205415809587511297,upgrade=0.0-upgrading-step-002,intExec=set-SQLStatsTables-TTL] 191 ={"Timestamp":1787934111487422782,"EventType":"set_zone_config","Statement":"ALTER TABLE \"\".system.statement_statistics CONFIGURE ZONE USING \"gc.ttlseconds\" = $1","Tag":"CONFIGURE ZONE","User":"node","DescriptorID":42,"ApplicationName":"$ internal-set-SQLStatsTables-TTL","PlaceholderValues":["3600"],"Target":"TABLE system.public.statement_statistics","Options":["\"gc.ttlseconds\" = 3600"],"ResolvedOldConfig":"range_min_bytes:134217728 range_max_bytes:536870912 gc:<ttl_seconds:14400 > num_replicas:5 inherited_constraints:false null_voter_constraints_is_empty:true inherited_lease_preferences:false "}
I260828 16:21:51.497149 1251 13@spanconfig/spanconfigstore/store.go:364  [T1,Vsystem,n1,job=AUTO SPAN CONFIG RECONCILIATION id=1205415809547862017] 192  changing the spanconfig for span:/Table/1{6-7} from:{RangeMinBytes:134217728 RangeMaxBytes:536870912 GCPolicy:{TTLSeconds:14400 ProtectionPolicies:[] IgnoreStrictEnforcement:false} GlobalReads:false NumReplicas:5 NumVoters:0 Constraints:[] VoterConstraints:[] LeasePreferences:[] RangefeedEnabled:false ExcludeDataFromBackup:false} to:{RangeMinBytes:0 RangeMaxBytes:0 GCPolicy:{TTLSeconds:0 ProtectionPolicies:[] IgnoreStrictEnforcement:false} GlobalReads:false NumReplicas:0 NumVoters:0 Constraints:[] VoterConstraints:[] LeasePreferences:[] RangefeedEnabled:false ExcludeDataFromBackup:false}
I260828 16:21:51.497749 1251 13@spanconfig/spanconfigstore/store.go:364  [T1,Vsystem,n1,job=AUTO SPAN CONFIG RECONCILIATION id=1205415809547862017] 193  changing the spanconfig for span:/Table/1{7-8} from:{RangeMinBytes:134217728 RangeMaxBytes:536870912 GCPolicy:{TTLSeconds:14400 ProtectionPolicies:[] IgnoreStrictEnforcement:false} GlobalReads:false NumReplicas:5 NumVoters:0 Constraints:[] VoterConstraints:[] LeasePreferences:[] RangefeedEnabled:false ExcludeDataFromBackup:false} to:{RangeMinBytes:0 RangeMaxBytes:0 GCPolicy:{TTLSeconds:0 ProtectionPolicies:[] IgnoreStrictEnforcement:false} GlobalReads:false NumReplicas:0 NumVoters:0 Constraints:[] VoterConstraints:[] LeasePreferences:[] RangefeedEnabled:false ExcludeDataFromBackup:false}
I260828 16:21:51.497907 1251 13@spanconfig/spanconfigstore/store.go:364  [T1,Vsystem,n1,job=AUTO SPAN CONFIG RECONCILIATION id=1205415809547862017] 194  changing the spanconfig for span:/Table/1{8-9} from:{RangeMinBytes:134217728 RangeMaxBytes:536870912 GCPolicy:{TTLSeconds:14400 ProtectionPolicies:[] IgnoreStrictEnforcement:false} GlobalReads:false NumReplicas:5 NumVoters:0 Constraints:[] VoterConstraints:[] LeasePreferences:[] RangefeedEnabled:false ExcludeDataFromBackup:false} to:{RangeMinBytes:0 RangeMaxBytes:0 GCPolicy:{TTLSeconds:0 ProtectionPolicies:[] IgnoreStrictEnforcement:false} GlobalReads:false NumReplicas:0 NumVoters:0 Constraints:[] VoterConstraints:[] LeasePreferences:[] RangefeedEnabled:false ExcludeDataFromBackup:false}
I260828 16:21:51.498025 1251 13@spanconfig/spanconfigstore/store.go:364  [T1,Vsystem,n1,job=AUTO SPAN CONFIG RECONCILIATION id=1205415809547862017] 195  changing the spanconfig for span:/Table/2{2-3} from:{RangeMinBytes:134217728 RangeMaxBytes:536870912 GCPolicy:{TTLSeconds:14400 ProtectionPolicies:[] IgnoreStrictEnforcement:false} GlobalReads:false NumReplicas:5 NumVoters:0 Constraints:[] VoterConstraints:[] LeasePreferences:[] RangefeedEnabled:false ExcludeDataFromBackup:false} to:{RangeMinBytes:0 RangeMaxBytes:0 GCPolicy:{TTLSeconds:0 ProtectionPolicies:[] IgnoreStrictEnforcement:false} GlobalReads:false NumReplicas:0 NumVoters:0 Constraints:[] VoterConstraints:[] LeasePreferences:[] RangefeedEnabled:false ExcludeDataFromBackup:false}
I260828 16:21:51.498127 1251 13@spanconfig/spanconfigstore/store.go:364  [T1,Vsystem,n1,job=AUTO SPAN CONFIG RECONCILIATION id=1205415809547862017] 196  changing the spanconfig for span:/{Table/29-NamespaceTable/30} from:{RangeMinBytes:134217728 RangeMaxBytes:536870912 GCPolicy:{TTLSeconds:14400 ProtectionPolicies:[] IgnoreStrictEnforcement:false} GlobalReads:false NumReplicas:5 NumVoters:0 Constraints:[] VoterConstraints:[] LeasePreferences:[] RangefeedEnabled:false ExcludeDataFromBackup:false} to:{RangeMinBytes:0 RangeMaxBytes:0 GCPolicy:{TTLSeconds:0 ProtectionPolicies:[] IgnoreStrictEnforcement:false} GlobalReads:false NumReplicas:0 NumVoters:0 Constraints:[] VoterConstraints:[] LeasePreferences:[] RangefeedEnabled:false ExcludeDataFromBackup:false}
I260828 16:21:51.498233 1251 13@spanconfig/spanconfigstore/store.go:364  [T1,Vsystem,n1,job=AUTO SPAN CONFIG RECONCILIATION id=1205415809547862017] 197  changing the spanconfig for span:/Table/3{8-9} from:{RangeMinBytes:134217728 RangeMaxBytes:536870912 GCPolicy:{TTLSeconds:14400 ProtectionPolicies:[] IgnoreStrictEnforcement:false} GlobalReads:false NumReplicas:5 NumVoters:0 Constraints:[] VoterConstraints:[] LeasePreferences:[] RangefeedEnabled:false ExcludeDataFromBackup:false} to:{RangeMinBytes:0 RangeMaxBytes:0 GCPolicy:{TTLSeconds:0 ProtectionPolicies:[] IgnoreStrictEnforcement:false} GlobalReads:false NumReplicas:0 NumVoters:0 Constraints:[] VoterConstraints:[] LeasePreferences:[] RangefeedEnabled:false ExcludeDataFromBackup:false}
I260828 16:21:51.498336 1251 13@spanconfig/spanconfigstore/store.go:364  [T1,Vsystem,n1,job=AUTO SPAN CONFIG RECONCILIATION id=1205415809547862017] 198  changing the spanconfig for span:/Table/{0-4} from:{RangeMinBytes:134217728 RangeMaxBytes:536870912 GCPolicy:{TTLSeconds:14400 ProtectionPolicies:[] IgnoreStrictEnforcement:true} GlobalReads:false NumReplicas:5 NumVoters:0 Constraints:[] VoterConstraints:[] LeasePreferences:[] RangefeedEnabled:true ExcludeDataFromBackup:false} to:{RangeMinBytes:0 RangeMaxBytes:0 GCPolicy:{TTLSeconds:0 ProtectionPolicies:[] IgnoreStrictEnforcement:false} GlobalReads:false NumReplicas:0 NumVoters:0 Constraints:[] VoterConstraints:[] LeasePreferences:[] RangefeedEnabled:false ExcludeDataFromBackup:false}
I260828 16:21:51.498448 1251 13@spanconfig/spanconfigstore/store.go:364  [T1,Vsystem,n1,job=AUTO SPAN CONFIG RECONCILIATION id=1205415809547862017] 199  changing the spanconfig for span:/Table/{4-5} from:{RangeMinBytes:134217728 RangeMaxBytes:536870912 GCPolicy:{TTLSeconds:14400 ProtectionPolicies:[] IgnoreStrictEnforcement:true} GlobalReads:false NumReplicas:5 NumVoters:0 Constraints:[] VoterConstraints:[] LeasePreferences:[] RangefeedEnabled:true ExcludeDataFromBackup:false} to:{RangeMinBytes:0 RangeMaxBytes:0 GCPolicy:{TTLSeconds:0 ProtectionPolicies:[] IgnoreStrictEnforcement:false} GlobalReads:false NumReplicas:0 NumVoters:0 Constraints:[] VoterConstraints:[] LeasePreferences:[] RangefeedEnabled:false ExcludeDataFromBackup:false}
I260828 16:21:51.498556 1251 13@spanconfig/spanconfigstore/store.go:364  [T1,Vsystem,n1,job=AUTO SPAN CONFIG RECONCILIATION id=1205415809547862017] 200  changing the spanconfig for span:/Table/{5-6} from:{RangeMinBytes:134217728 RangeMaxBytes:536870912 GCPolicy:{TTLSeconds:14400 ProtectionPolicies:[] IgnoreStrictEnforcement:true} GlobalReads:false NumReplicas:5 NumVoters:0 Constraints:[] VoterConstraints:[] LeasePreferences:[] RangefeedEnabled:true ExcludeDataFromBackup:false} to:{RangeMinBytes:0 RangeMaxBytes:0 GCPolicy:{TTLSeconds:0 ProtectionPolicies:[] IgnoreStrictEnforcement:false} GlobalReads:false NumReplicas:0 NumVoters:0 Constraints:[] VoterConstraints:[] LeasePreferences:[] RangefeedEnabled:false ExcludeDataFromBackup:false}
I260828 16:21:51.498677 1251 13@spanconfig/spanconfigstore/store.go:364  [T1,Vsystem,n1,job=AUTO SPAN CONFIG RECONCILIATION id=1205415809547862017] 201  changing the spanconfig for span:/Table/{6-7} from:{RangeMinBytes:134217728 RangeMaxBytes:536870912 GCPolicy:{TTLSeconds:14400 ProtectionPolicies:[] IgnoreStrictEnforcement:true} GlobalReads:false NumReplicas:5 NumVoters:0 Constraints:[] VoterConstraints:[] LeasePreferences:[] RangefeedEnabled:true ExcludeDataFromBackup:false} to:{RangeMinBytes:0 RangeMaxBytes:0 GCPolicy:{TTLSeconds:0 ProtectionPolicies:[] IgnoreStrictEnforcement:false} GlobalReads:false NumReplicas:0 NumVoters:0 Constraints:[] VoterConstraints:[] LeasePreferences:[] RangefeedEnabled:false ExcludeDataFromBackup:false}
I260828 16:21:51.498777 1251 13@spanconfig/spanconfigstore/store.go:364  [T1,Vsystem,n1,job=AUTO SPAN CONFIG RECONCILIATION id=1205415809547862017] 202  changing the spanconfig for span:/Table/{7-8} from:{RangeMinBytes:134217728 RangeMaxBytes:536870912 GCPolicy:{TTLSeconds:14400 ProtectionPolicies:[] IgnoreStrictEnforcement:true} GlobalReads:false NumReplicas:5 NumVoters:0 Constraints:[] VoterConstraints:[] LeasePreferences:[] RangefeedEnabled:true ExcludeDataFromBackup:false} to:{RangeMinBytes:0 RangeMaxBytes:0 GCPolicy:{TTLSeconds:0 ProtectionPolicies:[] IgnoreStrictEnforcement:false} GlobalReads:false NumReplicas:0 NumVoters:0 Constraints:[] VoterConstraints:[] LeasePreferences:[] RangefeedEnabled:false ExcludeDataFromBackup:false}
I260828 16:21:51.498892 1251 13@spanconfig/spanconfigstore/store.go:364  [T1,Vsystem,n1,job=AUTO SPAN CONFIG RECONCILIATION id=1205415809547862017] 203  changing the spanconfig for span:/Table/{8-9} from:{RangeMinBytes:134217728 RangeMaxBytes:536870912 GCPolicy:{TTLSeconds:14400 ProtectionPolicies:[] IgnoreStrictEnforcement:true} GlobalReads:false NumReplicas:5 NumVoters:0 Constraints:[] VoterConstraints:[] LeasePreferences:[] RangefeedEnabled:true ExcludeDataFromBackup:false} to:{RangeMinBytes:0 RangeMaxBytes:0 GCPolicy:{TTLSeconds:0 ProtectionPolicies:[] IgnoreStrictEnforcement:false} GlobalReads:false NumReplicas:0 NumVoters:0 Constraints:[] VoterConstraints:[] LeasePreferences:[] RangefeedEnabled:false ExcludeDataFromBackup:false}
I260828 16:21:51.500416 1251 13@spanconfig/spanconfigstore/store.go:364  [T1,Vsystem,n1,job=AUTO SPAN CONFIG RECONCILIATION id=1205415809547862017] 204  changing the spanconfig for span:/Table/{9-10} from:{RangeMinBytes:134217728 RangeMaxBytes:536870912 GCPolicy:{TTLSeconds:14400 ProtectionPolicies:[] IgnoreStrictEnforcement:true} GlobalReads:false NumReplicas:5 NumVoters:0 Constraints:[] VoterConstraints:[] LeasePreferences:[] RangefeedEnabled:true ExcludeDataFromBackup:false} to:{RangeMinBytes:0 RangeMaxBytes:0 GCPolicy:{TTLSeconds:0 ProtectionPolicies:[] IgnoreStrictEnforcement:false} GlobalReads:false NumReplicas:0 NumVoters:0 Constraints:[] VoterConstraints:[] LeasePreferences:[] RangefeedEnabled:false ExcludeDataFromBackup:false}
I260828 16:21:51.500585 1251 13@spanconfig/spanconfigstore/store.go:364  [T1,Vsystem,n1,job=AUTO SPAN CONFIG RECONCILIATION id=1205415809547862017] 205  changing the spanconfig for span:/Table/1{1-2} from:{RangeMinBytes:134217728 RangeMaxBytes:536870912 GCPolicy:{TTLSeconds:600 ProtectionPolicies:[] IgnoreStrictEnforcement:true} GlobalReads:false NumReplicas:5 NumVoters:0 Constraints:[] VoterConstraints:[] LeasePreferences:[] RangefeedEnabled:true ExcludeDataFromBackup:true} to:{RangeMinBytes:0 RangeMaxBytes:0 GCPolicy:{TTLSeconds:0 ProtectionPolicies:[] IgnoreStrictEnforcement:false} GlobalReads:false NumReplicas:0 NumVoters:0 Constraints:[] VoterConstraints:[] LeasePreferences:[] RangefeedEnabled:false ExcludeDataFromBackup:false}
I260828 16:21:51.500699 1251 13@spanconfig/spanconfigstore/store.go:364  [T1,Vsystem,n1,job=AUTO SPAN CONFIG RECONCILIATION id=1205415809547862017] 206  changing the spanconfig for span:/Table/1{2-3} from:{RangeMinBytes:134217728 RangeMaxBytes:536870912 GCPolicy:{TTLSeconds:14400 ProtectionPolicies:[] IgnoreStrictEnforcement:true} GlobalReads:false NumReplicas:5 NumVoters:0 Constraints:[] VoterConstraints:[] LeasePreferences:[] RangefeedEnabled:true ExcludeDataFromBackup:false} to:{RangeMinBytes:0 RangeMaxBytes:0 GCPolicy:{TTLSeconds:0 ProtectionPolicies:[] IgnoreStrictEnforcement:false} GlobalReads:false NumReplicas:0 NumVoters:0 Constraints:[] VoterConstraints:[] LeasePreferences:[] RangefeedEnabled:false ExcludeDataFromBackup:false}
I260828 16:21:51.500812 1251 13@spanconfig/spanconfigstore/store.go:364  [T1,Vsystem,n1,job=AUTO SPAN CONFIG RECONCILIATION id=1205415809547862017] 207  changing the spanconfig for span:/Table/1{3-4} from:{RangeMinBytes:134217728 RangeMaxBytes:536870912 GCPolicy:{TTLSeconds:14400 ProtectionPolicies:[] IgnoreStrictEnforcement:true} GlobalReads:false NumReplicas:5 NumVoters:0 Constraints:[] VoterConstraints:[] LeasePreferences:[] RangefeedEnabled:true ExcludeDataFromBackup:false} to:{RangeMinBytes:0 RangeMaxBytes:0 GCPolicy:{TTLSeconds:0 ProtectionPolicies:[] IgnoreStrictEnforcement:false} GlobalReads:false NumReplicas:0 NumVoters:0 Constraints:[] VoterConstraints:[] LeasePreferences:[] RangefeedEnabled:false ExcludeDataFromBackup:false}
I260828 16:21:51.500915 1251 13@spanconfig/spanconfigstore/store.go:364  [T1,Vsystem,n1,job=AUTO SPAN CONFIG RECONCILIATION id=1205415809547862017] 208  changing the spanconfig for span:/Table/1{4-5} from:{RangeMinBytes:134217728 RangeMaxBytes:536870912 GCPolicy:{TTLSeconds:14400 ProtectionPolicies:[] IgnoreStrictEnforcement:true} GlobalReads:false NumReplicas:5 NumVoters:0 Constraints:[] VoterConstraints:[] LeasePreferences:[] RangefeedEnabled:true ExcludeDataFromBackup:false} to:{RangeMinBytes:0 RangeMaxBytes:0 GCPolicy:{TTLSeconds:0 ProtectionPolicies:[] IgnoreStrictEnforcement:false} GlobalReads:false NumReplicas:0 NumVoters:0 Constraints:[] VoterConstraints:[] LeasePreferences:[] RangefeedEnabled:false ExcludeDataFromBackup:false}
I260828 16:21:51.501015 1251 13@spanconfig/spanconfigstore/store.go:364  [T1,Vsystem,n1,job=AUTO SPAN CONFIG RECONCILIATION id=1205415809547862017] 209  changing the spanconfig for span:/Table/1{5-6} from:{RangeMinBytes:134217728 RangeMaxBytes:536870912 GCPolicy:{TTLSeconds:14400 ProtectionPolicies:[] IgnoreStrictEnforcement:true} GlobalReads:false NumReplicas:5 NumVoters:0 Constraints:[] VoterConstraints:[] LeasePreferences:[] RangefeedEnabled:true ExcludeDataFromBackup:false} to:{RangeMinBytes:0 RangeMaxBytes:0 GCPolicy:{TTLSeconds:0 ProtectionPolicies:[] IgnoreStrictEnforcement:false} GlobalReads:false NumReplicas:0 NumVoters:0 Constraints:[] VoterConstraints:[] LeasePreferences:[] RangefeedEnabled:false ExcludeDataFromBackup:false}
I260828 16:21:51.501115 1251 13@spanconfig/spanconfigstore/store.go:364  [T1,Vsystem,n1,job=AUTO SPAN CONFIG RECONCILIATION id=1205415809547862017] 210  changing the spanconfig for span:/Table/{19-20} from:{RangeMinBytes:134217728 RangeMaxBytes:536870912 GCPolicy:{TTLSeconds:14400 ProtectionPolicies:[] IgnoreStrictEnforcement:true} GlobalReads:false NumReplicas:5 NumVoters:0 Constraints:[] VoterConstraints:[] LeasePreferences:[] RangefeedEnabled:true ExcludeDataFromBackup:false} to:{RangeMinBytes:0 RangeMaxBytes:0 GCPolicy:{TTLSeconds:0 ProtectionPolicies:[] IgnoreStrictEnforcement:false} GlobalReads:false NumReplicas:0 NumVoters:0 Constraints:[] VoterConstraints:[] LeasePreferences:[] RangefeedEnabled:false ExcludeDataFromBackup:false}
I260828 16:21:51.501218 1251 13@spanconfig/spanconfigstore/store.go:364  [T1,Vsystem,n1,job=AUTO SPAN CONFIG RECONCILIATION id=1205415809547862017] 211  changing the spanconfig for span:/Table/2{0-1} from:{RangeMinBytes:134217728 RangeMaxBytes:536870912 GCPolicy:{TTLSeconds:14400 ProtectionPolicies:[] IgnoreStrictEnforcement:true} GlobalReads:false NumReplicas:5 NumVoters:0 Constraints:[] VoterConstraints:[] LeasePreferences:[] RangefeedEnabled:true ExcludeDataFromBackup:false} to:{RangeMinBytes:0 RangeMaxBytes:0 GCPolicy:{TTLSeconds:0 ProtectionPolicies:[] IgnoreStrictEnforcement:false} GlobalReads:false NumReplicas:0 NumVoters:0 Constraints:[] VoterConstraints:[] LeasePreferences:[] RangefeedEnabled:false ExcludeDataFromBackup:false}
I260828 16:21:51.501325 1251 13@spanconfig/spanconfigstore/store.go:364  [T1,Vsystem,n1,job=AUTO SPAN CONFIG RECONCILIATION id=1205415809547862017] 212  changing the spanconfig for span:/Table/2{1-2} from:{RangeMinBytes:134217728 RangeMaxBytes:536870912 GCPolicy:{TTLSeconds:14400 ProtectionPolicies:[] IgnoreStrictEnforcement:true} GlobalReads:false NumReplicas:5 NumVoters:0 Constraints:[] VoterConstraints:[] LeasePreferences:[] RangefeedEnabled:true ExcludeDataFromBackup:false} to:{RangeMinBytes:0 RangeMaxBytes:0 GCPolicy:{TTLSeconds:0 ProtectionPolicies:[] IgnoreStrictEnforcement:false} GlobalReads:false NumReplicas:0 NumVoters:0 Constraints:[] VoterConstraints:[] LeasePreferences:[] RangefeedEnabled:false ExcludeDataFromBackup:false}
I260828 16:21:51.501427 1251 13@spanconfig/spanconfigstore/store.go:364  [T1,Vsystem,n1,job=AUTO SPAN CONFIG RECONCILIATION id=1205415809547862017] 213  changing the spanconfig for span:/Table/2{3-4} from:{RangeMinBytes:134217728 RangeMaxBytes:536870912 GCPolicy:{TTLSeconds:14400 ProtectionPolicies:[] IgnoreStrictEnforcement:true} GlobalReads:false NumReplicas:5 NumVoters:0 Constraints:[] VoterConstraints:[] LeasePreferences:[] RangefeedEnabled:true ExcludeDataFromBackup:false} to:{RangeMinBytes:0 RangeMaxBytes:0 GCPolicy:{TTLSeconds:0 ProtectionPolicies:[] IgnoreStrictEnforcement:false} GlobalReads:false NumReplicas:0 NumVoters:0 Constraints:[] VoterConstraints:[] LeasePreferences:[] RangefeedEnabled:false ExcludeDataFromBackup:false}
I260828 16:21:51.501528 1251 13@spanconfig/spanconfigstore/store.go:364  [T1,Vsystem,n1,job=AUTO SPAN CONFIG RECONCILIATION id=1205415809547862017] 214  changing the spanconfig for span:/Table/2{4-5} from:{RangeMinBytes:134217728 RangeMaxBytes:536870912 GCPolicy:{TTLSeconds:14400 ProtectionPolicies:[] IgnoreStrictEnforcement:true} GlobalReads:false NumReplicas:5 NumVoters:0 Constraints:[] VoterConstraints:[] LeasePreferences:[] RangefeedEnabled:true ExcludeDataFromBackup:false} to:{RangeMinBytes:0 RangeMaxBytes:0 GCPolicy:{TTLSeconds:0 ProtectionPolicies:[] IgnoreStrictEnforcement:false} GlobalReads:false NumReplicas:0 NumVoters:0 Constraints:[] VoterConstraints:[] LeasePreferences:[] RangefeedEnabled:false ExcludeDataFromBackup:false}
I260828 16:21:51.501653 1251 13@spanconfig/spanconfigstore/store.go:364  [T1,Vsystem,n1,job=AUTO SPAN CONFIG RECONCILIATION id=1205415809547862017] 215  changing the spanconfig for span:/Table/2{5-6} from:{RangeMinBytes:134217728 RangeMaxBytes:536870912 GCPolicy:{TTLSeconds:600 ProtectionPolicies:[] IgnoreStrictEnforcement:true} GlobalReads:false NumReplicas:5 NumVoters:0 Constraints:[] VoterConstraints:[] LeasePreferences:[] RangefeedEnabled:true ExcludeDataFromBackup:true} to:{RangeMinBytes:0 RangeMaxBytes:0 GCPolicy:{TTLSeconds:0 ProtectionPolicies:[] IgnoreStrictEnforcement:false} GlobalReads:false NumReplicas:0 NumVoters:0 Constraints:[] VoterConstraints:[] LeasePreferences:[] RangefeedEnabled:false ExcludeDataFromBackup:false}
I260828 16:21:51.501778 1251 13@spanconfig/spanconfigstore/store.go:364  [T1,Vsystem,n1,job=AUTO SPAN CONFIG RECONCILIATION id=1205415809547862017] 216  changing the spanconfig for span:/Table/2{6-7} from:{RangeMinBytes:134217728 RangeMaxBytes:536870912 GCPolicy:{TTLSeconds:14400 ProtectionPolicies:[] IgnoreStrictEnforcement:true} GlobalReads:false NumReplicas:5 NumVoters:0 Constraints:[] VoterConstraints:[] LeasePreferences:[] RangefeedEnabled:true ExcludeDataFromBackup:false} to:{RangeMinBytes:0 RangeMaxBytes:0 GCPolicy:{TTLSeconds:0 ProtectionPolicies:[] IgnoreStrictEnforcement:false} GlobalReads:false NumReplicas:0 NumVoters:0 Constraints:[] VoterConstraints:[] LeasePreferences:[] RangefeedEnabled:false ExcludeDataFromBackup:false}
I260828 16:21:51.501902 1251 13@spanconfig/spanconfigstore/store.go:364  [T1,Vsystem,n1,job=AUTO SPAN CONFIG RECONCILIATION id=1205415809547862017] 217  changing the spanconfig for span:/Table/2{7-8} from:{RangeMinBytes:134217728 RangeMaxBytes:536870912 GCPolicy:{TTLSeconds:600 ProtectionPolicies:[] IgnoreStrictEnforcement:true} GlobalReads:false NumReplicas:5 NumVoters:0 Constraints:[] VoterConstraints:[] LeasePreferences:[] RangefeedEnabled:true ExcludeDataFromBackup:true} to:{RangeMinBytes:0 RangeMaxBytes:0 GCPolicy:{TTLSeconds:0 ProtectionPolicies:[] IgnoreStrictEnforcement:false} GlobalReads:false NumReplicas:0 NumVoters:0 Constraints:[] VoterConstraints:[] LeasePreferences:[] RangefeedEnabled:false ExcludeDataFromBackup:false}
I260828 16:21:51.502019 1251 13@spanconfig/spanconfigstore/store.go:364  [T1,Vsystem,n1,job=AUTO SPAN CONFIG RECONCILIATION id=1205415809547862017] 218  changing the spanconfig for span:/Table/2{8-9} from:{RangeMinBytes:134217728 RangeMaxBytes:536870912 GCPolicy:{TTLSeconds:14400 ProtectionPolicies:[] IgnoreStrictEnforcement:true} GlobalReads:false NumReplicas:5 NumVoters:0 Constraints:[] VoterConstraints:[] LeasePreferences:[] RangefeedEnabled:true ExcludeDataFromBackup:false} to:{RangeMinBytes:0 RangeMaxBytes:0 GCPolicy:{TTLSeconds:0 ProtectionPolicies:[] IgnoreStrictEnforcement:false} GlobalReads:false NumReplicas:0 NumVoters:0 Constraints:[] VoterConstraints:[] LeasePreferences:[] RangefeedEnabled:false ExcludeDataFromBackup:false}
I260828 16:21:51.502211 1251 13@spanconfig/spanconfigstore/store.go:364  [T1,Vsystem,n1,job=AUTO SPAN CONFIG RECONCILIATION id=1205415809547862017] 219  changing the spanconfig for span:/NamespaceTable/{30-Max} from:{RangeMinBytes:134217728 RangeMaxBytes:536870912 GCPolicy:{TTLSeconds:14400 ProtectionPolicies:[] IgnoreStrictEnforcement:true} GlobalReads:false NumReplicas:5 NumVoters:0 Constraints:[] VoterConstraints:[] LeasePreferences:[] RangefeedEnabled:true ExcludeDataFromBackup:false} to:{RangeMinBytes:0 RangeMaxBytes:0 GCPolicy:{TTLSeconds:0 ProtectionPolicies:[] IgnoreStrictEnforcement:false} GlobalReads:false NumReplicas:0 NumVoters:0 Constraints:[] VoterConstraints:[] LeasePreferences:[] RangefeedEnabled:false ExcludeDataFromBackup:false}
I260828 16:21:51.502941 1251 13@spanconfig/spanconfigstore/store.go:364  [T1,Vsystem,n1,job=AUTO SPAN CONFIG RECONCILIATION id=1205415809547862017] 220  changing the spanconfig for span:/{NamespaceTable/Max-Table/32} from:{RangeMinBytes:134217728 RangeMaxBytes:536870912 GCPolicy:{TTLSeconds:14400 ProtectionPolicies:[] IgnoreStrictEnforcement:true} GlobalReads:false NumReplicas:5 NumVoters:0 Constraints:[] VoterConstraints:[] LeasePreferences:[] RangefeedEnabled:true ExcludeDataFromBackup:false} to:{RangeMinBytes:0 RangeMaxBytes:0 GCPolicy:{TTLSeconds:0 ProtectionPolicies:[] IgnoreStrictEnforcement:false} GlobalReads:false NumReplicas:0 NumVoters:0 Constraints:[] VoterConstraints:[] LeasePreferences:[] RangefeedEnabled:false ExcludeDataFromBackup:false}
I260828 16:21:51.503069 1251 13@spanconfig/spanconfigstore/store.go:364  [T1,Vsystem,n1,job=AUTO SPAN CONFIG RECONCILIATION id=1205415809547862017] 221  changing the spanconfig for span:/Table/3{2-3} from:{RangeMinBytes:134217728 RangeMaxBytes:536870912 GCPolicy:{TTLSeconds:14400 ProtectionPolicies:[] IgnoreStrictEnforcement:true} GlobalReads:false NumReplicas:5 NumVoters:0 Constraints:[] VoterConstraints:[] LeasePreferences:[] RangefeedEnabled:true ExcludeDataFromBackup:false} to:{RangeMinBytes:0 RangeMaxBytes:0 GCPolicy:{TTLSeconds:0 ProtectionPolicies:[] IgnoreStrictEnforcement:false} GlobalReads:false NumReplicas:0 NumVoters:0 Constraints:[] VoterConstraints:[] LeasePreferences:[] RangefeedEnabled:false ExcludeDataFromBackup:false}
I260828 16:21:51.503189 1251 13@spanconfig/spanconfigstore/store.go:364  [T1,Vsystem,n1,job=AUTO SPAN CONFIG RECONCILIATION id=1205415809547862017] 222  changing the spanconfig for span:/Table/3{3-4} from:{RangeMinBytes:134217728 RangeMaxBytes:536870912 GCPolicy:{TTLSeconds:14400 ProtectionPolicies:[] IgnoreStrictEnforcement:true} GlobalReads:false NumReplicas:5 NumVoters:0 Constraints:[] VoterConstraints:[] LeasePreferences:[] RangefeedEnabled:true ExcludeDataFromBackup:false} to:{RangeMinBytes:0 RangeMaxBytes:0 GCPolicy:{TTLSeconds:0 ProtectionPolicies:[] IgnoreStrictEnforcement:false} GlobalReads:false NumReplicas:0 NumVoters:0 Constraints:[] VoterConstraints:[] LeasePreferences:[] RangefeedEnabled:false ExcludeDataFromBackup:false}
I260828 16:21:51.503294 1251 13@spanconfig/spanconfigstore/store.go:364  [T1,Vsystem,n1,job=AUTO SPAN CONFIG RECONCILIATION id=1205415809547862017] 223  changing the spanconfig for span:/Table/3{4-5} from:{RangeMinBytes:134217728 RangeMaxBytes:536870912 GCPolicy:{TTLSeconds:14400 ProtectionPolicies:[] IgnoreStrictEnforcement:true} GlobalReads:false NumReplicas:5 NumVoters:0 Constraints:[] VoterConstraints:[] LeasePreferences:[] RangefeedEnabled:true ExcludeDataFromBackup:false} to:{RangeMinBytes:0 RangeMaxBytes:0 GCPolicy:{TTLSeconds:0 ProtectionPolicies:[] IgnoreStrictEnforcement:false} GlobalReads:false NumReplicas:0 NumVoters:0 Constraints:[] VoterConstraints:[] LeasePreferences:[] RangefeedEnabled:false ExcludeDataFromBackup:false}
I260828 16:21:51.503395 1251 13@spanconfig/spanconfigstore/store.go:364  [T1,Vsystem,n1,job=AUTO SPAN CONFIG RECONCILIATION id=1205415809547862017] 224  changing the spanconfig for span:/Table/3{5-6} from:{RangeMinBytes:134217728 RangeMaxBytes:536870912 GCPolicy:{TTLSeconds:14400 ProtectionPolicies:[] IgnoreStrictEnforcement:true} GlobalReads:false NumReplicas:5 NumVoters:0 Constraints:[] VoterConstraints:[] LeasePreferences:[] RangefeedEnabled:true ExcludeDataFromBackup:false} to:{RangeMinBytes:0 RangeMaxBytes:0 GCPolicy:{TTLSeconds:0 ProtectionPolicies:[] IgnoreStrictEnforcement:false} GlobalReads:false NumReplicas:0 NumVoters:0 Constraints:[] VoterConstraints:[] LeasePreferences:[] RangefeedEnabled:false ExcludeDataFromBackup:false}
I260828 16:21:51.503497 1251 13@spanconfig/spanconfigstore/store.go:364  [T1,Vsystem,n1,job=AUTO SPAN CONFIG RECONCILIATION id=1205415809547862017] 225  changing the spanconfig for span:/Table/3{6-7} from:{RangeMinBytes:134217728 RangeMaxBytes:536870912 GCPolicy:{TTLSeconds:14400 ProtectionPolicies:[] IgnoreStrictEnforcement:true} GlobalReads:false NumReplicas:5 NumVoters:0 Constraints:[] VoterConstraints:[] LeasePreferences:[] RangefeedEnabled:true ExcludeDataFromBackup:false} to:{RangeMinBytes:0 RangeMaxBytes:0 GCPolicy:{TTLSeconds:0 ProtectionPolicies:[] IgnoreStrictEnforcement:false} GlobalReads:false NumReplicas:0 NumVoters:0 Constraints:[] VoterConstraints:[] LeasePreferences:[] RangefeedEnabled:false ExcludeDataFromBackup:false}
I260828 16:21:51.503615 1251 13@spanconfig/spanconfigstore/store.go:364  [T1,Vsystem,n1,job=AUTO SPAN CONFIG RECONCILIATION id=1205415809547862017] 226  changing the spanconfig for span:/Table/3{7-8} from:{RangeMinBytes:134217728 RangeMaxBytes:536870912 GCPolicy:{TTLSeconds:14400 ProtectionPolicies:[] IgnoreStrictEnforcement:true} GlobalReads:false NumReplicas:5 NumVoters:0 Constraints:[] VoterConstraints:[] LeasePreferences:[] RangefeedEnabled:true ExcludeDataFromBackup:false} to:{RangeMinBytes:0 RangeMaxBytes:0 GCPolicy:{TTLSeconds:0 ProtectionPolicies:[] IgnoreStrictEnforcement:false} GlobalReads:false NumReplicas:0 NumVoters:0 Constraints:[] VoterConstraints:[] LeasePreferences:[] RangefeedEnabled:false ExcludeDataFromBackup:false}
I260828 16:21:51.503723 1251 13@spanconfig/spanconfigstore/store.go:364  [T1,Vsystem,n1,job=AUTO SPAN CONFIG RECONCILIATION id=1205415809547862017] 227  changing the spanconfig for span:/Table/{39-40} from:{RangeMinBytes:134217728 RangeMaxBytes:536870912 GCPolicy:{TTLSeconds:14400 ProtectionPolicies:[] IgnoreStrictEnforcement:true} GlobalReads:false NumReplicas:5 NumVoters:0 Constraints:[] VoterConstraints:[] LeasePreferences:[] RangefeedEnabled:true ExcludeDataFromBackup:false} to:{RangeMinBytes:0 RangeMaxBytes:0 GCPolicy:{TTLSeconds:0 ProtectionPolicies:[] IgnoreStrictEnforcement:false} GlobalReads:false NumReplicas:0 NumVoters:0 Constraints:[] VoterConstraints:[] LeasePreferences:[] RangefeedEnabled:false ExcludeDataFromBackup:false}
I260828 16:21:51.503826 1251 13@spanconfig/spanconfigstore/store.go:364  [T1,Vsystem,n1,job=AUTO SPAN CONFIG RECONCILIATION id=1205415809547862017] 228  changing the spanconfig for span:/Table/4{0-1} from:{RangeMinBytes:134217728 RangeMaxBytes:536870912 GCPolicy:{TTLSeconds:14400 ProtectionPolicies:[] IgnoreStrictEnforcement:true} GlobalReads:false NumReplicas:5 NumVoters:0 Constraints:[] VoterConstraints:[] LeasePreferences:[] RangefeedEnabled:true ExcludeDataFromBackup:false} to:{RangeMinBytes:0 RangeMaxBytes:0 GCPolicy:{TTLSeconds:0 ProtectionPolicies:[] IgnoreStrictEnforcement:false} GlobalReads:false NumReplicas:0 NumVoters:0 Constraints:[] VoterConstraints:[] LeasePreferences:[] RangefeedEnabled:false ExcludeDataFromBackup:false}
I260828 16:21:51.503928 1251 13@spanconfig/spanconfigstore/store.go:364  [T1,Vsystem,n1,job=AUTO SPAN CONFIG RECONCILIATION id=1205415809547862017] 229  changing the spanconfig for span:/Table/4{1-2} from:{RangeMinBytes:134217728 RangeMaxBytes:536870912 GCPolicy:{TTLSeconds:14400 ProtectionPolicies:[] IgnoreStrictEnforcement:true} GlobalReads:false NumReplicas:5 NumVoters:0 Constraints:[] VoterConstraints:[] LeasePreferences:[] RangefeedEnabled:true ExcludeDataFromBackup:false} to:{RangeMinBytes:0 RangeMaxBytes:0 GCPolicy:{TTLSeconds:0 ProtectionPolicies:[] IgnoreStrictEnforcement:false} GlobalReads:false NumReplicas:0 NumVoters:0 Constraints:[] VoterConstraints:[] LeasePreferences:[] RangefeedEnabled:false ExcludeDataFromBackup:false}
I260828 16:21:51.504029 1251 13@spanconfig/spanconfigstore/store.go:364  [T1,Vsystem,n1,job=AUTO SPAN CONFIG RECONCILIATION id=1205415809547862017] 230  changing the spanconfig for span:/Table/4{2-3} from:{RangeMinBytes:134217728 RangeMaxBytes:536870912 GCPolicy:{TTLSeconds:14400 ProtectionPolicies:[] IgnoreStrictEnforcement:true} GlobalReads:false NumReplicas:5 NumVoters:0 Constraints:[] VoterConstraints:[] LeasePreferences:[] RangefeedEnabled:true ExcludeDataFromBackup:false} to:{RangeMinBytes:0 RangeMaxBytes:0 GCPolicy:{TTLSeconds:0 ProtectionPolicies:[] IgnoreStrictEnforcement:false} GlobalReads:false NumReplicas:0 NumVoters:0 Constraints:[] VoterConstraints:[] LeasePreferences:[] RangefeedEnabled:false ExcludeDataFromBackup:false}
I260828 16:21:51.504123 1251 13@spanconfig/spanconfigstore/store.go:364  [T1,Vsystem,n1,job=AUTO SPAN CONFIG RECONCILIATION id=1205415809547862017] 231  changing the spanconfig for span:/Table/4{3-4} from:{RangeMinBytes:134217728 RangeMaxBytes:536870912 GCPolicy:{TTLSeconds:14400 ProtectionPolicies:[] IgnoreStrictEnforcement:true} GlobalReads:false NumReplicas:5 NumVoters:0 Constraints:[] VoterConstraints:[] LeasePreferences:[] RangefeedEnabled:true ExcludeDataFromBackup:false} to:{RangeMinBytes:0 RangeMaxBytes:0 GCPolicy:{TTLSeconds:0 ProtectionPolicies:[] IgnoreStrictEnforcement:false} GlobalReads:false NumReplicas:0 NumVoters:0 Constraints:[] VoterConstraints:[] LeasePreferences:[] RangefeedEnabled:false ExcludeDataFromBackup:false}
I260828 16:21:51.504237 1251 13@spanconfig/spanconfigstore/store.go:364  [T1,Vsystem,n1,job=AUTO SPAN CONFIG RECONCILIATION id=1205415809547862017] 232  changing the spanconfig for span:/Table/4{4-5} from:{RangeMinBytes:134217728 RangeMaxBytes:536870912 GCPolicy:{TTLSeconds:14400 ProtectionPolicies:[] IgnoreStrictEnforcement:true} GlobalReads:false NumReplicas:5 NumVoters:0 Constraints:[] VoterConstraints:[] LeasePreferences:[] RangefeedEnabled:true ExcludeDataFromBackup:false} to:{RangeMinBytes:0 RangeMaxBytes:0 GCPolicy:{TTLSeconds:0 ProtectionPolicies:[] IgnoreStrictEnforcement:false} GlobalReads:false NumReplicas:0 NumVoters:0 Constraints:[] VoterConstraints:[] LeasePreferences:[] RangefeedEnabled:false ExcludeDataFromBackup:false}
I260828 16:21:51.504341 1251 13@spanconfig/spanconfigstore/store.go:364  [T1,Vsystem,n1,job=AUTO SPAN CONFIG RECONCILIATION id=1205415809547862017] 233  changing the spanconfig for span:/Table/4{5-6} from:{RangeMinBytes:134217728 RangeMaxBytes:536870912 GCPolicy:{TTLSeconds:7200 ProtectionPolicies:[] IgnoreStrictEnforcement:true} GlobalReads:false NumReplicas:5 NumVoters:0 Constraints:[] VoterConstraints:[] LeasePreferences:[] RangefeedEnabled:true ExcludeDataFromBackup:true} to:{RangeMinBytes:0 RangeMaxBytes:0 GCPolicy:{TTLSeconds:0 ProtectionPolicies:[] IgnoreStrictEnforcement:false} GlobalReads:false NumReplicas:0 NumVoters:0 Constraints:[] VoterConstraints:[] LeasePreferences:[] RangefeedEnabled:false ExcludeDataFromBackup:false}
I260828 16:21:51.504465 1251 13@spanconfig/spanconfigstore/store.go:364  [T1,Vsystem,n1,job=AUTO SPAN CONFIG RECONCILIATION id=1205415809547862017] 234  changing the spanconfig for span:/Table/4{6-7} from:{RangeMinBytes:134217728 RangeMaxBytes:536870912 GCPolicy:{TTLSeconds:14400 ProtectionPolicies:[] IgnoreStrictEnforcement:true} GlobalReads:false NumReplicas:5 NumVoters:0 Constraints:[] VoterConstraints:[] LeasePreferences:[] RangefeedEnabled:true ExcludeDataFromBackup:false} to:{RangeMinBytes:0 RangeMaxBytes:0 GCPolicy:{TTLSeconds:0 ProtectionPolicies:[] IgnoreStrictEnforcement:false} GlobalReads:false NumReplicas:0 NumVoters:0 Constraints:[] VoterConstraints:[] LeasePreferences:[] RangefeedEnabled:false ExcludeDataFromBackup:false}
I260828 16:21:51.504600 1251 13@spanconfig/spanconfigstore/store.go:364  [T1,Vsystem,n1,job=AUTO SPAN CONFIG RECONCILIATION id=1205415809547862017] 235  changing the spanconfig for span:/Table/4{7-8} from:{RangeMinBytes:134217728 RangeMaxBytes:536870912 GCPolicy:{TTLSeconds:14400 ProtectionPolicies:[] IgnoreStrictEnforcement:true} GlobalReads:false NumReplicas:5 NumVoters:0 Constraints:[] VoterConstraints:[] LeasePreferences:[] RangefeedEnabled:true ExcludeDataFromBackup:true} to:{RangeMinBytes:0 RangeMaxBytes:0 GCPolicy:{TTLSeconds:0 ProtectionPolicies:[] IgnoreStrictEnforcement:false} GlobalReads:false NumReplicas:0 NumVoters:0 Constraints:[] VoterConstraints:[] LeasePreferences:[] RangefeedEnabled:false ExcludeDataFromBackup:false}
I260828 16:21:51.504736 1251 13@spanconfig/spanconfigstore/store.go:364  [T1,Vsystem,n1,job=AUTO SPAN CONFIG RECONCILIATION id=1205415809547862017] 236  changing the spanconfig for span:/Table/4{8-9} from:{RangeMinBytes:134217728 RangeMaxBytes:536870912 GCPolicy:{TTLSeconds:14400 ProtectionPolicies:[] IgnoreStrictEnforcement:true} GlobalReads:false NumReplicas:5 NumVoters:0 Constraints:[] VoterConstraints:[] LeasePreferences:[] RangefeedEnabled:true ExcludeDataFromBackup:false} to:{RangeMinBytes:0 RangeMaxBytes:0 GCPolicy:{TTLSeconds:0 ProtectionPolicies:[] IgnoreStrictEnforcement:false} GlobalReads:false NumReplicas:0 NumVoters:0 Constraints:[] VoterConstraints:[] LeasePreferences:[] RangefeedEnabled:false ExcludeDataFromBackup:false}
I260828 16:21:51.504847 1251 13@spanconfig/spanconfigstore/store.go:364  [T1,Vsystem,n1,job=AUTO SPAN CONFIG RECONCILIATION id=1205415809547862017] 237  changing the spanconfig for span:/Table/5{0-1} from:{RangeMinBytes:134217728 RangeMaxBytes:536870912 GCPolicy:{TTLSeconds:14400 ProtectionPolicies:[] IgnoreStrictEnforcement:true} GlobalReads:false NumReplicas:5 NumVoters:0 Constraints:[] VoterConstraints:[] LeasePreferences:[] RangefeedEnabled:true ExcludeDataFromBackup:false} to:{RangeMinBytes:0 RangeMaxBytes:0 GCPolicy:{TTLSeconds:0 ProtectionPolicies:[] IgnoreStrictEnforcement:false} GlobalReads:false NumReplicas:0 NumVoters:0 Constraints:[] VoterConstraints:[] LeasePreferences:[] RangefeedEnabled:false ExcludeDataFromBackup:false}
I260828 16:21:51.504950 1251 13@spanconfig/spanconfigstore/store.go:364  [T1,Vsystem,n1,job=AUTO SPAN CONFIG RECONCILIATION id=1205415809547862017] 238  changing the spanconfig for span:/Table/5{1-2} from:{RangeMinBytes:134217728 RangeMaxBytes:536870912 GCPolicy:{TTLSeconds:14400 ProtectionPolicies:[] IgnoreStrictEnforcement:true} GlobalReads:false NumReplicas:5 NumVoters:0 Constraints:[] VoterConstraints:[] LeasePreferences:[] RangefeedEnabled:true ExcludeDataFromBackup:false} to:{RangeMinBytes:0 RangeMaxBytes:0 GCPolicy:{TTLSeconds:0 ProtectionPolicies:[] IgnoreStrictEnforcement:false} GlobalReads:false NumReplicas:0 NumVoters:0 Constraints:[] VoterConstraints:[] LeasePreferences:[] RangefeedEnabled:false ExcludeDataFromBackup:false}
I260828 16:21:51.505180 1251 13@spanconfig/spanconfigstore/store.go:364  [T1,Vsystem,n1,job=AUTO SPAN CONFIG RECONCILIATION id=1205415809547862017] 239  changing the spanconfig for span:/Table/5{2-3} from:{RangeMinBytes:134217728 RangeMaxBytes:536870912 GCPolicy:{TTLSeconds:14400 ProtectionPolicies:[] IgnoreStrictEnforcement:true} GlobalReads:false NumReplicas:5 NumVoters:0 Constraints:[] VoterConstraints:[] LeasePreferences:[] RangefeedEnabled:true ExcludeDataFromBackup:false} to:{RangeMinBytes:0 RangeMaxBytes:0 GCPolicy:{TTLSeconds:0 ProtectionPolicies:[] IgnoreStrictEnforcement:false} GlobalReads:false NumReplicas:0 NumVoters:0 Constraints:[] VoterConstraints:[] LeasePreferences:[] RangefeedEnabled:false ExcludeDataFromBackup:false}
I260828 16:21:51.505513 1251 13@spanconfig/spanconfigstore/store.go:364  [T1,Vsystem,n1,job=AUTO SPAN CONFIG RECONCILIATION id=1205415809547862017] 240  changing the spanconfig for span:/Table/5{3-4} from:{RangeMinBytes:134217728 RangeMaxBytes:536870912 GCPolicy:{TTLSeconds:14400 ProtectionPolicies:[] IgnoreStrictEnforcement:true} GlobalReads:false NumReplicas:5 NumVoters:0 Constraints:[] VoterConstraints:[] LeasePreferences:[] RangefeedEnabled:true ExcludeDataFromBackup:false} to:{RangeMinBytes:0 RangeMaxBytes:0 GCPolicy:{TTLSeconds:0 ProtectionPolicies:[] IgnoreStrictEnforcement:false} GlobalReads:false NumReplicas:0 NumVoters:0 Constraints:[] VoterConstraints:[] LeasePreferences:[] RangefeedEnabled:false ExcludeDataFromBackup:false}
I260828 16:21:51.505791 1251 13@spanconfig/spanconfigstore/store.go:364  [T1,Vsystem,n1,job=AUTO SPAN CONFIG RECONCILIATION id=1205415809547862017] 242  changing the spanconfig for span:/Table/5{4-5} from:{RangeMinBytes:134217728 RangeMaxBytes:536870912 GCPolicy:{TTLSeconds:14400 ProtectionPolicies:[] IgnoreStrictEnforcement:true} GlobalReads:false NumReplicas:5 NumVoters:0 Constraints:[] VoterConstraints:[] LeasePreferences:[] RangefeedEnabled:true ExcludeDataFromBackup:false} to:{RangeMinBytes:0 RangeMaxBytes:0 GCPolicy:{TTLSeconds:0 ProtectionPolicies:[] IgnoreStrictEnforcement:false} GlobalReads:false NumReplicas:0 NumVoters:0 Constraints:[] VoterConstraints:[] LeasePreferences:[] RangefeedEnabled:false ExcludeDataFromBackup:false}
I260828 16:21:51.505724 1401 1@util/log/event_log.go:39  [T1,Vsystem,n1,job=MIGRATION id=1205415809587511297,upgrade=0.0-upgrading-step-002,intExec=set-SQLStatsTables-TTL] 241 ={"Timestamp":1787934111494912501,"EventType":"set_zone_config","Statement":"ALTER TABLE \"\".system.transaction_statistics CONFIGURE ZONE USING \"gc.ttlseconds\" = $1","Tag":"CONFIGURE ZONE","User":"node","DescriptorID":43,"ApplicationName":"$ internal-set-SQLStatsTables-TTL","PlaceholderValues":["3600"],"Target":"TABLE system.public.transaction_statistics","Options":["\"gc.ttlseconds\" = 3600"],"ResolvedOldConfig":"range_min_bytes:134217728 range_max_bytes:536870912 gc:<ttl_seconds:14400 > num_replicas:5 inherited_constraints:false null_voter_constraints_is_empty:true inherited_lease_preferences:false "}
I260828 16:21:51.506369 1251 13@spanconfig/spanconfigstore/store.go:364  [T1,Vsystem,n1,job=AUTO SPAN CONFIG RECONCILIATION id=1205415809547862017] 243  changing the spanconfig for span:/Table/5{5-6} from:{RangeMinBytes:134217728 RangeMaxBytes:536870912 GCPolicy:{TTLSeconds:14400 ProtectionPolicies:[] IgnoreStrictEnforcement:true} GlobalReads:false NumReplicas:5 NumVoters:0 Constraints:[] VoterConstraints:[] LeasePreferences:[] RangefeedEnabled:true ExcludeDataFromBackup:false} to:{RangeMinBytes:0 RangeMaxBytes:0 GCPolicy:{TTLSeconds:0 ProtectionPolicies:[] IgnoreStrictEnforcement:false} GlobalReads:false NumReplicas:0 NumVoters:0 Constraints:[] VoterConstraints:[] LeasePreferences:[] RangefeedEnabled:false ExcludeDataFromBackup:false}
I260828 16:21:51.507906 1251 13@spanconfig/spanconfigstore/store.go:364  [T1,Vsystem,n1,job=AUTO SPAN CONFIG RECONCILIATION id=1205415809547862017] 244  changing the spanconfig for span:/Table/5{6-7} from:{RangeMinBytes:134217728 RangeMaxBytes:536870912 GCPolicy:{TTLSeconds:14400 ProtectionPolicies:[] IgnoreStrictEnforcement:true} GlobalReads:false NumReplicas:5 NumVoters:0 Constraints:[] VoterConstraints:[] LeasePreferences:[] RangefeedEnabled:true ExcludeDataFromBackup:false} to:{RangeMinBytes:0 RangeMaxBytes:0 GCPolicy:{TTLSeconds:0 ProtectionPolicies:[] IgnoreStrictEnforcement:false} GlobalReads:false NumReplicas:0 NumVoters:0 Constraints:[] VoterConstraints:[] LeasePreferences:[] RangefeedEnabled:false ExcludeDataFromBackup:false}
I260828 16:21:51.508029 1251 13@spanconfig/spanconfigstore/store.go:364  [T1,Vsystem,n1,job=AUTO SPAN CONFIG RECONCILIATION id=1205415809547862017] 245  changing the spanconfig for span:/Table/5{7-8} from:{RangeMinBytes:134217728 RangeMaxBytes:536870912 GCPolicy:{TTLSeconds:14400 ProtectionPolicies:[] IgnoreStrictEnforcement:true} GlobalReads:false NumReplicas:5 NumVoters:0 Constraints:[] VoterConstraints:[] LeasePreferences:[] RangefeedEnabled:true ExcludeDataFromBackup:false} to:{RangeMinBytes:0 RangeMaxBytes:0 GCPolicy:{TTLSeconds:0 ProtectionPolicies:[] IgnoreStrictEnforcement:false} GlobalReads:false NumReplicas:0 NumVoters:0 Constraints:[] VoterConstraints:[] LeasePreferences:[] RangefeedEnabled:false ExcludeDataFromBackup:false}
I260828 16:21:51.508350 1251 13@spanconfig/spanconfigstore/store.go:364  [T1,Vsystem,n1,job=AUTO SPAN CONFIG RECONCILIATION id=1205415809547862017] 246  changing the spanconfig for span:/Table/5{8-9} from:{RangeMinBytes:134217728 RangeMaxBytes:536870912 GCPolicy:{TTLSeconds:14400 ProtectionPolicies:[] IgnoreStrictEnforcement:true} GlobalReads:false NumReplicas:5 NumVoters:0 Constraints:[] VoterConstraints:[] LeasePreferences:[] RangefeedEnabled:true ExcludeDataFromBackup:false} to:{RangeMinBytes:0 RangeMaxBytes:0 GCPolicy:{TTLSeconds:0 ProtectionPolicies:[] IgnoreStrictEnforcement:false} GlobalReads:false NumReplicas:0 NumVoters:0 Constraints:[] VoterConstraints:[] LeasePreferences:[] RangefeedEnabled:false ExcludeDataFromBackup:false}
I260828 16:21:51.508553 1251 13@spanconfig/spanconfigstore/store.go:364  [T1,Vsystem,n1,job=AUTO SPAN CONFIG RECONCILIATION id=1205415809547862017] 247  changing the spanconfig for span:/Table/{59-60} from:{RangeMinBytes:134217728 RangeMaxBytes:536870912 GCPolicy:{TTLSeconds:14400 ProtectionPolicies:[] IgnoreStrictEnforcement:true} GlobalReads:false NumReplicas:5 NumVoters:0 Constraints:[] VoterConstraints:[] LeasePreferences:[] RangefeedEnabled:true ExcludeDataFromBackup:false} to:{RangeMinBytes:0 RangeMaxBytes:0 GCPolicy:{TTLSeconds:0 ProtectionPolicies:[] IgnoreStrictEnforcement:false} GlobalReads:false NumReplicas:0 NumVoters:0 Constraints:[] VoterConstraints:[] LeasePreferences:[] RangefeedEnabled:false ExcludeDataFromBackup:false}
I260828 16:21:51.509581 1251 13@spanconfig/spanconfigstore/store.go:364  [T1,Vsystem,n1,job=AUTO SPAN CONFIG RECONCILIATION id=1205415809547862017] 248  changing the spanconfig for span:/Table/6{0-1} from:{RangeMinBytes:134217728 RangeMaxBytes:536870912 GCPolicy:{TTLSeconds:14400 ProtectionPolicies:[] IgnoreStrictEnforcement:true} GlobalReads:false NumReplicas:5 NumVoters:0 Constraints:[] VoterConstraints:[] LeasePreferences:[] RangefeedEnabled:true ExcludeDataFromBackup:false} to:{RangeMinBytes:0 RangeMaxBytes:0 GCPolicy:{TTLSeconds:0 ProtectionPolicies:[] IgnoreStrictEnforcement:false} GlobalReads:false NumReplicas:0 NumVoters:0 Constraints:[] VoterConstraints:[] LeasePreferences:[] RangefeedEnabled:false ExcludeDataFromBackup:false}
I260828 16:21:51.511016 1251 13@spanconfig/spanconfigstore/store.go:364  [T1,Vsystem,n1,job=AUTO SPAN CONFIG RECONCILIATION id=1205415809547862017] 249  changing the spanconfig for span:/Table/6{1-2} from:{RangeMinBytes:134217728 RangeMaxBytes:536870912 GCPolicy:{TTLSeconds:14400 ProtectionPolicies:[] IgnoreStrictEnforcement:true} GlobalReads:false NumReplicas:5 NumVoters:0 Constraints:[] VoterConstraints:[] LeasePreferences:[] RangefeedEnabled:true ExcludeDataFromBackup:false} to:{RangeMinBytes:0 RangeMaxBytes:0 GCPolicy:{TTLSeconds:0 ProtectionPolicies:[] IgnoreStrictEnforcement:false} GlobalReads:false NumReplicas:0 NumVoters:0 Constraints:[] VoterConstraints:[] LeasePreferences:[] RangefeedEnabled:false ExcludeDataFromBackup:false}
I260828 16:21:51.511290 1251 13@spanconfig/spanconfigstore/store.go:364  [T1,Vsystem,n1,job=AUTO SPAN CONFIG RECONCILIATION id=1205415809547862017] 250  changing the spanconfig for span:/Table/6{2-3} from:{RangeMinBytes:134217728 RangeMaxBytes:536870912 GCPolicy:{TTLSeconds:14400 ProtectionPolicies:[] IgnoreStrictEnforcement:true} GlobalReads:false NumReplicas:5 NumVoters:0 Constraints:[] VoterConstraints:[] LeasePreferences:[] RangefeedEnabled:true ExcludeDataFromBackup:false} to:{RangeMinBytes:0 RangeMaxBytes:0 GCPolicy:{TTLSeconds:0 ProtectionPolicies:[] IgnoreStrictEnforcement:false} GlobalReads:false NumReplicas:0 NumVoters:0 Constraints:[] VoterConstraints:[] LeasePreferences:[] RangefeedEnabled:false ExcludeDataFromBackup:false}
I260828 16:21:51.511420 1251 13@spanconfig/spanconfigstore/store.go:364  [T1,Vsystem,n1,job=AUTO SPAN CONFIG RECONCILIATION id=1205415809547862017] 251  changing the spanconfig for span:/Table/6{3-4} from:{RangeMinBytes:134217728 RangeMaxBytes:536870912 GCPolicy:{TTLSeconds:14400 ProtectionPolicies:[] IgnoreStrictEnforcement:true} GlobalReads:false NumReplicas:5 NumVoters:0 Constraints:[] VoterConstraints:[] LeasePreferences:[] RangefeedEnabled:true ExcludeDataFromBackup:false} to:{RangeMinBytes:0 RangeMaxBytes:0 GCPolicy:{TTLSeconds:0 ProtectionPolicies:[] IgnoreStrictEnforcement:false} GlobalReads:false NumReplicas:0 NumVoters:0 Constraints:[] VoterConstraints:[] LeasePreferences:[] RangefeedEnabled:false ExcludeDataFromBackup:false}
I260828 16:21:51.511533 1251 13@spanconfig/spanconfigstore/store.go:364  [T1,Vsystem,n1,job=AUTO SPAN CONFIG RECONCILIATION id=1205415809547862017] 252  changing the spanconfig for span:/Table/6{4-5} from:{RangeMinBytes:134217728 RangeMaxBytes:536870912 GCPolicy:{TTLSeconds:14400 ProtectionPolicies:[] IgnoreStrictEnforcement:true} GlobalReads:false NumReplicas:5 NumVoters:0 Constraints:[] VoterConstraints:[] LeasePreferences:[] RangefeedEnabled:true ExcludeDataFromBackup:false} to:{RangeMinBytes:0 RangeMaxBytes:0 GCPolicy:{TTLSeconds:0 ProtectionPolicies:[] IgnoreStrictEnforcement:false} GlobalReads:false NumReplicas:0 NumVoters:0 Constraints:[] VoterConstraints:[] LeasePreferences:[] RangefeedEnabled:false ExcludeDataFromBackup:false}
I260828 16:21:51.512854 1251 13@spanconfig/spanconfigstore/store.go:364  [T1,Vsystem,n1,job=AUTO SPAN CONFIG RECONCILIATION id=1205415809547862017] 253  changing the spanconfig for span:/Table/6{5-6} from:{RangeMinBytes:134217728 RangeMaxBytes:536870912 GCPolicy:{TTLSeconds:14400 ProtectionPolicies:[] IgnoreStrictEnforcement:true} GlobalReads:false NumReplicas:5 NumVoters:0 Constraints:[] VoterConstraints:[] LeasePreferences:[] RangefeedEnabled:true ExcludeDataFromBackup:false} to:{RangeMinBytes:0 RangeMaxBytes:0 GCPolicy:{TTLSeconds:0 ProtectionPolicies:[] IgnoreStrictEnforcement:false} GlobalReads:false NumReplicas:0 NumVoters:0 Constraints:[] VoterConstraints:[] LeasePreferences:[] RangefeedEnabled:false ExcludeDataFromBackup:false}
I260828 16:21:51.512992 1251 13@spanconfig/spanconfigstore/store.go:364  [T1,Vsystem,n1,job=AUTO SPAN CONFIG RECONCILIATION id=1205415809547862017] 254  changing the spanconfig for span:/Table/6{6-7} from:{RangeMinBytes:134217728 RangeMaxBytes:536870912 GCPolicy:{TTLSeconds:14400 ProtectionPolicies:[] IgnoreStrictEnforcement:true} GlobalReads:false NumReplicas:5 NumVoters:0 Constraints:[] VoterConstraints:[] LeasePreferences:[] RangefeedEnabled:true ExcludeDataFromBackup:false} to:{RangeMinBytes:0 RangeMaxBytes:0 GCPolicy:{TTLSeconds:0 ProtectionPolicies:[] IgnoreStrictEnforcement:false} GlobalReads:false NumReplicas:0 NumVoters:0 Constraints:[] VoterConstraints:[] LeasePreferences:[] RangefeedEnabled:false ExcludeDataFromBackup:false}
I260828 16:21:51.513103 1251 13@spanconfig/spanconfigstore/store.go:364  [T1,Vsystem,n1,job=AUTO SPAN CONFIG RECONCILIATION id=1205415809547862017] 255  changing the spanconfig for span:/Table/6{7-8} from:{RangeMinBytes:134217728 RangeMaxBytes:536870912 GCPolicy:{TTLSeconds:14400 ProtectionPolicies:[] IgnoreStrictEnforcement:true} GlobalReads:false NumReplicas:5 NumVoters:0 Constraints:[] VoterConstraints:[] LeasePreferences:[] RangefeedEnabled:true ExcludeDataFromBackup:false} to:{RangeMinBytes:0 RangeMaxBytes:0 GCPolicy:{TTLSeconds:0 ProtectionPolicies:[] IgnoreStrictEnforcement:false} GlobalReads:false NumReplicas:0 NumVoters:0 Constraints:[] VoterConstraints:[] LeasePreferences:[] RangefeedEnabled:false ExcludeDataFromBackup:false}
I260828 16:21:51.513204 1251 13@spanconfig/spanconfigstore/store.go:364  [T1,Vsystem,n1,job=AUTO SPAN CONFIG RECONCILIATION id=1205415809547862017] 256  changing the spanconfig for span:/Table/6{8-9} from:{RangeMinBytes:134217728 RangeMaxBytes:536870912 GCPolicy:{TTLSeconds:14400 ProtectionPolicies:[] IgnoreStrictEnforcement:true} GlobalReads:false NumReplicas:5 NumVoters:0 Constraints:[] VoterConstraints:[] LeasePreferences:[] RangefeedEnabled:true ExcludeDataFromBackup:false} to:{RangeMinBytes:0 RangeMaxBytes:0 GCPolicy:{TTLSeconds:0 ProtectionPolicies:[] IgnoreStrictEnforcement:false} GlobalReads:false NumReplicas:0 NumVoters:0 Constraints:[] VoterConstraints:[] LeasePreferences:[] RangefeedEnabled:false ExcludeDataFromBackup:false}
I260828 16:21:51.513309 1251 13@spanconfig/spanconfigstore/store.go:364  [T1,Vsystem,n1,job=AUTO SPAN CONFIG RECONCILIATION id=1205415809547862017] 257  changing the spanconfig for span:/Table/{69-70} from:{RangeMinBytes:134217728 RangeMaxBytes:536870912 GCPolicy:{TTLSeconds:14400 ProtectionPolicies:[] IgnoreStrictEnforcement:true} GlobalReads:false NumReplicas:5 NumVoters:0 Constraints:[] VoterConstraints:[] LeasePreferences:[] RangefeedEnabled:true ExcludeDataFromBackup:false} to:{RangeMinBytes:0 RangeMaxBytes:0 GCPolicy:{TTLSeconds:0 ProtectionPolicies:[] IgnoreStrictEnforcement:false} GlobalReads:false NumReplicas:0 NumVoters:0 Constraints:[] VoterConstraints:[] LeasePreferences:[] RangefeedEnabled:false ExcludeDataFromBackup:false}
I260828 16:21:51.513430 1251 13@spanconfig/spanconfigstore/store.go:364  [T1,Vsystem,n1,job=AUTO SPAN CONFIG RECONCILIATION id=1205415809547862017] 258  changing the spanconfig for span:/Table/7{0-1} from:{RangeMinBytes:134217728 RangeMaxBytes:536870912 GCPolicy:{TTLSeconds:14400 ProtectionPolicies:[] IgnoreStrictEnforcement:true} GlobalReads:false NumReplicas:5 NumVoters:0 Constraints:[] VoterConstraints:[] LeasePreferences:[] RangefeedEnabled:true ExcludeDataFromBackup:false} to:{RangeMinBytes:0 RangeMaxBytes:0 GCPolicy:{TTLSeconds:0 ProtectionPolicies:[] IgnoreStrictEnforcement:false} GlobalReads:false NumReplicas:0 NumVoters:0 Constraints:[] VoterConstraints:[] LeasePreferences:[] RangefeedEnabled:false ExcludeDataFromBackup:false}
I260828 16:21:51.513538 1251 13@spanconfig/spanconfigstore/store.go:364  [T1,Vsystem,n1,job=AUTO SPAN CONFIG RECONCILIATION id=1205415809547862017] 259  changing the spanconfig for span:/Table/7{1-2} from:{RangeMinBytes:134217728 RangeMaxBytes:536870912 GCPolicy:{TTLSeconds:14400 ProtectionPolicies:[] IgnoreStrictEnforcement:true} GlobalReads:false NumReplicas:5 NumVoters:0 Constraints:[] VoterConstraints:[] LeasePreferences:[] RangefeedEnabled:true ExcludeDataFromBackup:false} to:{RangeMinBytes:0 RangeMaxBytes:0 GCPolicy:{TTLSeconds:0 ProtectionPolicies:[] IgnoreStrictEnforcement:false} GlobalReads:false NumReplicas:0 NumVoters:0 Constraints:[] VoterConstraints:[] LeasePreferences:[] RangefeedEnabled:false ExcludeDataFromBackup:false}
I260828 16:21:51.513651 1251 13@spanconfig/spanconfigstore/store.go:364  [T1,Vsystem,n1,job=AUTO SPAN CONFIG RECONCILIATION id=1205415809547862017] 260  changing the spanconfig for span:/Table/7{2-3} from:{RangeMinBytes:134217728 RangeMaxBytes:536870912 GCPolicy:{TTLSeconds:14400 ProtectionPolicies:[] IgnoreStrictEnforcement:true} GlobalReads:false NumReplicas:5 NumVoters:0 Constraints:[] VoterConstraints:[] LeasePreferences:[] RangefeedEnabled:true ExcludeDataFromBackup:false} to:{RangeMinBytes:0 RangeMaxBytes:0 GCPolicy:{TTLSeconds:0 ProtectionPolicies:[] IgnoreStrictEnforcement:false} GlobalReads:false NumReplicas:0 NumVoters:0 Constraints:[] VoterConstraints:[] LeasePreferences:[] RangefeedEnabled:false ExcludeDataFromBackup:false}
I260828 16:21:51.513752 1251 13@spanconfig/spanconfigstore/store.go:364  [T1,Vsystem,n1,job=AUTO SPAN CONFIG RECONCILIATION id=1205415809547862017] 261  changing the spanconfig for span:/System/NodeLiveness{-Max} from:{RangeMinBytes:134217728 RangeMaxBytes:536870912 GCPolicy:{TTLSeconds:600 ProtectionPolicies:[] IgnoreStrictEnforcement:false} GlobalReads:false NumReplicas:5 NumVoters:0 Constraints:[] VoterConstraints:[] LeasePreferences:[] RangefeedEnabled:false ExcludeDataFromBackup:false} to:{RangeMinBytes:0 RangeMaxBytes:0 GCPolicy:{TTLSeconds:0 ProtectionPolicies:[] IgnoreStrictEnforcement:false} GlobalReads:false NumReplicas:0 NumVoters:0 Constraints:[] VoterConstraints:[] LeasePreferences:[] RangefeedEnabled:false ExcludeDataFromBackup:false}
I260828 16:21:51.513867 1251 13@spanconfig/spanconfigstore/store.go:364  [T1,Vsystem,n1,job=AUTO SPAN CONFIG RECONCILIATION id=1205415809547862017] 262  changing the spanconfig for span:/{Min-System/NodeLiveness} from:{RangeMinBytes:134217728 RangeMaxBytes:536870912 GCPolicy:{TTLSeconds:3600 ProtectionPolicies:[] IgnoreStrictEnforcement:false} GlobalReads:false NumReplicas:5 NumVoters:0 Constraints:[] VoterConstraints:[] LeasePreferences:[] RangefeedEnabled:false ExcludeDataFromBackup:false} to:{RangeMinBytes:0 RangeMaxBytes:0 GCPolicy:{TTLSeconds:0 ProtectionPolicies:[] IgnoreStrictEnforcement:false} GlobalReads:false NumReplicas:0 NumVoters:0 Constraints:[] VoterConstraints:[] LeasePreferences:[] RangefeedEnabled:false ExcludeDataFromBackup:false}
I260828 16:21:51.513976 1251 13@spanconfig/spanconfigstore/store.go:364  [T1,Vsystem,n1,job=AUTO SPAN CONFIG RECONCILIATION id=1205415809547862017] 263  changing the spanconfig for span:/System/{NodeLivenessMax-tsd} from:{RangeMinBytes:134217728 RangeMaxBytes:536870912 GCPolicy:{TTLSeconds:14400 ProtectionPolicies:[] IgnoreStrictEnforcement:false} GlobalReads:false NumReplicas:5 NumVoters:0 Constraints:[] VoterConstraints:[] LeasePreferences:[] RangefeedEnabled:false ExcludeDataFromBackup:false} to:{RangeMinBytes:0 RangeMaxBytes:0 GCPolicy:{TTLSeconds:0 ProtectionPolicies:[] IgnoreStrictEnforcement:false} GlobalReads:false NumReplicas:0 NumVoters:0 Constraints:[] VoterConstraints:[] LeasePreferences:[] RangefeedEnabled:false ExcludeDataFromBackup:false}
I260828 16:21:51.514129 1251 13@spanconfig/spanconfigstore/store.go:364  [T1,Vsystem,n1,job=AUTO SPAN CONFIG RECONCILIATION id=1205415809547862017] 264  changing the spanconfig for span:/System{tse-/SystemSpanConfigKeys} from:{RangeMinBytes:134217728 RangeMaxBytes:536870912 GCPolicy:{TTLSeconds:14400 ProtectionPolicies:[] IgnoreStrictEnforcement:false} GlobalReads:false NumReplicas:5 NumVoters:0 Constraints:[] VoterConstraints:[] LeasePreferences:[] RangefeedEnabled:false ExcludeDataFromBackup:false} to:{RangeMinBytes:0 RangeMaxBytes:0 GCPolicy:{TTLSeconds:0 ProtectionPolicies:[] IgnoreStrictEnforcement:false} GlobalReads:false NumReplicas:0 NumVoters:0 Constraints:[] VoterConstraints:[] LeasePreferences:[] RangefeedEnabled:false ExcludeDataFromBackup:false}
I260828 16:21:51.514241 1251 13@spanconfig/spanconfigstore/store.go:364  [T1,Vsystem,n1,job=AUTO SPAN CONFIG RECONCILIATION id=1205415809547862017] 265  changing the spanconfig for span:/System{/tsd-tse} from:{RangeMinBytes:134217728 RangeMaxBytes:536870912 GCPolicy:{TTLSeconds:14400 ProtectionPolicies:[] IgnoreStrictEnforcement:false} GlobalReads:false NumReplicas:3 NumVoters:0 Constraints:[] VoterConstraints:[] LeasePreferences:[] RangefeedEnabled:false ExcludeDataFromBackup:false} to:{RangeMinBytes:0 RangeMaxBytes:0 GCPolicy:{TTLSeconds:0 ProtectionPolicies:[] IgnoreStrictEnforcement:false} GlobalReads:false NumReplicas:0 NumVoters:0 Constraints:[] VoterConstraints:[] LeasePreferences:[] RangefeedEnabled:false ExcludeDataFromBackup:false}
I260828 16:21:51.515126 1367 1@util/log/event_log.go:39  [T1,Vsystem,n1,job=MIGRATION id=1205415809587511297,upgrade=0.0-upgrading-step-002,intExec=set-SQLStatsTables-TTL] 266 ={"Timestamp":1787934111508517548,"EventType":"set_zone_config","Statement":"ALTER TABLE \"\".system.statement_activity CONFIGURE ZONE USING \"gc.ttlseconds\" = $1","Tag":"CONFIGURE ZONE","User":"node","DescriptorID":61,"ApplicationName":"$ internal-set-SQLStatsTables-TTL","PlaceholderValues":["3600"],"Target":"TABLE system.public.statement_activity","Options":["\"gc.ttlseconds\" = 3600"],"ResolvedOldConfig":"range_min_bytes:134217728 range_max_bytes:536870912 gc:<ttl_seconds:14400 > num_replicas:5 inherited_constraints:false null_voter_constraints_is_empty:true inherited_lease_preferences:false "}
I260828 16:21:51.518682 1408 1@util/log/event_log.go:39  [T1,Vsystem,n1,job=MIGRATION id=1205415809587511297,upgrade=0.0-upgrading-step-002,intExec=set-SQLStatsTables-TTL] 267 ={"Timestamp":1787934111515535195,"EventType":"set_zone_config","Statement":"ALTER TABLE \"\".system.transaction_activity CONFIGURE ZONE USING \"gc.ttlseconds\" = $1","Tag":"CONFIGURE ZONE","User":"node","DescriptorID":62,"ApplicationName":"$ internal-set-SQLStatsTables-TTL","PlaceholderValues":["3600"],"Target":"TABLE system.public.transaction_activity","Options":["\"gc.ttlseconds\" = 3600"],"ResolvedOldConfig":"range_min_bytes:134217728 range_max_bytes:536870912 gc:<ttl_seconds:14400 > num_replicas:5 inherited_constraints:false null_voter_constraints_is_empty:true inherited_lease_preferences:false "}
I260828 16:21:51.520006 1240 jobs/registry.go:1679  [T1,Vsystem,n1,job=1205415809587511297] 268  MIGRATION job 1205415809587511297: stepping through state succeeded
I260828 16:21:51.532931 1251 spanconfig/spanconfigsqlwatcher/sqlwatcher.go:241  [T1,Vsystem,n1,job=AUTO SPAN CONFIG RECONCILIATION id=1205415809547862017] 269  established range feed over system.descriptors starting at time 1787934111.470375737,0
I260828 16:21:51.533807 1251 spanconfig/spanconfigsqlwatcher/sqlwatcher.go:300  [T1,Vsystem,n1,job=AUTO SPAN CONFIG RECONCILIATION id=1205415809547862017] 270  established range feed over system.zones starting at time 1787934111.470375737,0
I260828 16:21:51.533909 1251 spanconfig/spanconfigsqlwatcher/sqlwatcher.go:401  [T1,Vsystem,n1,job=AUTO SPAN CONFIG RECONCILIATION id=1205415809547862017] 271  established range feed over system.protected_ts_records starting at time 1787934111.470375737,0
I260828 16:21:51.549537 1240 1@jobs/structured_log.go:48  [T1,Vsystem,n1,job=1205415809587511297] 272 ={"Timestamp":1787934111549531392,"EventType":"status_change","JobID":1205415809587511297,"JobType":"MIGRATION","Description":"status changed to: succeeded","PreviousStatus":"running","NewStatus":"succeeded","RunNum":0}
I260828 16:21:51.557981 66 jobs/wait.go:148  [T1,Vsystem,n1] 273  waited for 1 [1205415809587511297] queued jobs to complete 117.972228ms
I260828 16:21:51.558158 66 upgrade/upgrademanager/manager.go:245  [T1,Vsystem,n1] 274  running permanent upgrade for version 0.0-upgrading-step-004
I260828 16:21:51.566670 66 upgrade/upgrademanager/manager.go:723  [T1,Vsystem,n1] 275  running intitialize the cluster
I260828 16:21:51.566868 1540 jobs/adopt.go:224  [T1,Vsystem,n1,job=1205415810033909761] 276  job 1205415810033909761: resuming execution
I260828 16:21:51.576931 1535 jobs/registry.go:1679  [T1,Vsystem,n1,job=1205415810033909761] 277  MIGRATION job 1205415810033909761: stepping through state running
I260828 16:21:51.587646 1535 1@jobs/structured_log.go:48  [T1,Vsystem,n1,job=1205415810033909761] 278 ={"Timestamp":1787934111587642546,"EventType":"status_change","JobID":1205415810033909761,"JobType":"MIGRATION","Description":"status changed to: running","PreviousStatus":"running","NewStatus":"running","RunNum":0}
I260828 16:21:51.589419 1535 upgrade/upgrades/permanent_upgrades.go:77  [T1,Vsystem,n1,job=MIGRATION id=1205415810033909761,upgrade=0.0-upgrading-step-004] 279  executing bootstrap step "add users and roles"
I260828 16:21:51.604759 1535 upgrade/upgrades/permanent_upgrades.go:77  [T1,Vsystem,n1,job=MIGRATION id=1205415810033909761,upgrade=0.0-upgrading-step-004] 280  executing bootstrap step "enable diagnostics reporting"
I260828 16:21:51.607338 1582 1@util/log/event_log.go:39  [T1,Vsystem,n1,job=MIGRATION id=1205415810033909761,upgrade=0.0-upgrading-step-004,intExec=optInToDiagnosticsStatReporting] 281 ={"Timestamp":1787934111605596999,"EventType":"set_cluster_setting","Statement":"SET CLUSTER SETTING \"diagnostics.reporting.enabled\" = true","Tag":"SET CLUSTER SETTING","User":"node","ApplicationName":"$ internal-optInToDiagnosticsStatReporting","SettingName":"diagnostics.reporting.enabled","Value":"true"}
I260828 16:21:51.607755 1535 upgrade/upgrades/permanent_upgrades.go:77  [T1,Vsystem,n1,job=MIGRATION id=1205415810033909761,upgrade=0.0-upgrading-step-004] 282  executing bootstrap step "initialize the cluster.secret setting"
I260828 16:21:51.609393 1535 upgrade/upgrades/permanent_upgrades.go:77  [T1,Vsystem,n1,job=MIGRATION id=1205415810033909761,upgrade=0.0-upgrading-step-004] 283  executing bootstrap step "update system.locations with default location data"
I260828 16:21:51.617725 1535 upgrade/upgrades/permanent_upgrades.go:77  [T1,Vsystem,n1,job=MIGRATION id=1205415810033909761,upgrade=0.0-upgrading-step-004] 284  executing bootstrap step "create default databases"
I260828 16:21:51.622536 1620 sql/schemachanger/scbuild/event_log.go:61  [T1,Vsystem,n1,job=MIGRATION id=1205415810033909761,upgrade=0.0-upgrading-step-004,intExec=create-default-DB] 285  event logging for declarative schema change targets built for CREATE DATABASE
I260828 16:21:51.622741 1620 sql/schemachanger/scplan/plan.go:95  [T1,Vsystem,n1,job=MIGRATION id=1205415810033909761,upgrade=0.0-upgrading-step-004,intExec=create-default-DB] 286  building declarative schema changer plan in StatementPhase (rollback=false) for CREATE DATABASE
I260828 16:21:51.624670 1620 sql/schemachanger/scrun/scrun.go:186  [T1,Vsystem,n1,job=MIGRATION id=1205415810033909761,upgrade=0.0-upgrading-step-004,intExec=create-default-DB] 287  executing declarative schema change StatementPhase stage 1 of 1 with 17 MutationType ops (rollback=false) for CREATE DATABASE
I260828 16:21:51.624984 1620 sql/schemachanger/scplan/plan.go:95  [T1,Vsystem,n1,job=MIGRATION id=1205415810033909761,upgrade=0.0-upgrading-step-004,intExec=create-default-DB] 288  building declarative schema changer plan in PreCommitPhase (rollback=false) for CREATE DATABASE
I260828 16:21:51.626299 1620 sql/schemachanger/scrun/scrun.go:186  [T1,Vsystem,n1,job=MIGRATION id=1205415810033909761,upgrade=0.0-upgrading-step-004,intExec=create-default-DB] 289  executing declarative schema change PreCommitPhase stage 1 of 2 with 1 MutationType op (rollback=false) for CREATE DATABASE
I260828 16:21:51.626347 1620 sql/schemachanger/scrun/scrun.go:186  [T1,Vsystem,n1,job=MIGRATION id=1205415810033909761,upgrade=0.0-upgrading-step-004,intExec=create-default-DB] 290  executing declarative schema change PreCommitPhase stage 2 of 2 with 17 MutationType ops (rollback=false) for CREATE DATABASE
I260828 16:21:51.627031 1620 5@util/log/event_log.go:39  [T1,Vsystem,n1,job=MIGRATION id=1205415810033909761,upgrade=0.0-upgrading-step-004,intExec=create-default-DB] 291 ={"Timestamp":1787934111617972292,"EventType":"create_database","Statement":"CREATE DATABASE IF NOT EXISTS defaultdb OWNER = root","Tag":"CREATE DATABASE","User":"node","DescriptorID":100,"ApplicationName":"$ internal-create-default-DB","DatabaseName":"defaultdb"}
I260828 16:21:51.631858 1627 sql/schemachanger/scbuild/event_log.go:61  [T1,Vsystem,n1,job=MIGRATION id=1205415810033909761,upgrade=0.0-upgrading-step-004,intExec=create-default-DB] 292  event logging for declarative schema change targets built for CREATE DATABASE
I260828 16:21:51.631967 1627 sql/schemachanger/scplan/plan.go:95  [T1,Vsystem,n1,job=MIGRATION id=1205415810033909761,upgrade=0.0-upgrading-step-004,intExec=create-default-DB] 293  building declarative schema changer plan in StatementPhase (rollback=false) for CREATE DATABASE
I260828 16:21:51.633491 1627 sql/schemachanger/scrun/scrun.go:186  [T1,Vsystem,n1,job=MIGRATION id=1205415810033909761,upgrade=0.0-upgrading-step-004,intExec=create-default-DB] 294  executing declarative schema change StatementPhase stage 1 of 1 with 17 MutationType ops (rollback=false) for CREATE DATABASE
I260828 16:21:51.633690 1627 sql/schemachanger/scplan/plan.go:95  [T1,Vsystem,n1,job=MIGRATION id=1205415810033909761,upgrade=0.0-upgrading-step-004,intExec=create-default-DB] 295  building declarative schema changer plan in PreCommitPhase (rollback=false) for CREATE DATABASE
I260828 16:21:51.634966 1627 sql/schemachanger/scrun/scrun.go:186  [T1,Vsystem,n1,job=MIGRATION id=1205415810033909761,upgrade=0.0-upgrading-step-004,intExec=create-default-DB] 296  executing declarative schema change PreCommitPhase stage 1 of 2 with 1 MutationType op (rollback=false) for CREATE DATABASE
I260828 16:21:51.635006 1627 sql/schemachanger/scrun/scrun.go:186  [T1,Vsystem,n1,job=MIGRATION id=1205415810033909761,upgrade=0.0-upgrading-step-004,intExec=create-default-DB] 297  executing declarative schema change PreCommitPhase stage 2 of 2 with 17 MutationType ops (rollback=false) for CREATE DATABASE
I260828 16:21:51.635751 1627 5@util/log/event_log.go:39  [T1,Vsystem,n1,job=MIGRATION id=1205415810033909761,upgrade=0.0-upgrading-step-004,intExec=create-default-DB] 298 ={"Timestamp":1787934111630366218,"EventType":"create_database","Statement":"CREATE DATABASE IF NOT EXISTS postgres OWNER = root","Tag":"CREATE DATABASE","User":"node","DescriptorID":102,"ApplicationName":"$ internal-create-default-DB","DatabaseName":"postgres"}
I260828 16:21:51.636486 1535 upgrade/upgrades/permanent_upgrades.go:77  [T1,Vsystem,n1,job=MIGRATION id=1205415810033909761,upgrade=0.0-upgrading-step-004] 299  executing bootstrap step "create jobs metrics polling job"
I260828 16:21:51.640107 1535 upgrade/upgrades/permanent_upgrades.go:77  [T1,Vsystem,n1,job=MIGRATION id=1205415810033909761,upgrade=0.0-upgrading-step-004] 300  executing bootstrap step "create sql activity updater job"
I260828 16:21:51.643506 1535 upgrade/upgrades/permanent_upgrades.go:77  [T1,Vsystem,n1,job=MIGRATION id=1205415810033909761,upgrade=0.0-upgrading-step-004] 301  executing bootstrap step "create mvcc stats job"
I260828 16:21:51.646724 1535 upgrade/upgrades/permanent_upgrades.go:77  [T1,Vsystem,n1,job=MIGRATION id=1205415810033909761,upgrade=0.0-upgrading-step-004] 302  executing bootstrap step "create update cached table metadata job"
I260828 16:21:51.650174 1535 upgrade/upgrades/permanent_upgrades.go:77  [T1,Vsystem,n1,job=MIGRATION id=1205415810033909761,upgrade=0.0-upgrading-step-004] 303  executing bootstrap step "maybe initialize replication standby read-only catalog"
I260828 16:21:51.651018 1535 jobs/registry.go:1679  [T1,Vsystem,n1,job=1205415810033909761] 304  MIGRATION job 1205415810033909761: stepping through state succeeded
I260828 16:21:51.660178 1535 1@jobs/structured_log.go:48  [T1,Vsystem,n1,job=1205415810033909761] 305 ={"Timestamp":1787934111660175900,"EventType":"status_change","JobID":1205415810033909761,"JobType":"MIGRATION","Description":"status changed to: succeeded","PreviousStatus":"running","NewStatus":"succeeded","RunNum":0}
I260828 16:21:51.667406 66 jobs/wait.go:148  [T1,Vsystem,n1] 306  waited for 1 [1205415810033909761] queued jobs to complete 100.570479ms
I260828 16:21:51.667439 66 server/server_sql.go:1711  [T1,Vsystem,n1] 307  done ensuring all necessary startup migrations have run
I260828 16:21:51.667776 66 server/license/enforcer.go:262  [T1,Vsystem,n1] 308  trial license expiry initialized to 1970-01-01 00:00:00 +0000 UTC
I260828 16:21:51.670444 66 server/license/enforcer.go:293  [T1,Vsystem,n1] 309  generated new cluster init grace period end time: 2026-09-04 16:21:51.237251007 +0000 UTC
I260828 16:21:51.671103 66 server/license/enforcer.go:498  [T1,Vsystem,n1] 310  enforcer license updated: type is none, grace period ends at "2026-09-04 16:21:51 +0000 UTC", telemetry required: false
I260828 16:21:51.671189 66 server/license/enforcer.go:498  [T1,Vsystem,n1] 311  enforcer license updated: type is none, grace period ends at "2026-09-04 16:21:51 +0000 UTC", telemetry required: false
I260828 16:21:51.671615 1778 kv/kvclient/rangefeed/rangefeedcache/watcher.go:340  [T1,Vsystem,n1] 312  tenant-settings-watcher: established range feed cache
I260828 16:21:51.672001 1780 kv/kvclient/rangefeed/rangefeedcache/watcher.go:340  [T1,Vsystem,n1] 313  tenant-entry-watcher: established range feed cache
I260828 16:21:51.672312 1780 multitenant/tenantcapabilities/tenantcapabilitieswatcher/watcher.go:285  [T1,Vsystem,n1] 314  received results of a full table scan for tenant capabilities
I260828 16:21:51.672604 1750 sql/syntheticprivilegecache/cache.go:202  [T1,Vsystem,n1] 315  warmed privileges for virtual tables in 4.661487ms
I260828 16:21:51.673182 1675 jobs/job_scheduler.go:407  [T1,Vsystem,n1] 316  waiting 4m0s before scheduled jobs daemon start
I260828 16:21:51.675113 1680 server/auto_upgrade.go:81  [T1,Vsystem,n1] 317  no need to upgrade, cluster already at the newest version
I260828 16:21:51.676065 66 server/license/enforcer.go:582  [T1,Vsystem,n1] 318  disable all license enforcement
I260828 16:21:51.689079 1846 sql/schemachanger/scbuild/event_log.go:61  [T1,Vsystem,n1,intExec=set-zone] 319  event logging for declarative schema change targets built for CONFIGURE ZONE
I260828 16:21:51.689196 1846 sql/schemachanger/scplan/plan.go:95  [T1,Vsystem,n1,intExec=set-zone] 320  building declarative schema changer plan in StatementPhase (rollback=false) for CONFIGURE ZONE
I260828 16:21:51.689702 1846 sql/schemachanger/scrun/scrun.go:186  [T1,Vsystem,n1,intExec=set-zone] 321  executing declarative schema change StatementPhase stage 1 of 1 with 1 MutationType op (rollback=false) for CONFIGURE ZONE
I260828 16:21:51.689847 1846 sql/schemachanger/scplan/plan.go:95  [T1,Vsystem,n1,intExec=set-zone] 322  building declarative schema changer plan in PreCommitPhase (rollback=false) for CONFIGURE ZONE
I260828 16:21:51.690181 1846 sql/schemachanger/scrun/scrun.go:186  [T1,Vsystem,n1,intExec=set-zone] 323  executing declarative schema change PreCommitPhase stage 1 of 2 with 1 MutationType op (rollback=false) for CONFIGURE ZONE
I260828 16:21:51.690215 1846 sql/schemachanger/scrun/scrun.go:186  [T1,Vsystem,n1,intExec=set-zone] 324  executing declarative schema change PreCommitPhase stage 2 of 2 with 1 MutationType op (rollback=false) for CONFIGURE ZONE
I260828 16:21:51.690835 1846 1@util/log/event_log.go:39  [T1,Vsystem,n1,intExec=set-zone] 325 ={"Timestamp":1787934111688475200,"EventType":"set_zone_config","Statement":"ALTER RANGE default CONFIGURE ZONE USING num_replicas = 1","Tag":"CONFIGURE ZONE","User":"node","ApplicationName":"$ internal-set-zone","Target":"RANGE default","Options":["num_replicas = 1"],"ResolvedOldConfig":"range_min_bytes:134217728 range_max_bytes:536870912 gc:<ttl_seconds:14400 > num_replicas:3 inherited_constraints:false null_voter_constraints_is_empty:true inherited_lease_preferences:false "}
I260828 16:21:51.692043 1851 sql/schemachanger/scbuild/event_log.go:61  [T1,Vsystem,n1,intExec=set-zone] 326  event logging for declarative schema change targets built for CONFIGURE ZONE
I260828 16:21:51.692147 1851 sql/schemachanger/scplan/plan.go:95  [T1,Vsystem,n1,intExec=set-zone] 327  building declarative schema changer plan in StatementPhase (rollback=false) for CONFIGURE ZONE
I260828 16:21:51.692669 1851 sql/schemachanger/scrun/scrun.go:186  [T1,Vsystem,n1,intExec=set-zone] 328  executing declarative schema change StatementPhase stage 1 of 1 with 1 MutationType op (rollback=false) for CONFIGURE ZONE
I260828 16:21:51.692856 1851 sql/schemachanger/scplan/plan.go:95  [T1,Vsystem,n1,intExec=set-zone] 329  building declarative schema changer plan in PreCommitPhase (rollback=false) for CONFIGURE ZONE
I260828 16:21:51.693211 1851 sql/schemachanger/scrun/scrun.go:186  [T1,Vsystem,n1,intExec=set-zone] 330  executing declarative schema change PreCommitPhase stage 1 of 2 with 1 MutationType op (rollback=false) for CONFIGURE ZONE
I260828 16:21:51.693243 1851 sql/schemachanger/scrun/scrun.go:186  [T1,Vsystem,n1,intExec=set-zone] 331  executing declarative schema change PreCommitPhase stage 2 of 2 with 1 MutationType op (rollback=false) for CONFIGURE ZONE
I260828 16:21:51.693791 1851 1@util/log/event_log.go:39  [T1,Vsystem,n1,intExec=set-zone] 332 ={"Timestamp":1787934111691068093,"EventType":"set_zone_config","Statement":"ALTER DATABASE system CONFIGURE ZONE USING num_replicas = 1","Tag":"CONFIGURE ZONE","User":"node","DescriptorID":1,"ApplicationName":"$ internal-set-zone","Target":"DATABASE system","Options":["num_replicas = 1"],"ResolvedOldConfig":"range_min_bytes:134217728 range_max_bytes:536870912 gc:<ttl_seconds:14400 > num_replicas:5 inherited_constraints:false null_voter_constraints_is_empty:true inherited_lease_preferences:false "}
I260828 16:21:51.695892 1860 1@util/log/event_log.go:39  [T1,Vsystem,n1,intExec=set-zone] 333 ={"Timestamp":1787934111694016397,"EventType":"set_zone_config","Statement":"ALTER TABLE system.public.lease CONFIGURE ZONE USING num_replicas = 1","Tag":"CONFIGURE ZONE","User":"node","DescriptorID":11,"ApplicationName":"$ internal-set-zone","Target":"TABLE system.public.lease","Options":["num_replicas = 1"],"ResolvedOldConfig":"range_min_bytes:134217728 range_max_bytes:536870912 gc:<ttl_seconds:600 > num_replicas:1 inherited_constraints:false null_voter_constraints_is_empty:true inherited_lease_preferences:false "}
I260828 16:21:51.697074 1868 sql/schemachanger/scbuild/event_log.go:61  [T1,Vsystem,n1,intExec=set-zone] 334  event logging for declarative schema change targets built for CONFIGURE ZONE
I260828 16:21:51.697176 1868 sql/schemachanger/scplan/plan.go:95  [T1,Vsystem,n1,intExec=set-zone] 335  building declarative schema changer plan in StatementPhase (rollback=false) for CONFIGURE ZONE
I260828 16:21:51.697585 1868 sql/schemachanger/scrun/scrun.go:186  [T1,Vsystem,n1,intExec=set-zone] 336  executing declarative schema change StatementPhase stage 1 of 1 with 1 MutationType op (rollback=false) for CONFIGURE ZONE
I260828 16:21:51.697730 1868 sql/schemachanger/scplan/plan.go:95  [T1,Vsystem,n1,intExec=set-zone] 337  building declarative schema changer plan in PreCommitPhase (rollback=false) for CONFIGURE ZONE
I260828 16:21:51.698082 1868 sql/schemachanger/scrun/scrun.go:186  [T1,Vsystem,n1,intExec=set-zone] 338  executing declarative schema change PreCommitPhase stage 1 of 2 with 1 MutationType op (rollback=false) for CONFIGURE ZONE
I260828 16:21:51.698160 1868 sql/schemachanger/scrun/scrun.go:186  [T1,Vsystem,n1,intExec=set-zone] 339  executing declarative schema change PreCommitPhase stage 2 of 2 with 1 MutationType op (rollback=false) for CONFIGURE ZONE
I260828 16:21:51.698766 1868 1@util/log/event_log.go:39  [T1,Vsystem,n1,intExec=set-zone] 340 ={"Timestamp":1787934111696124033,"EventType":"set_zone_config","Statement":"ALTER RANGE meta CONFIGURE ZONE USING num_replicas = 1","Tag":"CONFIGURE ZONE","User":"node","DescriptorID":16,"ApplicationName":"$ internal-set-zone","Target":"RANGE meta","Options":["num_replicas = 1"],"ResolvedOldConfig":"range_min_bytes:134217728 range_max_bytes:536870912 gc:<ttl_seconds:3600 > num_replicas:5 inherited_constraints:false null_voter_constraints_is_empty:true inherited_lease_preferences:false "}
I260828 16:21:51.699965 1893 sql/schemachanger/scbuild/event_log.go:61  [T1,Vsystem,n1,intExec=set-zone] 341  event logging for declarative schema change targets built for CONFIGURE ZONE
I260828 16:21:51.700115 1893 sql/schemachanger/scplan/plan.go:95  [T1,Vsystem,n1,intExec=set-zone] 342  building declarative schema changer plan in StatementPhase (rollback=false) for CONFIGURE ZONE
I260828 16:21:51.700514 1893 sql/schemachanger/scrun/scrun.go:186  [T1,Vsystem,n1,intExec=set-zone] 343  executing declarative schema change StatementPhase stage 1 of 1 with 1 MutationType op (rollback=false) for CONFIGURE ZONE
I260828 16:21:51.700728 1893 sql/schemachanger/scplan/plan.go:95  [T1,Vsystem,n1,intExec=set-zone] 344  building declarative schema changer plan in PreCommitPhase (rollback=false) for CONFIGURE ZONE
I260828 16:21:51.701070 1893 sql/schemachanger/scrun/scrun.go:186  [T1,Vsystem,n1,intExec=set-zone] 345  executing declarative schema change PreCommitPhase stage 1 of 2 with 1 MutationType op (rollback=false) for CONFIGURE ZONE
I260828 16:21:51.701096 1893 sql/schemachanger/scrun/scrun.go:186  [T1,Vsystem,n1,intExec=set-zone] 346  executing declarative schema change PreCommitPhase stage 2 of 2 with 1 MutationType op (rollback=false) for CONFIGURE ZONE
I260828 16:21:51.701711 1893 1@util/log/event_log.go:39  [T1,Vsystem,n1,intExec=set-zone] 347 ={"Timestamp":1787934111699087175,"EventType":"set_zone_config","Statement":"ALTER RANGE system CONFIGURE ZONE USING num_replicas = 1","Tag":"CONFIGURE ZONE","User":"node","DescriptorID":17,"ApplicationName":"$ internal-set-zone","Target":"RANGE system","Options":["num_replicas = 1"],"ResolvedOldConfig":"range_min_bytes:134217728 range_max_bytes:536870912 gc:<ttl_seconds:14400 > num_replicas:5 inherited_constraints:false null_voter_constraints_is_empty:true inherited_lease_preferences:false "}
I260828 16:21:51.702981 1900 sql/schemachanger/scbuild/event_log.go:61  [T1,Vsystem,n1,intExec=set-zone] 348  event logging for declarative schema change targets built for CONFIGURE ZONE
I260828 16:21:51.703087 1900 sql/schemachanger/scplan/plan.go:95  [T1,Vsystem,n1,intExec=set-zone] 349  building declarative schema changer plan in StatementPhase (rollback=false) for CONFIGURE ZONE
I260828 16:21:51.703618 1900 sql/schemachanger/scrun/scrun.go:186  [T1,Vsystem,n1,intExec=set-zone] 350  executing declarative schema change StatementPhase stage 1 of 1 with 1 MutationType op (rollback=false) for CONFIGURE ZONE
I260828 16:21:51.703793 1900 sql/schemachanger/scplan/plan.go:95  [T1,Vsystem,n1,intExec=set-zone] 351  building declarative schema changer plan in PreCommitPhase (rollback=false) for CONFIGURE ZONE
I260828 16:21:51.704192 1900 sql/schemachanger/scrun/scrun.go:186  [T1,Vsystem,n1,intExec=set-zone] 352  executing declarative schema change PreCommitPhase stage 1 of 2 with 1 MutationType op (rollback=false) for CONFIGURE ZONE
I260828 16:21:51.704223 1900 sql/schemachanger/scrun/scrun.go:186  [T1,Vsystem,n1,intExec=set-zone] 353  executing declarative schema change PreCommitPhase stage 2 of 2 with 1 MutationType op (rollback=false) for CONFIGURE ZONE
I260828 16:21:51.704812 1900 1@util/log/event_log.go:39  [T1,Vsystem,n1,intExec=set-zone] 354 ={"Timestamp":1787934111701978699,"EventType":"set_zone_config","Statement":"ALTER RANGE timeseries CONFIGURE ZONE USING num_replicas = 1","Tag":"CONFIGURE ZONE","User":"node","DescriptorID":18,"ApplicationName":"$ internal-set-zone","Target":"RANGE timeseries","Options":["num_replicas = 1"],"ResolvedOldConfig":"gc:<ttl_seconds:14400 > inherited_constraints:true null_voter_constraints_is_empty:false inherited_lease_preferences:true "}
I260828 16:21:51.705925 1926 sql/schemachanger/scbuild/event_log.go:61  [T1,Vsystem,n1,intExec=set-zone] 355  event logging for declarative schema change targets built for CONFIGURE ZONE
I260828 16:21:51.706075 1926 sql/schemachanger/scplan/plan.go:95  [T1,Vsystem,n1,intExec=set-zone] 356  building declarative schema changer plan in StatementPhase (rollback=false) for CONFIGURE ZONE
I260828 16:21:51.706456 1926 sql/schemachanger/scrun/scrun.go:186  [T1,Vsystem,n1,intExec=set-zone] 357  executing declarative schema change StatementPhase stage 1 of 1 with 1 MutationType op (rollback=false) for CONFIGURE ZONE
I260828 16:21:51.706627 1926 sql/schemachanger/scplan/plan.go:95  [T1,Vsystem,n1,intExec=set-zone] 358  building declarative schema changer plan in PreCommitPhase (rollback=false) for CONFIGURE ZONE
I260828 16:21:51.706970 1926 sql/schemachanger/scrun/scrun.go:186  [T1,Vsystem,n1,intExec=set-zone] 359  executing declarative schema change PreCommitPhase stage 1 of 2 with 1 MutationType op (rollback=false) for CONFIGURE ZONE
I260828 16:21:51.707001 1926 sql/schemachanger/scrun/scrun.go:186  [T1,Vsystem,n1,intExec=set-zone] 360  executing declarative schema change PreCommitPhase stage 2 of 2 with 1 MutationType op (rollback=false) for CONFIGURE ZONE
I260828 16:21:51.707632 1926 1@util/log/event_log.go:39  [T1,Vsystem,n1,intExec=set-zone] 361 ={"Timestamp":1787934111705022752,"EventType":"set_zone_config","Statement":"ALTER RANGE liveness CONFIGURE ZONE USING num_replicas = 1","Tag":"CONFIGURE ZONE","User":"node","DescriptorID":22,"ApplicationName":"$ internal-set-zone","Target":"RANGE liveness","Options":["num_replicas = 1"],"ResolvedOldConfig":"range_min_bytes:134217728 range_max_bytes:536870912 gc:<ttl_seconds:600 > num_replicas:5 inherited_constraints:false null_voter_constraints_is_empty:true inherited_lease_preferences:false "}
I260828 16:21:51.710088 1934 1@util/log/event_log.go:39  [T1,Vsystem,n1,intExec=set-zone] 362 ={"Timestamp":1787934111707872818,"EventType":"set_zone_config","Statement":"ALTER TABLE system.public.replication_constraint_stats CONFIGURE ZONE USING num_replicas = 1","Tag":"CONFIGURE ZONE","User":"node","DescriptorID":25,"ApplicationName":"$ internal-set-zone","Target":"TABLE system.public.replication_constraint_stats","Options":["num_replicas = 1"],"ResolvedOldConfig":"range_min_bytes:134217728 range_max_bytes:536870912 gc:<ttl_seconds:600 > num_replicas:1 inherited_constraints:false null_voter_constraints_is_empty:true inherited_lease_preferences:false "}
I260828 16:21:51.712408 1916 1@util/log/event_log.go:39  [T1,Vsystem,n1,intExec=set-zone] 363 ={"Timestamp":1787934111710430037,"EventType":"set_zone_config","Statement":"ALTER TABLE system.public.replication_stats CONFIGURE ZONE USING num_replicas = 1","Tag":"CONFIGURE ZONE","User":"node","DescriptorID":27,"ApplicationName":"$ internal-set-zone","Target":"TABLE system.public.replication_stats","Options":["num_replicas = 1"],"ResolvedOldConfig":"range_min_bytes:134217728 range_max_bytes:536870912 gc:<ttl_seconds:600 > num_replicas:1 inherited_constraints:false null_voter_constraints_is_empty:true inherited_lease_preferences:false "}
I260828 16:21:51.716700 1889 1@util/log/event_log.go:39  [T1,Vsystem,n1,intExec=set-zone] 364 ={"Timestamp":1787934111712645446,"EventType":"set_zone_config","Statement":"ALTER TABLE system.public.statement_statistics CONFIGURE ZONE USING num_replicas = 1","Tag":"CONFIGURE ZONE","User":"node","DescriptorID":42,"ApplicationName":"$ internal-set-zone","Target":"TABLE system.public.statement_statistics","Options":["num_replicas = 1"],"ResolvedOldConfig":"range_min_bytes:134217728 range_max_bytes:536870912 gc:<ttl_seconds:3600 > num_replicas:1 inherited_constraints:false null_voter_constraints_is_empty:true inherited_lease_preferences:false "}
I260828 16:21:51.720541 1945 1@util/log/event_log.go:39  [T1,Vsystem,n1,intExec=set-zone] 365 ={"Timestamp":1787934111716943966,"EventType":"set_zone_config","Statement":"ALTER TABLE system.public.transaction_statistics CONFIGURE ZONE USING num_replicas = 1","Tag":"CONFIGURE ZONE","User":"node","DescriptorID":43,"ApplicationName":"$ internal-set-zone","Target":"TABLE system.public.transaction_statistics","Options":["num_replicas = 1"],"ResolvedOldConfig":"range_min_bytes:134217728 range_max_bytes:536870912 gc:<ttl_seconds:3600 > num_replicas:1 inherited_constraints:false null_voter_constraints_is_empty:true inherited_lease_preferences:false "}
I260828 16:21:51.722935 1985 1@util/log/event_log.go:39  [T1,Vsystem,n1,intExec=set-zone] 366 ={"Timestamp":1787934111720885701,"EventType":"set_zone_config","Statement":"ALTER TABLE system.public.tenant_usage CONFIGURE ZONE USING num_replicas = 1","Tag":"CONFIGURE ZONE","User":"node","DescriptorID":45,"ApplicationName":"$ internal-set-zone","Target":"TABLE system.public.tenant_usage","Options":["num_replicas = 1"],"ResolvedOldConfig":"range_min_bytes:134217728 range_max_bytes:536870912 gc:<ttl_seconds:7200 > num_replicas:1 inherited_constraints:false null_voter_constraints_is_empty:true inherited_lease_preferences:false "}
I260828 16:21:51.724939 1994 1@util/log/event_log.go:39  [T1,Vsystem,n1,intExec=set-zone] 367 ={"Timestamp":1787934111723228022,"EventType":"set_zone_config","Statement":"ALTER TABLE system.public.span_stats_tenant_boundaries CONFIGURE ZONE USING num_replicas = 1","Tag":"CONFIGURE ZONE","User":"node","DescriptorID":58,"ApplicationName":"$ internal-set-zone","Target":"TABLE system.public.span_stats_tenant_boundaries","Options":["num_replicas = 1"],"ResolvedOldConfig":"range_min_bytes:134217728 range_max_bytes:536870912 gc:<ttl_seconds:3600 > num_replicas:1 inherited_constraints:false null_voter_constraints_is_empty:true inherited_lease_preferences:false "}
I260828 16:21:51.727956 2011 1@util/log/event_log.go:39  [T1,Vsystem,n1,intExec=set-zone] 368 ={"Timestamp":1787934111725182913,"EventType":"set_zone_config","Statement":"ALTER TABLE system.public.statement_activity CONFIGURE ZONE USING num_replicas = 1","Tag":"CONFIGURE ZONE","User":"node","DescriptorID":61,"ApplicationName":"$ internal-set-zone","Target":"TABLE system.public.statement_activity","Options":["num_replicas = 1"],"ResolvedOldConfig":"range_min_bytes:134217728 range_max_bytes:536870912 gc:<ttl_seconds:3600 > num_replicas:1 inherited_constraints:false null_voter_constraints_is_empty:true inherited_lease_preferences:false "}
I260828 16:21:51.730826 2016 1@util/log/event_log.go:39  [T1,Vsystem,n1,intExec=set-zone] 369 ={"Timestamp":1787934111728182059,"EventType":"set_zone_config","Statement":"ALTER TABLE system.public.transaction_activity CONFIGURE ZONE USING num_replicas = 1","Tag":"CONFIGURE ZONE","User":"node","DescriptorID":62,"ApplicationName":"$ internal-set-zone","Target":"TABLE system.public.transaction_activity","Options":["num_replicas = 1"],"ResolvedOldConfig":"range_min_bytes:134217728 range_max_bytes:536870912 gc:<ttl_seconds:3600 > num_replicas:1 inherited_constraints:false null_voter_constraints_is_empty:true inherited_lease_preferences:false "}
I260828 16:21:51.730927 66 1@server/initial_sql.go:47  [T1,Vsystem,n1] 370  Replication was disabled for this cluster.
I260828 16:21:51.730927 66 1@server/initial_sql.go:47  [T1,Vsystem,n1] 370 +When/if adding nodes in the future, update zone configurations to increase the replication factor.
I260828 16:21:51.731002 66 1@server/server_sql.go:1962  [T1,Vsystem,n1] 371  serving sql connections
I260828 16:21:51.731175 66 1@cli/start.go:1294  [T1,Vsystem,n1] 372  node startup completed:
I260828 16:21:51.731175 66 1@cli/start.go:1294  [T1,Vsystem,n1] 372 +CockroachDB node starting at 2026-08-28 16:21:51.731027067 +0000 UTC m=+0.628649219 (took 0.5s)
I260828 16:21:51.731175 66 1@cli/start.go:1294  [T1,Vsystem,n1] 372 +build:               CCL v25.1.6 @ 2025/05/09 15:48:03 (go1.22.8 X:nocoverageredesign)
I260828 16:21:51.731175 66 1@cli/start.go:1294  [T1,Vsystem,n1] 372 +malloc_conf:         prof:false,prof_active:true,background_thread:true,thp:never,metadata_thp:disabled,narenas:16,dirty_decay_ms:2000,muzzy_decay_ms:0
I260828 16:21:51.731175 66 1@cli/start.go:1294  [T1,Vsystem,n1] 372 +webui:               http://127.0.0.1:8080
I260828 16:21:51.731175 66 1@cli/start.go:1294  [T1,Vsystem,n1] 372 +sql:                 postgresql://root@127.0.0.1:26257/defaultdb?sslmode=disable
I260828 16:21:51.731175 66 1@cli/start.go:1294  [T1,Vsystem,n1] 372 +sql (JDBC):          jdbc:postgresql://127.0.0.1:26257/defaultdb?sslmode=disable&user=root
I260828 16:21:51.731175 66 1@cli/start.go:1294  [T1,Vsystem,n1] 372 +RPC client flags:    /cockroach/cockroach <client cmd> --host=127.0.0.1:26257 --insecure
I260828 16:21:51.731175 66 1@cli/start.go:1294  [T1,Vsystem,n1] 372 +logs:                /cockroach/cockroach-data/logs
I260828 16:21:51.731175 66 1@cli/start.go:1294  [T1,Vsystem,n1] 372 +temp dir:            /tmp/cockroach-temp571050638
I260828 16:21:51.731175 66 1@cli/start.go:1294  [T1,Vsystem,n1] 372 +external I/O path:   <disabled>
I260828 16:21:51.731175 66 1@cli/start.go:1294  [T1,Vsystem,n1] 372 +store[0]:            type=mem,size=1.0 GiB
I260828 16:21:51.731175 66 1@cli/start.go:1294  [T1,Vsystem,n1] 372 +storage engine:      pebble
I260828 16:21:51.731175 66 1@cli/start.go:1294  [T1,Vsystem,n1] 372 +clusterID:           aae072ad-11f4-4ecc-aeae-9501076dd80c
I260828 16:21:51.731175 66 1@cli/start.go:1294  [T1,Vsystem,n1] 372 +status:              initialized new cluster
I260828 16:21:51.731175 66 1@cli/start.go:1294  [T1,Vsystem,n1] 372 +nodeID:              1
I260828 16:21:51.731518 2032 4@util/log/event_log.go:39  [T1,Vsystem,n1,client=127.0.0.1:54234,hostnossl,user=root] 373 ={"Timestamp":1787934111731516179,"EventType":"client_authentication_ok","InstanceID":1,"Network":"tcp","RemoteAddress":"127.0.0.1:54234","SessionID":"18d0049a0b8c5c500000000000000001","Transport":"hostnossl","User":"root","SystemIdentity":"root","Method":"insecure"}
I260828 16:21:51.731673 2030 4@util/log/event_log.go:39  [T1,Vsystem,n1,client=[::1]:36662,hostnossl,user=root] 374 ={"Timestamp":1787934111731671224,"EventType":"client_authentication_ok","InstanceID":1,"Network":"tcp","RemoteAddress":"[::1]:36662","SessionID":"18d0049a0b8baabe0000000000000001","Transport":"hostnossl","User":"root","SystemIdentity":"root","Method":"insecure"}
I260828 16:21:51.732921 2028 4@util/log/event_log.go:39  [T1,Vsystem,n1,client=[::1]:36662,hostnossl,user=root] 375 ={"Timestamp":1787934111732918674,"EventType":"client_session_end","InstanceID":1,"Network":"tcp","RemoteAddress":"[::1]:36662","SessionID":"18d0049a0b8baabe0000000000000001","Duration":1653202}
I260828 16:21:51.735669 2027 4@util/log/event_log.go:39  [T1,Vsystem,n1,client=127.0.0.1:54234,hostnossl,user=root] 376 ={"Timestamp":1787934111735665404,"EventType":"client_session_end","InstanceID":1,"Network":"tcp","RemoteAddress":"127.0.0.1:54234","SessionID":"18d0049a0b8c5c500000000000000001","Duration":4354915}
database "defaultdb" already exists
I260828 16:21:51.965365 2102 4@util/log/event_log.go:39  [T1,Vsystem,n1,client=127.0.0.1:54244,hostnossl,user=root] 377 ={"Timestamp":1787934111965360039,"EventType":"client_authentication_ok","InstanceID":1,"Network":"tcp","RemoteAddress":"127.0.0.1:54244","SessionID":"18d0049a197b4d240000000000000001","Transport":"hostnossl","User":"root","SystemIdentity":"root","Method":"insecure"}
I260828 16:21:51.965918 2100 4@util/log/event_log.go:39  [T1,Vsystem,n1,client=127.0.0.1:54244,hostnossl,user=root] 378 ={"Timestamp":1787934111965915016,"EventType":"client_session_end","InstanceID":1,"Network":"tcp","RemoteAddress":"127.0.0.1:54244","SessionID":"18d0049a197b4d240000000000000001","Duration":840467}
start running init files from /docker-entrypoint-initdb.d
/cockroach/cockroach.sh: ignoring /docker-entrypoint-initdb.d/*

end running init files from /docker-entrypoint-initdb.d
"${start_node_query[@]}"
I260828 16:21:52.012099 2106 4@util/log/event_log.go:39  [T1,Vsystem,n1,client=[::1]:36678,hostnossl,user=root] 379 ={"Timestamp":1787934112012095387,"EventType":"client_authentication_ok","InstanceID":1,"Network":"tcp","RemoteAddress":"[::1]:36678","SessionID":"18d0049a1c454bf80000000000000001","Transport":"hostnossl","User":"root","SystemIdentity":"root","Method":"insecure"}
I260828 16:21:52.014193 2106 sql/schemachanger/scbuild/event_log.go:61  [T1,Vsystem,n1,client=[::1]:36678,hostnossl,user=root] 380  event logging for declarative schema change targets built for CREATE DATABASE
I260828 16:21:52.014377 2106 sql/schemachanger/scplan/plan.go:95  [T1,Vsystem,n1,client=[::1]:36678,hostnossl,user=root] 381  building declarative schema changer plan in StatementPhase (rollback=false) for CREATE DATABASE
I260828 16:21:52.015860 2106 sql/schemachanger/scrun/scrun.go:186  [T1,Vsystem,n1,client=[::1]:36678,hostnossl,user=root] 382  executing declarative schema change StatementPhase stage 1 of 1 with 17 MutationType ops (rollback=false) for CREATE DATABASE
I260828 16:21:52.016089 2106 sql/schemachanger/scplan/plan.go:95  [T1,Vsystem,n1,client=[::1]:36678,hostnossl,user=root] 383  building declarative schema changer plan in PreCommitPhase (rollback=false) for CREATE DATABASE
I260828 16:21:52.017345 2106 sql/schemachanger/scrun/scrun.go:186  [T1,Vsystem,n1,client=[::1]:36678,hostnossl,user=root] 384  executing declarative schema change PreCommitPhase stage 1 of 2 with 1 MutationType op (rollback=false) for CREATE DATABASE
I260828 16:21:52.017381 2106 sql/schemachanger/scrun/scrun.go:186  [T1,Vsystem,n1,client=[::1]:36678,hostnossl,user=root] 385  executing declarative schema change PreCommitPhase stage 2 of 2 with 17 MutationType ops (rollback=false) for CREATE DATABASE
I260828 16:21:52.018212 2106 5@util/log/event_log.go:39  [T1,Vsystem,n1,client=[::1]:36678,hostnossl,user=root] 386 ={"Timestamp":1787934112012367904,"EventType":"create_database","Statement":"CREATE DATABASE IF NOT EXISTS trnm","Tag":"CREATE DATABASE","User":"root","DescriptorID":104,"ApplicationName":"$ cockroach sql","DatabaseName":"trnm"}
I260828 16:21:52.019385 2104 4@util/log/event_log.go:39  [T1,Vsystem,n1,client=[::1]:36678,hostnossl,user=root] 387 ={"Timestamp":1787934112019382747,"EventType":"client_session_end","InstanceID":1,"Network":"tcp","RemoteAddress":"[::1]:36678","SessionID":"18d0049a1c454bf80000000000000001","Duration":7516225}
I260828 16:21:52.166590 1676 server/diagnostics/update_checker.go:144  [T1,Vsystem,n1] 388  a new version is available: 26.2.3, details: https://www.cockroachlabs.com/docs/releases/v26.2#v26-2-3
I260828 16:21:52.324647 2162 2@rpc/peer.go:605  [T1,Vsystem,n1,rnode=1,raddr=127.0.0.1:26257,class=default,rpc] 389  connection is now healthy
I260828 16:21:52.324825 2179 2@rpc/peer.go:605  [T1,Vsystem,n1,rnode=1,raddr=127.0.0.1:26257,class=system,rpc] 390  connection is now healthy
I260828 16:21:52.386941 163 1@gossip/gossip.go:1476  [T1,Vsystem,n1] 391  node has connected to cluster via gossip
I260828 16:21:52.387100 163 kv/kvserver/stores.go:280  [T1,Vsystem,n1] 392  wrote 0 node addresses to persistent storage
I260828 16:21:55.610728 2272 4@util/log/event_log.go:39  [T1,Vsystem,n1,client=172.17.0.1:38456,hostnossl,user=root] 393 ={"Timestamp":1787934115610720891,"EventType":"client_authentication_ok","InstanceID":1,"Network":"tcp","RemoteAddress":"172.17.0.1:38456","SessionID":"18d0049af2c2b7110000000000000001","Transport":"hostnossl","User":"root","SystemIdentity":"root","Method":"insecure"}
I260828 16:21:55.616383 2272 5@util/log/event_log.go:39  [T1,Vsystem,n1,client=172.17.0.1:38456,hostnossl,user=root] 394 ={"Timestamp":1787934115612851482,"EventType":"create_table","Statement":"CREATE TABLE IF NOT EXISTS trnm.public.trnm_schema_migrations (profile STRING NOT NULL, version INT8 NOT NULL, contract_digest BYTES NOT NULL, applied_at TIMESTAMPTZ NOT NULL DEFAULT current_timestamp(), PRIMARY KEY (profile, version), CHECK (version > 0), CHECK (octet_length(contract_digest) = 32))","Tag":"CREATE TABLE","User":"root","DescriptorID":106,"TableName":"trnm.public.trnm_schema_migrations"}
I260828 16:21:55.623164 2272 5@util/log/event_log.go:39  [T1,Vsystem,n1,client=172.17.0.1:38456,hostnossl,user=root] 395 ={"Timestamp":1787934115620194840,"EventType":"create_table","Statement":"CREATE TABLE IF NOT EXISTS trnm.public.trnm_entity_heads (tenant_id UUID NOT NULL, entity_id UUID NOT NULL, revision INT8 NOT NULL, last_sequence INT8 NOT NULL, authority_generation INT8 NOT NULL, state_digest BYTES NOT NULL, updated_at TIMESTAMPTZ NOT NULL DEFAULT current_timestamp(), PRIMARY KEY (tenant_id, entity_id), CHECK (revision >= 0), CHECK (last_sequence >= 0), CHECK (authority_generation > 0), CHECK (octet_length(state_digest) = 32))","Tag":"CREATE TABLE","User":"root","DescriptorID":107,"TableName":"trnm.public.trnm_entity_heads"}
I260828 16:21:55.631852 2272 sql/table.go:205  [T1,Vsystem,n1,client=172.17.0.1:38456,hostnossl,user=root] 396  queued new schema-change job 1205415823382446081 for table 108, mutation 0
I260828 16:21:55.631912 2272 sql/table.go:205  [T1,Vsystem,n1,client=172.17.0.1:38456,hostnossl,user=root] 397  queued new schema-change job 1205415823382642689 for table 107, mutation 0
I260828 16:21:55.642582 2272 5@util/log/event_log.go:39  [T1,Vsystem,n1,client=172.17.0.1:38456,hostnossl,user=root] 398 ={"Timestamp":1787934115625832318,"EventType":"create_table","Statement":"CREATE TABLE IF NOT EXISTS trnm.public.trnm_command_receipts (tenant_id UUID NOT NULL, entity_id UUID NOT NULL, command_id UUID NOT NULL, fingerprint BYTES NOT NULL, committed_revision INT8 NOT NULL, committed_state_digest BYTES NOT NULL, first_sequence INT8, last_sequence INT8 NOT NULL, event_count INT4 NOT NULL, outbox_count INT4 NOT NULL, receipt_bytes BYTES NOT NULL, receipt_digest BYTES NOT NULL, committed_at TIMESTAMPTZ NOT NULL DEFAULT current_timestamp(), PRIMARY KEY (tenant_id, entity_id, command_id), CONSTRAINT trnm_receipt_entity_head_fk FOREIGN KEY (tenant_id, entity_id) REFERENCES trnm.public.trnm_entity_heads (tenant_id, entity_id) ON DELETE RESTRICT, CONSTRAINT trnm_receipt_sequence_shape_ck CHECK ((((event_count = 0) AND (first_sequence IS NULL)) AND (last_sequence >= 0)) OR ((((event_count > 0) AND (first_sequence IS NOT NULL)) AND (first_sequence > 0)) AND (last_sequence = ((first_sequence + event_count) - 1)))), CHECK (octet_length(fingerprint) = 32), CHECK (committed_revision > 0), CHECK (octet_length(committed_state_digest) = 32), CHECK (last_sequence >= 0), CHECK (event_count BETWEEN 0 AND 64), CHECK (outbox_count BETWEEN 0 AND 64), CHECK (octet_length(receipt_digest) = 32))","Tag":"CREATE TABLE","User":"root","DescriptorID":108,"TableName":"trnm.public.trnm_command_receipts"}
I260828 16:21:55.642707 2272 jobs/wait.go:56  [T1,Vsystem,n1,client=172.17.0.1:38456,hostnossl,user=root] 399  waiting for 2 [1205415823382446081 1205415823382642689] queued jobs to complete
I260828 16:21:55.642824 2361 jobs/adopt.go:224  [T1,Vsystem,n1,client=172.17.0.1:38456,hostnossl,user=root,job=1205415823382642689] 400  job 1205415823382642689: resuming execution
I260828 16:21:55.642831 2360 jobs/adopt.go:224  [T1,Vsystem,n1,client=172.17.0.1:38456,hostnossl,user=root,job=1205415823382446081] 401  job 1205415823382446081: resuming execution
I260828 16:21:55.650543 2370 jobs/registry.go:1679  [T1,Vsystem,n1,job=1205415823382642689] 403  SCHEMA CHANGE job 1205415823382642689: stepping through state running
I260828 16:21:55.650543 2312 jobs/registry.go:1679  [T1,Vsystem,n1,job=1205415823382446081] 402  SCHEMA CHANGE job 1205415823382446081: stepping through state running
I260828 16:21:55.656428 2370 1@jobs/structured_log.go:48  [T1,Vsystem,n1,job=1205415823382642689] 404 ={"Timestamp":1787934115656426312,"EventType":"status_change","JobID":1205415823382642689,"JobType":"SCHEMA CHANGE","Description":"status changed to: running","PreviousStatus":"running","NewStatus":"running","RunNum":0}
I260828 16:21:55.656428 2312 1@jobs/structured_log.go:48  [T1,Vsystem,n1,job=1205415823382446081] 405 ={"Timestamp":1787934115656426307,"EventType":"status_change","JobID":1205415823382446081,"JobType":"SCHEMA CHANGE","Description":"status changed to: running","PreviousStatus":"running","NewStatus":"running","RunNum":0}
I260828 16:21:55.658364 2370 sql/schema_changer.go:808  [T1,Vsystem,n1,job=SCHEMA CHANGE id=1205415823382642689,scExec,id=107] 406  schema change on "trnm_entity_heads" (v2) starting execution...
I260828 16:21:55.658964 2312 sql/schema_changer.go:808  [T1,Vsystem,n1,job=SCHEMA CHANGE id=1205415823382446081,scExec,id=108] 407  schema change on "trnm_command_receipts" (v1) starting execution...
I260828 16:21:55.660043 2370 sql/schema_changer.go:1465  [T1,Vsystem,n1,job=SCHEMA CHANGE id=1205415823382642689,scExec,id=107] 408  waiting for a single version...
I260828 16:21:55.661138 2312 sql/schema_changer.go:555  [T1,Vsystem,n1,job=SCHEMA CHANGE id=1205415823382446081,scExec,id=108] 409  making table public
I260828 16:21:55.661407 2370 sql/catalog/lease/lease.go:550  [T1,Vsystem,n1,job=SCHEMA CHANGE id=1205415823382642689,scExec,id=107] 410  all leases have expired at 1787934115.660407047,0: desc=[{trnm_entity_heads 107 1}]
I260828 16:21:55.661472 2370 sql/schema_changer.go:1470  [T1,Vsystem,n1,job=SCHEMA CHANGE id=1205415823382642689,scExec,id=107] 411  waiting for a single version... done (at v 2), took 1.429164ms
I260828 16:21:55.661497 2370 jobs/registry.go:1679  [T1,Vsystem,n1,job=1205415823382642689] 412  SCHEMA CHANGE job 1205415823382642689: stepping through state succeeded
I260828 16:21:55.668626 2312 sql/catalog/lease/lease.go:550  [T1,Vsystem,n1,job=SCHEMA CHANGE id=1205415823382446081,scExec,id=108] 413  all leases have expired at 1787934115.667689059,0: desc=[{trnm_command_receipts 108 1}]
I260828 16:21:55.668670 2312 sql/schema_changer.go:1465  [T1,Vsystem,n1,job=SCHEMA CHANGE id=1205415823382446081,scExec,id=108] 414  waiting for a single version...
I260828 16:21:55.670035 2312 sql/catalog/lease/lease.go:550  [T1,Vsystem,n1,job=SCHEMA CHANGE id=1205415823382446081,scExec,id=108] 415  all leases have expired at 1787934115.669061792,0: desc=[{trnm_command_receipts 108 1}]
I260828 16:21:55.670082 2312 sql/schema_changer.go:1470  [T1,Vsystem,n1,job=SCHEMA CHANGE id=1205415823382446081,scExec,id=108] 416  waiting for a single version... done (at v 2), took 1.411732ms
I260828 16:21:55.670103 2312 jobs/registry.go:1679  [T1,Vsystem,n1,job=1205415823382446081] 417  SCHEMA CHANGE job 1205415823382446081: stepping through state succeeded
I260828 16:21:55.671231 2370 1@jobs/structured_log.go:48  [T1,Vsystem,n1,job=1205415823382642689] 418 ={"Timestamp":1787934115671229375,"EventType":"status_change","JobID":1205415823382642689,"JobType":"SCHEMA CHANGE","Description":"status changed to: succeeded","PreviousStatus":"running","NewStatus":"succeeded","RunNum":0}
I260828 16:21:55.678947 2312 1@jobs/structured_log.go:48  [T1,Vsystem,n1,job=1205415823382446081] 419 ={"Timestamp":1787934115678945825,"EventType":"status_change","JobID":1205415823382446081,"JobType":"SCHEMA CHANGE","Description":"status changed to: succeeded","PreviousStatus":"running","NewStatus":"succeeded","RunNum":0}
I260828 16:21:55.687009 2272 jobs/wait.go:148  [T1,Vsystem,n1,client=172.17.0.1:38456,hostnossl,user=root] 420  waited for 2 [1205415823382446081 1205415823382642689] queued jobs to complete 44.215525ms
I260828 16:21:55.694145 2272 sql/table.go:205  [T1,Vsystem,n1,client=172.17.0.1:38456,hostnossl,user=root] 421  queued new schema-change job 1205415823586557953 for table 109, mutation 0
I260828 16:21:55.694199 2272 sql/table.go:205  [T1,Vsystem,n1,client=172.17.0.1:38456,hostnossl,user=root] 422  queued new schema-change job 1205415823586721793 for table 108, mutation 0
I260828 16:21:55.703901 2272 5@util/log/event_log.go:39  [T1,Vsystem,n1,client=172.17.0.1:38456,hostnossl,user=root] 423 ={"Timestamp":1787934115689352863,"EventType":"create_table","Statement":"CREATE TABLE IF NOT EXISTS trnm.public.trnm_events (tenant_id UUID NOT NULL, entity_id UUID NOT NULL, sequence INT8 NOT NULL, event_id UUID NOT NULL, command_id UUID NOT NULL, payload_digest BYTES NOT NULL, payload_bytes BYTES NOT NULL, recorded_at TIMESTAMPTZ NOT NULL DEFAULT current_timestamp(), PRIMARY KEY (tenant_id, entity_id, sequence), CONSTRAINT trnm_event_identity_uq UNIQUE (tenant_id, entity_id, event_id), CONSTRAINT trnm_event_command_receipt_fk FOREIGN KEY (tenant_id, entity_id, command_id) REFERENCES trnm.public.trnm_command_receipts (tenant_id, entity_id, command_id) ON DELETE RESTRICT, CHECK (sequence > 0), CHECK (octet_length(payload_digest) = 32))","Tag":"CREATE TABLE","User":"root","DescriptorID":109,"TableName":"trnm.public.trnm_events"}
I260828 16:21:55.704007 2272 jobs/wait.go:56  [T1,Vsystem,n1,client=172.17.0.1:38456,hostnossl,user=root] 424  waiting for 2 [1205415823586557953 1205415823586721793] queued jobs to complete
I260828 16:21:55.704077 2492 jobs/adopt.go:224  [T1,Vsystem,n1,client=172.17.0.1:38456,hostnossl,user=root,job=1205415823586721793] 425  job 1205415823586721793: resuming execution
I260828 16:21:55.704111 2491 jobs/adopt.go:224  [T1,Vsystem,n1,client=172.17.0.1:38456,hostnossl,user=root,job=1205415823586557953] 426  job 1205415823586557953: resuming execution
I260828 16:21:55.712036 2531 jobs/registry.go:1679  [T1,Vsystem,n1,job=1205415823586721793] 427  SCHEMA CHANGE job 1205415823586721793: stepping through state running
I260828 16:21:55.712152 2519 jobs/registry.go:1679  [T1,Vsystem,n1,job=1205415823586557953] 428  SCHEMA CHANGE job 1205415823586557953: stepping through state running
I260828 16:21:55.717545 2519 1@jobs/structured_log.go:48  [T1,Vsystem,n1,job=1205415823586557953] 429 ={"Timestamp":1787934115717543764,"EventType":"status_change","JobID":1205415823586557953,"JobType":"SCHEMA CHANGE","Description":"status changed to: running","PreviousStatus":"running","NewStatus":"running","RunNum":0}
I260828 16:21:55.717580 2531 1@jobs/structured_log.go:48  [T1,Vsystem,n1,job=1205415823586721793] 430 ={"Timestamp":1787934115717578891,"EventType":"status_change","JobID":1205415823586721793,"JobType":"SCHEMA CHANGE","Description":"status changed to: running","PreviousStatus":"running","NewStatus":"running","RunNum":0}
I260828 16:21:55.719043 2519 sql/schema_changer.go:808  [T1,Vsystem,n1,job=SCHEMA CHANGE id=1205415823586557953,scExec,id=109] 431  schema change on "trnm_events" (v1) starting execution...
I260828 16:21:55.720241 2531 sql/schema_changer.go:808  [T1,Vsystem,n1,job=SCHEMA CHANGE id=1205415823586721793,scExec,id=108] 432  schema change on "trnm_command_receipts" (v3) starting execution...
I260828 16:21:55.720828 2519 sql/schema_changer.go:555  [T1,Vsystem,n1,job=SCHEMA CHANGE id=1205415823586557953,scExec,id=109] 433  making table public
I260828 16:21:55.723046 2531 sql/schema_changer.go:1465  [T1,Vsystem,n1,job=SCHEMA CHANGE id=1205415823586721793,scExec,id=108] 434  waiting for a single version...
I260828 16:21:55.724744 2531 sql/catalog/lease/lease.go:550  [T1,Vsystem,n1,job=SCHEMA CHANGE id=1205415823586721793,scExec,id=108] 435  all leases have expired at 1787934115.723472435,0: desc=[{trnm_command_receipts 108 2}]
I260828 16:21:55.724794 2531 sql/schema_changer.go:1470  [T1,Vsystem,n1,job=SCHEMA CHANGE id=1205415823586721793,scExec,id=108] 436  waiting for a single version... done (at v 3), took 1.748546ms
I260828 16:21:55.724816 2531 jobs/registry.go:1679  [T1,Vsystem,n1,job=1205415823586721793] 437  SCHEMA CHANGE job 1205415823586721793: stepping through state succeeded
I260828 16:21:55.726545 2519 sql/catalog/lease/lease.go:550  [T1,Vsystem,n1,job=SCHEMA CHANGE id=1205415823586557953,scExec,id=109] 438  all leases have expired at 1787934115.725560672,0: desc=[{trnm_events 109 1}]
I260828 16:21:55.726608 2519 sql/schema_changer.go:1465  [T1,Vsystem,n1,job=SCHEMA CHANGE id=1205415823586557953,scExec,id=109] 439  waiting for a single version...
I260828 16:21:55.727892 2519 sql/catalog/lease/lease.go:550  [T1,Vsystem,n1,job=SCHEMA CHANGE id=1205415823586557953,scExec,id=109] 440  all leases have expired at 1787934115.726945900,0: desc=[{trnm_events 109 1}]
I260828 16:21:55.727931 2519 sql/schema_changer.go:1470  [T1,Vsystem,n1,job=SCHEMA CHANGE id=1205415823586557953,scExec,id=109] 441  waiting for a single version... done (at v 2), took 1.323184ms
I260828 16:21:55.727953 2519 jobs/registry.go:1679  [T1,Vsystem,n1,job=1205415823586557953] 442  SCHEMA CHANGE job 1205415823586557953: stepping through state succeeded
I260828 16:21:55.734372 2531 1@jobs/structured_log.go:48  [T1,Vsystem,n1,job=1205415823586721793] 443 ={"Timestamp":1787934115734370141,"EventType":"status_change","JobID":1205415823586721793,"JobType":"SCHEMA CHANGE","Description":"status changed to: succeeded","PreviousStatus":"running","NewStatus":"succeeded","RunNum":0}
I260828 16:21:55.737488 2519 1@jobs/structured_log.go:48  [T1,Vsystem,n1,job=1205415823586557953] 444 ={"Timestamp":1787934115737486969,"EventType":"status_change","JobID":1205415823586557953,"JobType":"SCHEMA CHANGE","Description":"status changed to: succeeded","PreviousStatus":"running","NewStatus":"succeeded","RunNum":0}
I260828 16:21:55.745680 2272 jobs/wait.go:148  [T1,Vsystem,n1,client=172.17.0.1:38456,hostnossl,user=root] 445  waited for 2 [1205415823586557953 1205415823586721793] queued jobs to complete 41.629838ms
I260828 16:21:55.754935 2272 sql/table.go:205  [T1,Vsystem,n1,client=172.17.0.1:38456,hostnossl,user=root] 446  queued new schema-change job 1205415823785754625 for table 110, mutation 0
I260828 16:21:55.754978 2272 sql/table.go:205  [T1,Vsystem,n1,client=172.17.0.1:38456,hostnossl,user=root] 447  queued new schema-change job 1205415823785885697 for table 108, mutation 0
I260828 16:21:55.767806 2272 5@util/log/event_log.go:39  [T1,Vsystem,n1,client=172.17.0.1:38456,hostnossl,user=root] 448 ={"Timestamp":1787934115748307735,"EventType":"create_table","Statement":"CREATE TABLE IF NOT EXISTS trnm.public.trnm_outbox (tenant_id UUID NOT NULL, intent_id UUID NOT NULL, entity_id UUID NOT NULL, command_id UUID NOT NULL, kind STRING NOT NULL, payload_digest BYTES NOT NULL, payload_bytes BYTES NOT NULL, attempt INT4 NOT NULL DEFAULT 0, lease_generation INT8 NOT NULL DEFAULT 0, state STRING NOT NULL DEFAULT 'pending', lease_owner UUID, lease_expires_at TIMESTAMPTZ, applied_receipt_digest BYTES, dead_letter_reason_digest BYTES, available_at TIMESTAMPTZ NOT NULL DEFAULT current_timestamp(), created_at TIMESTAMPTZ NOT NULL DEFAULT current_timestamp(), updated_at TIMESTAMPTZ NOT NULL DEFAULT current_timestamp(), PRIMARY KEY (tenant_id, intent_id), CONSTRAINT trnm_outbox_command_receipt_fk FOREIGN KEY (tenant_id, entity_id, command_id) REFERENCES trnm.public.trnm_command_receipts (tenant_id, entity_id, command_id) ON DELETE RESTRICT, CONSTRAINT trnm_outbox_applied_digest_ck CHECK ((applied_receipt_digest IS NULL) OR (octet_length(applied_receipt_digest) = 32)), CONSTRAINT trnm_outbox_dead_letter_digest_ck CHECK ((dead_letter_reason_digest IS NULL) OR (octet_length(dead_letter_reason_digest) = 32)), CONSTRAINT trnm_outbox_state_shape_ck CHECK ((((((((state = 'pending') AND (lease_owner IS NULL)) AND (lease_expires_at IS NULL)) AND (applied_receipt_digest IS NULL)) AND (dead_letter_reason_digest IS NULL)) OR ((((((state = 'leased') AND (lease_owner IS NOT NULL)) AND (lease_expires_at IS NOT NULL)) AND (lease_generation > 0)) AND (applied_receipt_digest IS NULL)) AND (dead_letter_reason_digest IS NULL))) OR (((((state = 'applied') AND (lease_owner IS NULL)) AND (lease_expires_at IS NULL)) AND (applied_receipt_digest IS NOT NULL)) AND (dead_letter_reason_digest IS NULL))) OR (((((state = 'dead_letter') AND (lease_owner IS NULL)) AND (lease_expires_at IS NULL)) AND (applied_receipt_digest IS NULL)) AND (dead_letter_reason_digest IS NOT NULL))), CHECK ((kind != '') AND (octet_length(kind) <= 128)), CHECK (octet_length(payload_digest) = 32), CHECK (attempt BETWEEN 0 AND 32), CHECK (lease_generation >= 0), CHECK (state IN ('pending', 'leased', 'applied', 'dead_letter')))","Tag":"CREATE TABLE","User":"root","DescriptorID":110,"TableName":"trnm.public.trnm_outbox"}
I260828 16:21:55.767980 2272 jobs/wait.go:56  [T1,Vsystem,n1,client=172.17.0.1:38456,hostnossl,user=root] 449  waiting for 2 [1205415823785754625 1205415823785885697] queued jobs to complete
I260828 16:21:55.768048 2680 jobs/adopt.go:224  [T1,Vsystem,n1,client=172.17.0.1:38456,hostnossl,user=root,job=1205415823785885697] 450  job 1205415823785885697: resuming execution
I260828 16:21:55.768628 2679 jobs/adopt.go:224  [T1,Vsystem,n1,client=172.17.0.1:38456,hostnossl,user=root,job=1205415823785754625] 451  job 1205415823785754625: resuming execution
I260828 16:21:55.775877 2625 jobs/registry.go:1679  [T1,Vsystem,n1,job=1205415823785754625] 452  SCHEMA CHANGE job 1205415823785754625: stepping through state running
I260828 16:21:55.775896 2693 jobs/registry.go:1679  [T1,Vsystem,n1,job=1205415823785885697] 453  SCHEMA CHANGE job 1205415823785885697: stepping through state running
I260828 16:21:55.782121 2625 1@jobs/structured_log.go:48  [T1,Vsystem,n1,job=1205415823785754625] 455 ={"Timestamp":1787934115782119302,"EventType":"status_change","JobID":1205415823785754625,"JobType":"SCHEMA CHANGE","Description":"status changed to: running","PreviousStatus":"running","NewStatus":"running","RunNum":0}
I260828 16:21:55.782121 2693 1@jobs/structured_log.go:48  [T1,Vsystem,n1,job=1205415823785885697] 454 ={"Timestamp":1787934115782119288,"EventType":"status_change","JobID":1205415823785885697,"JobType":"SCHEMA CHANGE","Description":"status changed to: running","PreviousStatus":"running","NewStatus":"running","RunNum":0}
I260828 16:21:55.784949 2693 sql/schema_changer.go:808  [T1,Vsystem,n1,job=SCHEMA CHANGE id=1205415823785885697,scExec,id=108] 456  schema change on "trnm_command_receipts" (v4) starting execution...
I260828 16:21:55.784999 2625 sql/schema_changer.go:808  [T1,Vsystem,n1,job=SCHEMA CHANGE id=1205415823785754625,scExec,id=110] 457  schema change on "trnm_outbox" (v1) starting execution...
I260828 16:21:55.789031 2693 sql/schema_changer.go:1465  [T1,Vsystem,n1,job=SCHEMA CHANGE id=1205415823785885697,scExec,id=108] 458  waiting for a single version...
I260828 16:21:55.789406 2625 sql/schema_changer.go:555  [T1,Vsystem,n1,job=SCHEMA CHANGE id=1205415823785754625,scExec,id=110] 459  making table public
I260828 16:21:55.790521 2693 sql/catalog/lease/lease.go:550  [T1,Vsystem,n1,job=SCHEMA CHANGE id=1205415823785885697,scExec,id=108] 460  all leases have expired at 1787934115.789439321,0: desc=[{trnm_command_receipts 108 3}]
I260828 16:21:55.790592 2693 sql/schema_changer.go:1470  [T1,Vsystem,n1,job=SCHEMA CHANGE id=1205415823785885697,scExec,id=108] 461  waiting for a single version... done (at v 4), took 1.561173ms
I260828 16:21:55.790608 2693 jobs/registry.go:1679  [T1,Vsystem,n1,job=1205415823785885697] 462  SCHEMA CHANGE job 1205415823785885697: stepping through state succeeded
I260828 16:21:55.800958 2693 1@jobs/structured_log.go:48  [T1,Vsystem,n1,job=1205415823785885697] 463 ={"Timestamp":1787934115800956651,"EventType":"status_change","JobID":1205415823785885697,"JobType":"SCHEMA CHANGE","Description":"status changed to: succeeded","PreviousStatus":"running","NewStatus":"succeeded","RunNum":0}
I260828 16:21:55.801544 2625 sql/catalog/lease/lease.go:550  [T1,Vsystem,n1,job=SCHEMA CHANGE id=1205415823785754625,scExec,id=110] 464  all leases have expired at 1787934115.800367688,0: desc=[{trnm_outbox 110 1}]
I260828 16:21:55.801610 2625 sql/schema_changer.go:1465  [T1,Vsystem,n1,job=SCHEMA CHANGE id=1205415823785754625,scExec,id=110] 465  waiting for a single version...
I260828 16:21:55.802834 2625 sql/catalog/lease/lease.go:550  [T1,Vsystem,n1,job=SCHEMA CHANGE id=1205415823785754625,scExec,id=110] 466  all leases have expired at 1787934115.801965682,0: desc=[{trnm_outbox 110 1}]
I260828 16:21:55.802871 2625 sql/schema_changer.go:1470  [T1,Vsystem,n1,job=SCHEMA CHANGE id=1205415823785754625,scExec,id=110] 467  waiting for a single version... done (at v 2), took 1.260745ms
I260828 16:21:55.802885 2625 jobs/registry.go:1679  [T1,Vsystem,n1,job=1205415823785754625] 468  SCHEMA CHANGE job 1205415823785754625: stepping through state succeeded
I260828 16:21:55.811586 2625 1@jobs/structured_log.go:48  [T1,Vsystem,n1,job=1205415823785754625] 469 ={"Timestamp":1787934115811584425,"EventType":"status_change","JobID":1205415823785754625,"JobType":"SCHEMA CHANGE","Description":"status changed to: succeeded","PreviousStatus":"running","NewStatus":"succeeded","RunNum":0}
I260828 16:21:55.819695 2272 jobs/wait.go:148  [T1,Vsystem,n1,client=172.17.0.1:38456,hostnossl,user=root] 470  waited for 2 [1205415823785754625 1205415823785885697] queued jobs to complete 51.675851ms
I260828 16:21:55.825132 2272 sql/schemachanger/scbuild/event_log.go:61  [T1,Vsystem,n1,client=172.17.0.1:38456,hostnossl,user=root] 471  event logging for declarative schema change targets built for CREATE INDEX
I260828 16:21:55.825266 2272 sql/schemachanger/scplan/plan.go:95  [T1,Vsystem,n1,client=172.17.0.1:38456,hostnossl,user=root] 472  building declarative schema changer plan in StatementPhase (rollback=false) for CREATE INDEX
I260828 16:21:55.828344 2272 sql/schemachanger/scrun/scrun.go:186  [T1,Vsystem,n1,client=172.17.0.1:38456,hostnossl,user=root] 473  executing declarative schema change StatementPhase stage 1 of 1 with 11 MutationType ops (rollback=false) for CREATE INDEX
I260828 16:21:55.829824 2272 sql/schemachanger/scplan/plan.go:95  [T1,Vsystem,n1,client=172.17.0.1:38456,hostnossl,user=root] 474  building declarative schema changer plan in PreCommitPhase (rollback=false) for CREATE INDEX
I260828 16:21:55.832452 2272 sql/schemachanger/scrun/scrun.go:186  [T1,Vsystem,n1,client=172.17.0.1:38456,hostnossl,user=root] 475  executing declarative schema change PreCommitPhase stage 1 of 2 with 1 MutationType op (rollback=false) for CREATE INDEX
I260828 16:21:55.832498 2272 sql/schemachanger/scrun/scrun.go:186  [T1,Vsystem,n1,client=172.17.0.1:38456,hostnossl,user=root] 476  executing declarative schema change PreCommitPhase stage 2 of 2 with 15 MutationType ops (rollback=false) for CREATE INDEX
I260828 16:21:55.834358 2272 sql/index_split_scatter.go:126  [T1,Vsystem,n1,client=172.17.0.1:38456,hostnossl,user=root] 477  making a single split point in tableId=109 index=3
I260828 16:21:55.834752 2272 13@kv/kvserver/replica_command.go:481  [T1,Vsystem,n1,s1,r74/1:/{Table/72-Max},*kvpb.AdminSplitRequest] 478  initiating a split of this range at key /Table/109/3 [r75] (manual)
I260828 16:21:55.835430 2272 13@kv/kvserver/batcheval/cmd_end_transaction.go:1289  [T1,Vsystem,n1,s1,r74/1:/{Table/72-Max}] 479  falling back to accurate stats computation because there are no pre-split LHS stats (or they're empty)
I260828 16:21:55.835963 206 2@kv/kvserver/replica_proposal.go:620  [T1,Vsystem,n1,s1,r74/1:/{Table/72-Max},raft] 480  new range lease repl=(n1,s1):1 seq=1 start=0,0 epo=1 min-exp=0,0 pro=1787934111.379139488,0 acq=Request following repl=(n1,s1):1 seq=1 start=0,0 epo=1 min-exp=0,0 pro=1787934111.379139488,0 acq=Request
I260828 16:21:55.836346 2866 13@kv/kvserver/replicate_queue.go:784  [T1,Vsystem,n1,replicate,s1,r75/1:/{Table/109/3-Max}] 481  error processing replica: 0 of 1 live stores are able to take a new replica for the range (1 already has a voter, 0 already have a non-voter); likely not enough nodes in cluster
I260828 16:21:55.841936 2272 sql/index_split_scatter.go:126  [T1,Vsystem,n1,client=172.17.0.1:38456,hostnossl,user=root] 482  making a single split point in tableId=109 index=4
I260828 16:21:55.842018 2272 13@kv/kvserver/replica_command.go:481  [T1,Vsystem,n1,s1,r75/1:/{Table/109/3-Max},*kvpb.AdminSplitRequest] 483  initiating a split of this range at key /Table/109/4 [r76] (manual)
I260828 16:21:55.842680 2272 13@kv/kvserver/batcheval/cmd_end_transaction.go:1289  [T1,Vsystem,n1,s1,r75/1:/{Table/109/3-Max}] 484  falling back to accurate stats computation because there are no pre-split LHS stats (or they're empty)
I260828 16:21:55.843540 2867 13@kv/kvserver/replicate_queue.go:784  [T1,Vsystem,n1,replicate,s1,r76/1:/{Table/109/4-Max}] 485  error processing replica: 0 of 1 live stores are able to take a new replica for the range (1 already has a voter, 0 already have a non-voter); likely not enough nodes in cluster
I260828 16:21:55.848470 2272 sql/conn_executor_ddl.go:121  [T1,Vsystem,n1,client=172.17.0.1:38456,hostnossl,user=root] 486  queued new schema change job 1205415824025976833 using the new schema changer
I260828 16:21:55.850632 2272 5@util/log/event_log.go:39  [T1,Vsystem,n1,client=172.17.0.1:38456,hostnossl,user=root] 487 ={"Timestamp":1787934115822058998,"EventType":"create_index","Statement":"CREATE INDEX IF NOT EXISTS trnm_events_by_command_idx ON trnm.public.trnm_events (tenant_id, entity_id, command_id, sequence)","Tag":"CREATE INDEX","User":"root","DescriptorID":109,"TableName":"trnm.public.trnm_events","IndexName":"trnm_events_by_command_idx","MutationID":1}
I260828 16:21:55.850781 2272 jobs/wait.go:56  [T1,Vsystem,n1,client=172.17.0.1:38456,hostnossl,user=root] 488  waiting for 1 [1205415824025976833] queued jobs to complete
I260828 16:21:55.850847 2890 jobs/adopt.go:224  [T1,Vsystem,n1,client=172.17.0.1:38456,hostnossl,user=root,job=1205415824025976833] 489  job 1205415824025976833: resuming execution
I260828 16:21:55.858074 2894 jobs/registry.go:1679  [T1,Vsystem,n1,job=1205415824025976833] 490  NEW SCHEMA CHANGE job 1205415824025976833: stepping through state running
I260828 16:21:55.866032 2894 1@jobs/structured_log.go:48  [T1,Vsystem,n1,job=1205415824025976833] 491 ={"Timestamp":1787934115866029945,"EventType":"status_change","JobID":1205415824025976833,"JobType":"NEW SCHEMA CHANGE","Description":"status changed to: running","PreviousStatus":"running","NewStatus":"running","RunNum":0}
I260828 16:21:55.873778 2894 sql/schemachanger/scrun/scrun.go:315  [T1,Vsystem,n1,job=NEW SCHEMA CHANGE id=1205415824025976833] 492  rebuilding declarative schema change state from descriptors [109]
I260828 16:21:55.873968 2894 sql/schemachanger/scplan/plan.go:95  [T1,Vsystem,n1,job=NEW SCHEMA CHANGE id=1205415824025976833] 493  building declarative schema changer plan in PostCommitPhase (rollback=false) for CREATE INDEX
I260828 16:21:55.877769 2894 sql/schemachanger/scrun/scrun.go:186  [T1,Vsystem,n1,job=NEW SCHEMA CHANGE id=1205415824025976833] 494  executing declarative schema change PostCommitPhase stage 1 of 7 with 3 MutationType ops (rollback=false) for CREATE INDEX
I260828 16:21:55.893063 2894 sql/catalog/lease/lease.go:550  [T1,Vsystem,n1,job=NEW SCHEMA CHANGE id=1205415824025976833] 495  all leases have expired at 1787934115.892101337,0: desc=[{trnm_events 109 3}]
I260828 16:21:55.893201 2894 sql/schemachanger/scrun/scrun.go:186  [T1,Vsystem,n1,job=NEW SCHEMA CHANGE id=1205415824025976833] 496  executing declarative schema change PostCommitPhase stage 2 of 7 with 1 BackfillType op (rollback=false) for CREATE INDEX
I260828 16:21:55.894813 2894 sql/schemachanger/scexec/backfiller/tracker.go:258  [T1,Vsystem,n1,job=NEW SCHEMA CHANGE id=1205415824025976833] 497  writing 1 backfill checkpoints and 0 merge checkpoints
I260828 16:21:55.902165 2894 sql/schemachanger/scexec/backfiller/tracker.go:227  [T1,Vsystem,n1,job=NEW SCHEMA CHANGE id=1205415824025976833] 498  backfill fraction completed is 1.000 / 1.000
I260828 16:21:55.910128 2894 sql/schemachanger/scexec/backfiller/tracker.go:258  [T1,Vsystem,n1,job=NEW SCHEMA CHANGE id=1205415824025976833] 499  writing 1 backfill checkpoints and 0 merge checkpoints
I260828 16:21:55.918641 2894 sql/schemachanger/scrun/scrun.go:186  [T1,Vsystem,n1,job=NEW SCHEMA CHANGE id=1205415824025976833] 500  executing declarative schema change PostCommitPhase stage 3 of 7 with 3 MutationType ops (rollback=false) for CREATE INDEX
I260828 16:21:55.933710 2894 sql/catalog/lease/lease.go:550  [T1,Vsystem,n1,job=NEW SCHEMA CHANGE id=1205415824025976833] 501  all leases have expired at 1787934115.932766372,0: desc=[{trnm_events 109 4}]
I260828 16:21:55.933839 2894 sql/schemachanger/scrun/scrun.go:186  [T1,Vsystem,n1,job=NEW SCHEMA CHANGE id=1205415824025976833] 502  executing declarative schema change PostCommitPhase stage 4 of 7 with 3 MutationType ops (rollback=false) for CREATE INDEX
I260828 16:21:55.948516 2894 sql/catalog/lease/lease.go:550  [T1,Vsystem,n1,job=NEW SCHEMA CHANGE id=1205415824025976833] 503  all leases have expired at 1787934115.947506720,0: desc=[{trnm_events 109 5}]
I260828 16:21:55.948654 2894 sql/schemachanger/scrun/scrun.go:186  [T1,Vsystem,n1,job=NEW SCHEMA CHANGE id=1205415824025976833] 504  executing declarative schema change PostCommitPhase stage 5 of 7 with 1 BackfillType op (rollback=false) for CREATE INDEX
I260828 16:21:55.950071 3007 sql/backfill.go:2994  [T1,Vsystem,n1,job=NEW SCHEMA CHANGE id=1205415824025976833] 505  merging all keys in temporary index before time 1787934116.450062127,0
I260828 16:21:56.451140 2894 sql/schemachanger/scrun/scrun.go:186  [T1,Vsystem,n1,job=NEW SCHEMA CHANGE id=1205415824025976833] 506  executing declarative schema change PostCommitPhase stage 6 of 7 with 4 MutationType ops (rollback=false) for CREATE INDEX
I260828 16:21:56.467847 2894 sql/catalog/lease/lease.go:550  [T1,Vsystem,n1,job=NEW SCHEMA CHANGE id=1205415824025976833] 507  all leases have expired at 1787934116.466826411,0: desc=[{trnm_events 109 6}]
I260828 16:21:56.467984 2894 sql/schemachanger/scrun/scrun.go:186  [T1,Vsystem,n1,job=NEW SCHEMA CHANGE id=1205415824025976833] 508  executing declarative schema change PostCommitPhase stage 7 of 7 with 1 ValidationType op (rollback=false) for CREATE INDEX
I260828 16:21:56.471283 3130 sql/backfill.go:1947  [T1,Vsystem,n1,job=NEW SCHEMA CHANGE id=1205415824025976833] 509  validation: table trnm_events row count = 0, took 1.860424ms
I260828 16:21:56.471497 3129 sql/backfill.go:1892  [T1,Vsystem,n1,job=NEW SCHEMA CHANGE id=1205415824025976833] 510  validation: index trnm_events/trnm_events_by_command_idx row count = 0, time so far 2.04334ms
I260828 16:21:56.471681 2894 sql/schemachanger/scrun/scrun.go:186  [T1,Vsystem,n1,job=NEW SCHEMA CHANGE id=1205415824025976833] 511  executing declarative schema change PostCommitNonRevertiblePhase stage 1 of 1 with 10 MutationType ops (rollback=false) for CREATE INDEX
I260828 16:21:56.490785 2894 5@util/log/event_log.go:39  [T1,Vsystem,n1,job=NEW SCHEMA CHANGE id=1205415824025976833] 512 ={"Timestamp":1787934116471610161,"EventType":"finish_schema_change","InstanceID":1,"DescriptorID":109,"LatencyNanos":629251822}
I260828 16:21:56.492633 2894 sql/catalog/lease/lease.go:550  [T1,Vsystem,n1,job=NEW SCHEMA CHANGE id=1205415824025976833] 513  all leases have expired at 1787934116.491514713,0: desc=[{trnm_events 109 7}]
I260828 16:21:56.492800 3180 jobs/adopt.go:224  [T1,Vsystem,n1,job=1205415826141904897] 514  job 1205415826141904897: resuming execution
I260828 16:21:56.493804 2894 jobs/registry.go:1679  [T1,Vsystem,n1,job=1205415824025976833] 515  NEW SCHEMA CHANGE job 1205415824025976833: stepping through state succeeded
I260828 16:21:56.498708 3184 jobs/registry.go:1679  [T1,Vsystem,n1,job=1205415826141904897] 516  SCHEMA CHANGE GC job 1205415826141904897: stepping through state running
I260828 16:21:56.505239 3184 1@jobs/structured_log.go:48  [T1,Vsystem,n1,job=1205415826141904897] 517 ={"Timestamp":1787934116505237753,"EventType":"status_change","JobID":1205415826141904897,"JobType":"SCHEMA CHANGE GC","Description":"status changed to: running","PreviousStatus":"running","NewStatus":"running","RunNum":0}
I260828 16:21:56.506518 2894 1@jobs/structured_log.go:48  [T1,Vsystem,n1,job=1205415824025976833] 518 ={"Timestamp":1787934116506516646,"EventType":"status_change","JobID":1205415824025976833,"JobType":"NEW SCHEMA CHANGE","Description":"status changed to: succeeded","PreviousStatus":"running","NewStatus":"succeeded","RunNum":0}
I260828 16:21:56.514525 2272 jobs/wait.go:148  [T1,Vsystem,n1,client=172.17.0.1:38456,hostnossl,user=root] 519  waited for 1 [1205415824025976833] queued jobs to complete 663.703866ms
I260828 16:21:56.520749 2272 sql/schemachanger/scbuild/event_log.go:61  [T1,Vsystem,n1,client=172.17.0.1:38456,hostnossl,user=root] 520  event logging for declarative schema change targets built for CREATE INDEX
I260828 16:21:56.520885 2272 sql/schemachanger/scplan/plan.go:95  [T1,Vsystem,n1,client=172.17.0.1:38456,hostnossl,user=root] 521  building declarative schema changer plan in StatementPhase (rollback=false) for CREATE INDEX
I260828 16:21:56.523783 2272 sql/schemachanger/scrun/scrun.go:186  [T1,Vsystem,n1,client=172.17.0.1:38456,hostnossl,user=root] 522  executing declarative schema change StatementPhase stage 1 of 1 with 11 MutationType ops (rollback=false) for CREATE INDEX
I260828 16:21:56.528097 3184 sql/gcjob/gc_job_utils.go:273  [T1,Vsystem,n1,job=SCHEMA CHANGE GC id=1205415826141904897] 523  updated progress status: waiting for GC TTL, payload: indexes:<index_id:4 > ranges_unsplit_done:true 
I260828 16:21:56.529444 2272 sql/schemachanger/scplan/plan.go:95  [T1,Vsystem,n1,client=172.17.0.1:38456,hostnossl,user=root] 524  building declarative schema changer plan in PreCommitPhase (rollback=false) for CREATE INDEX
I260828 16:21:56.532180 2272 sql/schemachanger/scrun/scrun.go:186  [T1,Vsystem,n1,client=172.17.0.1:38456,hostnossl,user=root] 525  executing declarative schema change PreCommitPhase stage 1 of 2 with 1 MutationType op (rollback=false) for CREATE INDEX
I260828 16:21:56.532219 2272 sql/schemachanger/scrun/scrun.go:186  [T1,Vsystem,n1,client=172.17.0.1:38456,hostnossl,user=root] 526  executing declarative schema change PreCommitPhase stage 2 of 2 with 15 MutationType ops (rollback=false) for CREATE INDEX
I260828 16:21:56.538034 2272 sql/index_split_scatter.go:126  [T1,Vsystem,n1,client=172.17.0.1:38456,hostnossl,user=root] 527  making a single split point in tableId=110 index=2
I260828 16:21:56.538141 2272 13@kv/kvserver/replica_command.go:481  [T1,Vsystem,n1,s1,r76/1:/{Table/109/4-Max},*kvpb.AdminSplitRequest] 528  initiating a split of this range at key /Table/110/2 [r77] (manual)
I260828 16:21:56.538196 3184 sql/gcjob/gc_job_utils.go:273  [T1,Vsystem,n1,job=SCHEMA CHANGE GC id=1205415826141904897] 529  updated progress status: deleting data, payload: indexes:<index_id:4 > ranges_unsplit_done:true 
I260828 16:21:56.538257 3184 sql/schema_changer.go:1465  [T1,Vsystem,n1,job=SCHEMA CHANGE GC id=1205415826141904897] 530  waiting for a single version...
I260828 16:21:56.538928 2272 13@kv/kvserver/batcheval/cmd_end_transaction.go:1289  [T1,Vsystem,n1,s1,r76/1:/{Table/109/4-Max}] 531  falling back to accurate stats computation because there are no pre-split LHS stats (or they're empty)
I260828 16:21:56.539988 3320 13@kv/kvserver/replicate_queue.go:784  [T1,Vsystem,n1,replicate,s1,r77/1:/{Table/110/2-Max}] 532  error processing replica: 0 of 1 live stores are able to take a new replica for the range (1 already has a voter, 0 already have a non-voter); likely not enough nodes in cluster
I260828 16:21:56.540192 3184 sql/catalog/lease/lease.go:550  [T1,Vsystem,n1,job=SCHEMA CHANGE GC id=1205415826141904897] 533  all leases have expired at 1787934116.538888604,0: desc=[{trnm_events 109 7}]
I260828 16:21:56.540269 3184 sql/schema_changer.go:1470  [T1,Vsystem,n1,job=SCHEMA CHANGE GC id=1205415826141904897] 534  waiting for a single version... done (at v 8), took 2.011126ms
I260828 16:21:56.540295 3184 sql/gcjob/index_garbage_collection.go:165  [T1,Vsystem,n1,job=SCHEMA CHANGE GC id=1205415826141904897] 535  clearing index 4 from table 109
I260828 16:21:56.540510 3184 sql/gcjob/gc_job_utils.go:53  [T1,Vsystem,n1,job=SCHEMA CHANGE GC id=1205415826141904897] 536  marked index 4 as GC'd
I260828 16:21:56.545452 2272 sql/index_split_scatter.go:126  [T1,Vsystem,n1,client=172.17.0.1:38456,hostnossl,user=root] 537  making a single split point in tableId=110 index=3
I260828 16:21:56.545535 2272 13@kv/kvserver/replica_command.go:481  [T1,Vsystem,n1,s1,r77/1:/{Table/110/2-Max},*kvpb.AdminSplitRequest] 538  initiating a split of this range at key /Table/110/3 [r78] (manual)
I260828 16:21:56.546293 2272 13@kv/kvserver/batcheval/cmd_end_transaction.go:1289  [T1,Vsystem,n1,s1,r77/1:/{Table/110/2-Max}] 539  falling back to accurate stats computation because there are no pre-split LHS stats (or they're empty)
I260828 16:21:56.547161 3322 13@kv/kvserver/replicate_queue.go:784  [T1,Vsystem,n1,replicate,s1,r78/1:/{Table/110/3-Max}] 540  error processing replica: 0 of 1 live stores are able to take a new replica for the range (1 already has a voter, 0 already have a non-voter); likely not enough nodes in cluster
I260828 16:21:56.548985 3184 sql/gcjob/gc_job_utils.go:273  [T1,Vsystem,n1,job=SCHEMA CHANGE GC id=1205415826141904897] 541  updated progress status: waiting for MVCC GC, payload: indexes:<index_id:4 status:WAITING_FOR_MVCC_GC > ranges_unsplit_done:true 
I260828 16:21:56.552135 2272 sql/conn_executor_ddl.go:121  [T1,Vsystem,n1,client=172.17.0.1:38456,hostnossl,user=root] 542  queued new schema change job 1205415826304663553 using the new schema changer
I260828 16:21:56.555690 2272 5@util/log/event_log.go:39  [T1,Vsystem,n1,client=172.17.0.1:38456,hostnossl,user=root] 543 ={"Timestamp":1787934116515245377,"EventType":"create_index","Statement":"CREATE INDEX IF NOT EXISTS trnm_outbox_by_command_idx ON trnm.public.trnm_outbox (tenant_id, entity_id, command_id, intent_id)","Tag":"CREATE INDEX","User":"root","DescriptorID":110,"TableName":"trnm.public.trnm_outbox","IndexName":"trnm_outbox_by_command_idx","MutationID":1}
I260828 16:21:56.555839 2272 jobs/wait.go:56  [T1,Vsystem,n1,client=172.17.0.1:38456,hostnossl,user=root] 544  waiting for 1 [1205415826304663553] queued jobs to complete
I260828 16:21:56.555908 3396 jobs/adopt.go:224  [T1,Vsystem,n1,client=172.17.0.1:38456,hostnossl,user=root,job=1205415826304663553] 545  job 1205415826304663553: resuming execution
I260828 16:21:56.563174 3402 jobs/registry.go:1679  [T1,Vsystem,n1,job=1205415826304663553] 546  NEW SCHEMA CHANGE job 1205415826304663553: stepping through state running
I260828 16:21:56.571214 3402 1@jobs/structured_log.go:48  [T1,Vsystem,n1,job=1205415826304663553] 547 ={"Timestamp":1787934116571212010,"EventType":"status_change","JobID":1205415826304663553,"JobType":"NEW SCHEMA CHANGE","Description":"status changed to: running","PreviousStatus":"running","NewStatus":"running","RunNum":0}
I260828 16:21:56.580425 3402 sql/schemachanger/scrun/scrun.go:315  [T1,Vsystem,n1,job=NEW SCHEMA CHANGE id=1205415826304663553] 548  rebuilding declarative schema change state from descriptors [110]
I260828 16:21:56.580635 3402 sql/schemachanger/scplan/plan.go:95  [T1,Vsystem,n1,job=NEW SCHEMA CHANGE id=1205415826304663553] 549  building declarative schema changer plan in PostCommitPhase (rollback=false) for CREATE INDEX
I260828 16:21:56.583722 3402 sql/schemachanger/scrun/scrun.go:186  [T1,Vsystem,n1,job=NEW SCHEMA CHANGE id=1205415826304663553] 550  executing declarative schema change PostCommitPhase stage 1 of 7 with 3 MutationType ops (rollback=false) for CREATE INDEX
I260828 16:21:56.603662 3402 sql/catalog/lease/lease.go:550  [T1,Vsystem,n1,job=NEW SCHEMA CHANGE id=1205415826304663553] 551  all leases have expired at 1787934116.602696031,0: desc=[{trnm_outbox 110 3}]
I260828 16:21:56.603782 3402 sql/schemachanger/scrun/scrun.go:186  [T1,Vsystem,n1,job=NEW SCHEMA CHANGE id=1205415826304663553] 552  executing declarative schema change PostCommitPhase stage 2 of 7 with 1 BackfillType op (rollback=false) for CREATE INDEX
I260828 16:21:56.606713 3402 sql/schemachanger/scexec/backfiller/tracker.go:258  [T1,Vsystem,n1,job=NEW SCHEMA CHANGE id=1205415826304663553] 553  writing 1 backfill checkpoints and 0 merge checkpoints
I260828 16:21:56.612787 3402 sql/schemachanger/scexec/backfiller/tracker.go:227  [T1,Vsystem,n1,job=NEW SCHEMA CHANGE id=1205415826304663553] 554  backfill fraction completed is 1.000 / 1.000
I260828 16:21:56.620012 3402 sql/schemachanger/scexec/backfiller/tracker.go:258  [T1,Vsystem,n1,job=NEW SCHEMA CHANGE id=1205415826304663553] 555  writing 1 backfill checkpoints and 0 merge checkpoints
I260828 16:21:56.628656 3402 sql/schemachanger/scrun/scrun.go:186  [T1,Vsystem,n1,job=NEW SCHEMA CHANGE id=1205415826304663553] 556  executing declarative schema change PostCommitPhase stage 3 of 7 with 3 MutationType ops (rollback=false) for CREATE INDEX
I260828 16:21:56.648643 3402 sql/catalog/lease/lease.go:550  [T1,Vsystem,n1,job=NEW SCHEMA CHANGE id=1205415826304663553] 557  all leases have expired at 1787934116.647694897,0: desc=[{trnm_outbox 110 4}]
I260828 16:21:56.648770 3402 sql/schemachanger/scrun/scrun.go:186  [T1,Vsystem,n1,job=NEW SCHEMA CHANGE id=1205415826304663553] 558  executing declarative schema change PostCommitPhase stage 4 of 7 with 3 MutationType ops (rollback=false) for CREATE INDEX
I260828 16:21:56.668607 3402 sql/catalog/lease/lease.go:550  [T1,Vsystem,n1,job=NEW SCHEMA CHANGE id=1205415826304663553] 559  all leases have expired at 1787934116.667651838,0: desc=[{trnm_outbox 110 5}]
I260828 16:21:56.668730 3402 sql/schemachanger/scrun/scrun.go:186  [T1,Vsystem,n1,job=NEW SCHEMA CHANGE id=1205415826304663553] 560  executing declarative schema change PostCommitPhase stage 5 of 7 with 1 BackfillType op (rollback=false) for CREATE INDEX
I260828 16:21:56.671429 3567 sql/backfill.go:2994  [T1,Vsystem,n1,job=NEW SCHEMA CHANGE id=1205415826304663553] 561  merging all keys in temporary index before time 1787934117.171417534,0
I260828 16:21:57.172636 3402 sql/schemachanger/scrun/scrun.go:186  [T1,Vsystem,n1,job=NEW SCHEMA CHANGE id=1205415826304663553] 562  executing declarative schema change PostCommitPhase stage 6 of 7 with 4 MutationType ops (rollback=false) for CREATE INDEX
I260828 16:21:57.193885 3402 sql/catalog/lease/lease.go:550  [T1,Vsystem,n1,job=NEW SCHEMA CHANGE id=1205415826304663553] 563  all leases have expired at 1787934117.192869304,0: desc=[{trnm_outbox 110 6}]
I260828 16:21:57.194019 3402 sql/schemachanger/scrun/scrun.go:186  [T1,Vsystem,n1,job=NEW SCHEMA CHANGE id=1205415826304663553] 564  executing declarative schema change PostCommitPhase stage 7 of 7 with 1 ValidationType op (rollback=false) for CREATE INDEX
I260828 16:21:57.199165 3578 sql/backfill.go:1947  [T1,Vsystem,n1,job=NEW SCHEMA CHANGE id=1205415826304663553] 565  validation: table trnm_outbox row count = 0, took 2.423172ms
I260828 16:21:57.199262 3577 sql/backfill.go:1892  [T1,Vsystem,n1,job=NEW SCHEMA CHANGE id=1205415826304663553] 566  validation: index trnm_outbox/trnm_outbox_by_command_idx row count = 0, time so far 2.442923ms
I260828 16:21:57.199414 3402 sql/schemachanger/scrun/scrun.go:186  [T1,Vsystem,n1,job=NEW SCHEMA CHANGE id=1205415826304663553] 567  executing declarative schema change PostCommitNonRevertiblePhase stage 1 of 1 with 10 MutationType ops (rollback=false) for CREATE INDEX
I260828 16:21:57.222686 3402 5@util/log/event_log.go:39  [T1,Vsystem,n1,job=NEW SCHEMA CHANGE id=1205415826304663553] 568 ={"Timestamp":1787934117199343061,"EventType":"finish_schema_change","InstanceID":1,"DescriptorID":110,"LatencyNanos":654630629}
I260828 16:21:57.224351 3402 sql/catalog/lease/lease.go:550  [T1,Vsystem,n1,job=NEW SCHEMA CHANGE id=1205415826304663553] 569  all leases have expired at 1787934117.223310502,0: desc=[{trnm_outbox 110 7}]
I260828 16:21:57.224528 3616 jobs/adopt.go:224  [T1,Vsystem,n1,job=1205415828536754177] 570  job 1205415828536754177: resuming execution
I260828 16:21:57.225953 3402 jobs/registry.go:1679  [T1,Vsystem,n1,job=1205415826304663553] 571  NEW SCHEMA CHANGE job 1205415826304663553: stepping through state succeeded
I260828 16:21:57.230488 3710 jobs/registry.go:1679  [T1,Vsystem,n1,job=1205415828536754177] 572  SCHEMA CHANGE GC job 1205415828536754177: stepping through state running
I260828 16:21:57.236034 3710 1@jobs/structured_log.go:48  [T1,Vsystem,n1,job=1205415828536754177] 573 ={"Timestamp":1787934117236032172,"EventType":"status_change","JobID":1205415828536754177,"JobType":"SCHEMA CHANGE GC","Description":"status changed to: running","PreviousStatus":"running","NewStatus":"running","RunNum":0}
I260828 16:21:57.236402 206 3@pebble/event.go:1001  [n1,s1,pebble] 574  [JOB 6] WAL created 000007
I260828 16:21:57.236946 3402 1@jobs/structured_log.go:48  [T1,Vsystem,n1,job=1205415826304663553] 575 ={"Timestamp":1787934117236945244,"EventType":"status_change","JobID":1205415826304663553,"JobType":"NEW SCHEMA CHANGE","Description":"status changed to: succeeded","PreviousStatus":"running","NewStatus":"succeeded","RunNum":0}
I260828 16:21:57.244106 2272 jobs/wait.go:148  [T1,Vsystem,n1,client=172.17.0.1:38456,hostnossl,user=root] 576  waited for 1 [1205415826304663553] queued jobs to complete 688.226612ms
I260828 16:21:57.252290 2272 sql/schemachanger/scbuild/event_log.go:61  [T1,Vsystem,n1,client=172.17.0.1:38456,hostnossl,user=root] 577  event logging for declarative schema change targets built for CREATE INDEX
I260828 16:21:57.252426 2272 sql/schemachanger/scplan/plan.go:95  [T1,Vsystem,n1,client=172.17.0.1:38456,hostnossl,user=root] 578  building declarative schema changer plan in StatementPhase (rollback=false) for CREATE INDEX
I260828 16:21:57.255462 2272 sql/schemachanger/scrun/scrun.go:186  [T1,Vsystem,n1,client=172.17.0.1:38456,hostnossl,user=root] 579  executing declarative schema change StatementPhase stage 1 of 1 with 11 MutationType ops (rollback=false) for CREATE INDEX
I260828 16:21:57.257962 3710 sql/gcjob/gc_job_utils.go:273  [T1,Vsystem,n1,job=SCHEMA CHANGE GC id=1205415828536754177] 580  updated progress status: waiting for GC TTL, payload: indexes:<index_id:3 > ranges_unsplit_done:true 
I260828 16:21:57.261254 2272 sql/schemachanger/scplan/plan.go:95  [T1,Vsystem,n1,client=172.17.0.1:38456,hostnossl,user=root] 581  building declarative schema changer plan in PreCommitPhase (rollback=false) for CREATE INDEX
I260828 16:21:57.263831 2272 sql/schemachanger/scrun/scrun.go:186  [T1,Vsystem,n1,client=172.17.0.1:38456,hostnossl,user=root] 582  executing declarative schema change PreCommitPhase stage 1 of 2 with 1 MutationType op (rollback=false) for CREATE INDEX
I260828 16:21:57.263870 2272 sql/schemachanger/scrun/scrun.go:186  [T1,Vsystem,n1,client=172.17.0.1:38456,hostnossl,user=root] 583  executing declarative schema change PreCommitPhase stage 2 of 2 with 15 MutationType ops (rollback=false) for CREATE INDEX
I260828 16:21:57.268634 3710 sql/gcjob/gc_job_utils.go:273  [T1,Vsystem,n1,job=SCHEMA CHANGE GC id=1205415828536754177] 584  updated progress status: deleting data, payload: indexes:<index_id:3 > ranges_unsplit_done:true 
I260828 16:21:57.268677 3710 sql/schema_changer.go:1465  [T1,Vsystem,n1,job=SCHEMA CHANGE GC id=1205415828536754177] 585  waiting for a single version...
I260828 16:21:57.270157 2272 sql/index_split_scatter.go:126  [T1,Vsystem,n1,client=172.17.0.1:38456,hostnossl,user=root] 586  making a single split point in tableId=110 index=4
I260828 16:21:57.270248 2272 13@kv/kvserver/replica_command.go:481  [T1,Vsystem,n1,s1,r78/1:/{Table/110/3-Max},*kvpb.AdminSplitRequest] 587  initiating a split of this range at key /Table/110/4 [r79] (manual)
I260828 16:21:57.270365 3710 sql/catalog/lease/lease.go:550  [T1,Vsystem,n1,job=SCHEMA CHANGE GC id=1205415828536754177] 588  all leases have expired at 1787934117.269225180,0: desc=[{trnm_outbox 110 7}]
I260828 16:21:57.270413 3710 sql/schema_changer.go:1470  [T1,Vsystem,n1,job=SCHEMA CHANGE GC id=1205415828536754177] 589  waiting for a single version... done (at v 8), took 1.736137ms
I260828 16:21:57.270431 3710 sql/gcjob/index_garbage_collection.go:165  [T1,Vsystem,n1,job=SCHEMA CHANGE GC id=1205415828536754177] 590  clearing index 3 from table 110
I260828 16:21:57.271023 3710 sql/gcjob/gc_job_utils.go:53  [T1,Vsystem,n1,job=SCHEMA CHANGE GC id=1205415828536754177] 591  marked index 3 as GC'd
I260828 16:21:57.271134 2272 13@kv/kvserver/batcheval/cmd_end_transaction.go:1289  [T1,Vsystem,n1,s1,r78/1:/{Table/110/3-Max}] 592  falling back to accurate stats computation because there are no pre-split LHS stats (or they're empty)
I260828 16:21:57.271785 196 2@kv/kvserver/replica_proposal.go:620  [T1,Vsystem,n1,s1,r78/1:/{Table/110/3-Max},raft] 593  new range lease repl=(n1,s1):1 seq=1 start=0,0 epo=1 min-exp=0,0 pro=1787934111.379139488,0 acq=Request following repl=(n1,s1):1 seq=1 start=0,0 epo=1 min-exp=0,0 pro=1787934111.379139488,0 acq=Request
I260828 16:21:57.272136 3842 13@kv/kvserver/replicate_queue.go:784  [T1,Vsystem,n1,replicate,s1,r79/1:/{Table/110/4-Max}] 594  error processing replica: 0 of 1 live stores are able to take a new replica for the range (1 already has a voter, 0 already have a non-voter); likely not enough nodes in cluster
I260828 16:21:57.277730 2272 sql/index_split_scatter.go:126  [T1,Vsystem,n1,client=172.17.0.1:38456,hostnossl,user=root] 595  making a single split point in tableId=110 index=5
I260828 16:21:57.277825 2272 13@kv/kvserver/replica_command.go:481  [T1,Vsystem,n1,s1,r79/1:/{Table/110/4-Max},*kvpb.AdminSplitRequest] 596  initiating a split of this range at key /Table/110/5 [r80] (manual)
I260828 16:21:57.278623 2272 13@kv/kvserver/batcheval/cmd_end_transaction.go:1289  [T1,Vsystem,n1,s1,r79/1:/{Table/110/4-Max}] 597  falling back to accurate stats computation because there are no pre-split LHS stats (or they're empty)
I260828 16:21:57.278771 3710 sql/gcjob/gc_job_utils.go:273  [T1,Vsystem,n1,job=SCHEMA CHANGE GC id=1205415828536754177] 598  updated progress status: waiting for MVCC GC, payload: indexes:<index_id:3 status:WAITING_FOR_MVCC_GC > ranges_unsplit_done:true 
I260828 16:21:57.279758 3801 13@kv/kvserver/replicate_queue.go:784  [T1,Vsystem,n1,replicate,s1,r80/1:/{Table/110/5-Max}] 599  error processing replica: 0 of 1 live stores are able to take a new replica for the range (1 already has a voter, 0 already have a non-voter); likely not enough nodes in cluster
I260828 16:21:57.284353 2272 sql/conn_executor_ddl.go:121  [T1,Vsystem,n1,client=172.17.0.1:38456,hostnossl,user=root] 600  queued new schema change job 1205415828702199809 using the new schema changer
I260828 16:21:57.288637 2272 5@util/log/event_log.go:39  [T1,Vsystem,n1,client=172.17.0.1:38456,hostnossl,user=root] 601 ={"Timestamp":1787934117244671790,"EventType":"create_index","Statement":"CREATE INDEX IF NOT EXISTS trnm_outbox_pending_idx ON trnm.public.trnm_outbox (tenant_id, available_at, intent_id) WHERE state = 'pending'","Tag":"CREATE INDEX","User":"root","DescriptorID":110,"TableName":"trnm.public.trnm_outbox","IndexName":"trnm_outbox_pending_idx","MutationID":1}
I260828 16:21:57.288813 2272 jobs/wait.go:56  [T1,Vsystem,n1,client=172.17.0.1:38456,hostnossl,user=root] 602  waiting for 1 [1205415828702199809] queued jobs to complete
I260828 16:21:57.288897 3888 jobs/adopt.go:224  [T1,Vsystem,n1,client=172.17.0.1:38456,hostnossl,user=root,job=1205415828702199809] 603  job 1205415828702199809: resuming execution
I260828 16:21:57.290884 3805 sql/catalog/lease/descriptor_state.go:142  [n1] 604  new lease: tabledesc.immutable: {ID: 110, Version: 9, ModificationTime: "1787934117.268695551,1", ParentID: 104, ParentSchemaID: 105, State: PUBLIC, NextColumnID: 18, Columns: [{ID: 1, TypeID: 2950, Null: false}, {ID: 2, TypeID: 2950, Null: false}, {ID: 3, TypeID: 2950, Null: false}, {ID: 4, TypeID: 2950, Null: false}, {ID: 5, TypeID: 25, Null: false}, {ID: 6, TypeID: 17, Null: false}, {ID: 7, TypeID: 17, Null: false}, {ID: 8, TypeID: 23, Null: false, HasDefault: true}, {ID: 9, TypeID: 20, Null: false, HasDefault: true}, {ID: 10, TypeID: 25, Null: false, HasDefault: true}, {ID: 11, TypeID: 2950, Null: true}, {ID: 12, TypeID: 1184, Null: true}, {ID: 13, TypeID: 17, Null: true}, {ID: 14, TypeID: 17, Null: true}, {ID: 15, TypeID: 1184, Null: false, HasDefault: true}, {ID: 16, TypeID: 1184, Null: false, HasDefault: true}, {ID: 17, TypeID: 1184, Null: false, HasDefault: true}], NextFamilyID: 1, Families: [{ID: 0, Columns: [1, 2, 3, 4, 5, 6, 7, 8, 9, 10, 11, 12, 13, 14, 15, 16, 17]}], Mutations: [{MutationID: 1, Direction: ADD, State: BACKFILLING, Index: {ID: 4, Unique: false, Partial: true, KeyColumns: [{ID: 1, Dir: ASC}, {ID: 15, Dir: ASC}, {ID: 2, Dir: ASC}], State: ADD, MutationID: 1}}, {MutationID: 1, Direction: ADD, State: DELETE_ONLY, Index: {ID: 5, Unique: false, Partial: true, KeyColumns: [{ID: 1, Dir: ASC}, {ID: 15, Dir: ASC}, {ID: 2, Dir: ASC}], State: ADD, MutationID: 1}}], PrimaryIndex: 1, NextIndexID: 6, Indexes: [{ID: 1, Unique: true, KeyColumns: [{ID: 1, Dir: ASC}, {ID: 2, Dir: ASC}], StoreColumns: [3, 4, 5, 6, 7, 8, 9, 10, 11, 12, 13, 14, 15, 16, 17]}, {ID: 2, Unique: false, KeyColumns: [{ID: 1, Dir: ASC}, {ID: 3, Dir: ASC}, {ID: 4, Dir: ASC}, {ID: 2, Dir: ASC}]}], Checks: [{Columns: [13], Validity: Validated}, {Columns: [14], Validity: Validated}, {Columns: [9, 10, 11, 12, 13, 14], Validity: Validated}, {Columns: [5], Validity: Validated}, {Columns: [6], Validity: Validated}, {Columns: [8], Validity: Validated}, {Columns: [9], Validity: Validated}, {Columns: [10], Validity: Validated}], OutboundFKs: [{OriginTableID: 110, OriginColumns: [1, 3, 4], ReferencedTableID: 108, ReferencedColumnIDs: [1, 2, 3], Validity: Validated}]}
I260828 16:21:57.296813 3853 jobs/registry.go:1679  [T1,Vsystem,n1,job=1205415828702199809] 605  NEW SCHEMA CHANGE job 1205415828702199809: stepping through state running
I260828 16:21:57.304937 3853 1@jobs/structured_log.go:48  [T1,Vsystem,n1,job=1205415828702199809] 606 ={"Timestamp":1787934117304935790,"EventType":"status_change","JobID":1205415828702199809,"JobType":"NEW SCHEMA CHANGE","Description":"status changed to: running","PreviousStatus":"running","NewStatus":"running","RunNum":0}
I260828 16:21:57.314772 3853 sql/schemachanger/scrun/scrun.go:315  [T1,Vsystem,n1,job=NEW SCHEMA CHANGE id=1205415828702199809] 607  rebuilding declarative schema change state from descriptors [110]
I260828 16:21:57.314966 3853 sql/schemachanger/scplan/plan.go:95  [T1,Vsystem,n1,job=NEW SCHEMA CHANGE id=1205415828702199809] 608  building declarative schema changer plan in PostCommitPhase (rollback=false) for CREATE INDEX
I260828 16:21:57.317930 3853 sql/schemachanger/scrun/scrun.go:186  [T1,Vsystem,n1,job=NEW SCHEMA CHANGE id=1205415828702199809] 609  executing declarative schema change PostCommitPhase stage 1 of 7 with 3 MutationType ops (rollback=false) for CREATE INDEX
I260828 16:21:57.341034 3853 sql/catalog/lease/lease.go:556  [T1,Vsystem,n1,job=NEW SCHEMA CHANGE id=1205415828702199809] 610  waiting for 1 leases to expire: desc=[{trnm_outbox 110 9}]
I260828 16:21:57.341735 4431 sql/catalog/lease/descriptor_state.go:142  [n1] 611  new lease: tabledesc.immutable: {ID: 110, Version: 10, ModificationTime: "1787934117.317867107,0", ParentID: 104, ParentSchemaID: 105, State: PUBLIC, NextColumnID: 18, Columns: [{ID: 1, TypeID: 2950, Null: false}, {ID: 2, TypeID: 2950, Null: false}, {ID: 3, TypeID: 2950, Null: false}, {ID: 4, TypeID: 2950, Null: false}, {ID: 5, TypeID: 25, Null: false}, {ID: 6, TypeID: 17, Null: false}, {ID: 7, TypeID: 17, Null: false}, {ID: 8, TypeID: 23, Null: false, HasDefault: true}, {ID: 9, TypeID: 20, Null: false, HasDefault: true}, {ID: 10, TypeID: 25, Null: false, HasDefault: true}, {ID: 11, TypeID: 2950, Null: true}, {ID: 12, TypeID: 1184, Null: true}, {ID: 13, TypeID: 17, Null: true}, {ID: 14, TypeID: 17, Null: true}, {ID: 15, TypeID: 1184, Null: false, HasDefault: true}, {ID: 16, TypeID: 1184, Null: false, HasDefault: true}, {ID: 17, TypeID: 1184, Null: false, HasDefault: true}], NextFamilyID: 1, Families: [{ID: 0, Columns: [1, 2, 3, 4, 5, 6, 7, 8, 9, 10, 11, 12, 13, 14, 15, 16, 17]}], Mutations: [{MutationID: 1, Direction: ADD, State: BACKFILLING, Index: {ID: 4, Unique: false, Partial: true, KeyColumns: [{ID: 1, Dir: ASC}, {ID: 15, Dir: ASC}, {ID: 2, Dir: ASC}], State: ADD, MutationID: 1}}, {MutationID: 1, Direction: ADD, State: WRITE_ONLY, Index: {ID: 5, Unique: false, Partial: true, KeyColumns: [{ID: 1, Dir: ASC}, {ID: 15, Dir: ASC}, {ID: 2, Dir: ASC}], State: ADD, MutationID: 1}}], PrimaryIndex: 1, NextIndexID: 6, Indexes: [{ID: 1, Unique: true, KeyColumns: [{ID: 1, Dir: ASC}, {ID: 2, Dir: ASC}], StoreColumns: [3, 4, 5, 6, 7, 8, 9, 10, 11, 12, 13, 14, 15, 16, 17]}, {ID: 2, Unique: false, KeyColumns: [{ID: 1, Dir: ASC}, {ID: 3, Dir: ASC}, {ID: 4, Dir: ASC}, {ID: 2, Dir: ASC}]}], Checks: [{Columns: [13], Validity: Validated}, {Columns: [14], Validity: Validated}, {Columns: [9, 10, 11, 12, 13, 14], Validity: Validated}, {Columns: [5], Validity: Validated}, {Columns: [6], Validity: Validated}, {Columns: [8], Validity: Validated}, {Columns: [9], Validity: Validated}, {Columns: [10], Validity: Validated}], OutboundFKs: [{OriginTableID: 110, OriginColumns: [1, 3, 4], ReferencedTableID: 108, ReferencedColumnIDs: [1, 2, 3], Validity: Validated}]}
I260828 16:21:57.343738 3853 sql/catalog/lease/lease.go:550  [T1,Vsystem,n1,job=NEW SCHEMA CHANGE id=1205415828702199809] 612  all leases have expired at 1787934117.342709786,0: desc=[{trnm_outbox 110 9}]
I260828 16:21:57.343871 3853 sql/schemachanger/scrun/scrun.go:186  [T1,Vsystem,n1,job=NEW SCHEMA CHANGE id=1205415828702199809] 613  executing declarative schema change PostCommitPhase stage 2 of 7 with 1 BackfillType op (rollback=false) for CREATE INDEX
I260828 16:21:57.346767 1251 13@spanconfig/spanconfigstore/store.go:364  [T1,Vsystem,n1,job=AUTO SPAN CONFIG RECONCILIATION id=1205415809547862017] 614  changing the spanconfig for span:/Table/1{6-7} from:{RangeMinBytes:134217728 RangeMaxBytes:536870912 GCPolicy:{TTLSeconds:14400 ProtectionPolicies:[] IgnoreStrictEnforcement:false} GlobalReads:false NumReplicas:5 NumVoters:0 Constraints:[] VoterConstraints:[] LeasePreferences:[] RangefeedEnabled:false ExcludeDataFromBackup:false} to:{RangeMinBytes:134217728 RangeMaxBytes:536870912 GCPolicy:{TTLSeconds:14400 ProtectionPolicies:[] IgnoreStrictEnforcement:false} GlobalReads:false NumReplicas:1 NumVoters:0 Constraints:[] VoterConstraints:[] LeasePreferences:[] RangefeedEnabled:false ExcludeDataFromBackup:false}
I260828 16:21:57.346849 1251 13@spanconfig/spanconfigstore/store.go:364  [T1,Vsystem,n1,job=AUTO SPAN CONFIG RECONCILIATION id=1205415809547862017] 615  changing the spanconfig for span:/Table/1{7-8} from:{RangeMinBytes:134217728 RangeMaxBytes:536870912 GCPolicy:{TTLSeconds:14400 ProtectionPolicies:[] IgnoreStrictEnforcement:false} GlobalReads:false NumReplicas:5 NumVoters:0 Constraints:[] VoterConstraints:[] LeasePreferences:[] RangefeedEnabled:false ExcludeDataFromBackup:false} to:{RangeMinBytes:134217728 RangeMaxBytes:536870912 GCPolicy:{TTLSeconds:14400 ProtectionPolicies:[] IgnoreStrictEnforcement:false} GlobalReads:false NumReplicas:1 NumVoters:0 Constraints:[] VoterConstraints:[] LeasePreferences:[] RangefeedEnabled:false ExcludeDataFromBackup:false}
I260828 16:21:57.346920 1251 13@spanconfig/spanconfigstore/store.go:364  [T1,Vsystem,n1,job=AUTO SPAN CONFIG RECONCILIATION id=1205415809547862017] 616  changing the spanconfig for span:/Table/1{8-9} from:{RangeMinBytes:134217728 RangeMaxBytes:536870912 GCPolicy:{TTLSeconds:14400 ProtectionPolicies:[] IgnoreStrictEnforcement:false} GlobalReads:false NumReplicas:5 NumVoters:0 Constraints:[] VoterConstraints:[] LeasePreferences:[] RangefeedEnabled:false ExcludeDataFromBackup:false} to:{RangeMinBytes:134217728 RangeMaxBytes:536870912 GCPolicy:{TTLSeconds:14400 ProtectionPolicies:[] IgnoreStrictEnforcement:false} GlobalReads:false NumReplicas:1 NumVoters:0 Constraints:[] VoterConstraints:[] LeasePreferences:[] RangefeedEnabled:false ExcludeDataFromBackup:false}
I260828 16:21:57.346968 1251 13@spanconfig/spanconfigstore/store.go:364  [T1,Vsystem,n1,job=AUTO SPAN CONFIG RECONCILIATION id=1205415809547862017] 617  changing the spanconfig for span:/Table/2{2-3} from:{RangeMinBytes:134217728 RangeMaxBytes:536870912 GCPolicy:{TTLSeconds:14400 ProtectionPolicies:[] IgnoreStrictEnforcement:false} GlobalReads:false NumReplicas:5 NumVoters:0 Constraints:[] VoterConstraints:[] LeasePreferences:[] RangefeedEnabled:false ExcludeDataFromBackup:false} to:{RangeMinBytes:134217728 RangeMaxBytes:536870912 GCPolicy:{TTLSeconds:14400 ProtectionPolicies:[] IgnoreStrictEnforcement:false} GlobalReads:false NumReplicas:1 NumVoters:0 Constraints:[] VoterConstraints:[] LeasePreferences:[] RangefeedEnabled:false ExcludeDataFromBackup:false}
I260828 16:21:57.347040 1251 13@spanconfig/spanconfigstore/store.go:364  [T1,Vsystem,n1,job=AUTO SPAN CONFIG RECONCILIATION id=1205415809547862017] 618  changing the spanconfig for span:/{Table/29-NamespaceTable/30} from:{RangeMinBytes:134217728 RangeMaxBytes:536870912 GCPolicy:{TTLSeconds:14400 ProtectionPolicies:[] IgnoreStrictEnforcement:false} GlobalReads:false NumReplicas:5 NumVoters:0 Constraints:[] VoterConstraints:[] LeasePreferences:[] RangefeedEnabled:false ExcludeDataFromBackup:false} to:{RangeMinBytes:134217728 RangeMaxBytes:536870912 GCPolicy:{TTLSeconds:14400 ProtectionPolicies:[] IgnoreStrictEnforcement:false} GlobalReads:false NumReplicas:1 NumVoters:0 Constraints:[] VoterConstraints:[] LeasePreferences:[] RangefeedEnabled:false ExcludeDataFromBackup:false}
I260828 16:21:57.347154 1251 13@spanconfig/spanconfigstore/store.go:364  [T1,Vsystem,n1,job=AUTO SPAN CONFIG RECONCILIATION id=1205415809547862017] 619  changing the spanconfig for span:/Table/3{8-9} from:{RangeMinBytes:134217728 RangeMaxBytes:536870912 GCPolicy:{TTLSeconds:14400 ProtectionPolicies:[] IgnoreStrictEnforcement:false} GlobalReads:false NumReplicas:5 NumVoters:0 Constraints:[] VoterConstraints:[] LeasePreferences:[] RangefeedEnabled:false ExcludeDataFromBackup:false} to:{RangeMinBytes:134217728 RangeMaxBytes:536870912 GCPolicy:{TTLSeconds:14400 ProtectionPolicies:[] IgnoreStrictEnforcement:false} GlobalReads:false NumReplicas:1 NumVoters:0 Constraints:[] VoterConstraints:[] LeasePreferences:[] RangefeedEnabled:false ExcludeDataFromBackup:false}
I260828 16:21:57.347301 3853 sql/schemachanger/scexec/backfiller/tracker.go:258  [T1,Vsystem,n1,job=NEW SCHEMA CHANGE id=1205415828702199809] 620  writing 1 backfill checkpoints and 0 merge checkpoints
I260828 16:21:57.347303 1251 13@spanconfig/spanconfigstore/store.go:364  [T1,Vsystem,n1,job=AUTO SPAN CONFIG RECONCILIATION id=1205415809547862017] 621  changing the spanconfig for span:/Table/{0-4} from:{RangeMinBytes:134217728 RangeMaxBytes:536870912 GCPolicy:{TTLSeconds:14400 ProtectionPolicies:[] IgnoreStrictEnforcement:true} GlobalReads:false NumReplicas:5 NumVoters:0 Constraints:[] VoterConstraints:[] LeasePreferences:[] RangefeedEnabled:true ExcludeDataFromBackup:false} to:{RangeMinBytes:134217728 RangeMaxBytes:536870912 GCPolicy:{TTLSeconds:14400 ProtectionPolicies:[] IgnoreStrictEnforcement:true} GlobalReads:false NumReplicas:1 NumVoters:0 Constraints:[] VoterConstraints:[] LeasePreferences:[] RangefeedEnabled:true ExcludeDataFromBackup:false}
I260828 16:21:57.347411 1251 13@spanconfig/spanconfigstore/store.go:364  [T1,Vsystem,n1,job=AUTO SPAN CONFIG RECONCILIATION id=1205415809547862017] 622  changing the spanconfig for span:/Table/{4-5} from:{RangeMinBytes:134217728 RangeMaxBytes:536870912 GCPolicy:{TTLSeconds:14400 ProtectionPolicies:[] IgnoreStrictEnforcement:true} GlobalReads:false NumReplicas:5 NumVoters:0 Constraints:[] VoterConstraints:[] LeasePreferences:[] RangefeedEnabled:true ExcludeDataFromBackup:false} to:{RangeMinBytes:134217728 RangeMaxBytes:536870912 GCPolicy:{TTLSeconds:14400 ProtectionPolicies:[] IgnoreStrictEnforcement:true} GlobalReads:false NumReplicas:1 NumVoters:0 Constraints:[] VoterConstraints:[] LeasePreferences:[] RangefeedEnabled:true ExcludeDataFromBackup:false}
I260828 16:21:57.347460 1251 13@spanconfig/spanconfigstore/store.go:364  [T1,Vsystem,n1,job=AUTO SPAN CONFIG RECONCILIATION id=1205415809547862017] 623  changing the spanconfig for span:/Table/{5-6} from:{RangeMinBytes:134217728 RangeMaxBytes:536870912 GCPolicy:{TTLSeconds:14400 ProtectionPolicies:[] IgnoreStrictEnforcement:true} GlobalReads:false NumReplicas:5 NumVoters:0 Constraints:[] VoterConstraints:[] LeasePreferences:[] RangefeedEnabled:true ExcludeDataFromBackup:false} to:{RangeMinBytes:134217728 RangeMaxBytes:536870912 GCPolicy:{TTLSeconds:14400 ProtectionPolicies:[] IgnoreStrictEnforcement:true} GlobalReads:false NumReplicas:1 NumVoters:0 Constraints:[] VoterConstraints:[] LeasePreferences:[] RangefeedEnabled:true ExcludeDataFromBackup:false}
I260828 16:21:57.347507 1251 13@spanconfig/spanconfigstore/store.go:364  [T1,Vsystem,n1,job=AUTO SPAN CONFIG RECONCILIATION id=1205415809547862017] 624  changing the spanconfig for span:/Table/{6-7} from:{RangeMinBytes:134217728 RangeMaxBytes:536870912 GCPolicy:{TTLSeconds:14400 ProtectionPolicies:[] IgnoreStrictEnforcement:true} GlobalReads:false NumReplicas:5 NumVoters:0 Constraints:[] VoterConstraints:[] LeasePreferences:[] RangefeedEnabled:true ExcludeDataFromBackup:false} to:{RangeMinBytes:134217728 RangeMaxBytes:536870912 GCPolicy:{TTLSeconds:14400 ProtectionPolicies:[] IgnoreStrictEnforcement:true} GlobalReads:false NumReplicas:1 NumVoters:0 Constraints:[] VoterConstraints:[] LeasePreferences:[] RangefeedEnabled:true ExcludeDataFromBackup:false}
I260828 16:21:57.347554 1251 13@spanconfig/spanconfigstore/store.go:364  [T1,Vsystem,n1,job=AUTO SPAN CONFIG RECONCILIATION id=1205415809547862017] 625  changing the spanconfig for span:/Table/{7-8} from:{RangeMinBytes:134217728 RangeMaxBytes:536870912 GCPolicy:{TTLSeconds:14400 ProtectionPolicies:[] IgnoreStrictEnforcement:true} GlobalReads:false NumReplicas:5 NumVoters:0 Constraints:[] VoterConstraints:[] LeasePreferences:[] RangefeedEnabled:true ExcludeDataFromBackup:false} to:{RangeMinBytes:134217728 RangeMaxBytes:536870912 GCPolicy:{TTLSeconds:14400 ProtectionPolicies:[] IgnoreStrictEnforcement:true} GlobalReads:false NumReplicas:1 NumVoters:0 Constraints:[] VoterConstraints:[] LeasePreferences:[] RangefeedEnabled:true ExcludeDataFromBackup:false}
I260828 16:21:57.347659 1251 13@spanconfig/spanconfigstore/store.go:364  [T1,Vsystem,n1,job=AUTO SPAN CONFIG RECONCILIATION id=1205415809547862017] 626  changing the spanconfig for span:/Table/{8-9} from:{RangeMinBytes:134217728 RangeMaxBytes:536870912 GCPolicy:{TTLSeconds:14400 ProtectionPolicies:[] IgnoreStrictEnforcement:true} GlobalReads:false NumReplicas:5 NumVoters:0 Constraints:[] VoterConstraints:[] LeasePreferences:[] RangefeedEnabled:true ExcludeDataFromBackup:false} to:{RangeMinBytes:134217728 RangeMaxBytes:536870912 GCPolicy:{TTLSeconds:14400 ProtectionPolicies:[] IgnoreStrictEnforcement:true} GlobalReads:false NumReplicas:1 NumVoters:0 Constraints:[] VoterConstraints:[] LeasePreferences:[] RangefeedEnabled:true ExcludeDataFromBackup:false}
I260828 16:21:57.347720 1251 13@spanconfig/spanconfigstore/store.go:364  [T1,Vsystem,n1,job=AUTO SPAN CONFIG RECONCILIATION id=1205415809547862017] 627  changing the spanconfig for span:/Table/{9-10} from:{RangeMinBytes:134217728 RangeMaxBytes:536870912 GCPolicy:{TTLSeconds:14400 ProtectionPolicies:[] IgnoreStrictEnforcement:true} GlobalReads:false NumReplicas:5 NumVoters:0 Constraints:[] VoterConstraints:[] LeasePreferences:[] RangefeedEnabled:true ExcludeDataFromBackup:false} to:{RangeMinBytes:134217728 RangeMaxBytes:536870912 GCPolicy:{TTLSeconds:14400 ProtectionPolicies:[] IgnoreStrictEnforcement:true} GlobalReads:false NumReplicas:1 NumVoters:0 Constraints:[] VoterConstraints:[] LeasePreferences:[] RangefeedEnabled:true ExcludeDataFromBackup:false}
I260828 16:21:57.347780 1251 13@spanconfig/spanconfigstore/store.go:364  [T1,Vsystem,n1,job=AUTO SPAN CONFIG RECONCILIATION id=1205415809547862017] 628  changing the spanconfig for span:/Table/1{1-2} from:{RangeMinBytes:134217728 RangeMaxBytes:536870912 GCPolicy:{TTLSeconds:600 ProtectionPolicies:[] IgnoreStrictEnforcement:true} GlobalReads:false NumReplicas:5 NumVoters:0 Constraints:[] VoterConstraints:[] LeasePreferences:[] RangefeedEnabled:true ExcludeDataFromBackup:true} to:{RangeMinBytes:134217728 RangeMaxBytes:536870912 GCPolicy:{TTLSeconds:600 ProtectionPolicies:[] IgnoreStrictEnforcement:true} GlobalReads:false NumReplicas:1 NumVoters:0 Constraints:[] VoterConstraints:[] LeasePreferences:[] RangefeedEnabled:true ExcludeDataFromBackup:true}
I260828 16:21:57.347839 1251 13@spanconfig/spanconfigstore/store.go:364  [T1,Vsystem,n1,job=AUTO SPAN CONFIG RECONCILIATION id=1205415809547862017] 629  changing the spanconfig for span:/Table/1{2-3} from:{RangeMinBytes:134217728 RangeMaxBytes:536870912 GCPolicy:{TTLSeconds:14400 ProtectionPolicies:[] IgnoreStrictEnforcement:true} GlobalReads:false NumReplicas:5 NumVoters:0 Constraints:[] VoterConstraints:[] LeasePreferences:[] RangefeedEnabled:true ExcludeDataFromBackup:false} to:{RangeMinBytes:134217728 RangeMaxBytes:536870912 GCPolicy:{TTLSeconds:14400 ProtectionPolicies:[] IgnoreStrictEnforcement:true} GlobalReads:false NumReplicas:1 NumVoters:0 Constraints:[] VoterConstraints:[] LeasePreferences:[] RangefeedEnabled:true ExcludeDataFromBackup:false}
I260828 16:21:57.347933 1251 13@spanconfig/spanconfigstore/store.go:364  [T1,Vsystem,n1,job=AUTO SPAN CONFIG RECONCILIATION id=1205415809547862017] 630  changing the spanconfig for span:/Table/1{3-4} from:{RangeMinBytes:134217728 RangeMaxBytes:536870912 GCPolicy:{TTLSeconds:14400 ProtectionPolicies:[] IgnoreStrictEnforcement:true} GlobalReads:false NumReplicas:5 NumVoters:0 Constraints:[] VoterConstraints:[] LeasePreferences:[] RangefeedEnabled:true ExcludeDataFromBackup:false} to:{RangeMinBytes:134217728 RangeMaxBytes:536870912 GCPolicy:{TTLSeconds:14400 ProtectionPolicies:[] IgnoreStrictEnforcement:true} GlobalReads:false NumReplicas:1 NumVoters:0 Constraints:[] VoterConstraints:[] LeasePreferences:[] RangefeedEnabled:true ExcludeDataFromBackup:false}
I260828 16:21:57.348012 1251 13@spanconfig/spanconfigstore/store.go:364  [T1,Vsystem,n1,job=AUTO SPAN CONFIG RECONCILIATION id=1205415809547862017] 631  changing the spanconfig for span:/Table/1{4-5} from:{RangeMinBytes:134217728 RangeMaxBytes:536870912 GCPolicy:{TTLSeconds:14400 ProtectionPolicies:[] IgnoreStrictEnforcement:true} GlobalReads:false NumReplicas:5 NumVoters:0 Constraints:[] VoterConstraints:[] LeasePreferences:[] RangefeedEnabled:true ExcludeDataFromBackup:false} to:{RangeMinBytes:134217728 RangeMaxBytes:536870912 GCPolicy:{TTLSeconds:14400 ProtectionPolicies:[] IgnoreStrictEnforcement:true} GlobalReads:false NumReplicas:1 NumVoters:0 Constraints:[] VoterConstraints:[] LeasePreferences:[] RangefeedEnabled:true ExcludeDataFromBackup:false}
I260828 16:21:57.348089 1251 13@spanconfig/spanconfigstore/store.go:364  [T1,Vsystem,n1,job=AUTO SPAN CONFIG RECONCILIATION id=1205415809547862017] 632  changing the spanconfig for span:/Table/1{5-6} from:{RangeMinBytes:134217728 RangeMaxBytes:536870912 GCPolicy:{TTLSeconds:14400 ProtectionPolicies:[] IgnoreStrictEnforcement:true} GlobalReads:false NumReplicas:5 NumVoters:0 Constraints:[] VoterConstraints:[] LeasePreferences:[] RangefeedEnabled:true ExcludeDataFromBackup:false} to:{RangeMinBytes:134217728 RangeMaxBytes:536870912 GCPolicy:{TTLSeconds:14400 ProtectionPolicies:[] IgnoreStrictEnforcement:true} GlobalReads:false NumReplicas:1 NumVoters:0 Constraints:[] VoterConstraints:[] LeasePreferences:[] RangefeedEnabled:true ExcludeDataFromBackup:false}
I260828 16:21:57.348187 1251 13@spanconfig/spanconfigstore/store.go:364  [T1,Vsystem,n1,job=AUTO SPAN CONFIG RECONCILIATION id=1205415809547862017] 633  changing the spanconfig for span:/Table/{19-20} from:{RangeMinBytes:134217728 RangeMaxBytes:536870912 GCPolicy:{TTLSeconds:14400 ProtectionPolicies:[] IgnoreStrictEnforcement:true} GlobalReads:false NumReplicas:5 NumVoters:0 Constraints:[] VoterConstraints:[] LeasePreferences:[] RangefeedEnabled:true ExcludeDataFromBackup:false} to:{RangeMinBytes:134217728 RangeMaxBytes:536870912 GCPolicy:{TTLSeconds:14400 ProtectionPolicies:[] IgnoreStrictEnforcement:true} GlobalReads:false NumReplicas:1 NumVoters:0 Constraints:[] VoterConstraints:[] LeasePreferences:[] RangefeedEnabled:true ExcludeDataFromBackup:false}
I260828 16:21:57.348257 1251 13@spanconfig/spanconfigstore/store.go:364  [T1,Vsystem,n1,job=AUTO SPAN CONFIG RECONCILIATION id=1205415809547862017] 634  changing the spanconfig for span:/Table/2{0-1} from:{RangeMinBytes:134217728 RangeMaxBytes:536870912 GCPolicy:{TTLSeconds:14400 ProtectionPolicies:[] IgnoreStrictEnforcement:true} GlobalReads:false NumReplicas:5 NumVoters:0 Constraints:[] VoterConstraints:[] LeasePreferences:[] RangefeedEnabled:true ExcludeDataFromBackup:false} to:{RangeMinBytes:134217728 RangeMaxBytes:536870912 GCPolicy:{TTLSeconds:14400 ProtectionPolicies:[] IgnoreStrictEnforcement:true} GlobalReads:false NumReplicas:1 NumVoters:0 Constraints:[] VoterConstraints:[] LeasePreferences:[] RangefeedEnabled:true ExcludeDataFromBackup:false}
I260828 16:21:57.348337 1251 13@spanconfig/spanconfigstore/store.go:364  [T1,Vsystem,n1,job=AUTO SPAN CONFIG RECONCILIATION id=1205415809547862017] 635  changing the spanconfig for span:/Table/2{1-2} from:{RangeMinBytes:134217728 RangeMaxBytes:536870912 GCPolicy:{TTLSeconds:14400 ProtectionPolicies:[] IgnoreStrictEnforcement:true} GlobalReads:false NumReplicas:5 NumVoters:0 Constraints:[] VoterConstraints:[] LeasePreferences:[] RangefeedEnabled:true ExcludeDataFromBackup:false} to:{RangeMinBytes:134217728 RangeMaxBytes:536870912 GCPolicy:{TTLSeconds:14400 ProtectionPolicies:[] IgnoreStrictEnforcement:true} GlobalReads:false NumReplicas:1 NumVoters:0 Constraints:[] VoterConstraints:[] LeasePreferences:[] RangefeedEnabled:true ExcludeDataFromBackup:false}
I260828 16:21:57.348394 1251 13@spanconfig/spanconfigstore/store.go:364  [T1,Vsystem,n1,job=AUTO SPAN CONFIG RECONCILIATION id=1205415809547862017] 636  changing the spanconfig for span:/Table/2{3-4} from:{RangeMinBytes:134217728 RangeMaxBytes:536870912 GCPolicy:{TTLSeconds:14400 ProtectionPolicies:[] IgnoreStrictEnforcement:true} GlobalReads:false NumReplicas:5 NumVoters:0 Constraints:[] VoterConstraints:[] LeasePreferences:[] RangefeedEnabled:true ExcludeDataFromBackup:false} to:{RangeMinBytes:134217728 RangeMaxBytes:536870912 GCPolicy:{TTLSeconds:14400 ProtectionPolicies:[] IgnoreStrictEnforcement:true} GlobalReads:false NumReplicas:1 NumVoters:0 Constraints:[] VoterConstraints:[] LeasePreferences:[] RangefeedEnabled:true ExcludeDataFromBackup:false}
I260828 16:21:57.348465 1251 13@spanconfig/spanconfigstore/store.go:364  [T1,Vsystem,n1,job=AUTO SPAN CONFIG RECONCILIATION id=1205415809547862017] 637  changing the spanconfig for span:/Table/2{4-5} from:{RangeMinBytes:134217728 RangeMaxBytes:536870912 GCPolicy:{TTLSeconds:14400 ProtectionPolicies:[] IgnoreStrictEnforcement:true} GlobalReads:false NumReplicas:5 NumVoters:0 Constraints:[] VoterConstraints:[] LeasePreferences:[] RangefeedEnabled:true ExcludeDataFromBackup:false} to:{RangeMinBytes:134217728 RangeMaxBytes:536870912 GCPolicy:{TTLSeconds:14400 ProtectionPolicies:[] IgnoreStrictEnforcement:true} GlobalReads:false NumReplicas:1 NumVoters:0 Constraints:[] VoterConstraints:[] LeasePreferences:[] RangefeedEnabled:true ExcludeDataFromBackup:false}
I260828 16:21:57.348524 1251 13@spanconfig/spanconfigstore/store.go:364  [T1,Vsystem,n1,job=AUTO SPAN CONFIG RECONCILIATION id=1205415809547862017] 638  changing the spanconfig for span:/Table/2{5-6} from:{RangeMinBytes:134217728 RangeMaxBytes:536870912 GCPolicy:{TTLSeconds:600 ProtectionPolicies:[] IgnoreStrictEnforcement:true} GlobalReads:false NumReplicas:5 NumVoters:0 Constraints:[] VoterConstraints:[] LeasePreferences:[] RangefeedEnabled:true ExcludeDataFromBackup:true} to:{RangeMinBytes:134217728 RangeMaxBytes:536870912 GCPolicy:{TTLSeconds:600 ProtectionPolicies:[] IgnoreStrictEnforcement:true} GlobalReads:false NumReplicas:1 NumVoters:0 Constraints:[] VoterConstraints:[] LeasePreferences:[] RangefeedEnabled:true ExcludeDataFromBackup:true}
I260828 16:21:57.348608 1251 13@spanconfig/spanconfigstore/store.go:364  [T1,Vsystem,n1,job=AUTO SPAN CONFIG RECONCILIATION id=1205415809547862017] 639  changing the spanconfig for span:/Table/2{6-7} from:{RangeMinBytes:134217728 RangeMaxBytes:536870912 GCPolicy:{TTLSeconds:14400 ProtectionPolicies:[] IgnoreStrictEnforcement:true} GlobalReads:false NumReplicas:5 NumVoters:0 Constraints:[] VoterConstraints:[] LeasePreferences:[] RangefeedEnabled:true ExcludeDataFromBackup:false} to:{RangeMinBytes:134217728 RangeMaxBytes:536870912 GCPolicy:{TTLSeconds:14400 ProtectionPolicies:[] IgnoreStrictEnforcement:true} GlobalReads:false NumReplicas:1 NumVoters:0 Constraints:[] VoterConstraints:[] LeasePreferences:[] RangefeedEnabled:true ExcludeDataFromBackup:false}
I260828 16:21:57.348681 1251 13@spanconfig/spanconfigstore/store.go:364  [T1,Vsystem,n1,job=AUTO SPAN CONFIG RECONCILIATION id=1205415809547862017] 640  changing the spanconfig for span:/Table/2{7-8} from:{RangeMinBytes:134217728 RangeMaxBytes:536870912 GCPolicy:{TTLSeconds:600 ProtectionPolicies:[] IgnoreStrictEnforcement:true} GlobalReads:false NumReplicas:5 NumVoters:0 Constraints:[] VoterConstraints:[] LeasePreferences:[] RangefeedEnabled:true ExcludeDataFromBackup:true} to:{RangeMinBytes:134217728 RangeMaxBytes:536870912 GCPolicy:{TTLSeconds:600 ProtectionPolicies:[] IgnoreStrictEnforcement:true} GlobalReads:false NumReplicas:1 NumVoters:0 Constraints:[] VoterConstraints:[] LeasePreferences:[] RangefeedEnabled:true ExcludeDataFromBackup:true}
I260828 16:21:57.348753 1251 13@spanconfig/spanconfigstore/store.go:364  [T1,Vsystem,n1,job=AUTO SPAN CONFIG RECONCILIATION id=1205415809547862017] 641  changing the spanconfig for span:/Table/2{8-9} from:{RangeMinBytes:134217728 RangeMaxBytes:536870912 GCPolicy:{TTLSeconds:14400 ProtectionPolicies:[] IgnoreStrictEnforcement:true} GlobalReads:false NumReplicas:5 NumVoters:0 Constraints:[] VoterConstraints:[] LeasePreferences:[] RangefeedEnabled:true ExcludeDataFromBackup:false} to:{RangeMinBytes:134217728 RangeMaxBytes:536870912 GCPolicy:{TTLSeconds:14400 ProtectionPolicies:[] IgnoreStrictEnforcement:true} GlobalReads:false NumReplicas:1 NumVoters:0 Constraints:[] VoterConstraints:[] LeasePreferences:[] RangefeedEnabled:true ExcludeDataFromBackup:false}
I260828 16:21:57.348862 1251 13@spanconfig/spanconfigstore/store.go:364  [T1,Vsystem,n1,job=AUTO SPAN CONFIG RECONCILIATION id=1205415809547862017] 642  changing the spanconfig for span:/NamespaceTable/{30-Max} from:{RangeMinBytes:134217728 RangeMaxBytes:536870912 GCPolicy:{TTLSeconds:14400 ProtectionPolicies:[] IgnoreStrictEnforcement:true} GlobalReads:false NumReplicas:5 NumVoters:0 Constraints:[] VoterConstraints:[] LeasePreferences:[] RangefeedEnabled:true ExcludeDataFromBackup:false} to:{RangeMinBytes:134217728 RangeMaxBytes:536870912 GCPolicy:{TTLSeconds:14400 ProtectionPolicies:[] IgnoreStrictEnforcement:true} GlobalReads:false NumReplicas:1 NumVoters:0 Constraints:[] VoterConstraints:[] LeasePreferences:[] RangefeedEnabled:true ExcludeDataFromBackup:false}
I260828 16:21:57.348948 1251 13@spanconfig/spanconfigstore/store.go:364  [T1,Vsystem,n1,job=AUTO SPAN CONFIG RECONCILIATION id=1205415809547862017] 643  changing the spanconfig for span:/{NamespaceTable/Max-Table/32} from:{RangeMinBytes:134217728 RangeMaxBytes:536870912 GCPolicy:{TTLSeconds:14400 ProtectionPolicies:[] IgnoreStrictEnforcement:true} GlobalReads:false NumReplicas:5 NumVoters:0 Constraints:[] VoterConstraints:[] LeasePreferences:[] RangefeedEnabled:true ExcludeDataFromBackup:false} to:{RangeMinBytes:134217728 RangeMaxBytes:536870912 GCPolicy:{TTLSeconds:14400 ProtectionPolicies:[] IgnoreStrictEnforcement:true} GlobalReads:false NumReplicas:1 NumVoters:0 Constraints:[] VoterConstraints:[] LeasePreferences:[] RangefeedEnabled:true ExcludeDataFromBackup:false}
I260828 16:21:57.349023 1251 13@spanconfig/spanconfigstore/store.go:364  [T1,Vsystem,n1,job=AUTO SPAN CONFIG RECONCILIATION id=1205415809547862017] 644  changing the spanconfig for span:/Table/3{2-3} from:{RangeMinBytes:134217728 RangeMaxBytes:536870912 GCPolicy:{TTLSeconds:14400 ProtectionPolicies:[] IgnoreStrictEnforcement:true} GlobalReads:false NumReplicas:5 NumVoters:0 Constraints:[] VoterConstraints:[] LeasePreferences:[] RangefeedEnabled:true ExcludeDataFromBackup:false} to:{RangeMinBytes:134217728 RangeMaxBytes:536870912 GCPolicy:{TTLSeconds:14400 ProtectionPolicies:[] IgnoreStrictEnforcement:true} GlobalReads:false NumReplicas:1 NumVoters:0 Constraints:[] VoterConstraints:[] LeasePreferences:[] RangefeedEnabled:true ExcludeDataFromBackup:false}
I260828 16:21:57.349097 1251 13@spanconfig/spanconfigstore/store.go:364  [T1,Vsystem,n1,job=AUTO SPAN CONFIG RECONCILIATION id=1205415809547862017] 645  changing the spanconfig for span:/Table/3{3-4} from:{RangeMinBytes:134217728 RangeMaxBytes:536870912 GCPolicy:{TTLSeconds:14400 ProtectionPolicies:[] IgnoreStrictEnforcement:true} GlobalReads:false NumReplicas:5 NumVoters:0 Constraints:[] VoterConstraints:[] LeasePreferences:[] RangefeedEnabled:true ExcludeDataFromBackup:false} to:{RangeMinBytes:134217728 RangeMaxBytes:536870912 GCPolicy:{TTLSeconds:14400 ProtectionPolicies:[] IgnoreStrictEnforcement:true} GlobalReads:false NumReplicas:1 NumVoters:0 Constraints:[] VoterConstraints:[] LeasePreferences:[] RangefeedEnabled:true ExcludeDataFromBackup:false}
I260828 16:21:57.349194 1251 13@spanconfig/spanconfigstore/store.go:364  [T1,Vsystem,n1,job=AUTO SPAN CONFIG RECONCILIATION id=1205415809547862017] 646  changing the spanconfig for span:/Table/3{4-5} from:{RangeMinBytes:134217728 RangeMaxBytes:536870912 GCPolicy:{TTLSeconds:14400 ProtectionPolicies:[] IgnoreStrictEnforcement:true} GlobalReads:false NumReplicas:5 NumVoters:0 Constraints:[] VoterConstraints:[] LeasePreferences:[] RangefeedEnabled:true ExcludeDataFromBackup:false} to:{RangeMinBytes:134217728 RangeMaxBytes:536870912 GCPolicy:{TTLSeconds:14400 ProtectionPolicies:[] IgnoreStrictEnforcement:true} GlobalReads:false NumReplicas:1 NumVoters:0 Constraints:[] VoterConstraints:[] LeasePreferences:[] RangefeedEnabled:true ExcludeDataFromBackup:false}
I260828 16:21:57.349273 1251 13@spanconfig/spanconfigstore/store.go:364  [T1,Vsystem,n1,job=AUTO SPAN CONFIG RECONCILIATION id=1205415809547862017] 647  changing the spanconfig for span:/Table/3{5-6} from:{RangeMinBytes:134217728 RangeMaxBytes:536870912 GCPolicy:{TTLSeconds:14400 ProtectionPolicies:[] IgnoreStrictEnforcement:true} GlobalReads:false NumReplicas:5 NumVoters:0 Constraints:[] VoterConstraints:[] LeasePreferences:[] RangefeedEnabled:true ExcludeDataFromBackup:false} to:{RangeMinBytes:134217728 RangeMaxBytes:536870912 GCPolicy:{TTLSeconds:14400 ProtectionPolicies:[] IgnoreStrictEnforcement:true} GlobalReads:false NumReplicas:1 NumVoters:0 Constraints:[] VoterConstraints:[] LeasePreferences:[] RangefeedEnabled:true ExcludeDataFromBackup:false}
I260828 16:21:57.349351 1251 13@spanconfig/spanconfigstore/store.go:364  [T1,Vsystem,n1,job=AUTO SPAN CONFIG RECONCILIATION id=1205415809547862017] 648  changing the spanconfig for span:/Table/3{6-7} from:{RangeMinBytes:134217728 RangeMaxBytes:536870912 GCPolicy:{TTLSeconds:14400 ProtectionPolicies:[] IgnoreStrictEnforcement:true} GlobalReads:false NumReplicas:5 NumVoters:0 Constraints:[] VoterConstraints:[] LeasePreferences:[] RangefeedEnabled:true ExcludeDataFromBackup:false} to:{RangeMinBytes:134217728 RangeMaxBytes:536870912 GCPolicy:{TTLSeconds:14400 ProtectionPolicies:[] IgnoreStrictEnforcement:true} GlobalReads:false NumReplicas:1 NumVoters:0 Constraints:[] VoterConstraints:[] LeasePreferences:[] RangefeedEnabled:true ExcludeDataFromBackup:false}
I260828 16:21:57.349428 1251 13@spanconfig/spanconfigstore/store.go:364  [T1,Vsystem,n1,job=AUTO SPAN CONFIG RECONCILIATION id=1205415809547862017] 649  changing the spanconfig for span:/Table/3{7-8} from:{RangeMinBytes:134217728 RangeMaxBytes:536870912 GCPolicy:{TTLSeconds:14400 ProtectionPolicies:[] IgnoreStrictEnforcement:true} GlobalReads:false NumReplicas:5 NumVoters:0 Constraints:[] VoterConstraints:[] LeasePreferences:[] RangefeedEnabled:true ExcludeDataFromBackup:false} to:{RangeMinBytes:134217728 RangeMaxBytes:536870912 GCPolicy:{TTLSeconds:14400 ProtectionPolicies:[] IgnoreStrictEnforcement:true} GlobalReads:false NumReplicas:1 NumVoters:0 Constraints:[] VoterConstraints:[] LeasePreferences:[] RangefeedEnabled:true ExcludeDataFromBackup:false}
I260828 16:21:57.349512 1251 13@spanconfig/spanconfigstore/store.go:364  [T1,Vsystem,n1,job=AUTO SPAN CONFIG RECONCILIATION id=1205415809547862017] 650  changing the spanconfig for span:/Table/{39-40} from:{RangeMinBytes:134217728 RangeMaxBytes:536870912 GCPolicy:{TTLSeconds:14400 ProtectionPolicies:[] IgnoreStrictEnforcement:true} GlobalReads:false NumReplicas:5 NumVoters:0 Constraints:[] VoterConstraints:[] LeasePreferences:[] RangefeedEnabled:true ExcludeDataFromBackup:false} to:{RangeMinBytes:134217728 RangeMaxBytes:536870912 GCPolicy:{TTLSeconds:14400 ProtectionPolicies:[] IgnoreStrictEnforcement:true} GlobalReads:false NumReplicas:1 NumVoters:0 Constraints:[] VoterConstraints:[] LeasePreferences:[] RangefeedEnabled:true ExcludeDataFromBackup:false}
I260828 16:21:57.349617 1251 13@spanconfig/spanconfigstore/store.go:364  [T1,Vsystem,n1,job=AUTO SPAN CONFIG RECONCILIATION id=1205415809547862017] 651  changing the spanconfig for span:/Table/4{0-1} from:{RangeMinBytes:134217728 RangeMaxBytes:536870912 GCPolicy:{TTLSeconds:14400 ProtectionPolicies:[] IgnoreStrictEnforcement:true} GlobalReads:false NumReplicas:5 NumVoters:0 Constraints:[] VoterConstraints:[] LeasePreferences:[] RangefeedEnabled:true ExcludeDataFromBackup:false} to:{RangeMinBytes:134217728 RangeMaxBytes:536870912 GCPolicy:{TTLSeconds:14400 ProtectionPolicies:[] IgnoreStrictEnforcement:true} GlobalReads:false NumReplicas:1 NumVoters:0 Constraints:[] VoterConstraints:[] LeasePreferences:[] RangefeedEnabled:true ExcludeDataFromBackup:false}
I260828 16:21:57.349693 1251 13@spanconfig/spanconfigstore/store.go:364  [T1,Vsystem,n1,job=AUTO SPAN CONFIG RECONCILIATION id=1205415809547862017] 652  changing the spanconfig for span:/Table/4{1-2} from:{RangeMinBytes:134217728 RangeMaxBytes:536870912 GCPolicy:{TTLSeconds:14400 ProtectionPolicies:[] IgnoreStrictEnforcement:true} GlobalReads:false NumReplicas:5 NumVoters:0 Constraints:[] VoterConstraints:[] LeasePreferences:[] RangefeedEnabled:true ExcludeDataFromBackup:false} to:{RangeMinBytes:134217728 RangeMaxBytes:536870912 GCPolicy:{TTLSeconds:14400 ProtectionPolicies:[] IgnoreStrictEnforcement:true} GlobalReads:false NumReplicas:1 NumVoters:0 Constraints:[] VoterConstraints:[] LeasePreferences:[] RangefeedEnabled:true ExcludeDataFromBackup:false}
I260828 16:21:57.349772 1251 13@spanconfig/spanconfigstore/store.go:364  [T1,Vsystem,n1,job=AUTO SPAN CONFIG RECONCILIATION id=1205415809547862017] 653  changing the spanconfig for span:/Table/4{2-3} from:{RangeMinBytes:134217728 RangeMaxBytes:536870912 GCPolicy:{TTLSeconds:14400 ProtectionPolicies:[] IgnoreStrictEnforcement:true} GlobalReads:false NumReplicas:5 NumVoters:0 Constraints:[] VoterConstraints:[] LeasePreferences:[] RangefeedEnabled:true ExcludeDataFromBackup:false} to:{RangeMinBytes:134217728 RangeMaxBytes:536870912 GCPolicy:{TTLSeconds:3600 ProtectionPolicies:[] IgnoreStrictEnforcement:true} GlobalReads:false NumReplicas:1 NumVoters:0 Constraints:[] VoterConstraints:[] LeasePreferences:[] RangefeedEnabled:true ExcludeDataFromBackup:false}
I260828 16:21:57.349835 1251 13@spanconfig/spanconfigstore/store.go:364  [T1,Vsystem,n1,job=AUTO SPAN CONFIG RECONCILIATION id=1205415809547862017] 654  changing the spanconfig for span:/Table/4{3-4} from:{RangeMinBytes:134217728 RangeMaxBytes:536870912 GCPolicy:{TTLSeconds:14400 ProtectionPolicies:[] IgnoreStrictEnforcement:true} GlobalReads:false NumReplicas:5 NumVoters:0 Constraints:[] VoterConstraints:[] LeasePreferences:[] RangefeedEnabled:true ExcludeDataFromBackup:false} to:{RangeMinBytes:134217728 RangeMaxBytes:536870912 GCPolicy:{TTLSeconds:3600 ProtectionPolicies:[] IgnoreStrictEnforcement:true} GlobalReads:false NumReplicas:1 NumVoters:0 Constraints:[] VoterConstraints:[] LeasePreferences:[] RangefeedEnabled:true ExcludeDataFromBackup:false}
I260828 16:21:57.349913 1251 13@spanconfig/spanconfigstore/store.go:364  [T1,Vsystem,n1,job=AUTO SPAN CONFIG RECONCILIATION id=1205415809547862017] 655  changing the spanconfig for span:/Table/4{4-5} from:{RangeMinBytes:134217728 RangeMaxBytes:536870912 GCPolicy:{TTLSeconds:14400 ProtectionPolicies:[] IgnoreStrictEnforcement:true} GlobalReads:false NumReplicas:5 NumVoters:0 Constraints:[] VoterConstraints:[] LeasePreferences:[] RangefeedEnabled:true ExcludeDataFromBackup:false} to:{RangeMinBytes:134217728 RangeMaxBytes:536870912 GCPolicy:{TTLSeconds:14400 ProtectionPolicies:[] IgnoreStrictEnforcement:true} GlobalReads:false NumReplicas:1 NumVoters:0 Constraints:[] VoterConstraints:[] LeasePreferences:[] RangefeedEnabled:true ExcludeDataFromBackup:false}
I260828 16:21:57.349990 1251 13@spanconfig/spanconfigstore/store.go:364  [T1,Vsystem,n1,job=AUTO SPAN CONFIG RECONCILIATION id=1205415809547862017] 656  changing the spanconfig for span:/Table/4{5-6} from:{RangeMinBytes:134217728 RangeMaxBytes:536870912 GCPolicy:{TTLSeconds:7200 ProtectionPolicies:[] IgnoreStrictEnforcement:true} GlobalReads:false NumReplicas:5 NumVoters:0 Constraints:[] VoterConstraints:[] LeasePreferences:[] RangefeedEnabled:true ExcludeDataFromBackup:true} to:{RangeMinBytes:134217728 RangeMaxBytes:536870912 GCPolicy:{TTLSeconds:7200 ProtectionPolicies:[] IgnoreStrictEnforcement:true} GlobalReads:false NumReplicas:1 NumVoters:0 Constraints:[] VoterConstraints:[] LeasePreferences:[] RangefeedEnabled:true ExcludeDataFromBackup:true}
I260828 16:21:57.350085 1251 13@spanconfig/spanconfigstore/store.go:364  [T1,Vsystem,n1,job=AUTO SPAN CONFIG RECONCILIATION id=1205415809547862017] 657  changing the spanconfig for span:/Table/4{6-7} from:{RangeMinBytes:134217728 RangeMaxBytes:536870912 GCPolicy:{TTLSeconds:14400 ProtectionPolicies:[] IgnoreStrictEnforcement:true} GlobalReads:false NumReplicas:5 NumVoters:0 Constraints:[] VoterConstraints:[] LeasePreferences:[] RangefeedEnabled:true ExcludeDataFromBackup:false} to:{RangeMinBytes:134217728 RangeMaxBytes:536870912 GCPolicy:{TTLSeconds:14400 ProtectionPolicies:[] IgnoreStrictEnforcement:true} GlobalReads:false NumReplicas:1 NumVoters:0 Constraints:[] VoterConstraints:[] LeasePreferences:[] RangefeedEnabled:true ExcludeDataFromBackup:false}
I260828 16:21:57.350181 1251 13@spanconfig/spanconfigstore/store.go:364  [T1,Vsystem,n1,job=AUTO SPAN CONFIG RECONCILIATION id=1205415809547862017] 658  changing the spanconfig for span:/Table/4{7-8} from:{RangeMinBytes:134217728 RangeMaxBytes:536870912 GCPolicy:{TTLSeconds:14400 ProtectionPolicies:[] IgnoreStrictEnforcement:true} GlobalReads:false NumReplicas:5 NumVoters:0 Constraints:[] VoterConstraints:[] LeasePreferences:[] RangefeedEnabled:true ExcludeDataFromBackup:true} to:{RangeMinBytes:134217728 RangeMaxBytes:536870912 GCPolicy:{TTLSeconds:14400 ProtectionPolicies:[] IgnoreStrictEnforcement:true} GlobalReads:false NumReplicas:1 NumVoters:0 Constraints:[] VoterConstraints:[] LeasePreferences:[] RangefeedEnabled:true ExcludeDataFromBackup:true}
I260828 16:21:57.350260 1251 13@spanconfig/spanconfigstore/store.go:364  [T1,Vsystem,n1,job=AUTO SPAN CONFIG RECONCILIATION id=1205415809547862017] 659  changing the spanconfig for span:/Table/4{8-9} from:{RangeMinBytes:134217728 RangeMaxBytes:536870912 GCPolicy:{TTLSeconds:14400 ProtectionPolicies:[] IgnoreStrictEnforcement:true} GlobalReads:false NumReplicas:5 NumVoters:0 Constraints:[] VoterConstraints:[] LeasePreferences:[] RangefeedEnabled:true ExcludeDataFromBackup:false} to:{RangeMinBytes:134217728 RangeMaxBytes:536870912 GCPolicy:{TTLSeconds:14400 ProtectionPolicies:[] IgnoreStrictEnforcement:true} GlobalReads:false NumReplicas:1 NumVoters:0 Constraints:[] VoterConstraints:[] LeasePreferences:[] RangefeedEnabled:true ExcludeDataFromBackup:false}
I260828 16:21:57.350361 1251 13@spanconfig/spanconfigstore/store.go:364  [T1,Vsystem,n1,job=AUTO SPAN CONFIG RECONCILIATION id=1205415809547862017] 660  changing the spanconfig for span:/Table/5{0-1} from:{RangeMinBytes:134217728 RangeMaxBytes:536870912 GCPolicy:{TTLSeconds:14400 ProtectionPolicies:[] IgnoreStrictEnforcement:true} GlobalReads:false NumReplicas:5 NumVoters:0 Constraints:[] VoterConstraints:[] LeasePreferences:[] RangefeedEnabled:true ExcludeDataFromBackup:false} to:{RangeMinBytes:134217728 RangeMaxBytes:536870912 GCPolicy:{TTLSeconds:14400 ProtectionPolicies:[] IgnoreStrictEnforcement:true} GlobalReads:false NumReplicas:1 NumVoters:0 Constraints:[] VoterConstraints:[] LeasePreferences:[] RangefeedEnabled:true ExcludeDataFromBackup:false}
I260828 16:21:57.350457 1251 13@spanconfig/spanconfigstore/store.go:364  [T1,Vsystem,n1,job=AUTO SPAN CONFIG RECONCILIATION id=1205415809547862017] 661  changing the spanconfig for span:/Table/5{1-2} from:{RangeMinBytes:134217728 RangeMaxBytes:536870912 GCPolicy:{TTLSeconds:14400 ProtectionPolicies:[] IgnoreStrictEnforcement:true} GlobalReads:false NumReplicas:5 NumVoters:0 Constraints:[] VoterConstraints:[] LeasePreferences:[] RangefeedEnabled:true ExcludeDataFromBackup:false} to:{RangeMinBytes:134217728 RangeMaxBytes:536870912 GCPolicy:{TTLSeconds:14400 ProtectionPolicies:[] IgnoreStrictEnforcement:true} GlobalReads:false NumReplicas:1 NumVoters:0 Constraints:[] VoterConstraints:[] LeasePreferences:[] RangefeedEnabled:true ExcludeDataFromBackup:false}
I260828 16:21:57.350538 1251 13@spanconfig/spanconfigstore/store.go:364  [T1,Vsystem,n1,job=AUTO SPAN CONFIG RECONCILIATION id=1205415809547862017] 662  changing the spanconfig for span:/Table/5{2-3} from:{RangeMinBytes:134217728 RangeMaxBytes:536870912 GCPolicy:{TTLSeconds:14400 ProtectionPolicies:[] IgnoreStrictEnforcement:true} GlobalReads:false NumReplicas:5 NumVoters:0 Constraints:[] VoterConstraints:[] LeasePreferences:[] RangefeedEnabled:true ExcludeDataFromBackup:false} to:{RangeMinBytes:134217728 RangeMaxBytes:536870912 GCPolicy:{TTLSeconds:14400 ProtectionPolicies:[] IgnoreStrictEnforcement:true} GlobalReads:false NumReplicas:1 NumVoters:0 Constraints:[] VoterConstraints:[] LeasePreferences:[] RangefeedEnabled:true ExcludeDataFromBackup:false}
I260828 16:21:57.350628 1251 13@spanconfig/spanconfigstore/store.go:364  [T1,Vsystem,n1,job=AUTO SPAN CONFIG RECONCILIATION id=1205415809547862017] 663  changing the spanconfig for span:/Table/5{3-4} from:{RangeMinBytes:134217728 RangeMaxBytes:536870912 GCPolicy:{TTLSeconds:14400 ProtectionPolicies:[] IgnoreStrictEnforcement:true} GlobalReads:false NumReplicas:5 NumVoters:0 Constraints:[] VoterConstraints:[] LeasePreferences:[] RangefeedEnabled:true ExcludeDataFromBackup:false} to:{RangeMinBytes:134217728 RangeMaxBytes:536870912 GCPolicy:{TTLSeconds:14400 ProtectionPolicies:[] IgnoreStrictEnforcement:true} GlobalReads:false NumReplicas:1 NumVoters:0 Constraints:[] VoterConstraints:[] LeasePreferences:[] RangefeedEnabled:true ExcludeDataFromBackup:false}
I260828 16:21:57.350700 1251 13@spanconfig/spanconfigstore/store.go:364  [T1,Vsystem,n1,job=AUTO SPAN CONFIG RECONCILIATION id=1205415809547862017] 664  changing the spanconfig for span:/Table/5{4-5} from:{RangeMinBytes:134217728 RangeMaxBytes:536870912 GCPolicy:{TTLSeconds:14400 ProtectionPolicies:[] IgnoreStrictEnforcement:true} GlobalReads:false NumReplicas:5 NumVoters:0 Constraints:[] VoterConstraints:[] LeasePreferences:[] RangefeedEnabled:true ExcludeDataFromBackup:false} to:{RangeMinBytes:134217728 RangeMaxBytes:536870912 GCPolicy:{TTLSeconds:14400 ProtectionPolicies:[] IgnoreStrictEnforcement:true} GlobalReads:false NumReplicas:1 NumVoters:0 Constraints:[] VoterConstraints:[] LeasePreferences:[] RangefeedEnabled:true ExcludeDataFromBackup:false}
I260828 16:21:57.350814 1251 13@spanconfig/spanconfigstore/store.go:364  [T1,Vsystem,n1,job=AUTO SPAN CONFIG RECONCILIATION id=1205415809547862017] 665  changing the spanconfig for span:/Table/5{5-6} from:{RangeMinBytes:134217728 RangeMaxBytes:536870912 GCPolicy:{TTLSeconds:14400 ProtectionPolicies:[] IgnoreStrictEnforcement:true} GlobalReads:false NumReplicas:5 NumVoters:0 Constraints:[] VoterConstraints:[] LeasePreferences:[] RangefeedEnabled:true ExcludeDataFromBackup:false} to:{RangeMinBytes:134217728 RangeMaxBytes:536870912 GCPolicy:{TTLSeconds:14400 ProtectionPolicies:[] IgnoreStrictEnforcement:true} GlobalReads:false NumReplicas:1 NumVoters:0 Constraints:[] VoterConstraints:[] LeasePreferences:[] RangefeedEnabled:true ExcludeDataFromBackup:false}
I260828 16:21:57.350911 1251 13@spanconfig/spanconfigstore/store.go:364  [T1,Vsystem,n1,job=AUTO SPAN CONFIG RECONCILIATION id=1205415809547862017] 666  changing the spanconfig for span:/Table/5{6-7} from:{RangeMinBytes:134217728 RangeMaxBytes:536870912 GCPolicy:{TTLSeconds:14400 ProtectionPolicies:[] IgnoreStrictEnforcement:true} GlobalReads:false NumReplicas:5 NumVoters:0 Constraints:[] VoterConstraints:[] LeasePreferences:[] RangefeedEnabled:true ExcludeDataFromBackup:false} to:{RangeMinBytes:134217728 RangeMaxBytes:536870912 GCPolicy:{TTLSeconds:14400 ProtectionPolicies:[] IgnoreStrictEnforcement:true} GlobalReads:false NumReplicas:1 NumVoters:0 Constraints:[] VoterConstraints:[] LeasePreferences:[] RangefeedEnabled:true ExcludeDataFromBackup:false}
I260828 16:21:57.351022 1251 13@spanconfig/spanconfigstore/store.go:364  [T1,Vsystem,n1,job=AUTO SPAN CONFIG RECONCILIATION id=1205415809547862017] 667  changing the spanconfig for span:/Table/5{7-8} from:{RangeMinBytes:134217728 RangeMaxBytes:536870912 GCPolicy:{TTLSeconds:14400 ProtectionPolicies:[] IgnoreStrictEnforcement:true} GlobalReads:false NumReplicas:5 NumVoters:0 Constraints:[] VoterConstraints:[] LeasePreferences:[] RangefeedEnabled:true ExcludeDataFromBackup:false} to:{RangeMinBytes:134217728 RangeMaxBytes:536870912 GCPolicy:{TTLSeconds:14400 ProtectionPolicies:[] IgnoreStrictEnforcement:true} GlobalReads:false NumReplicas:1 NumVoters:0 Constraints:[] VoterConstraints:[] LeasePreferences:[] RangefeedEnabled:true ExcludeDataFromBackup:false}
I260828 16:21:57.351095 1251 13@spanconfig/spanconfigstore/store.go:364  [T1,Vsystem,n1,job=AUTO SPAN CONFIG RECONCILIATION id=1205415809547862017] 668  changing the spanconfig for span:/Table/5{8-9} from:{RangeMinBytes:134217728 RangeMaxBytes:536870912 GCPolicy:{TTLSeconds:14400 ProtectionPolicies:[] IgnoreStrictEnforcement:true} GlobalReads:false NumReplicas:5 NumVoters:0 Constraints:[] VoterConstraints:[] LeasePreferences:[] RangefeedEnabled:true ExcludeDataFromBackup:false} to:{RangeMinBytes:134217728 RangeMaxBytes:536870912 GCPolicy:{TTLSeconds:3600 ProtectionPolicies:[] IgnoreStrictEnforcement:true} GlobalReads:false NumReplicas:1 NumVoters:0 Constraints:[] VoterConstraints:[] LeasePreferences:[] RangefeedEnabled:true ExcludeDataFromBackup:false}
I260828 16:21:57.351191 1251 13@spanconfig/spanconfigstore/store.go:364  [T1,Vsystem,n1,job=AUTO SPAN CONFIG RECONCILIATION id=1205415809547862017] 669  changing the spanconfig for span:/Table/{59-60} from:{RangeMinBytes:134217728 RangeMaxBytes:536870912 GCPolicy:{TTLSeconds:14400 ProtectionPolicies:[] IgnoreStrictEnforcement:true} GlobalReads:false NumReplicas:5 NumVoters:0 Constraints:[] VoterConstraints:[] LeasePreferences:[] RangefeedEnabled:true ExcludeDataFromBackup:false} to:{RangeMinBytes:134217728 RangeMaxBytes:536870912 GCPolicy:{TTLSeconds:14400 ProtectionPolicies:[] IgnoreStrictEnforcement:true} GlobalReads:false NumReplicas:1 NumVoters:0 Constraints:[] VoterConstraints:[] LeasePreferences:[] RangefeedEnabled:true ExcludeDataFromBackup:false}
I260828 16:21:57.351269 1251 13@spanconfig/spanconfigstore/store.go:364  [T1,Vsystem,n1,job=AUTO SPAN CONFIG RECONCILIATION id=1205415809547862017] 670  changing the spanconfig for span:/Table/6{0-1} from:{RangeMinBytes:134217728 RangeMaxBytes:536870912 GCPolicy:{TTLSeconds:14400 ProtectionPolicies:[] IgnoreStrictEnforcement:true} GlobalReads:false NumReplicas:5 NumVoters:0 Constraints:[] VoterConstraints:[] LeasePreferences:[] RangefeedEnabled:true ExcludeDataFromBackup:false} to:{RangeMinBytes:134217728 RangeMaxBytes:536870912 GCPolicy:{TTLSeconds:14400 ProtectionPolicies:[] IgnoreStrictEnforcement:true} GlobalReads:false NumReplicas:1 NumVoters:0 Constraints:[] VoterConstraints:[] LeasePreferences:[] RangefeedEnabled:true ExcludeDataFromBackup:false}
I260828 16:21:57.351347 1251 13@spanconfig/spanconfigstore/store.go:364  [T1,Vsystem,n1,job=AUTO SPAN CONFIG RECONCILIATION id=1205415809547862017] 671  changing the spanconfig for span:/Table/6{1-2} from:{RangeMinBytes:134217728 RangeMaxBytes:536870912 GCPolicy:{TTLSeconds:14400 ProtectionPolicies:[] IgnoreStrictEnforcement:true} GlobalReads:false NumReplicas:5 NumVoters:0 Constraints:[] VoterConstraints:[] LeasePreferences:[] RangefeedEnabled:true ExcludeDataFromBackup:false} to:{RangeMinBytes:134217728 RangeMaxBytes:536870912 GCPolicy:{TTLSeconds:3600 ProtectionPolicies:[] IgnoreStrictEnforcement:true} GlobalReads:false NumReplicas:1 NumVoters:0 Constraints:[] VoterConstraints:[] LeasePreferences:[] RangefeedEnabled:true ExcludeDataFromBackup:false}
I260828 16:21:57.351444 1251 13@spanconfig/spanconfigstore/store.go:364  [T1,Vsystem,n1,job=AUTO SPAN CONFIG RECONCILIATION id=1205415809547862017] 672  changing the spanconfig for span:/Table/6{2-3} from:{RangeMinBytes:134217728 RangeMaxBytes:536870912 GCPolicy:{TTLSeconds:14400 ProtectionPolicies:[] IgnoreStrictEnforcement:true} GlobalReads:false NumReplicas:5 NumVoters:0 Constraints:[] VoterConstraints:[] LeasePreferences:[] RangefeedEnabled:true ExcludeDataFromBackup:false} to:{RangeMinBytes:134217728 RangeMaxBytes:536870912 GCPolicy:{TTLSeconds:3600 ProtectionPolicies:[] IgnoreStrictEnforcement:true} GlobalReads:false NumReplicas:1 NumVoters:0 Constraints:[] VoterConstraints:[] LeasePreferences:[] RangefeedEnabled:true ExcludeDataFromBackup:false}
I260828 16:21:57.351503 1251 13@spanconfig/spanconfigstore/store.go:364  [T1,Vsystem,n1,job=AUTO SPAN CONFIG RECONCILIATION id=1205415809547862017] 673  changing the spanconfig for span:/Table/6{3-4} from:{RangeMinBytes:134217728 RangeMaxBytes:536870912 GCPolicy:{TTLSeconds:14400 ProtectionPolicies:[] IgnoreStrictEnforcement:true} GlobalReads:false NumReplicas:5 NumVoters:0 Constraints:[] VoterConstraints:[] LeasePreferences:[] RangefeedEnabled:true ExcludeDataFromBackup:false} to:{RangeMinBytes:134217728 RangeMaxBytes:536870912 GCPolicy:{TTLSeconds:14400 ProtectionPolicies:[] IgnoreStrictEnforcement:true} GlobalReads:false NumReplicas:1 NumVoters:0 Constraints:[] VoterConstraints:[] LeasePreferences:[] RangefeedEnabled:true ExcludeDataFromBackup:false}
I260828 16:21:57.351591 1251 13@spanconfig/spanconfigstore/store.go:364  [T1,Vsystem,n1,job=AUTO SPAN CONFIG RECONCILIATION id=1205415809547862017] 674  changing the spanconfig for span:/Table/6{4-5} from:{RangeMinBytes:134217728 RangeMaxBytes:536870912 GCPolicy:{TTLSeconds:14400 ProtectionPolicies:[] IgnoreStrictEnforcement:true} GlobalReads:false NumReplicas:5 NumVoters:0 Constraints:[] VoterConstraints:[] LeasePreferences:[] RangefeedEnabled:true ExcludeDataFromBackup:false} to:{RangeMinBytes:134217728 RangeMaxBytes:536870912 GCPolicy:{TTLSeconds:14400 ProtectionPolicies:[] IgnoreStrictEnforcement:true} GlobalReads:false NumReplicas:1 NumVoters:0 Constraints:[] VoterConstraints:[] LeasePreferences:[] RangefeedEnabled:true ExcludeDataFromBackup:false}
I260828 16:21:57.351659 1251 13@spanconfig/spanconfigstore/store.go:364  [T1,Vsystem,n1,job=AUTO SPAN CONFIG RECONCILIATION id=1205415809547862017] 675  changing the spanconfig for span:/Table/6{5-6} from:{RangeMinBytes:134217728 RangeMaxBytes:536870912 GCPolicy:{TTLSeconds:14400 ProtectionPolicies:[] IgnoreStrictEnforcement:true} GlobalReads:false NumReplicas:5 NumVoters:0 Constraints:[] VoterConstraints:[] LeasePreferences:[] RangefeedEnabled:true ExcludeDataFromBackup:false} to:{RangeMinBytes:134217728 RangeMaxBytes:536870912 GCPolicy:{TTLSeconds:14400 ProtectionPolicies:[] IgnoreStrictEnforcement:true} GlobalReads:false NumReplicas:1 NumVoters:0 Constraints:[] VoterConstraints:[] LeasePreferences:[] RangefeedEnabled:true ExcludeDataFromBackup:false}
I260828 16:21:57.351717 1251 13@spanconfig/spanconfigstore/store.go:364  [T1,Vsystem,n1,job=AUTO SPAN CONFIG RECONCILIATION id=1205415809547862017] 676  changing the spanconfig for span:/Table/6{6-7} from:{RangeMinBytes:134217728 RangeMaxBytes:536870912 GCPolicy:{TTLSeconds:14400 ProtectionPolicies:[] IgnoreStrictEnforcement:true} GlobalReads:false NumReplicas:5 NumVoters:0 Constraints:[] VoterConstraints:[] LeasePreferences:[] RangefeedEnabled:true ExcludeDataFromBackup:false} to:{RangeMinBytes:134217728 RangeMaxBytes:536870912 GCPolicy:{TTLSeconds:14400 ProtectionPolicies:[] IgnoreStrictEnforcement:true} GlobalReads:false NumReplicas:1 NumVoters:0 Constraints:[] VoterConstraints:[] LeasePreferences:[] RangefeedEnabled:true ExcludeDataFromBackup:false}
I260828 16:21:57.351759 1251 13@spanconfig/spanconfigstore/store.go:364  [T1,Vsystem,n1,job=AUTO SPAN CONFIG RECONCILIATION id=1205415809547862017] 677  changing the spanconfig for span:/Table/6{7-8} from:{RangeMinBytes:134217728 RangeMaxBytes:536870912 GCPolicy:{TTLSeconds:14400 ProtectionPolicies:[] IgnoreStrictEnforcement:true} GlobalReads:false NumReplicas:5 NumVoters:0 Constraints:[] VoterConstraints:[] LeasePreferences:[] RangefeedEnabled:true ExcludeDataFromBackup:false} to:{RangeMinBytes:134217728 RangeMaxBytes:536870912 GCPolicy:{TTLSeconds:14400 ProtectionPolicies:[] IgnoreStrictEnforcement:true} GlobalReads:false NumReplicas:1 NumVoters:0 Constraints:[] VoterConstraints:[] LeasePreferences:[] RangefeedEnabled:true ExcludeDataFromBackup:false}
I260828 16:21:57.351858 1251 13@spanconfig/spanconfigstore/store.go:364  [T1,Vsystem,n1,job=AUTO SPAN CONFIG RECONCILIATION id=1205415809547862017] 678  changing the spanconfig for span:/Table/6{8-9} from:{RangeMinBytes:134217728 RangeMaxBytes:536870912 GCPolicy:{TTLSeconds:14400 ProtectionPolicies:[] IgnoreStrictEnforcement:true} GlobalReads:false NumReplicas:5 NumVoters:0 Constraints:[] VoterConstraints:[] LeasePreferences:[] RangefeedEnabled:true ExcludeDataFromBackup:false} to:{RangeMinBytes:134217728 RangeMaxBytes:536870912 GCPolicy:{TTLSeconds:14400 ProtectionPolicies:[] IgnoreStrictEnforcement:true} GlobalReads:false NumReplicas:1 NumVoters:0 Constraints:[] VoterConstraints:[] LeasePreferences:[] RangefeedEnabled:true ExcludeDataFromBackup:false}
I260828 16:21:57.351934 1251 13@spanconfig/spanconfigstore/store.go:364  [T1,Vsystem,n1,job=AUTO SPAN CONFIG RECONCILIATION id=1205415809547862017] 679  changing the spanconfig for span:/Table/{69-70} from:{RangeMinBytes:134217728 RangeMaxBytes:536870912 GCPolicy:{TTLSeconds:14400 ProtectionPolicies:[] IgnoreStrictEnforcement:true} GlobalReads:false NumReplicas:5 NumVoters:0 Constraints:[] VoterConstraints:[] LeasePreferences:[] RangefeedEnabled:true ExcludeDataFromBackup:false} to:{RangeMinBytes:134217728 RangeMaxBytes:536870912 GCPolicy:{TTLSeconds:14400 ProtectionPolicies:[] IgnoreStrictEnforcement:true} GlobalReads:false NumReplicas:1 NumVoters:0 Constraints:[] VoterConstraints:[] LeasePreferences:[] RangefeedEnabled:true ExcludeDataFromBackup:false}
I260828 16:21:57.352002 1251 13@spanconfig/spanconfigstore/store.go:364  [T1,Vsystem,n1,job=AUTO SPAN CONFIG RECONCILIATION id=1205415809547862017] 680  changing the spanconfig for span:/Table/7{0-1} from:{RangeMinBytes:134217728 RangeMaxBytes:536870912 GCPolicy:{TTLSeconds:14400 ProtectionPolicies:[] IgnoreStrictEnforcement:true} GlobalReads:false NumReplicas:5 NumVoters:0 Constraints:[] VoterConstraints:[] LeasePreferences:[] RangefeedEnabled:true ExcludeDataFromBackup:false} to:{RangeMinBytes:134217728 RangeMaxBytes:536870912 GCPolicy:{TTLSeconds:14400 ProtectionPolicies:[] IgnoreStrictEnforcement:true} GlobalReads:false NumReplicas:1 NumVoters:0 Constraints:[] VoterConstraints:[] LeasePreferences:[] RangefeedEnabled:true ExcludeDataFromBackup:false}
I260828 16:21:57.352074 1251 13@spanconfig/spanconfigstore/store.go:364  [T1,Vsystem,n1,job=AUTO SPAN CONFIG RECONCILIATION id=1205415809547862017] 681  changing the spanconfig for span:/Table/7{1-2} from:{RangeMinBytes:134217728 RangeMaxBytes:536870912 GCPolicy:{TTLSeconds:14400 ProtectionPolicies:[] IgnoreStrictEnforcement:true} GlobalReads:false NumReplicas:5 NumVoters:0 Constraints:[] VoterConstraints:[] LeasePreferences:[] RangefeedEnabled:true ExcludeDataFromBackup:false} to:{RangeMinBytes:134217728 RangeMaxBytes:536870912 GCPolicy:{TTLSeconds:14400 ProtectionPolicies:[] IgnoreStrictEnforcement:true} GlobalReads:false NumReplicas:1 NumVoters:0 Constraints:[] VoterConstraints:[] LeasePreferences:[] RangefeedEnabled:true ExcludeDataFromBackup:false}
I260828 16:21:57.352148 1251 13@spanconfig/spanconfigstore/store.go:364  [T1,Vsystem,n1,job=AUTO SPAN CONFIG RECONCILIATION id=1205415809547862017] 682  changing the spanconfig for span:/Table/7{2-3} from:{RangeMinBytes:134217728 RangeMaxBytes:536870912 GCPolicy:{TTLSeconds:14400 ProtectionPolicies:[] IgnoreStrictEnforcement:true} GlobalReads:false NumReplicas:5 NumVoters:0 Constraints:[] VoterConstraints:[] LeasePreferences:[] RangefeedEnabled:true ExcludeDataFromBackup:false} to:{RangeMinBytes:134217728 RangeMaxBytes:536870912 GCPolicy:{TTLSeconds:14400 ProtectionPolicies:[] IgnoreStrictEnforcement:true} GlobalReads:false NumReplicas:1 NumVoters:0 Constraints:[] VoterConstraints:[] LeasePreferences:[] RangefeedEnabled:true ExcludeDataFromBackup:false}
I260828 16:21:57.352225 1251 13@spanconfig/spanconfigstore/store.go:364  [T1,Vsystem,n1,job=AUTO SPAN CONFIG RECONCILIATION id=1205415809547862017] 683  changing the spanconfig for span:/System/NodeLiveness{-Max} from:{RangeMinBytes:134217728 RangeMaxBytes:536870912 GCPolicy:{TTLSeconds:600 ProtectionPolicies:[] IgnoreStrictEnforcement:false} GlobalReads:false NumReplicas:5 NumVoters:0 Constraints:[] VoterConstraints:[] LeasePreferences:[] RangefeedEnabled:false ExcludeDataFromBackup:false} to:{RangeMinBytes:134217728 RangeMaxBytes:536870912 GCPolicy:{TTLSeconds:600 ProtectionPolicies:[] IgnoreStrictEnforcement:false} GlobalReads:false NumReplicas:1 NumVoters:0 Constraints:[] VoterConstraints:[] LeasePreferences:[] RangefeedEnabled:false ExcludeDataFromBackup:false}
I260828 16:21:57.352303 1251 13@spanconfig/spanconfigstore/store.go:364  [T1,Vsystem,n1,job=AUTO SPAN CONFIG RECONCILIATION id=1205415809547862017] 684  changing the spanconfig for span:/{Min-System/NodeLiveness} from:{RangeMinBytes:134217728 RangeMaxBytes:536870912 GCPolicy:{TTLSeconds:3600 ProtectionPolicies:[] IgnoreStrictEnforcement:false} GlobalReads:false NumReplicas:5 NumVoters:0 Constraints:[] VoterConstraints:[] LeasePreferences:[] RangefeedEnabled:false ExcludeDataFromBackup:false} to:{RangeMinBytes:134217728 RangeMaxBytes:536870912 GCPolicy:{TTLSeconds:3600 ProtectionPolicies:[] IgnoreStrictEnforcement:false} GlobalReads:false NumReplicas:1 NumVoters:0 Constraints:[] VoterConstraints:[] LeasePreferences:[] RangefeedEnabled:false ExcludeDataFromBackup:false}
I260828 16:21:57.352383 1251 13@spanconfig/spanconfigstore/store.go:364  [T1,Vsystem,n1,job=AUTO SPAN CONFIG RECONCILIATION id=1205415809547862017] 685  changing the spanconfig for span:/System/{NodeLivenessMax-tsd} from:{RangeMinBytes:134217728 RangeMaxBytes:536870912 GCPolicy:{TTLSeconds:14400 ProtectionPolicies:[] IgnoreStrictEnforcement:false} GlobalReads:false NumReplicas:5 NumVoters:0 Constraints:[] VoterConstraints:[] LeasePreferences:[] RangefeedEnabled:false ExcludeDataFromBackup:false} to:{RangeMinBytes:134217728 RangeMaxBytes:536870912 GCPolicy:{TTLSeconds:14400 ProtectionPolicies:[] IgnoreStrictEnforcement:false} GlobalReads:false NumReplicas:1 NumVoters:0 Constraints:[] VoterConstraints:[] LeasePreferences:[] RangefeedEnabled:false ExcludeDataFromBackup:false}
I260828 16:21:57.352480 1251 13@spanconfig/spanconfigstore/store.go:364  [T1,Vsystem,n1,job=AUTO SPAN CONFIG RECONCILIATION id=1205415809547862017] 686  changing the spanconfig for span:/System{tse-/SystemSpanConfigKeys} from:{RangeMinBytes:134217728 RangeMaxBytes:536870912 GCPolicy:{TTLSeconds:14400 ProtectionPolicies:[] IgnoreStrictEnforcement:false} GlobalReads:false NumReplicas:5 NumVoters:0 Constraints:[] VoterConstraints:[] LeasePreferences:[] RangefeedEnabled:false ExcludeDataFromBackup:false} to:{RangeMinBytes:134217728 RangeMaxBytes:536870912 GCPolicy:{TTLSeconds:14400 ProtectionPolicies:[] IgnoreStrictEnforcement:false} GlobalReads:false NumReplicas:1 NumVoters:0 Constraints:[] VoterConstraints:[] LeasePreferences:[] RangefeedEnabled:false ExcludeDataFromBackup:false}
I260828 16:21:57.352560 1251 13@spanconfig/spanconfigstore/store.go:364  [T1,Vsystem,n1,job=AUTO SPAN CONFIG RECONCILIATION id=1205415809547862017] 687  changing the spanconfig for span:/System{/tsd-tse} from:{RangeMinBytes:134217728 RangeMaxBytes:536870912 GCPolicy:{TTLSeconds:14400 ProtectionPolicies:[] IgnoreStrictEnforcement:false} GlobalReads:false NumReplicas:3 NumVoters:0 Constraints:[] VoterConstraints:[] LeasePreferences:[] RangefeedEnabled:false ExcludeDataFromBackup:false} to:{RangeMinBytes:134217728 RangeMaxBytes:536870912 GCPolicy:{TTLSeconds:14400 ProtectionPolicies:[] IgnoreStrictEnforcement:false} GlobalReads:false NumReplicas:1 NumVoters:0 Constraints:[] VoterConstraints:[] LeasePreferences:[] RangefeedEnabled:false ExcludeDataFromBackup:false}
I260828 16:21:57.356245 3853 sql/schemachanger/scexec/backfiller/tracker.go:227  [T1,Vsystem,n1,job=NEW SCHEMA CHANGE id=1205415828702199809] 688  backfill fraction completed is 1.000 / 1.000
I260828 16:21:57.363274 3853 sql/schemachanger/scexec/backfiller/tracker.go:258  [T1,Vsystem,n1,job=NEW SCHEMA CHANGE id=1205415828702199809] 689  writing 1 backfill checkpoints and 0 merge checkpoints
I260828 16:21:57.376896 3853 sql/schemachanger/scrun/scrun.go:186  [T1,Vsystem,n1,job=NEW SCHEMA CHANGE id=1205415828702199809] 690  executing declarative schema change PostCommitPhase stage 3 of 7 with 3 MutationType ops (rollback=false) for CREATE INDEX
I260828 16:21:57.397508 3853 sql/catalog/lease/lease.go:556  [T1,Vsystem,n1,job=NEW SCHEMA CHANGE id=1205415828702199809] 691  waiting for 1 leases to expire: desc=[{trnm_outbox 110 10}]
I260828 16:21:57.397869 4571 sql/catalog/lease/descriptor_state.go:142  [n1] 692  new lease: tabledesc.immutable: {ID: 110, Version: 11, ModificationTime: "1787934117.376787822,0", ParentID: 104, ParentSchemaID: 105, State: PUBLIC, NextColumnID: 18, Columns: [{ID: 1, TypeID: 2950, Null: false}, {ID: 2, TypeID: 2950, Null: false}, {ID: 3, TypeID: 2950, Null: false}, {ID: 4, TypeID: 2950, Null: false}, {ID: 5, TypeID: 25, Null: false}, {ID: 6, TypeID: 17, Null: false}, {ID: 7, TypeID: 17, Null: false}, {ID: 8, TypeID: 23, Null: false, HasDefault: true}, {ID: 9, TypeID: 20, Null: false, HasDefault: true}, {ID: 10, TypeID: 25, Null: false, HasDefault: true}, {ID: 11, TypeID: 2950, Null: true}, {ID: 12, TypeID: 1184, Null: true}, {ID: 13, TypeID: 17, Null: true}, {ID: 14, TypeID: 17, Null: true}, {ID: 15, TypeID: 1184, Null: false, HasDefault: true}, {ID: 16, TypeID: 1184, Null: false, HasDefault: true}, {ID: 17, TypeID: 1184, Null: false, HasDefault: true}], NextFamilyID: 1, Families: [{ID: 0, Columns: [1, 2, 3, 4, 5, 6, 7, 8, 9, 10, 11, 12, 13, 14, 15, 16, 17]}], Mutations: [{MutationID: 1, Direction: ADD, State: DELETE_ONLY, Index: {ID: 4, Unique: false, Partial: true, KeyColumns: [{ID: 1, Dir: ASC}, {ID: 15, Dir: ASC}, {ID: 2, Dir: ASC}], State: ADD, MutationID: 1}}, {MutationID: 1, Direction: ADD, State: WRITE_ONLY, Index: {ID: 5, Unique: false, Partial: true, KeyColumns: [{ID: 1, Dir: ASC}, {ID: 15, Dir: ASC}, {ID: 2, Dir: ASC}], State: ADD, MutationID: 1}}], PrimaryIndex: 1, NextIndexID: 6, Indexes: [{ID: 1, Unique: true, KeyColumns: [{ID: 1, Dir: ASC}, {ID: 2, Dir: ASC}], StoreColumns: [3, 4, 5, 6, 7, 8, 9, 10, 11, 12, 13, 14, 15, 16, 17]}, {ID: 2, Unique: false, KeyColumns: [{ID: 1, Dir: ASC}, {ID: 3, Dir: ASC}, {ID: 4, Dir: ASC}, {ID: 2, Dir: ASC}]}], Checks: [{Columns: [13], Validity: Validated}, {Columns: [14], Validity: Validated}, {Columns: [9, 10, 11, 12, 13, 14], Validity: Validated}, {Columns: [5], Validity: Validated}, {Columns: [6], Validity: Validated}, {Columns: [8], Validity: Validated}, {Columns: [9], Validity: Validated}, {Columns: [10], Validity: Validated}], OutboundFKs: [{OriginTableID: 110, OriginColumns: [1, 3, 4], ReferencedTableID: 108, ReferencedColumnIDs: [1, 2, 3], Validity: Validated}]}
I260828 16:21:57.400250 3853 sql/catalog/lease/lease.go:550  [T1,Vsystem,n1,job=NEW SCHEMA CHANGE id=1205415828702199809] 693  all leases have expired at 1787934117.399286930,0: desc=[{trnm_outbox 110 10}]
I260828 16:21:57.400375 3853 sql/schemachanger/scrun/scrun.go:186  [T1,Vsystem,n1,job=NEW SCHEMA CHANGE id=1205415828702199809] 694  executing declarative schema change PostCommitPhase stage 4 of 7 with 3 MutationType ops (rollback=false) for CREATE INDEX
I260828 16:21:57.420539 3853 sql/catalog/lease/lease.go:556  [T1,Vsystem,n1,job=NEW SCHEMA CHANGE id=1205415828702199809] 695  waiting for 1 leases to expire: desc=[{trnm_outbox 110 11}]
I260828 16:21:57.420999 4557 sql/catalog/lease/descriptor_state.go:142  [n1] 696  new lease: tabledesc.immutable: {ID: 110, Version: 12, ModificationTime: "1787934117.400289591,0", ParentID: 104, ParentSchemaID: 105, State: PUBLIC, NextColumnID: 18, Columns: [{ID: 1, TypeID: 2950, Null: false}, {ID: 2, TypeID: 2950, Null: false}, {ID: 3, TypeID: 2950, Null: false}, {ID: 4, TypeID: 2950, Null: false}, {ID: 5, TypeID: 25, Null: false}, {ID: 6, TypeID: 17, Null: false}, {ID: 7, TypeID: 17, Null: false}, {ID: 8, TypeID: 23, Null: false, HasDefault: true}, {ID: 9, TypeID: 20, Null: false, HasDefault: true}, {ID: 10, TypeID: 25, Null: false, HasDefault: true}, {ID: 11, TypeID: 2950, Null: true}, {ID: 12, TypeID: 1184, Null: true}, {ID: 13, TypeID: 17, Null: true}, {ID: 14, TypeID: 17, Null: true}, {ID: 15, TypeID: 1184, Null: false, HasDefault: true}, {ID: 16, TypeID: 1184, Null: false, HasDefault: true}, {ID: 17, TypeID: 1184, Null: false, HasDefault: true}], NextFamilyID: 1, Families: [{ID: 0, Columns: [1, 2, 3, 4, 5, 6, 7, 8, 9, 10, 11, 12, 13, 14, 15, 16, 17]}], Mutations: [{MutationID: 1, Direction: ADD, State: MERGING, Index: {ID: 4, Unique: false, Partial: true, KeyColumns: [{ID: 1, Dir: ASC}, {ID: 15, Dir: ASC}, {ID: 2, Dir: ASC}], State: ADD, MutationID: 1}}, {MutationID: 1, Direction: ADD, State: WRITE_ONLY, Index: {ID: 5, Unique: false, Partial: true, KeyColumns: [{ID: 1, Dir: ASC}, {ID: 15, Dir: ASC}, {ID: 2, Dir: ASC}], State: ADD, MutationID: 1}}], PrimaryIndex: 1, NextIndexID: 6, Indexes: [{ID: 1, Unique: true, KeyColumns: [{ID: 1, Dir: ASC}, {ID: 2, Dir: ASC}], StoreColumns: [3, 4, 5, 6, 7, 8, 9, 10, 11, 12, 13, 14, 15, 16, 17]}, {ID: 2, Unique: false, KeyColumns: [{ID: 1, Dir: ASC}, {ID: 3, Dir: ASC}, {ID: 4, Dir: ASC}, {ID: 2, Dir: ASC}]}], Checks: [{Columns: [13], Validity: Validated}, {Columns: [14], Validity: Validated}, {Columns: [9, 10, 11, 12, 13, 14], Validity: Validated}, {Columns: [5], Validity: Validated}, {Columns: [6], Validity: Validated}, {Columns: [8], Validity: Validated}, {Columns: [9], Validity: Validated}, {Columns: [10], Validity: Validated}], OutboundFKs: [{OriginTableID: 110, OriginColumns: [1, 3, 4], ReferencedTableID: 108, ReferencedColumnIDs: [1, 2, 3], Validity: Validated}]}
I260828 16:21:57.423328 3853 sql/catalog/lease/lease.go:550  [T1,Vsystem,n1,job=NEW SCHEMA CHANGE id=1205415828702199809] 697  all leases have expired at 1787934117.422408165,0: desc=[{trnm_outbox 110 11}]
I260828 16:21:57.423458 3853 sql/schemachanger/scrun/scrun.go:186  [T1,Vsystem,n1,job=NEW SCHEMA CHANGE id=1205415828702199809] 698  executing declarative schema change PostCommitPhase stage 5 of 7 with 1 BackfillType op (rollback=false) for CREATE INDEX
I260828 16:21:57.426513 4626 sql/backfill.go:2994  [T1,Vsystem,n1,job=NEW SCHEMA CHANGE id=1205415828702199809] 699  merging all keys in temporary index before time 1787934117.926504840,0
I260828 16:21:57.927391 3853 sql/schemachanger/scrun/scrun.go:186  [T1,Vsystem,n1,job=NEW SCHEMA CHANGE id=1205415828702199809] 700  executing declarative schema change PostCommitPhase stage 6 of 7 with 4 MutationType ops (rollback=false) for CREATE INDEX
I260828 16:21:57.949465 3853 sql/catalog/lease/lease.go:556  [T1,Vsystem,n1,job=NEW SCHEMA CHANGE id=1205415828702199809] 701  waiting for 1 leases to expire: desc=[{trnm_outbox 110 12}]
I260828 16:21:57.950073 4652 sql/catalog/lease/descriptor_state.go:142  [n1] 702  new lease: tabledesc.immutable: {ID: 110, Version: 13, ModificationTime: "1787934117.927261315,0", ParentID: 104, ParentSchemaID: 105, State: PUBLIC, NextColumnID: 18, Columns: [{ID: 1, TypeID: 2950, Null: false}, {ID: 2, TypeID: 2950, Null: false}, {ID: 3, TypeID: 2950, Null: false}, {ID: 4, TypeID: 2950, Null: false}, {ID: 5, TypeID: 25, Null: false}, {ID: 6, TypeID: 17, Null: false}, {ID: 7, TypeID: 17, Null: false}, {ID: 8, TypeID: 23, Null: false, HasDefault: true}, {ID: 9, TypeID: 20, Null: false, HasDefault: true}, {ID: 10, TypeID: 25, Null: false, HasDefault: true}, {ID: 11, TypeID: 2950, Null: true}, {ID: 12, TypeID: 1184, Null: true}, {ID: 13, TypeID: 17, Null: true}, {ID: 14, TypeID: 17, Null: true}, {ID: 15, TypeID: 1184, Null: false, HasDefault: true}, {ID: 16, TypeID: 1184, Null: false, HasDefault: true}, {ID: 17, TypeID: 1184, Null: false, HasDefault: true}], NextFamilyID: 1, Families: [{ID: 0, Columns: [1, 2, 3, 4, 5, 6, 7, 8, 9, 10, 11, 12, 13, 14, 15, 16, 17]}], Mutations: [{MutationID: 1, Direction: ADD, State: WRITE_ONLY, Index: {ID: 4, Unique: false, Partial: true, KeyColumns: [{ID: 1, Dir: ASC}, {ID: 15, Dir: ASC}, {ID: 2, Dir: ASC}], State: ADD, MutationID: 1}}, {MutationID: 1, Direction: DROP, State: DELETE_ONLY, Index: {ID: 5, Unique: false, Partial: true, KeyColumns: [{ID: 1, Dir: ASC}, {ID: 15, Dir: ASC}, {ID: 2, Dir: ASC}], State: DROP, MutationID: 1}}], PrimaryIndex: 1, NextIndexID: 6, Indexes: [{ID: 1, Unique: true, KeyColumns: [{ID: 1, Dir: ASC}, {ID: 2, Dir: ASC}], StoreColumns: [3, 4, 5, 6, 7, 8, 9, 10, 11, 12, 13, 14, 15, 16, 17]}, {ID: 2, Unique: false, KeyColumns: [{ID: 1, Dir: ASC}, {ID: 3, Dir: ASC}, {ID: 4, Dir: ASC}, {ID: 2, Dir: ASC}]}], Checks: [{Columns: [13], Validity: Validated}, {Columns: [14], Validity: Validated}, {Columns: [9, 10, 11, 12, 13, 14], Validity: Validated}, {Columns: [5], Validity: Validated}, {Columns: [6], Validity: Validated}, {Columns: [8], Validity: Validated}, {Columns: [9], Validity: Validated}, {Columns: [10], Validity: Validated}], OutboundFKs: [{OriginTableID: 110, OriginColumns: [1, 3, 4], ReferencedTableID: 108, ReferencedColumnIDs: [1, 2, 3], Validity: Validated}]}
I260828 16:21:57.952106 3853 sql/catalog/lease/lease.go:550  [T1,Vsystem,n1,job=NEW SCHEMA CHANGE id=1205415828702199809] 703  all leases have expired at 1787934117.951105666,0: desc=[{trnm_outbox 110 12}]
I260828 16:21:57.952223 3853 sql/schemachanger/scrun/scrun.go:186  [T1,Vsystem,n1,job=NEW SCHEMA CHANGE id=1205415828702199809] 704  executing declarative schema change PostCommitPhase stage 7 of 7 with 1 ValidationType op (rollback=false) for CREATE INDEX
I260828 16:21:57.956772 4707 sql/backfill.go:1892  [T1,Vsystem,n1,job=NEW SCHEMA CHANGE id=1205415828702199809] 705  validation: index trnm_outbox/trnm_outbox_pending_idx row count = 0, time so far 1.615895ms
I260828 16:21:57.956798 4708 sql/backfill.go:1947  [T1,Vsystem,n1,job=NEW SCHEMA CHANGE id=1205415828702199809] 706  validation: table trnm_outbox row count = 0, took 1.655585ms
I260828 16:21:57.956935 3853 sql/schemachanger/scrun/scrun.go:186  [T1,Vsystem,n1,job=NEW SCHEMA CHANGE id=1205415828702199809] 707  executing declarative schema change PostCommitNonRevertiblePhase stage 1 of 1 with 9 MutationType ops (rollback=false) for CREATE INDEX
I260828 16:21:57.982558 3853 5@util/log/event_log.go:39  [T1,Vsystem,n1,job=NEW SCHEMA CHANGE id=1205415828702199809] 708 ={"Timestamp":1787934117956871166,"EventType":"finish_schema_change","InstanceID":1,"DescriptorID":110,"LatencyNanos":679216087}
I260828 16:21:57.989264 3853 sql/catalog/lease/lease.go:556  [T1,Vsystem,n1,job=NEW SCHEMA CHANGE id=1205415828702199809] 709  waiting for 1 leases to expire: desc=[{trnm_outbox 110 13}]
I260828 16:21:57.994305 4741 sql/catalog/lease/descriptor_state.go:142  [n1] 710  new lease: tabledesc.immutable: {ID: 110, Version: 14, ModificationTime: "1787934117.956871166,0", ParentID: 104, ParentSchemaID: 105, State: PUBLIC, NextColumnID: 18, Columns: [{ID: 1, TypeID: 2950, Null: false}, {ID: 2, TypeID: 2950, Null: false}, {ID: 3, TypeID: 2950, Null: false}, {ID: 4, TypeID: 2950, Null: false}, {ID: 5, TypeID: 25, Null: false}, {ID: 6, TypeID: 17, Null: false}, {ID: 7, TypeID: 17, Null: false}, {ID: 8, TypeID: 23, Null: false, HasDefault: true}, {ID: 9, TypeID: 20, Null: false, HasDefault: true}, {ID: 10, TypeID: 25, Null: false, HasDefault: true}, {ID: 11, TypeID: 2950, Null: true}, {ID: 12, TypeID: 1184, Null: true}, {ID: 13, TypeID: 17, Null: true}, {ID: 14, TypeID: 17, Null: true}, {ID: 15, TypeID: 1184, Null: false, HasDefault: true}, {ID: 16, TypeID: 1184, Null: false, HasDefault: true}, {ID: 17, TypeID: 1184, Null: false, HasDefault: true}], NextFamilyID: 1, Families: [{ID: 0, Columns: [1, 2, 3, 4, 5, 6, 7, 8, 9, 10, 11, 12, 13, 14, 15, 16, 17]}], PrimaryIndex: 1, NextIndexID: 6, Indexes: [{ID: 1, Unique: true, KeyColumns: [{ID: 1, Dir: ASC}, {ID: 2, Dir: ASC}], StoreColumns: [3, 4, 5, 6, 7, 8, 9, 10, 11, 12, 13, 14, 15, 16, 17]}, {ID: 2, Unique: false, KeyColumns: [{ID: 1, Dir: ASC}, {ID: 3, Dir: ASC}, {ID: 4, Dir: ASC}, {ID: 2, Dir: ASC}]}, {ID: 4, Unique: false, Partial: true, KeyColumns: [{ID: 1, Dir: ASC}, {ID: 15, Dir: ASC}, {ID: 2, Dir: ASC}]}], Checks: [{Columns: [13], Validity: Validated}, {Columns: [14], Validity: Validated}, {Columns: [9, 10, 11, 12, 13, 14], Validity: Validated}, {Columns: [5], Validity: Validated}, {Columns: [6], Validity: Validated}, {Columns: [8], Validity: Validated}, {Columns: [9], Validity: Validated}, {Columns: [10], Validity: Validated}], OutboundFKs: [{OriginTableID: 110, OriginColumns: [1, 3, 4], ReferencedTableID: 108, ReferencedColumnIDs: [1, 2, 3], Validity: Validated}]}
I260828 16:21:57.999398 3853 sql/catalog/lease/lease.go:550  [T1,Vsystem,n1,job=NEW SCHEMA CHANGE id=1205415828702199809] 711  all leases have expired at 1787934117.998303391,0: desc=[{trnm_outbox 110 13}]
I260828 16:21:57.999609 3853 jobs/registry.go:1679  [T1,Vsystem,n1,job=1205415828702199809] 712  NEW SCHEMA CHANGE job 1205415828702199809: stepping through state succeeded
I260828 16:21:57.999561 4669 jobs/adopt.go:224  [T1,Vsystem,n1,job=1205415831020470273] 713  job 1205415831020470273: resuming execution
I260828 16:21:58.002964 4673 jobs/registry.go:1679  [T1,Vsystem,n1,job=1205415831020470273] 714  SCHEMA CHANGE GC job 1205415831020470273: stepping through state running
I260828 16:21:58.008917 4673 1@jobs/structured_log.go:48  [T1,Vsystem,n1,job=1205415831020470273] 715 ={"Timestamp":1787934118008914921,"EventType":"status_change","JobID":1205415831020470273,"JobType":"SCHEMA CHANGE GC","Description":"status changed to: running","PreviousStatus":"running","NewStatus":"running","RunNum":0}
I260828 16:21:58.010604 3853 1@jobs/structured_log.go:48  [T1,Vsystem,n1,job=1205415828702199809] 716 ={"Timestamp":1787934118010602605,"EventType":"status_change","JobID":1205415828702199809,"JobType":"NEW SCHEMA CHANGE","Description":"status changed to: succeeded","PreviousStatus":"running","NewStatus":"succeeded","RunNum":0}
I260828 16:21:58.017584 2272 jobs/wait.go:148  [T1,Vsystem,n1,client=172.17.0.1:38456,hostnossl,user=root] 717  waited for 1 [1205415828702199809] queued jobs to complete 728.713883ms
I260828 16:21:58.024115 2272 sql/schemachanger/scbuild/event_log.go:61  [T1,Vsystem,n1,client=172.17.0.1:38456,hostnossl,user=root] 718  event logging for declarative schema change targets built for CREATE INDEX
I260828 16:21:58.024248 2272 sql/schemachanger/scplan/plan.go:95  [T1,Vsystem,n1,client=172.17.0.1:38456,hostnossl,user=root] 719  building declarative schema changer plan in StatementPhase (rollback=false) for CREATE INDEX
I260828 16:21:58.026912 2272 sql/schemachanger/scrun/scrun.go:186  [T1,Vsystem,n1,client=172.17.0.1:38456,hostnossl,user=root] 720  executing declarative schema change StatementPhase stage 1 of 1 with 11 MutationType ops (rollback=false) for CREATE INDEX
I260828 16:21:58.032547 4673 sql/gcjob/gc_job_utils.go:273  [T1,Vsystem,n1,job=SCHEMA CHANGE GC id=1205415831020470273] 721  updated progress status: waiting for GC TTL, payload: indexes:<index_id:5 > ranges_unsplit_done:true 
I260828 16:21:58.034854 2272 sql/schemachanger/scplan/plan.go:95  [T1,Vsystem,n1,client=172.17.0.1:38456,hostnossl,user=root] 722  building declarative schema changer plan in PreCommitPhase (rollback=false) for CREATE INDEX
I260828 16:21:58.037605 2272 sql/schemachanger/scrun/scrun.go:186  [T1,Vsystem,n1,client=172.17.0.1:38456,hostnossl,user=root] 723  executing declarative schema change PreCommitPhase stage 1 of 2 with 1 MutationType op (rollback=false) for CREATE INDEX
I260828 16:21:58.037644 2272 sql/schemachanger/scrun/scrun.go:186  [T1,Vsystem,n1,client=172.17.0.1:38456,hostnossl,user=root] 724  executing declarative schema change PreCommitPhase stage 2 of 2 with 15 MutationType ops (rollback=false) for CREATE INDEX
I260828 16:21:58.042629 4673 sql/gcjob/gc_job_utils.go:273  [T1,Vsystem,n1,job=SCHEMA CHANGE GC id=1205415831020470273] 725  updated progress status: deleting data, payload: indexes:<index_id:5 > ranges_unsplit_done:true 
I260828 16:21:58.042688 4673 sql/schema_changer.go:1465  [T1,Vsystem,n1,job=SCHEMA CHANGE GC id=1205415831020470273] 726  waiting for a single version...
I260828 16:21:58.044195 2272 sql/index_split_scatter.go:126  [T1,Vsystem,n1,client=172.17.0.1:38456,hostnossl,user=root] 727  making a single split point in tableId=110 index=6
I260828 16:21:58.044282 2272 13@kv/kvserver/replica_command.go:481  [T1,Vsystem,n1,s1,r80/1:/{Table/110/5-Max},*kvpb.AdminSplitRequest] 728  initiating a split of this range at key /Table/110/6 [r81] (manual)
I260828 16:21:58.044291 4673 sql/catalog/lease/lease.go:550  [T1,Vsystem,n1,job=SCHEMA CHANGE GC id=1205415831020470273] 729  all leases have expired at 1787934118.043176683,0: desc=[{trnm_outbox 110 13}]
I260828 16:21:58.044334 4673 sql/schema_changer.go:1470  [T1,Vsystem,n1,job=SCHEMA CHANGE GC id=1205415831020470273] 730  waiting for a single version... done (at v 14), took 1.646311ms
I260828 16:21:58.044417 4673 sql/gcjob/index_garbage_collection.go:165  [T1,Vsystem,n1,job=SCHEMA CHANGE GC id=1205415831020470273] 731  clearing index 5 from table 110
I260828 16:21:58.044933 4673 sql/gcjob/gc_job_utils.go:53  [T1,Vsystem,n1,job=SCHEMA CHANGE GC id=1205415831020470273] 732  marked index 5 as GC'd
I260828 16:21:58.045042 2272 13@kv/kvserver/batcheval/cmd_end_transaction.go:1289  [T1,Vsystem,n1,s1,r80/1:/{Table/110/5-Max}] 733  falling back to accurate stats computation because there are no pre-split LHS stats (or they're empty)
I260828 16:21:58.045900 4872 13@kv/kvserver/replicate_queue.go:784  [T1,Vsystem,n1,replicate,s1,r81/1:/{Table/110/6-Max}] 734  error processing replica: 0 of 1 live stores are able to take a new replica for the range (1 already has a voter, 0 already have a non-voter); likely not enough nodes in cluster
I260828 16:21:58.051619 2272 sql/index_split_scatter.go:126  [T1,Vsystem,n1,client=172.17.0.1:38456,hostnossl,user=root] 735  making a single split point in tableId=110 index=7
I260828 16:21:58.051707 2272 13@kv/kvserver/replica_command.go:481  [T1,Vsystem,n1,s1,r81/1:/{Table/110/6-Max},*kvpb.AdminSplitRequest] 736  initiating a split of this range at key /Table/110/7 [r82] (manual)
I260828 16:21:58.052501 2272 13@kv/kvserver/batcheval/cmd_end_transaction.go:1289  [T1,Vsystem,n1,s1,r81/1:/{Table/110/6-Max}] 737  falling back to accurate stats computation because there are no pre-split LHS stats (or they're empty)
I260828 16:21:58.053050 4673 sql/gcjob/gc_job_utils.go:273  [T1,Vsystem,n1,job=SCHEMA CHANGE GC id=1205415831020470273] 738  updated progress status: waiting for MVCC GC, payload: indexes:<index_id:5 status:WAITING_FOR_MVCC_GC > ranges_unsplit_done:true 
I260828 16:21:58.053443 4905 13@kv/kvserver/replicate_queue.go:784  [T1,Vsystem,n1,replicate,s1,r82/1:/{Table/110/7-Max}] 739  error processing replica: 0 of 1 live stores are able to take a new replica for the range (1 already has a voter, 0 already have a non-voter); likely not enough nodes in cluster
I260828 16:21:58.058455 2272 sql/conn_executor_ddl.go:121  [T1,Vsystem,n1,client=172.17.0.1:38456,hostnossl,user=root] 740  queued new schema change job 1205415831230218241 using the new schema changer
I260828 16:21:58.062960 2272 5@util/log/event_log.go:39  [T1,Vsystem,n1,client=172.17.0.1:38456,hostnossl,user=root] 741 ={"Timestamp":1787934118018302681,"EventType":"create_index","Statement":"CREATE INDEX IF NOT EXISTS trnm_outbox_expired_lease_idx ON trnm.public.trnm_outbox (tenant_id, lease_expires_at, intent_id) WHERE state = 'leased'","Tag":"CREATE INDEX","User":"root","DescriptorID":110,"TableName":"trnm.public.trnm_outbox","IndexName":"trnm_outbox_expired_lease_idx","MutationID":1}
I260828 16:21:58.063108 2272 jobs/wait.go:56  [T1,Vsystem,n1,client=172.17.0.1:38456,hostnossl,user=root] 742  waiting for 1 [1205415831230218241] queued jobs to complete
I260828 16:21:58.063171 4924 jobs/adopt.go:224  [T1,Vsystem,n1,client=172.17.0.1:38456,hostnossl,user=root,job=1205415831230218241] 743  job 1205415831230218241: resuming execution
I260828 16:21:58.065434 4897 sql/catalog/lease/descriptor_state.go:142  [n1] 744  new lease: tabledesc.immutable: {ID: 110, Version: 15, ModificationTime: "1787934118.042748758,1", ParentID: 104, ParentSchemaID: 105, State: PUBLIC, NextColumnID: 18, Columns: [{ID: 1, TypeID: 2950, Null: false}, {ID: 2, TypeID: 2950, Null: false}, {ID: 3, TypeID: 2950, Null: false}, {ID: 4, TypeID: 2950, Null: false}, {ID: 5, TypeID: 25, Null: false}, {ID: 6, TypeID: 17, Null: false}, {ID: 7, TypeID: 17, Null: false}, {ID: 8, TypeID: 23, Null: false, HasDefault: true}, {ID: 9, TypeID: 20, Null: false, HasDefault: true}, {ID: 10, TypeID: 25, Null: false, HasDefault: true}, {ID: 11, TypeID: 2950, Null: true}, {ID: 12, TypeID: 1184, Null: true}, {ID: 13, TypeID: 17, Null: true}, {ID: 14, TypeID: 17, Null: true}, {ID: 15, TypeID: 1184, Null: false, HasDefault: true}, {ID: 16, TypeID: 1184, Null: false, HasDefault: true}, {ID: 17, TypeID: 1184, Null: false, HasDefault: true}], NextFamilyID: 1, Families: [{ID: 0, Columns: [1, 2, 3, 4, 5, 6, 7, 8, 9, 10, 11, 12, 13, 14, 15, 16, 17]}], Mutations: [{MutationID: 1, Direction: ADD, State: BACKFILLING, Index: {ID: 6, Unique: false, Partial: true, KeyColumns: [{ID: 1, Dir: ASC}, {ID: 12, Dir: ASC}, {ID: 2, Dir: ASC}], State: ADD, MutationID: 1}}, {MutationID: 1, Direction: ADD, State: DELETE_ONLY, Index: {ID: 7, Unique: false, Partial: true, KeyColumns: [{ID: 1, Dir: ASC}, {ID: 12, Dir: ASC}, {ID: 2, Dir: ASC}], State: ADD, MutationID: 1}}], PrimaryIndex: 1, NextIndexID: 8, Indexes: [{ID: 1, Unique: true, KeyColumns: [{ID: 1, Dir: ASC}, {ID: 2, Dir: ASC}], StoreColumns: [3, 4, 5, 6, 7, 8, 9, 10, 11, 12, 13, 14, 15, 16, 17]}, {ID: 2, Unique: false, KeyColumns: [{ID: 1, Dir: ASC}, {ID: 3, Dir: ASC}, {ID: 4, Dir: ASC}, {ID: 2, Dir: ASC}]}, {ID: 4, Unique: false, Partial: true, KeyColumns: [{ID: 1, Dir: ASC}, {ID: 15, Dir: ASC}, {ID: 2, Dir: ASC}]}], Checks: [{Columns: [13], Validity: Validated}, {Columns: [14], Validity: Validated}, {Columns: [9, 10, 11, 12, 13, 14], Validity: Validated}, {Columns: [5], Validity: Validated}, {Columns: [6], Validity: Validated}, {Columns: [8], Validity: Validated}, {Columns: [9], Validity: Validated}, {Columns: [10], Validity: Validated}], OutboundFKs: [{OriginTableID: 110, OriginColumns: [1, 3, 4], ReferencedTableID: 108, ReferencedColumnIDs: [1, 2, 3], Validity: Validated}]}
I260828 16:21:58.070379 4941 jobs/registry.go:1679  [T1,Vsystem,n1,job=1205415831230218241] 745  NEW SCHEMA CHANGE job 1205415831230218241: stepping through state running
I260828 16:21:58.078526 4941 1@jobs/structured_log.go:48  [T1,Vsystem,n1,job=1205415831230218241] 746 ={"Timestamp":1787934118078524638,"EventType":"status_change","JobID":1205415831230218241,"JobType":"NEW SCHEMA CHANGE","Description":"status changed to: running","PreviousStatus":"running","NewStatus":"running","RunNum":0}
I260828 16:21:58.088493 4941 sql/schemachanger/scrun/scrun.go:315  [T1,Vsystem,n1,job=NEW SCHEMA CHANGE id=1205415831230218241] 747  rebuilding declarative schema change state from descriptors [110]
I260828 16:21:58.088703 4941 sql/schemachanger/scplan/plan.go:95  [T1,Vsystem,n1,job=NEW SCHEMA CHANGE id=1205415831230218241] 748  building declarative schema changer plan in PostCommitPhase (rollback=false) for CREATE INDEX
I260828 16:21:58.091761 4941 sql/schemachanger/scrun/scrun.go:186  [T1,Vsystem,n1,job=NEW SCHEMA CHANGE id=1205415831230218241] 749  executing declarative schema change PostCommitPhase stage 1 of 7 with 3 MutationType ops (rollback=false) for CREATE INDEX
I260828 16:21:58.112536 4941 sql/catalog/lease/lease.go:556  [T1,Vsystem,n1,job=NEW SCHEMA CHANGE id=1205415831230218241] 750  waiting for 1 leases to expire: desc=[{trnm_outbox 110 15}]
I260828 16:21:58.113175 5013 sql/catalog/lease/descriptor_state.go:142  [n1] 751  new lease: tabledesc.immutable: {ID: 110, Version: 16, ModificationTime: "1787934118.091687674,0", ParentID: 104, ParentSchemaID: 105, State: PUBLIC, NextColumnID: 18, Columns: [{ID: 1, TypeID: 2950, Null: false}, {ID: 2, TypeID: 2950, Null: false}, {ID: 3, TypeID: 2950, Null: false}, {ID: 4, TypeID: 2950, Null: false}, {ID: 5, TypeID: 25, Null: false}, {ID: 6, TypeID: 17, Null: false}, {ID: 7, TypeID: 17, Null: false}, {ID: 8, TypeID: 23, Null: false, HasDefault: true}, {ID: 9, TypeID: 20, Null: false, HasDefault: true}, {ID: 10, TypeID: 25, Null: false, HasDefault: true}, {ID: 11, TypeID: 2950, Null: true}, {ID: 12, TypeID: 1184, Null: true}, {ID: 13, TypeID: 17, Null: true}, {ID: 14, TypeID: 17, Null: true}, {ID: 15, TypeID: 1184, Null: false, HasDefault: true}, {ID: 16, TypeID: 1184, Null: false, HasDefault: true}, {ID: 17, TypeID: 1184, Null: false, HasDefault: true}], NextFamilyID: 1, Families: [{ID: 0, Columns: [1, 2, 3, 4, 5, 6, 7, 8, 9, 10, 11, 12, 13, 14, 15, 16, 17]}], Mutations: [{MutationID: 1, Direction: ADD, State: BACKFILLING, Index: {ID: 6, Unique: false, Partial: true, KeyColumns: [{ID: 1, Dir: ASC}, {ID: 12, Dir: ASC}, {ID: 2, Dir: ASC}], State: ADD, MutationID: 1}}, {MutationID: 1, Direction: ADD, State: WRITE_ONLY, Index: {ID: 7, Unique: false, Partial: true, KeyColumns: [{ID: 1, Dir: ASC}, {ID: 12, Dir: ASC}, {ID: 2, Dir: ASC}], State: ADD, MutationID: 1}}], PrimaryIndex: 1, NextIndexID: 8, Indexes: [{ID: 1, Unique: true, KeyColumns: [{ID: 1, Dir: ASC}, {ID: 2, Dir: ASC}], StoreColumns: [3, 4, 5, 6, 7, 8, 9, 10, 11, 12, 13, 14, 15, 16, 17]}, {ID: 2, Unique: false, KeyColumns: [{ID: 1, Dir: ASC}, {ID: 3, Dir: ASC}, {ID: 4, Dir: ASC}, {ID: 2, Dir: ASC}]}, {ID: 4, Unique: false, Partial: true, KeyColumns: [{ID: 1, Dir: ASC}, {ID: 15, Dir: ASC}, {ID: 2, Dir: ASC}]}], Checks: [{Columns: [13], Validity: Validated}, {Columns: [14], Validity: Validated}, {Columns: [9, 10, 11, 12, 13, 14], Validity: Validated}, {Columns: [5], Validity: Validated}, {Columns: [6], Validity: Validated}, {Columns: [8], Validity: Validated}, {Columns: [9], Validity: Validated}, {Columns: [10], Validity: Validated}], OutboundFKs: [{OriginTableID: 110, OriginColumns: [1, 3, 4], ReferencedTableID: 108, ReferencedColumnIDs: [1, 2, 3], Validity: Validated}]}
I260828 16:21:58.115234 4941 sql/catalog/lease/lease.go:550  [T1,Vsystem,n1,job=NEW SCHEMA CHANGE id=1205415831230218241] 752  all leases have expired at 1787934118.114214648,0: desc=[{trnm_outbox 110 15}]
I260828 16:21:58.115368 4941 sql/schemachanger/scrun/scrun.go:186  [T1,Vsystem,n1,job=NEW SCHEMA CHANGE id=1205415831230218241] 753  executing declarative schema change PostCommitPhase stage 2 of 7 with 1 BackfillType op (rollback=false) for CREATE INDEX
I260828 16:21:58.118686 4941 sql/schemachanger/scexec/backfiller/tracker.go:258  [T1,Vsystem,n1,job=NEW SCHEMA CHANGE id=1205415831230218241] 754  writing 1 backfill checkpoints and 0 merge checkpoints
I260828 16:21:58.124844 4941 sql/schemachanger/scexec/backfiller/tracker.go:227  [T1,Vsystem,n1,job=NEW SCHEMA CHANGE id=1205415831230218241] 755  backfill fraction completed is 1.000 / 1.000
I260828 16:21:58.131819 4941 sql/schemachanger/scexec/backfiller/tracker.go:258  [T1,Vsystem,n1,job=NEW SCHEMA CHANGE id=1205415831230218241] 756  writing 1 backfill checkpoints and 0 merge checkpoints
I260828 16:21:58.140812 4941 sql/schemachanger/scrun/scrun.go:186  [T1,Vsystem,n1,job=NEW SCHEMA CHANGE id=1205415831230218241] 757  executing declarative schema change PostCommitPhase stage 3 of 7 with 3 MutationType ops (rollback=false) for CREATE INDEX
I260828 16:21:58.161940 4941 sql/catalog/lease/lease.go:556  [T1,Vsystem,n1,job=NEW SCHEMA CHANGE id=1205415831230218241] 758  waiting for 1 leases to expire: desc=[{trnm_outbox 110 16}]
I260828 16:21:58.162585 5097 sql/catalog/lease/descriptor_state.go:142  [n1] 759  new lease: tabledesc.immutable: {ID: 110, Version: 17, ModificationTime: "1787934118.140719298,0", ParentID: 104, ParentSchemaID: 105, State: PUBLIC, NextColumnID: 18, Columns: [{ID: 1, TypeID: 2950, Null: false}, {ID: 2, TypeID: 2950, Null: false}, {ID: 3, TypeID: 2950, Null: false}, {ID: 4, TypeID: 2950, Null: false}, {ID: 5, TypeID: 25, Null: false}, {ID: 6, TypeID: 17, Null: false}, {ID: 7, TypeID: 17, Null: false}, {ID: 8, TypeID: 23, Null: false, HasDefault: true}, {ID: 9, TypeID: 20, Null: false, HasDefault: true}, {ID: 10, TypeID: 25, Null: false, HasDefault: true}, {ID: 11, TypeID: 2950, Null: true}, {ID: 12, TypeID: 1184, Null: true}, {ID: 13, TypeID: 17, Null: true}, {ID: 14, TypeID: 17, Null: true}, {ID: 15, TypeID: 1184, Null: false, HasDefault: true}, {ID: 16, TypeID: 1184, Null: false, HasDefault: true}, {ID: 17, TypeID: 1184, Null: false, HasDefault: true}], NextFamilyID: 1, Families: [{ID: 0, Columns: [1, 2, 3, 4, 5, 6, 7, 8, 9, 10, 11, 12, 13, 14, 15, 16, 17]}], Mutations: [{MutationID: 1, Direction: ADD, State: DELETE_ONLY, Index: {ID: 6, Unique: false, Partial: true, KeyColumns: [{ID: 1, Dir: ASC}, {ID: 12, Dir: ASC}, {ID: 2, Dir: ASC}], State: ADD, MutationID: 1}}, {MutationID: 1, Direction: ADD, State: WRITE_ONLY, Index: {ID: 7, Unique: false, Partial: true, KeyColumns: [{ID: 1, Dir: ASC}, {ID: 12, Dir: ASC}, {ID: 2, Dir: ASC}], State: ADD, MutationID: 1}}], PrimaryIndex: 1, NextIndexID: 8, Indexes: [{ID: 1, Unique: true, KeyColumns: [{ID: 1, Dir: ASC}, {ID: 2, Dir: ASC}], StoreColumns: [3, 4, 5, 6, 7, 8, 9, 10, 11, 12, 13, 14, 15, 16, 17]}, {ID: 2, Unique: false, KeyColumns: [{ID: 1, Dir: ASC}, {ID: 3, Dir: ASC}, {ID: 4, Dir: ASC}, {ID: 2, Dir: ASC}]}, {ID: 4, Unique: false, Partial: true, KeyColumns: [{ID: 1, Dir: ASC}, {ID: 15, Dir: ASC}, {ID: 2, Dir: ASC}]}], Checks: [{Columns: [13], Validity: Validated}, {Columns: [14], Validity: Validated}, {Columns: [9, 10, 11, 12, 13, 14], Validity: Validated}, {Columns: [5], Validity: Validated}, {Columns: [6], Validity: Validated}, {Columns: [8], Validity: Validated}, {Columns: [9], Validity: Validated}, {Columns: [10], Validity: Validated}], OutboundFKs: [{OriginTableID: 110, OriginColumns: [1, 3, 4], ReferencedTableID: 108, ReferencedColumnIDs: [1, 2, 3], Validity: Validated}]}
I260828 16:21:58.164666 4941 sql/catalog/lease/lease.go:550  [T1,Vsystem,n1,job=NEW SCHEMA CHANGE id=1205415831230218241] 760  all leases have expired at 1787934118.163627608,0: desc=[{trnm_outbox 110 16}]
I260828 16:21:58.164787 4941 sql/schemachanger/scrun/scrun.go:186  [T1,Vsystem,n1,job=NEW SCHEMA CHANGE id=1205415831230218241] 761  executing declarative schema change PostCommitPhase stage 4 of 7 with 3 MutationType ops (rollback=false) for CREATE INDEX
I260828 16:21:58.185876 4941 sql/catalog/lease/lease.go:556  [T1,Vsystem,n1,job=NEW SCHEMA CHANGE id=1205415831230218241] 762  waiting for 1 leases to expire: desc=[{trnm_outbox 110 17}]
I260828 16:21:58.186235 5161 sql/catalog/lease/descriptor_state.go:142  [n1] 763  new lease: tabledesc.immutable: {ID: 110, Version: 18, ModificationTime: "1787934118.164706414,0", ParentID: 104, ParentSchemaID: 105, State: PUBLIC, NextColumnID: 18, Columns: [{ID: 1, TypeID: 2950, Null: false}, {ID: 2, TypeID: 2950, Null: false}, {ID: 3, TypeID: 2950, Null: false}, {ID: 4, TypeID: 2950, Null: false}, {ID: 5, TypeID: 25, Null: false}, {ID: 6, TypeID: 17, Null: false}, {ID: 7, TypeID: 17, Null: false}, {ID: 8, TypeID: 23, Null: false, HasDefault: true}, {ID: 9, TypeID: 20, Null: false, HasDefault: true}, {ID: 10, TypeID: 25, Null: false, HasDefault: true}, {ID: 11, TypeID: 2950, Null: true}, {ID: 12, TypeID: 1184, Null: true}, {ID: 13, TypeID: 17, Null: true}, {ID: 14, TypeID: 17, Null: true}, {ID: 15, TypeID: 1184, Null: false, HasDefault: true}, {ID: 16, TypeID: 1184, Null: false, HasDefault: true}, {ID: 17, TypeID: 1184, Null: false, HasDefault: true}], NextFamilyID: 1, Families: [{ID: 0, Columns: [1, 2, 3, 4, 5, 6, 7, 8, 9, 10, 11, 12, 13, 14, 15, 16, 17]}], Mutations: [{MutationID: 1, Direction: ADD, State: MERGING, Index: {ID: 6, Unique: false, Partial: true, KeyColumns: [{ID: 1, Dir: ASC}, {ID: 12, Dir: ASC}, {ID: 2, Dir: ASC}], State: ADD, MutationID: 1}}, {MutationID: 1, Direction: ADD, State: WRITE_ONLY, Index: {ID: 7, Unique: false, Partial: true, KeyColumns: [{ID: 1, Dir: ASC}, {ID: 12, Dir: ASC}, {ID: 2, Dir: ASC}], State: ADD, MutationID: 1}}], PrimaryIndex: 1, NextIndexID: 8, Indexes: [{ID: 1, Unique: true, KeyColumns: [{ID: 1, Dir: ASC}, {ID: 2, Dir: ASC}], StoreColumns: [3, 4, 5, 6, 7, 8, 9, 10, 11, 12, 13, 14, 15, 16, 17]}, {ID: 2, Unique: false, KeyColumns: [{ID: 1, Dir: ASC}, {ID: 3, Dir: ASC}, {ID: 4, Dir: ASC}, {ID: 2, Dir: ASC}]}, {ID: 4, Unique: false, Partial: true, KeyColumns: [{ID: 1, Dir: ASC}, {ID: 15, Dir: ASC}, {ID: 2, Dir: ASC}]}], Checks: [{Columns: [13], Validity: Validated}, {Columns: [14], Validity: Validated}, {Columns: [9, 10, 11, 12, 13, 14], Validity: Validated}, {Columns: [5], Validity: Validated}, {Columns: [6], Validity: Validated}, {Columns: [8], Validity: Validated}, {Columns: [9], Validity: Validated}, {Columns: [10], Validity: Validated}], OutboundFKs: [{OriginTableID: 110, OriginColumns: [1, 3, 4], ReferencedTableID: 108, ReferencedColumnIDs: [1, 2, 3], Validity: Validated}]}
I260828 16:21:58.188882 4941 sql/catalog/lease/lease.go:550  [T1,Vsystem,n1,job=NEW SCHEMA CHANGE id=1205415831230218241] 764  all leases have expired at 1787934118.187914650,0: desc=[{trnm_outbox 110 17}]
I260828 16:21:58.189006 4941 sql/schemachanger/scrun/scrun.go:186  [T1,Vsystem,n1,job=NEW SCHEMA CHANGE id=1205415831230218241] 765  executing declarative schema change PostCommitPhase stage 5 of 7 with 1 BackfillType op (rollback=false) for CREATE INDEX
I260828 16:21:58.192090 5170 sql/backfill.go:2994  [T1,Vsystem,n1,job=NEW SCHEMA CHANGE id=1205415831230218241] 766  merging all keys in temporary index before time 1787934118.692076865,0
I260828 16:21:58.693250 4941 sql/schemachanger/scrun/scrun.go:186  [T1,Vsystem,n1,job=NEW SCHEMA CHANGE id=1205415831230218241] 767  executing declarative schema change PostCommitPhase stage 6 of 7 with 4 MutationType ops (rollback=false) for CREATE INDEX
I260828 16:21:58.715150 4941 sql/catalog/lease/lease.go:556  [T1,Vsystem,n1,job=NEW SCHEMA CHANGE id=1205415831230218241] 768  waiting for 1 leases to expire: desc=[{trnm_outbox 110 18}]
I260828 16:21:58.715595 5207 sql/catalog/lease/descriptor_state.go:142  [n1] 769  new lease: tabledesc.immutable: {ID: 110, Version: 19, ModificationTime: "1787934118.693122896,0", ParentID: 104, ParentSchemaID: 105, State: PUBLIC, NextColumnID: 18, Columns: [{ID: 1, TypeID: 2950, Null: false}, {ID: 2, TypeID: 2950, Null: false}, {ID: 3, TypeID: 2950, Null: false}, {ID: 4, TypeID: 2950, Null: false}, {ID: 5, TypeID: 25, Null: false}, {ID: 6, TypeID: 17, Null: false}, {ID: 7, TypeID: 17, Null: false}, {ID: 8, TypeID: 23, Null: false, HasDefault: true}, {ID: 9, TypeID: 20, Null: false, HasDefault: true}, {ID: 10, TypeID: 25, Null: false, HasDefault: true}, {ID: 11, TypeID: 2950, Null: true}, {ID: 12, TypeID: 1184, Null: true}, {ID: 13, TypeID: 17, Null: true}, {ID: 14, TypeID: 17, Null: true}, {ID: 15, TypeID: 1184, Null: false, HasDefault: true}, {ID: 16, TypeID: 1184, Null: false, HasDefault: true}, {ID: 17, TypeID: 1184, Null: false, HasDefault: true}], NextFamilyID: 1, Families: [{ID: 0, Columns: [1, 2, 3, 4, 5, 6, 7, 8, 9, 10, 11, 12, 13, 14, 15, 16, 17]}], Mutations: [{MutationID: 1, Direction: ADD, State: WRITE_ONLY, Index: {ID: 6, Unique: false, Partial: true, KeyColumns: [{ID: 1, Dir: ASC}, {ID: 12, Dir: ASC}, {ID: 2, Dir: ASC}], State: ADD, MutationID: 1}}, {MutationID: 1, Direction: DROP, State: DELETE_ONLY, Index: {ID: 7, Unique: false, Partial: true, KeyColumns: [{ID: 1, Dir: ASC}, {ID: 12, Dir: ASC}, {ID: 2, Dir: ASC}], State: DROP, MutationID: 1}}], PrimaryIndex: 1, NextIndexID: 8, Indexes: [{ID: 1, Unique: true, KeyColumns: [{ID: 1, Dir: ASC}, {ID: 2, Dir: ASC}], StoreColumns: [3, 4, 5, 6, 7, 8, 9, 10, 11, 12, 13, 14, 15, 16, 17]}, {ID: 2, Unique: false, KeyColumns: [{ID: 1, Dir: ASC}, {ID: 3, Dir: ASC}, {ID: 4, Dir: ASC}, {ID: 2, Dir: ASC}]}, {ID: 4, Unique: false, Partial: true, KeyColumns: [{ID: 1, Dir: ASC}, {ID: 15, Dir: ASC}, {ID: 2, Dir: ASC}]}], Checks: [{Columns: [13], Validity: Validated}, {Columns: [14], Validity: Validated}, {Columns: [9, 10, 11, 12, 13, 14], Validity: Validated}, {Columns: [5], Validity: Validated}, {Columns: [6], Validity: Validated}, {Columns: [8], Validity: Validated}, {Columns: [9], Validity: Validated}, {Columns: [10], Validity: Validated}], OutboundFKs: [{OriginTableID: 110, OriginColumns: [1, 3, 4], ReferencedTableID: 108, ReferencedColumnIDs: [1, 2, 3], Validity: Validated}]}
I260828 16:21:58.718418 4941 sql/catalog/lease/lease.go:550  [T1,Vsystem,n1,job=NEW SCHEMA CHANGE id=1205415831230218241] 770  all leases have expired at 1787934118.717474185,0: desc=[{trnm_outbox 110 18}]
I260828 16:21:58.718556 4941 sql/schemachanger/scrun/scrun.go:186  [T1,Vsystem,n1,job=NEW SCHEMA CHANGE id=1205415831230218241] 771  executing declarative schema change PostCommitPhase stage 7 of 7 with 1 ValidationType op (rollback=false) for CREATE INDEX
I260828 16:21:58.723220 5269 sql/backfill.go:1947  [T1,Vsystem,n1,job=NEW SCHEMA CHANGE id=1205415831230218241] 772  validation: table trnm_outbox row count = 0, took 1.630608ms
I260828 16:21:58.723250 5268 sql/backfill.go:1892  [T1,Vsystem,n1,job=NEW SCHEMA CHANGE id=1205415831230218241] 773  validation: index trnm_outbox/trnm_outbox_expired_lease_idx row count = 0, time so far 1.598219ms
I260828 16:21:58.723422 4941 sql/schemachanger/scrun/scrun.go:186  [T1,Vsystem,n1,job=NEW SCHEMA CHANGE id=1205415831230218241] 774  executing declarative schema change PostCommitNonRevertiblePhase stage 1 of 1 with 9 MutationType ops (rollback=false) for CREATE INDEX
I260828 16:21:58.747170 4941 5@util/log/event_log.go:39  [T1,Vsystem,n1,job=NEW SCHEMA CHANGE id=1205415831230218241] 775 ={"Timestamp":1787934118723340548,"EventType":"finish_schema_change","InstanceID":1,"DescriptorID":110,"LatencyNanos":671813531}
I260828 16:21:58.749168 4941 sql/catalog/lease/lease.go:556  [T1,Vsystem,n1,job=NEW SCHEMA CHANGE id=1205415831230218241] 776  waiting for 1 leases to expire: desc=[{trnm_outbox 110 19}]
I260828 16:21:58.749423 5287 sql/catalog/lease/descriptor_state.go:142  [n1] 777  new lease: tabledesc.immutable: {ID: 110, Version: 20, ModificationTime: "1787934118.723340548,0", ParentID: 104, ParentSchemaID: 105, State: PUBLIC, NextColumnID: 18, Columns: [{ID: 1, TypeID: 2950, Null: false}, {ID: 2, TypeID: 2950, Null: false}, {ID: 3, TypeID: 2950, Null: false}, {ID: 4, TypeID: 2950, Null: false}, {ID: 5, TypeID: 25, Null: false}, {ID: 6, TypeID: 17, Null: false}, {ID: 7, TypeID: 17, Null: false}, {ID: 8, TypeID: 23, Null: false, HasDefault: true}, {ID: 9, TypeID: 20, Null: false, HasDefault: true}, {ID: 10, TypeID: 25, Null: false, HasDefault: true}, {ID: 11, TypeID: 2950, Null: true}, {ID: 12, TypeID: 1184, Null: true}, {ID: 13, TypeID: 17, Null: true}, {ID: 14, TypeID: 17, Null: true}, {ID: 15, TypeID: 1184, Null: false, HasDefault: true}, {ID: 16, TypeID: 1184, Null: false, HasDefault: true}, {ID: 17, TypeID: 1184, Null: false, HasDefault: true}], NextFamilyID: 1, Families: [{ID: 0, Columns: [1, 2, 3, 4, 5, 6, 7, 8, 9, 10, 11, 12, 13, 14, 15, 16, 17]}], PrimaryIndex: 1, NextIndexID: 8, Indexes: [{ID: 1, Unique: true, KeyColumns: [{ID: 1, Dir: ASC}, {ID: 2, Dir: ASC}], StoreColumns: [3, 4, 5, 6, 7, 8, 9, 10, 11, 12, 13, 14, 15, 16, 17]}, {ID: 2, Unique: false, KeyColumns: [{ID: 1, Dir: ASC}, {ID: 3, Dir: ASC}, {ID: 4, Dir: ASC}, {ID: 2, Dir: ASC}]}, {ID: 4, Unique: false, Partial: true, KeyColumns: [{ID: 1, Dir: ASC}, {ID: 15, Dir: ASC}, {ID: 2, Dir: ASC}]}, {ID: 6, Unique: false, Partial: true, KeyColumns: [{ID: 1, Dir: ASC}, {ID: 12, Dir: ASC}, {ID: 2, Dir: ASC}]}], Checks: [{Columns: [13], Validity: Validated}, {Columns: [14], Validity: Validated}, {Columns: [9, 10, 11, 12, 13, 14], Validity: Validated}, {Columns: [5], Validity: Validated}, {Columns: [6], Validity: Validated}, {Columns: [8], Validity: Validated}, {Columns: [9], Validity: Validated}, {Columns: [10], Validity: Validated}], OutboundFKs: [{OriginTableID: 110, OriginColumns: [1, 3, 4], ReferencedTableID: 108, ReferencedColumnIDs: [1, 2, 3], Validity: Validated}]}
I260828 16:21:58.751734 4941 sql/catalog/lease/lease.go:550  [T1,Vsystem,n1,job=NEW SCHEMA CHANGE id=1205415831230218241] 778  all leases have expired at 1787934118.750752451,0: desc=[{trnm_outbox 110 19}]
I260828 16:21:58.751878 5262 jobs/adopt.go:224  [T1,Vsystem,n1,job=1205415833531875329] 779  job 1205415833531875329: resuming execution
I260828 16:21:58.751894 4941 jobs/registry.go:1679  [T1,Vsystem,n1,job=1205415831230218241] 780  NEW SCHEMA CHANGE job 1205415831230218241: stepping through state succeeded
I260828 16:21:58.755076 5244 jobs/registry.go:1679  [T1,Vsystem,n1,job=1205415833531875329] 781  SCHEMA CHANGE GC job 1205415833531875329: stepping through state running
I260828 16:21:58.761805 5244 1@jobs/structured_log.go:48  [T1,Vsystem,n1,job=1205415833531875329] 782 ={"Timestamp":1787934118761803953,"EventType":"status_change","JobID":1205415833531875329,"JobType":"SCHEMA CHANGE GC","Description":"status changed to: running","PreviousStatus":"running","NewStatus":"running","RunNum":0}
I260828 16:21:58.762841 4941 1@jobs/structured_log.go:48  [T1,Vsystem,n1,job=1205415831230218241] 783 ={"Timestamp":1787934118762839960,"EventType":"status_change","JobID":1205415831230218241,"JobType":"NEW SCHEMA CHANGE","Description":"status changed to: succeeded","PreviousStatus":"running","NewStatus":"succeeded","RunNum":0}
I260828 16:21:58.769636 2272 jobs/wait.go:148  [T1,Vsystem,n1,client=172.17.0.1:38456,hostnossl,user=root] 784  waited for 1 [1205415831230218241] queued jobs to complete 706.449975ms
I260828 16:21:58.784789 5244 sql/gcjob/gc_job_utils.go:273  [T1,Vsystem,n1,job=SCHEMA CHANGE GC id=1205415833531875329] 785  updated progress status: waiting for GC TTL, payload: indexes:<index_id:7 > ranges_unsplit_done:true 
I260828 16:21:58.786190 2270 4@util/log/event_log.go:39  [T1,Vsystem,n1,client=172.17.0.1:38456,hostnossl,user=root] 786 ={"Timestamp":1787934118786186580,"EventType":"client_session_end","InstanceID":1,"Network":"tcp","RemoteAddress":"172.17.0.1:38456","SessionID":"18d0049af2c2b7110000000000000001","Duration":3175776557}
I260828 16:21:58.788288 5423 4@util/log/event_log.go:39  [T1,Vsystem,n1,client=172.17.0.1:38458,hostnossl,user=root] 787 ={"Timestamp":1787934118788285964,"EventType":"client_authentication_ok","InstanceID":1,"Network":"tcp","RemoteAddress":"172.17.0.1:38458","SessionID":"18d0049bb029d59e0000000000000001","Transport":"hostnossl","User":"root","SystemIdentity":"root","Method":"insecure"}
I260828 16:21:58.789504 5430 4@util/log/event_log.go:39  [T1,Vsystem,n1,client=172.17.0.1:38466,hostnossl,user=root] 788 ={"Timestamp":1787934118789502013,"EventType":"client_authentication_ok","InstanceID":1,"Network":"tcp","RemoteAddress":"172.17.0.1:38466","SessionID":"18d0049bb03c925d0000000000000001","Transport":"hostnossl","User":"root","SystemIdentity":"root","Method":"insecure"}
I260828 16:21:58.790255 5374 4@util/log/event_log.go:39  [T1,Vsystem,n1,client=172.17.0.1:38476,hostnossl,user=root] 789 ={"Timestamp":1787934118790253114,"EventType":"client_authentication_ok","InstanceID":1,"Network":"tcp","RemoteAddress":"172.17.0.1:38476","SessionID":"18d0049bb048b7800000000000000001","Transport":"hostnossl","User":"root","SystemIdentity":"root","Method":"insecure"}
I260828 16:21:58.792093 5448 4@util/log/event_log.go:39  [T1,Vsystem,n1,client=172.17.0.1:38490,hostnossl,user=root] 790 ={"Timestamp":1787934118792091385,"EventType":"client_authentication_ok","InstanceID":1,"Network":"tcp","RemoteAddress":"172.17.0.1:38490","SessionID":"18d0049bb0649f5b0000000000000001","Transport":"hostnossl","User":"root","SystemIdentity":"root","Method":"insecure"}
I260828 16:21:58.794715 5451 4@util/log/event_log.go:39  [T1,Vsystem,n1,client=172.17.0.1:38502,hostnossl,user=root] 791 ={"Timestamp":1787934118794713868,"EventType":"client_authentication_ok","InstanceID":1,"Network":"tcp","RemoteAddress":"172.17.0.1:38502","SessionID":"18d0049bb08c13bc0000000000000001","Transport":"hostnossl","User":"root","SystemIdentity":"root","Method":"insecure"}
I260828 16:21:58.795210 5461 4@util/log/event_log.go:39  [T1,Vsystem,n1,client=172.17.0.1:38506,hostnossl,user=root] 792 ={"Timestamp":1787934118795208189,"EventType":"client_authentication_ok","InstanceID":1,"Network":"tcp","RemoteAddress":"172.17.0.1:38506","SessionID":"18d0049bb08e85450000000000000001","Transport":"hostnossl","User":"root","SystemIdentity":"root","Method":"insecure"}
I260828 16:21:58.795616 5476 4@util/log/event_log.go:39  [T1,Vsystem,n1,client=172.17.0.1:38508,hostnossl,user=root] 793 ={"Timestamp":1787934118795614475,"EventType":"client_authentication_ok","InstanceID":1,"Network":"tcp","RemoteAddress":"172.17.0.1:38508","SessionID":"18d0049bb099875d0000000000000001","Transport":"hostnossl","User":"root","SystemIdentity":"root","Method":"insecure"}
I260828 16:21:58.798400 5465 4@util/log/event_log.go:39  [T1,Vsystem,n1,client=172.17.0.1:38518,hostnossl,user=root] 794 ={"Timestamp":1787934118798398342,"EventType":"client_authentication_ok","InstanceID":1,"Network":"tcp","RemoteAddress":"172.17.0.1:38518","SessionID":"18d0049bb0c33a840000000000000001","Transport":"hostnossl","User":"root","SystemIdentity":"root","Method":"insecure"}
I260828 16:21:58.799041 5244 sql/gcjob/gc_job_utils.go:273  [T1,Vsystem,n1,job=SCHEMA CHANGE GC id=1205415833531875329] 795  updated progress status: deleting data, payload: indexes:<index_id:7 > ranges_unsplit_done:true 
I260828 16:21:58.799102 5244 sql/schema_changer.go:1465  [T1,Vsystem,n1,job=SCHEMA CHANGE GC id=1205415833531875329] 796  waiting for a single version...
I260828 16:21:58.803309 5244 sql/catalog/lease/lease.go:550  [T1,Vsystem,n1,job=SCHEMA CHANGE GC id=1205415833531875329] 797  all leases have expired at 1787934118.799982740,0: desc=[{trnm_outbox 110 19}]
I260828 16:21:58.803461 5244 sql/schema_changer.go:1470  [T1,Vsystem,n1,job=SCHEMA CHANGE GC id=1205415833531875329] 798  waiting for a single version... done (at v 20), took 4.358319ms
I260828 16:21:58.803608 5244 sql/gcjob/index_garbage_collection.go:165  [T1,Vsystem,n1,job=SCHEMA CHANGE GC id=1205415833531875329] 799  clearing index 7 from table 110
I260828 16:21:58.804025 5244 sql/gcjob/gc_job_utils.go:53  [T1,Vsystem,n1,job=SCHEMA CHANGE GC id=1205415833531875329] 800  marked index 7 as GC'd
I260828 16:21:58.814028 5244 sql/gcjob/gc_job_utils.go:273  [T1,Vsystem,n1,job=SCHEMA CHANGE GC id=1205415833531875329] 801  updated progress status: waiting for MVCC GC, payload: indexes:<index_id:7 status:WAITING_FOR_MVCC_GC > ranges_unsplit_done:true 
I260828 16:21:58.817076 5459 4@util/log/event_log.go:39  [T1,Vsystem,n1,client=172.17.0.1:38506,hostnossl,user=root] 802 ={"Timestamp":1787934118817073781,"EventType":"client_session_end","InstanceID":1,"Network":"tcp","RemoteAddress":"172.17.0.1:38506","SessionID":"18d0049bb08e85450000000000000001","Duration":22413548}
I260828 16:21:58.821119 5446 4@util/log/event_log.go:39  [T1,Vsystem,n1,client=172.17.0.1:38490,hostnossl,user=root] 803 ={"Timestamp":1787934118821116915,"EventType":"client_session_end","InstanceID":1,"Network":"tcp","RemoteAddress":"172.17.0.1:38490","SessionID":"18d0049bb0649f5b0000000000000001","Duration":29202687}
I260828 16:21:58.821474 5449 4@util/log/event_log.go:39  [T1,Vsystem,n1,client=172.17.0.1:38502,hostnossl,user=root] 804 ={"Timestamp":1787934118821471465,"EventType":"client_session_end","InstanceID":1,"Network":"tcp","RemoteAddress":"172.17.0.1:38502","SessionID":"18d0049bb08c13bc0000000000000001","Duration":26971369}
I260828 16:21:58.821682 5463 4@util/log/event_log.go:39  [T1,Vsystem,n1,client=172.17.0.1:38518,hostnossl,user=root] 806 ={"Timestamp":1787934118821680360,"EventType":"client_session_end","InstanceID":1,"Network":"tcp","RemoteAddress":"172.17.0.1:38518","SessionID":"18d0049bb0c33a840000000000000001","Duration":23565816}
I260828 16:21:58.821496 5421 4@util/log/event_log.go:39  [T1,Vsystem,n1,client=172.17.0.1:38458,hostnossl,user=root] 805 ={"Timestamp":1787934118821494154,"EventType":"client_session_end","InstanceID":1,"Network":"tcp","RemoteAddress":"172.17.0.1:38458","SessionID":"18d0049bb029d59e0000000000000001","Duration":33432388}
I260828 16:21:58.823392 5372 4@util/log/event_log.go:39  [T1,Vsystem,n1,client=172.17.0.1:38476,hostnossl,user=root] 807 ={"Timestamp":1787934118823390092,"EventType":"client_session_end","InstanceID":1,"Network":"tcp","RemoteAddress":"172.17.0.1:38476","SessionID":"18d0049bb048b7800000000000000001","Duration":33304680}
I260828 16:21:58.823939 5428 4@util/log/event_log.go:39  [T1,Vsystem,n1,client=172.17.0.1:38466,hostnossl,user=root] 808 ={"Timestamp":1787934118823937753,"EventType":"client_session_end","InstanceID":1,"Network":"tcp","RemoteAddress":"172.17.0.1:38466","SessionID":"18d0049bb03c925d0000000000000001","Duration":34648151}
I260828 16:21:58.824469 5474 4@util/log/event_log.go:39  [T1,Vsystem,n1,client=172.17.0.1:38508,hostnossl,user=root] 809 ={"Timestamp":1787934118824467862,"EventType":"client_session_end","InstanceID":1,"Network":"tcp","RemoteAddress":"172.17.0.1:38508","SessionID":"18d0049bb099875d0000000000000001","Duration":29086218}
I260828 16:21:58.825901 5542 4@util/log/event_log.go:39  [T1,Vsystem,n1,client=172.17.0.1:38528,hostnossl,user=root] 810 ={"Timestamp":1787934118825899229,"EventType":"client_authentication_ok","InstanceID":1,"Network":"tcp","RemoteAddress":"172.17.0.1:38528","SessionID":"18d0049bb2680eec0000000000000001","Transport":"hostnossl","User":"root","SystemIdentity":"root","Method":"insecure"}
I260828 16:21:58.830734 5540 4@util/log/event_log.go:39  [T1,Vsystem,n1,client=172.17.0.1:38528,hostnossl,user=root] 811 ={"Timestamp":1787934118830732383,"EventType":"client_session_end","InstanceID":1,"Network":"tcp","RemoteAddress":"172.17.0.1:38528","SessionID":"18d0049bb2680eec0000000000000001","Duration":5038473}
I260828 16:21:58.831469 5546 4@util/log/event_log.go:39  [T1,Vsystem,n1,client=172.17.0.1:38530,hostnossl,user=root] 812 ={"Timestamp":1787934118831464687,"EventType":"client_authentication_ok","InstanceID":1,"Network":"tcp","RemoteAddress":"172.17.0.1:38530","SessionID":"18d0049bb2bd5dee0000000000000001","Transport":"hostnossl","User":"root","SystemIdentity":"root","Method":"insecure"}
I260828 16:21:58.843075 5544 4@util/log/event_log.go:39  [T1,Vsystem,n1,client=172.17.0.1:38530,hostnossl,user=root] 813 ={"Timestamp":1787934118843072489,"EventType":"client_session_end","InstanceID":1,"Network":"tcp","RemoteAddress":"172.17.0.1:38530","SessionID":"18d0049bb2bd5dee0000000000000001","Duration":11787773}
I260828 16:21:58.844395 5527 4@util/log/event_log.go:39  [T1,Vsystem,n1,client=172.17.0.1:38532,hostnossl,user=root] 814 ={"Timestamp":1787934118844392879,"EventType":"client_authentication_ok","InstanceID":1,"Network":"tcp","RemoteAddress":"172.17.0.1:38532","SessionID":"18d0049bb381ce900000000000000001","Transport":"hostnossl","User":"root","SystemIdentity":"root","Method":"insecure"}
I260828 16:21:58.844838 5530 4@util/log/event_log.go:39  [T1,Vsystem,n1,client=172.17.0.1:38542,hostnossl,user=root] 815 ={"Timestamp":1787934118844836904,"EventType":"client_authentication_ok","InstanceID":1,"Network":"tcp","RemoteAddress":"172.17.0.1:38542","SessionID":"18d0049bb388da160000000000000001","Transport":"hostnossl","User":"root","SystemIdentity":"root","Method":"insecure"}
I260828 16:21:58.852088 5525 4@util/log/event_log.go:39  [T1,Vsystem,n1,client=172.17.0.1:38532,hostnossl,user=root] 816 ={"Timestamp":1787934118852085439,"EventType":"client_session_end","InstanceID":1,"Network":"tcp","RemoteAddress":"172.17.0.1:38532","SessionID":"18d0049bb381ce900000000000000001","Duration":7926373}
I260828 16:21:58.855856 5528 4@util/log/event_log.go:39  [T1,Vsystem,n1,client=172.17.0.1:38542,hostnossl,user=root] 817 ={"Timestamp":1787934118855853689,"EventType":"client_session_end","InstanceID":1,"Network":"tcp","RemoteAddress":"172.17.0.1:38542","SessionID":"18d0049bb388da160000000000000001","Duration":11233241}
I260828 16:21:58.856758 5590 4@util/log/event_log.go:39  [T1,Vsystem,n1,client=172.17.0.1:38554,hostnossl,user=root] 818 ={"Timestamp":1787934118856756530,"EventType":"client_authentication_ok","InstanceID":1,"Network":"tcp","RemoteAddress":"172.17.0.1:38554","SessionID":"18d0049bb43f936e0000000000000001","Transport":"hostnossl","User":"root","SystemIdentity":"root","Method":"insecure"}
I260828 16:21:58.859830 5588 4@util/log/event_log.go:39  [T1,Vsystem,n1,client=172.17.0.1:38554,hostnossl,user=root] 819 ={"Timestamp":1787934118859828425,"EventType":"client_session_end","InstanceID":1,"Network":"tcp","RemoteAddress":"172.17.0.1:38554","SessionID":"18d0049bb43f936e0000000000000001","Duration":3233148}
I260828 16:21:58.860525 5598 4@util/log/event_log.go:39  [T1,Vsystem,n1,client=172.17.0.1:38566,hostnossl,user=root] 820 ={"Timestamp":1787934118860522872,"EventType":"client_authentication_ok","InstanceID":1,"Network":"tcp","RemoteAddress":"172.17.0.1:38566","SessionID":"18d0049bb478e6bb0000000000000001","Transport":"hostnossl","User":"root","SystemIdentity":"root","Method":"insecure"}
I260828 16:21:58.871800 5596 4@util/log/event_log.go:39  [T1,Vsystem,n1,client=172.17.0.1:38566,hostnossl,user=root] 821 ={"Timestamp":1787934118871797942,"EventType":"client_session_end","InstanceID":1,"Network":"tcp","RemoteAddress":"172.17.0.1:38566","SessionID":"18d0049bb478e6bb0000000000000001","Duration":11445828}
I260828 16:21:58.872617 5568 4@util/log/event_log.go:39  [T1,Vsystem,n1,client=172.17.0.1:38574,hostnossl,user=root] 822 ={"Timestamp":1787934118872615414,"EventType":"client_authentication_ok","InstanceID":1,"Network":"tcp","RemoteAddress":"172.17.0.1:38574","SessionID":"18d0049bb53072cd0000000000000001","Transport":"hostnossl","User":"root","SystemIdentity":"root","Method":"insecure"}
I260828 16:21:58.879212 5566 4@util/log/event_log.go:39  [T1,Vsystem,n1,client=172.17.0.1:38574,hostnossl,user=root] 823 ={"Timestamp":1787934118879210189,"EventType":"client_session_end","InstanceID":1,"Network":"tcp","RemoteAddress":"172.17.0.1:38574","SessionID":"18d0049bb53072cd0000000000000001","Duration":6828808}
I260828 16:21:58.880559 5582 4@util/log/event_log.go:39  [T1,Vsystem,n1,client=172.17.0.1:38602,hostnossl,user=root] 824 ={"Timestamp":1787934118880556964,"EventType":"client_authentication_ok","InstanceID":1,"Network":"tcp","RemoteAddress":"172.17.0.1:38602","SessionID":"18d0049bb5aa5fbf0000000000000001","Transport":"hostnossl","User":"root","SystemIdentity":"root","Method":"insecure"}
I260828 16:21:58.881233 5640 4@util/log/event_log.go:39  [T1,Vsystem,n1,client=172.17.0.1:38610,hostnossl,user=root] 825 ={"Timestamp":1787934118881231821,"EventType":"client_authentication_ok","InstanceID":1,"Network":"tcp","RemoteAddress":"172.17.0.1:38610","SessionID":"18d0049bb5b4245a0000000000000001","Transport":"hostnossl","User":"root","SystemIdentity":"root","Method":"insecure"}
I260828 16:21:58.881316 5615 4@util/log/event_log.go:39  [T1,Vsystem,n1,client=172.17.0.1:38588,hostnossl,user=root] 826 ={"Timestamp":1787934118881314581,"EventType":"client_authentication_ok","InstanceID":1,"Network":"tcp","RemoteAddress":"172.17.0.1:38588","SessionID":"18d0049bb5b506100000000000000001","Transport":"hostnossl","User":"root","SystemIdentity":"root","Method":"insecure"}
I260828 16:21:58.882151 5651 4@util/log/event_log.go:39  [T1,Vsystem,n1,client=172.17.0.1:38622,hostnossl,user=root] 827 ={"Timestamp":1787934118882149279,"EventType":"client_authentication_ok","InstanceID":1,"Network":"tcp","RemoteAddress":"172.17.0.1:38622","SessionID":"18d0049bb5c327c80000000000000001","Transport":"hostnossl","User":"root","SystemIdentity":"root","Method":"insecure"}
I260828 16:21:58.884361 5655 4@util/log/event_log.go:39  [T1,Vsystem,n1,client=172.17.0.1:38638,hostnossl,user=root] 828 ={"Timestamp":1787934118884358699,"EventType":"client_authentication_ok","InstanceID":1,"Network":"tcp","RemoteAddress":"172.17.0.1:38638","SessionID":"18d0049bb5e393cb0000000000000001","Transport":"hostnossl","User":"root","SystemIdentity":"root","Method":"insecure"}
I260828 16:21:58.885296 5625 4@util/log/event_log.go:39  [T1,Vsystem,n1,client=172.17.0.1:38626,hostnossl,user=root] 829 ={"Timestamp":1787934118885294014,"EventType":"client_authentication_ok","InstanceID":1,"Network":"tcp","RemoteAddress":"172.17.0.1:38626","SessionID":"18d0049bb5f089d20000000000000001","Transport":"hostnossl","User":"root","SystemIdentity":"root","Method":"insecure"}
I260828 16:21:58.885761 5649 4@util/log/event_log.go:39  [T1,Vsystem,n1,client=172.17.0.1:38640,hostnossl,user=root] 830 ={"Timestamp":1787934118885759731,"EventType":"client_authentication_ok","InstanceID":1,"Network":"tcp","RemoteAddress":"172.17.0.1:38640","SessionID":"18d0049bb5f910a90000000000000001","Transport":"hostnossl","User":"root","SystemIdentity":"root","Method":"insecure"}
I260828 16:21:58.886831 5628 4@util/log/event_log.go:39  [T1,Vsystem,n1,client=172.17.0.1:38656,hostnossl,user=root] 831 ={"Timestamp":1787934118886829162,"EventType":"client_authentication_ok","InstanceID":1,"Network":"tcp","RemoteAddress":"172.17.0.1:38656","SessionID":"18d0049bb607f9a00000000000000001","Transport":"hostnossl","User":"root","SystemIdentity":"root","Method":"insecure"}
I260828 16:21:58.899288 5626 4@util/log/event_log.go:39  [T1,Vsystem,n1,client=172.17.0.1:38656,hostnossl,user=root] 832 ={"Timestamp":1787934118899285879,"EventType":"client_session_end","InstanceID":1,"Network":"tcp","RemoteAddress":"172.17.0.1:38656","SessionID":"18d0049bb607f9a00000000000000001","Duration":12779984}
I260828 16:21:58.906944 5580 4@util/log/event_log.go:39  [T1,Vsystem,n1,client=172.17.0.1:38602,hostnossl,user=root] 833 ={"Timestamp":1787934118906941984,"EventType":"client_session_end","InstanceID":1,"Network":"tcp","RemoteAddress":"172.17.0.1:38602","SessionID":"18d0049bb5aa5fbf0000000000000001","Duration":26569958}
I260828 16:21:58.909660 5653 4@util/log/event_log.go:39  [T1,Vsystem,n1,client=172.17.0.1:38638,hostnossl,user=root] 834 ={"Timestamp":1787934118909658598,"EventType":"client_session_end","InstanceID":1,"Network":"tcp","RemoteAddress":"172.17.0.1:38638","SessionID":"18d0049bb5e393cb0000000000000001","Duration":25537927}
I260828 16:21:58.911661 5647 4@util/log/event_log.go:39  [T1,Vsystem,n1,client=172.17.0.1:38640,hostnossl,user=root] 835 ={"Timestamp":1787934118911659324,"EventType":"client_session_end","InstanceID":1,"Network":"tcp","RemoteAddress":"172.17.0.1:38640","SessionID":"18d0049bb5f910a90000000000000001","Duration":26130511}
I260828 16:21:58.911839 5617 4@util/log/event_log.go:39  [T1,Vsystem,n1,client=172.17.0.1:38622,hostnossl,user=root] 836 ={"Timestamp":1787934118911837943,"EventType":"client_session_end","InstanceID":1,"Network":"tcp","RemoteAddress":"172.17.0.1:38622","SessionID":"18d0049bb5c327c80000000000000001","Duration":29842376}
I260828 16:21:58.912278 5623 4@util/log/event_log.go:39  [T1,Vsystem,n1,client=172.17.0.1:38626,hostnossl,user=root] 837 ={"Timestamp":1787934118912275928,"EventType":"client_session_end","InstanceID":1,"Network":"tcp","RemoteAddress":"172.17.0.1:38626","SessionID":"18d0049bb5f089d20000000000000001","Duration":27181044}
I260828 16:21:58.912640 5613 4@util/log/event_log.go:39  [T1,Vsystem,n1,client=172.17.0.1:38588,hostnossl,user=root] 838 ={"Timestamp":1787934118912638340,"EventType":"client_session_end","InstanceID":1,"Network":"tcp","RemoteAddress":"172.17.0.1:38588","SessionID":"18d0049bb5b506100000000000000001","Duration":31568598}
I260828 16:21:58.913987 5638 4@util/log/event_log.go:39  [T1,Vsystem,n1,client=172.17.0.1:38610,hostnossl,user=root] 839 ={"Timestamp":1787934118913985715,"EventType":"client_session_end","InstanceID":1,"Network":"tcp","RemoteAddress":"172.17.0.1:38610","SessionID":"18d0049bb5b4245a0000000000000001","Duration":32973605}
I260828 16:21:58.915385 5718 4@util/log/event_log.go:39  [T1,Vsystem,n1,client=172.17.0.1:38662,hostnossl,user=root] 840 ={"Timestamp":1787934118915383398,"EventType":"client_authentication_ok","InstanceID":1,"Network":"tcp","RemoteAddress":"172.17.0.1:38662","SessionID":"18d0049bb7bd5c050000000000000001","Transport":"hostnossl","User":"root","SystemIdentity":"root","Method":"insecure"}
I260828 16:21:58.922786 5716 4@util/log/event_log.go:39  [T1,Vsystem,n1,client=172.17.0.1:38662,hostnossl,user=root] 841 ={"Timestamp":1787934118922784152,"EventType":"client_session_end","InstanceID":1,"Network":"tcp","RemoteAddress":"172.17.0.1:38662","SessionID":"18d0049bb7bd5c050000000000000001","Duration":7613915}
I260828 16:21:58.923541 5737 4@util/log/event_log.go:39  [T1,Vsystem,n1,client=172.17.0.1:38664,hostnossl,user=root] 842 ={"Timestamp":1787934118923539265,"EventType":"client_authentication_ok","InstanceID":1,"Network":"tcp","RemoteAddress":"172.17.0.1:38664","SessionID":"18d0049bb83a3bc10000000000000001","Transport":"hostnossl","User":"root","SystemIdentity":"root","Method":"insecure"}
I260828 16:21:58.930455 5735 4@util/log/event_log.go:39  [T1,Vsystem,n1,client=172.17.0.1:38664,hostnossl,user=root] 843 ={"Timestamp":1787934118930441129,"EventType":"client_session_end","InstanceID":1,"Network":"tcp","RemoteAddress":"172.17.0.1:38664","SessionID":"18d0049bb83a3bc10000000000000001","Duration":7087203}
I260828 16:21:58.931274 5724 4@util/log/event_log.go:39  [T1,Vsystem,n1,client=172.17.0.1:38676,hostnossl,user=root] 844 ={"Timestamp":1787934118931272422,"EventType":"client_authentication_ok","InstanceID":1,"Network":"tcp","RemoteAddress":"172.17.0.1:38676","SessionID":"18d0049bb8b00a2e0000000000000001","Transport":"hostnossl","User":"root","SystemIdentity":"root","Method":"insecure"}
I260828 16:21:58.939559 5722 4@util/log/event_log.go:39  [T1,Vsystem,n1,client=172.17.0.1:38676,hostnossl,user=root] 845 ={"Timestamp":1787934118939556688,"EventType":"client_session_end","InstanceID":1,"Network":"tcp","RemoteAddress":"172.17.0.1:38676","SessionID":"18d0049bb8b00a2e0000000000000001","Duration":8481954}
I260828 16:21:58.940351 5778 4@util/log/event_log.go:39  [T1,Vsystem,n1,client=172.17.0.1:38686,hostnossl,user=root] 846 ={"Timestamp":1787934118940349113,"EventType":"client_authentication_ok","InstanceID":1,"Network":"tcp","RemoteAddress":"172.17.0.1:38686","SessionID":"18d0049bb93a744b0000000000000001","Transport":"hostnossl","User":"root","SystemIdentity":"root","Method":"insecure"}
I260828 16:21:58.951933 5728 4@util/log/event_log.go:39  [T1,Vsystem,n1,client=172.17.0.1:38686,hostnossl,user=root] 847 ={"Timestamp":1787934118951931120,"EventType":"client_session_end","InstanceID":1,"Network":"tcp","RemoteAddress":"172.17.0.1:38686","SessionID":"18d0049bb93a744b0000000000000001","Duration":11785204}
I260828 16:21:58.952803 5799 4@util/log/event_log.go:39  [T1,Vsystem,n1,client=172.17.0.1:38698,hostnossl,user=root] 848 ={"Timestamp":1787934118952801207,"EventType":"client_authentication_ok","InstanceID":1,"Network":"tcp","RemoteAddress":"172.17.0.1:38698","SessionID":"18d0049bb9f89c680000000000000001","Transport":"hostnossl","User":"root","SystemIdentity":"root","Method":"insecure"}
I260828 16:21:58.959717 5797 4@util/log/event_log.go:39  [T1,Vsystem,n1,client=172.17.0.1:38698,hostnossl,user=root] 849 ={"Timestamp":1787934118959714878,"EventType":"client_session_end","InstanceID":1,"Network":"tcp","RemoteAddress":"172.17.0.1:38698","SessionID":"18d0049bb9f89c680000000000000001","Duration":7107102}
I260828 16:21:58.960473 5816 4@util/log/event_log.go:39  [T1,Vsystem,n1,client=172.17.0.1:38712,hostnossl,user=root] 850 ={"Timestamp":1787934118960471423,"EventType":"client_authentication_ok","InstanceID":1,"Network":"tcp","RemoteAddress":"172.17.0.1:38712","SessionID":"18d0049bba6db6da0000000000000001","Transport":"hostnossl","User":"root","SystemIdentity":"root","Method":"insecure"}
I260828 16:21:58.961386 5814 4@util/log/event_log.go:39  [T1,Vsystem,n1,client=172.17.0.1:38712,hostnossl,user=root] 851 ={"Timestamp":1787934118961384584,"EventType":"client_session_end","InstanceID":1,"Network":"tcp","RemoteAddress":"172.17.0.1:38712","SessionID":"18d0049bba6db6da0000000000000001","Duration":1102336}
I260828 16:21:58.962131 5805 4@util/log/event_log.go:39  [T1,Vsystem,n1,client=172.17.0.1:38716,hostnossl,user=root] 852 ={"Timestamp":1787934118962129768,"EventType":"client_authentication_ok","InstanceID":1,"Network":"tcp","RemoteAddress":"172.17.0.1:38716","SessionID":"18d0049bba8744d80000000000000001","Transport":"hostnossl","User":"root","SystemIdentity":"root","Method":"insecure"}
I260828 16:21:58.966094 5803 4@util/log/event_log.go:39  [T1,Vsystem,n1,client=172.17.0.1:38716,hostnossl,user=root] 853 ={"Timestamp":1787934118966091239,"EventType":"client_session_end","InstanceID":1,"Network":"tcp","RemoteAddress":"172.17.0.1:38716","SessionID":"18d0049bba8744d80000000000000001","Duration":4134321}
I260828 16:21:59.195813 5821 4@util/log/event_log.go:39  [T1,Vsystem,n1,client=[::1]:36688,hostnossl,user=root] 854 ={"Timestamp":1787934119195808865,"EventType":"client_authentication_ok","InstanceID":1,"Network":"tcp","RemoteAddress":"[::1]:36688","SessionID":"18d0049bc8739a3e0000000000000001","Transport":"hostnossl","User":"root","SystemIdentity":"root","Method":"insecure"}
I260828 16:21:59.732460 5819 4@util/log/event_log.go:39  [T1,Vsystem,n1,client=[::1]:36688,hostnossl,user=root] 855 ={"Timestamp":1787934119732455113,"EventType":"client_session_end","InstanceID":1,"Network":"tcp","RemoteAddress":"[::1]:36688","SessionID":"18d0049bc8739a3e0000000000000001","Duration":536905148}
